施設名,パートナー,所在地,カテゴリ,金額,金額（税抜・万円/年）,状況,住所,GoogleMap,GoogleマップURL,経度,緯度,契約期間（年）,契約期間(詳細）,掲載元URL,備考,,,,,,,,
青森市【青森市文化会館】（愛称：リンクステーションホール青森）,株式会社リンクステーション,青森県,文化交流施設,年額612万円（税抜）,612,契約期間中,青森県青森市堤町1-4-1,地図を見る,https://www.google.co.jp/maps/search/青森県青森市堤町1-4-1,140.7567521,40.8242578,6,6年（2023年4月1日～2029年3月31日),https://www.city.aomori.aomori.jp/sangyo_koyou/jigyosha/1004987/1004988.html,※施設運営管理は、一般財団法人青森市文化観光振興財団,,,,,,,,
青森市【青森市民ホール】（愛称：リンクモア平安閣市民ホール）,株式会社リンクモア,青森県,文化交流施設,年額220万円（税抜）,220,契約期間中,青森県青森市柳川1-2-14,地図を見る,https://www.google.co.jp/maps/search/青森県青森市柳川1-2-14,140.7333032,40.8266066,3.5,3年6ヵ月（2025年4月1日～2028年9月30日）,https://www.city.aomori.aomori.jp/sangyo_koyou/jigyosha/1004987/1004988.html,なし,,,,,,,,
青森市【青森市民美術展示館】（愛称：協同組合タッケン美術展示館）,協同組合タッケン,青森県,文化交流施設,年額200万円（税抜）,200,契約期間中,青森県青森市柳川1-1?5,地図を見る,https://www.google.co.jp/maps/search/青森県青森市柳川1-1?5,140.7346457,40.8287343,3,3年（2024年7月1日～2027年6月30日）,https://www.city.aomori.aomori.jp/sangyo_koyou/jigyosha/1004987/1004988.html,なし,,,,,,,,
青森市【青森市スポーツ会館】（愛称：オカでんアリーナ）,株式会社オカモト,青森県,スポーツ施設,年額200万円（税抜）,200,契約期間中,青森県青森市合浦1-13-1,地図を見る,https://www.google.co.jp/maps/search/青森県青森市合浦1-13-1,140.7740561,40.8285334,3,3年（2024年7年1日～2027年6月30日）,https://www.city.aomori.aomori.jp/sangyo_koyou/jigyosha/1004987/1004989.html,なし,,,,,,,,
青森市【青森市総合体育館】（愛称：カクヒログループスーパーアリーナ）,株式会社角弘,青森県,スポーツ施設,"年額1,000万円（税抜）",1000,契約期間中,青森県青森市大字浦町字橋本335-17,地図を見る,https://www.google.co.jp/maps/search/青森県青森市大字浦町字橋本335-17,140.745969,40.8133481,5,5年（2024年4月1日～2029年3月31日）,https://www.city.aomori.aomori.jp/sangyo_koyou/jigyosha/1004987/1004989.html,なし,,,,,,,,
青森市【青森市屋内グラウンド】（愛称：盛運輸サンドーム）,盛運輸株式会社,青森県,スポーツ施設,300万円（税抜）,300,契約期間中,青森県青森市大字浜田字豊田123-6,地図を見る,https://www.google.co.jp/maps/search/青森県青森市大字浜田字豊田123-6,140.7522743,40.7983149,4,4年（2025年5月1日～2029年4月30日）,https://www.city.aomori.aomori.jp/sangyo_koyou/jigyosha/1004987/1004989.html,なし,,,,,,,,
青森市【青森市スポーツ広場】（愛称：大進建設スポーツ広場）,株式会社大進建設,青森県,スポーツ施設,年額150万円（税抜）,150,契約期間中,青森県青森市大字大矢沢字野田87-4,地図を見る,https://www.google.co.jp/maps/search/青森県青森市大字大矢沢字野田87-4,140.7726281,40.7920532,3,3年（2025年4月1日～2028年3月31日）,https://www.city.aomori.aomori.jp/sangyo_koyou/jigyosha/1004987/1004989.html,なし,,,,,,,,
青森市【青森市営野球場】（愛称：ダイシンベースボールスタジアム）,株式会社大進建設,青森県,スポーツ施設,年額150万円（税抜）,150,契約期間中,青森県青森市合浦2丁目14-53,地図を見る,https://www.google.co.jp/maps/search/青森県青森市合浦2丁目14-53,140.7779699,40.8293845,4,4年（2023年5月8日～2027年5月7日）,https://www.city.aomori.aomori.jp/sangyo_koyou/jigyosha/1004987/1004989.html,なし,,,,,,,,
青森市【モヤヒルズ】（愛称：リンクステーションヒルズ雲谷）,株式会社リンクステーション,青森県,スポーツ施設,年額510万円（税抜）,510,契約期間中,青森県青森市大字雲谷字梨野木63,地図を見る,https://www.google.co.jp/maps/search/青森県青森市大字雲谷字梨野木63,140.7938421,40.7389012,5,5年（2024年10月1日～2029年9月30日）,https://www.city.aomori.aomori.jp/bunka_sports_kankou/kankou/1007595.html,「リンクステーションヒルズ雲谷」のロゴを一般公募し、最優秀賞を採用。,,,,,,,,
八戸市【八戸市公会堂・八戸市公民館】（愛称：SG GROUPホールはちのへ）,東北医療福祉事業協同組合,青森県,文化交流施設,年額700万円（税抜）,700,契約期間中,青森県八戸市内丸1丁目1-1,地図を見る,https://www.google.co.jp/maps/search/青森県八戸市内丸1丁目1-1,141.4889199,40.5139639,5,5年（2024年10月1日～2029年9月30日）,https://www.city.hachinohe.aomori.jp/jigyoshamuke/yuryokokokujigyo/namingrights/20948.html,施設内への商品等展示スペースの設置,,,,,,,,
八戸市【八戸公園こどもの国「子ども交流館」】（愛称：三八五・こども館）,三八五流通株式会社,青森県,教育施設等,"年額454,546円（税抜）",46,契約期間中,青森県八戸市十日市字天摩33-2,地図を見る,https://www.google.co.jp/maps/search/青森県八戸市十日市字天摩33-2,141.5132002,40.4758188,5,5年（2024年4月1日～2029年3月31日）,https://www.city.hachinohe.aomori.jp/jigyoshamuke/yuryokokokujigyo/namingrights/21068.html,なし,,,,,,,,
八戸市【新井田インドアリンク】（愛称：テクノルアイスパーク八戸）,株式会社テクノル,青森県,スポーツ施設,年額100万円（税抜）,100,契約期間中,青森県八戸市新井田西4丁目1-1,地図を見る,https://www.google.co.jp/maps/search/青森県八戸市新井田西4丁目1-1,141.5139583,40.4995361,5,5年（2024年8月1日～2029年7月31日）,https://www.city.hachinohe.aomori.jp/jigyoshamuke/yuryokokokujigyo/namingrights/9754.html,なし,,,,,,,,
八戸市【多賀多目的運動場天然芝球技場】（愛称：プライフーズスタジアム）,プライフーズ株式会社,青森県,スポーツ施設,年額400万円（税抜）,400,契約期間中,青森県八戸市市川町字市川後55-1,地図を見る,https://www.google.co.jp/maps/search/青森県八戸市市川町字市川後55-1,141.4565035,40.5900479,5,5年（2025年1月1日～2029年12月31日）,https://www.city.hachinohe.aomori.jp/jigyoshamuke/yuryokokokujigyo/namingrights/9754.html,なし,,,,,,,,
八戸市【長根屋内スケート場】（愛称：YSアリーナ八戸）,株式会社吉田産業,青森県,スポーツ施設,"年額2,000万円（税抜）",2000,契約期間中,青森県八戸市大字売市字輿遊下3,地図を見る,https://www.google.co.jp/maps/search/青森県八戸市大字売市字輿遊下3,141.4822404,40.5095297,5,5年（2023年10月1日～2028年9月30日）,https://www.city.hachinohe.aomori.jp/jigyoshamuke/yuryokokokujigyo/namingrights/9754.html,スケート国体のメイン会場になるなど氷都・八戸を代表するリンク,,,,,,,,
盛岡市【盛岡南公園球技場】（愛称：いわぎんスタジアム）,株式会社岩手銀行,岩手県,スポーツ施設,年額300万円（税抜）,300,契約期間中,岩手県盛岡市永井8-65,地図を見る,https://www.google.co.jp/maps/search/岩手県盛岡市永井8-65,141.1378541,39.6479474,5,5年（2023年4月1日～2028年3月31日）,https://www.city.morioka.iwate.jp/shisei/zaisei/1010823.html,なし,,,,,,,,
盛岡市【盛岡市アイスリンク】（愛称：みちのくコカ・コーラボトリングリンク）,みちのくコカ・コーラボトリング株式会社,岩手県,スポーツ施設,年額100万円（税抜）,100,契約期間中,岩手県盛岡市本宮五丁目3-3,地図を見る,https://www.google.co.jp/maps/search/岩手県盛岡市本宮五丁目3-3,141.1220961,39.6914349,5,5年（2024年4月1日～2029年3月31日）,https://www.city.morioka.iwate.jp/shisei/zaisei/1010823.html,なし,,,,,,,,
盛岡市【盛岡市総合アリーナ】（愛称：盛岡タカヤアリーナ）,株式会社タカヤ,岩手県,スポーツ施設,年額480万円（税抜）,480,契約期間中,岩手県盛岡市本宮五丁目4-1,地図を見る,https://www.google.co.jp/maps/search/岩手県盛岡市本宮五丁目4-1,141.1204517,39.6908904,5,5年（2024年4月1日～2029年3月31日）,https://www.city.morioka.iwate.jp/shisei/zaisei/1010823.html,なし,,,,,,,,
盛岡市【いわて盛岡ボールパーク】（愛称：きたぎんボールパーク）,株式会社北日本銀行,岩手県,スポーツ施設,"年額1,389万円（税抜）",1389,契約期間中,岩手県盛岡市永井7地割16番地2,地図を見る,https://www.google.co.jp/maps/search/岩手県盛岡市永井7地割16番地2,141.1378546,39.6503203,5,5年（2023年4月1日～2028年3月31日）,https://www.city.morioka.iwate.jp/shisei/zaisei/1010823.html,なし,,,,,,,,
盛岡市【盛岡体育館】（愛称：ムセンコネクトもりおかアリーナ）,株式会社ムセンコネクト,岩手県,スポーツ施設,"年額727,273円（税抜）",728,契約期間中,岩手県盛岡市上田三丁目17-60,地図を見る,https://www.google.co.jp/maps/search/岩手県盛岡市上田三丁目17-60,141.1368421,39.7186869,4,4年（2025年4月1日～2029年3月31日）,https://www.city.morioka.iwate.jp/shisei/zaisei/1010823.html,なし,,,,,,,,
盛岡市【盛岡市営盛岡駅前自転車駐車場】（愛称：チャーリーオージ自転車駐車場）,合同会社ロードプリンス,岩手県,交通・インフラ,"年額54,546円（税抜）",55,契約期間中,岩手県盛岡市盛岡駅前通11-11,地図を見る,https://www.google.co.jp/maps/search/岩手県盛岡市盛岡駅前通11-11,141.1387075,39.7032008,2.83,2年10か月（2025年6月1日～2028年3月31日）,https://www.city.morioka.iwate.jp/shisei/zaisei/1010823.html,なし,,,,,,,,
秋田市【八橋運動公園球技場】（愛称：秋田スポーツPLUS・ASPスタジアム）,特定非営利活動法人秋田スポーツPLUS,秋田県,スポーツ施設,年額100万円（税抜）,100,契約期間中,秋田県秋田市八橋運動公園1-1,地図を見る,https://www.google.co.jp/maps/search/秋田県秋田市八橋運動公園1-1,140.0992449,39.7216163,3,3年（2023年4月1日～2026年3月31日）,https://www.city.akita.lg.jp/kurashi/sports/1006377/1002448.html,なし,,,,,,,,
秋田市【八橋運動公園第2球技場】（愛称：スペースプロジェクト・ドリームフィールド）,株式会社スペースプロジェクト,秋田県,スポーツ施設,年額71万円（税抜）,71,契約期間中,秋田県秋田市八橋運動公園1-1,地図を見る,https://www.google.co.jp/maps/search/秋田県秋田市八橋運動公園1-1,140.0992449,39.7216163,3,3年（2023年4月1日～2026年3月31日）,https://www.city.akita.lg.jp/kurashi/sports/1006377/1002448.html,なし,,,,,,,,
秋田市【八橋運動公園陸上競技場】（愛称：ソユースタジアム）,株式会社ソユー,秋田県,スポーツ施設,年額350万円（税抜）,350,契約期間中,秋田県秋田市八橋運動公園1-1,地図を見る,https://www.google.co.jp/maps/search/秋田県秋田市八橋運動公園1-1,140.0992449,39.7216163,3,3年（2025年4月1日～2028年3月31日）,https://www.city.akita.lg.jp/kurashi/sports/1006377/1002448.html,なし,,,,,,,,
秋田市【八橋運動公園硬式野球場】（愛称：さきがけ八橋球場）,株式会社秋田魁新報社,秋田県,スポーツ施設,年額170万円（税抜）,170,契約期間中,秋田県秋田市八橋運動公園1-1,地図を見る,https://www.google.co.jp/maps/search/秋田県秋田市八橋運動公園1-1,140.0992449,39.7216163,3,3年（2025年4月1日～2028年3月31日）,https://www.city.akita.lg.jp/kurashi/sports/1006377/1002448.html,なし,,,,,,,,
秋田市【秋田市立体育館】（愛称：CNAアリーナ★あきた）,株式会社秋田ケーブルテレビ,秋田県,スポーツ施設,年額278万円（税抜）,278,契約期間中,秋田県秋田市八橋本町六丁目12-20,地図を見る,https://www.google.co.jp/maps/search/秋田県秋田市八橋本町六丁目12-20,140.0877789,39.7257235,3,3年（2025年4月1日～2028年3月31日）,https://www.city.akita.lg.jp/kurashi/sports/1006377/1002448.html,なし,,,,,,,,
山形市【山形市総合スポーツセンター野球場】（愛称：きらやかスタジアム）,株式会社きらやか銀行,山形県,スポーツ施設,年額350万円（税抜）,350,契約期間中,山形県山形市旅篭町3-2-3,地図を見る,https://www.google.co.jp/maps/search/山形県山形市旅篭町3-2-3,140.3398855,38.2582466,5,5年（2022年9月1日～2027年8月31日）,https://www.city.yamagata-yamagata.lg.jp/bunkasports/sports/1006713/1009783.html,なし,,,,,,,,
山形市【山形市蔵王ジャンプ台】（愛称：アリオンテック蔵王シャンツェ）,アリオンテック株式会社,山形県,スポーツ施設,年額400万円（税抜）,400,契約期間中,山形県山形市蔵王温泉字柳平768,地図を見る,https://www.google.co.jp/maps/search/山形県山形市蔵王温泉字柳平768,140.3989922,38.1692019,5,5年（2026年1月1日～2030年12月31日）,https://www.city.yamagata-yamagata.lg.jp/bunkasports/sports/1006713/1017500.html,5年（2021年1月1日～2025年12月31日）からの契約更新,,,,,,,,
山形市【山形市グラウンド・ゴルフ場】（愛称：コンフォート ヤマガタ グラウンド・ゴルフ場）,株式会社 オフィスコンフォートM,山形県,スポーツ施設,年額50万円（税抜）,50,契約期間中,山形県山形市樋越51-1,地図を見る,https://www.google.co.jp/maps/search/山形県山形市樋越51-1,140.3264003,38.2880306,5,5年（2024年8月10日～2029年8月9日）,https://www.city.yamagata-yamagata.lg.jp/_res/projects/default_project/_page_/001/014/207/20240712noannounce.pdf,5年（2019年8月10日～2024年8月9日）からの契約更新,,,,,,,,
郡山市【郡山市中央公民館】（愛称：郡山冷蔵製氷中央公民館）,郡山冷蔵製氷株式会社,福島県,文化交流施設,年額230万円（税抜）,230,契約期間中,福島県郡山市麓山1丁目8-4,地図を見る,https://www.google.co.jp/maps/search/福島県郡山市麓山1丁目8-4,140.3723464,37.3944115,5,5年（2026年4月1日～2031年3月31日）,https://www.city.koriyama.lg.jp/soshiki/26/135362.html,応募資格：郡山市と関わりが深い法人格を有する団体,,,,,,,,
郡山市【郡山市労働福祉会館】（愛称：ベスト学院労働福祉会館）,ベスト学院株式会社,福島県,文化交流施設,年額39万円（税抜）,39,契約期間中,福島県郡山市虎丸町7-7,地図を見る,https://www.google.co.jp/maps/search/福島県郡山市虎丸町7-7,140.3736495,37.3984936,5,5年（2026年4月1日～2031年3月31日）,https://www.city.koriyama.lg.jp/soshiki/26/135362.html,応募資格：郡山市と関わりが深い法人格を有する団体,,,,,,,,
郡山市【開成山ペデストリアンデッキ】（愛称：ヤダドリーム開成山ペデストリアンデッキ）,矢田工業株式会社,福島県,公園・屋外空間,年額186万円（税抜）,186,契約期間中,福島県郡山市開成1丁目5,地図を見る,https://www.google.co.jp/maps/search/福島県郡山市開成1丁目5,140.3577806,37.39943,5,5年（2026年4月1日～2031年3月31日）,https://www.city.koriyama.lg.jp/soshiki/26/135362.html,応募資格：郡山市と関わりが深い法人格を有する団体,,,,,,,,
郡山市【郡山駅西口第一自転車等駐車場】（愛称：三立土建郡山駅西口第一サイクルパーク）,三立土建株式会社,福島県,交通・インフラ,年額35万円（税抜）,35,契約期間中,福島県郡山市字燧田190,地図を見る,https://www.google.co.jp/maps/search/福島県郡山市字燧田190,140.3893244,37.3984008,5,5年（2026年4月1日～2031年3月31日）,https://www.city.koriyama.lg.jp/soshiki/26/135362.html,・3か所一括／応募資格：郡山市と関わりが深い法人格を有する団体 ・郡山駅西口第二・東口自転車等駐車場 愛称：三立土建郡山駅西口第二・東口サイクルパーク含む,,,,,,,,
郡山市【開成山野球場】（愛称：ヨーク開成山スタジアム）,株式会社ヨークベニマル,福島県,スポーツ施設,年額510万円（税抜）,510,契約期間中,福島県郡山市開成1-5-12,地図を見る,https://www.google.co.jp/maps/search/福島県郡山市開成1-5-12,140.3604631,37.3979172,5,5年（2022年4月1日～2027年3月31日）,https://www.city.koriyama.lg.jp/uploaded/attachment/105170.pdf,応募資格：郡山市と関わりが深い法人格を有する団体,,,,,,,,
郡山市【開成山屋内水泳場】（愛称：郡山しんきん開成山プール）,郡山信用金庫,福島県,スポーツ施設,年額210万円（税抜）,210,契約期間中,福島県郡山市開成1-5-12,地図を見る,https://www.google.co.jp/maps/search/福島県郡山市開成1-5-12,140.3604631,37.3979172,5,5年（2023年4月1日～2028年3月31日）,https://www.city.koriyama.lg.jp/uploaded/attachment/105170.pdf,応募資格：郡山市と関わりが深い法人格を有する団体,,,,,,,,
郡山市【郡山市民文化センター】（愛称：けんしん郡山文化センター）,福島県商工信用組合,福島県,文化交流施設,年額520万円（税抜）,520,契約期間中,福島県郡山市堤下町1-2,地図を見る,https://www.google.co.jp/maps/search/福島県郡山市堤下町1-2,140.3781947,37.3926826,5,5年（2023年4月1日～2028年3月31日）,https://www.city.koriyama.lg.jp/uploaded/attachment/105170.pdf,応募資格：郡山市と関わりが深い法人格を有する団体,,,,,,,,
郡山市【郡山総合体育館】（愛称：宝来屋 ボンズアリーナ）,株式会社宝来屋本店,福島県,スポーツ施設,年額400万円（税抜）,400,契約期間中,福島県郡山市豊田町3-10,地図を見る,https://www.google.co.jp/maps/search/福島県郡山市豊田町3-10,140.3637851,37.3971065,5,5年（2025年4月1日～2030年3月31日）,https://www.city.koriyama.lg.jp/uploaded/attachment/105170.pdf,応募資格：郡山市と関わりが深い法人格を有する団体,,,,,,,,
郡山市【開成山陸上競技場】（愛称：郡山ヒロセ開成山陸上競技場）,郡山ヒロセ電機株式会社,福島県,スポーツ施設,年額220万円（税抜）,220,契約期間中,福島県郡山市開成1-5-12,地図を見る,https://www.google.co.jp/maps/search/福島県郡山市開成1-5-12,140.3604631,37.3979172,7,7年（2025年4月1日～2032年3月31日）,https://www.city.koriyama.lg.jp/uploaded/attachment/105170.pdf,応募資格：郡山市と関わりが深い法人格を有する団体,,,,,,,,
郡山市【郡山カルチャーパーク】（愛称：ＡＧＣエレクトロニクス郡山カルチャーパーク）,ＡＧＣエレクトロニクス株式会社,福島県,文化交流施設,年額300万円（税抜）,300,契約期間中,福島県郡山市安積町成田字東丸山61,地図を見る,https://www.google.co.jp/maps/search/福島県郡山市安積町成田字東丸山61,140.3294775,37.3669937,3,3年（2024年4月1日～2027年3月31日）,https://www.city.koriyama.lg.jp/uploaded/attachment/105170.pdf,応募資格：郡山市と関わりが深い法人格を有する団体,,,,,,,,
郡山市【郡山市ふれあい科学館】（愛称：高柳電設工業スペースパーク）,高柳電設工業株式会社,福島県,文化交流施設,年額210万円（税抜）,210,契約期間中,福島県郡山市駅前2-11-1 ビッグアイ20階-24階,地図を見る,https://www.google.co.jp/maps/search/福島県郡山市駅前2-11-1 ビッグアイ20階-24階,140.3882699,37.3998671,5,5年（2024年4月1日～2029年3月31日）,https://www.city.koriyama.lg.jp/uploaded/attachment/105170.pdf,応募資格：郡山市と関わりが深い法人格を有する団体,,,,,,,,
郡山市【西部サッカー場】（愛称：仙台大学サッカーフィールド郡山）,学校法人朴沢学園 仙台大学,福島県,スポーツ施設,年額180万円（税抜）,180,契約期間中,福島県郡山市大槻町字横山26,地図を見る,https://www.google.co.jp/maps/search/福島県郡山市大槻町字横山26,140.3013896,37.3961196,5,5年（2024年4月1日～2029年3月31日）,https://www.city.koriyama.lg.jp/uploaded/attachment/105170.pdf,応募資格：郡山市と関わりが深い法人格を有する団体,,,,,,,,
郡山市【郡山市麓山地区立体駐車場】（愛称：太陽メンテナンス麓山立体駐車場）,株式会社太陽メンテナンス,福島県,交通・インフラ,年額50万円（税抜）,50,契約期間中,福島県郡山市麓山1-167-1,地図を見る,https://www.google.co.jp/maps/search/福島県郡山市麓山1-167-1,140.3746396,37.3952199,5,5年（2024年4月1日～2029年3月31日）,https://www.city.koriyama.lg.jp/uploaded/attachment/105170.pdf,応募資格：郡山市と関わりが深い法人格を有する団体,,,,,,,,
郡山市【郡山市東部森林公園】（愛称：タイセークリーン東部森林公園）,株式会社タイセークリーン,福島県,公園・屋外空間,年額50万円（税抜）,50,契約期間中,福島県郡山市田村町金沢大六149?1,地図を見る,https://www.google.co.jp/maps/search/福島県郡山市田村町金沢大六149?1,140.4563605,37.3386314,5,5年（2024年4月1日～2029年3月31日）,https://www.city.koriyama.lg.jp/uploaded/attachment/105170.pdf,応募資格：郡山市と関わりが深い法人格を有する団体,,,,,,,,
郡山市【島歩道橋】（愛称：夢住まい館 島歩道橋）,株式会社リプロ東日本,福島県,交通・インフラ,年額30万円（税抜）,30,契約期間中,福島県郡山市田村町金沢大六149?1 郡山市島一丁目 新さくら通り（市道桑野大槻線）,地図を見る,https://www.google.co.jp/maps/search/福島県郡山市田村町金沢大六149?1 郡山市島一丁目 新さくら通り（市道桑野大槻線）,140.3475384,37.3990776,5,5年（2024年4月1日～2029年3月31日）,https://www.city.koriyama.lg.jp/uploaded/attachment/105170.pdf,なし,,,,,,,,
郡山市【郡山市中央図書館】（愛称：アサカ理研 郡山中央図書館）,株式会社アサカ理研,福島県,教育施設等,年額200万円（税抜）,200,契約期間中,福島県郡山市麓山1-5-25,地図を見る,https://www.google.co.jp/maps/search/福島県郡山市麓山1-5-25,140.374326,37.3938578,5,5年（2025年4月1日～2030年3月31日）,https://www.city.koriyama.lg.jp/uploaded/attachment/105170.pdf,応募資格：郡山市と関わりが深い法人格を有する団体,,,,,,,,
郡山市【大安場史跡公園】（愛称：蔭山工務店大安場史跡パーク）,株式会社蔭山工務店,福島県,公園・屋外空間,年額120万円（税抜）,120,契約期間中,福島県郡山市田村町大善寺字大安場160,地図を見る,https://www.google.co.jp/maps/search/福島県郡山市田村町大善寺字大安場160,140.4025531,37.3562424,5,5年（2025年4月1日～2030年3月31日）,https://www.city.koriyama.lg.jp/uploaded/attachment/105170.pdf,応募資格：郡山市と関わりが深い法人格を有する団体,,,,,,,,
郡山市【小原田歩道橋】（愛称：福島ニチレキ 小原田歩道橋）,福島ニチレキ株式会社,福島県,交通・インフラ,年額31万円（税抜）,31,契約期間中,福島県郡山市小原田三丁目 東部幹線（市道日出山久保田線）,地図を見る,https://www.google.co.jp/maps/search/福島県郡山市小原田三丁目 東部幹線（市道日出山久保田線）,140.3848981,37.3773423,5,5年（2025年4月1日～2030年3月31日）,https://www.city.koriyama.lg.jp/uploaded/attachment/105170.pdf,応募資格：郡山市と関わりが深い法人格を有する団体,,,,,,,,
いわき市【いわき芸術文化交流館アリオス（音楽小ホール）】（愛称：ＪＡ福島さくら音楽小ホール）,福島さくら農業協同組合,福島県,文化交流施設,年額140万円（税抜）,140,契約期間中,福島県いわき市平字三崎1-6,地図を見る,https://www.google.co.jp/maps/search/福島県いわき市平字三崎1-6,140.8895501,37.0497798,2,2年（2026年4月1日～2028年3月31日）,https://www.city.iwaki.lg.jp/www/contents/1764415105827/index.html,なし,,,,,,,,
いわき市【いわきグリーンスタジアム】（愛称：ヨークいわきスタジアム）,株式会社ヨークベニマル,福島県,スポーツ施設,年額510万円（税抜）,510,契約期間中,福島県いわき市常磐湯本町上浅貝110-33,地図を見る,https://www.google.co.jp/maps/search/福島県いわき市常磐湯本町上浅貝110-33,140.8609232,37.0173336,5,5年（2023年10月1日 ? 2028年9月30日）,https://www.city.iwaki.lg.jp/www/contents/1691365908662/index.html,なし,,,,,,,,
いわき市【いわきグリーンフィールド】（愛称：ハワイアンズスタジアムいわき）,常磐興産株式会社,福島県,スポーツ施設,年額500万円（税抜）,500,契約期間中,福島県いわき市常磐水野谷町竜ヶ沢308,地図を見る,https://www.google.co.jp/maps/search/福島県いわき市常磐水野谷町竜ヶ沢308,140.8638299,37.0173169,5,5年（2023年10月1日 ? 2028年9月30日）,https://www.city.iwaki.lg.jp/www/contents/1691365908662/index.html,なし,,,,,,,,
水戸市【水戸市立競技場】（愛称：ケーズデンキスタジアム水戸）,株式会社ケーズホールディングス,茨城県,スポーツ施設,"年額2,000万円（税抜）",2000,契約期間中,茨城県水戸市小吹町2058-1,地図を見る,https://www.google.co.jp/maps/search/茨城県水戸市小吹町2058-1,140.4116641,36.34565,5,5年（2025年4月1日～2030年3月31日）,https://www.city.mito.lg.jp/page/1866.html,なし,,,,,,,,
水戸市【水戸市民球場】（愛称：ノーブルホームスタジアム水戸）,株式会社ノーブルホーム,茨城県,スポーツ施設,"年額1,500万円（税抜）",1500,契約期間中,茨城県水戸市見川町2256,地図を見る,https://www.google.co.jp/maps/search/茨城県水戸市見川町2256,140.4320538,36.3560257,10.75,10年9か月（2018年6月29日～2029年3月31日）,https://www.city.mito.lg.jp/page/1866.html,なし,,,,,,,,
水戸市【東町運動公園体育館】（愛称：アダストリアみとアリーナ）,株式会社アダストリア,茨城県,スポーツ施設,"年額1,050万円（税抜）",1050,契約期間中,茨城県水戸市緑町2丁目3-10,地図を見る,https://www.google.co.jp/maps/search/茨城県水戸市緑町2丁目3-10,140.4481663,36.3809211,10,10年（2019年4月1日～2029年3月31日）,https://www.city.mito.lg.jp/page/1866.html,なし,,,,,,,,
水戸市【青柳公園市民体育館】（愛称：リリーアリーナＭＩＴＯ）,学校法人リリー文化学園,茨城県,スポーツ施設,年額300万円（税抜）,300,契約期間中,茨城県水戸市水府町864-6,地図を見る,https://www.google.co.jp/maps/search/茨城県水戸市水府町864-6,140.4833547,36.3795937,5,5年（2024年4月1日～2029年3月31日）,https://www.city.mito.lg.jp/page/1866.html,なし,,,,,,,,
水戸市【水戸市民会館大ホール】（愛称：グロービスホール）,株式会社グロービス,茨城県,文化交流施設,年額880万円（税抜）,880,契約期間中,茨城県水戸市泉町1-7-1,地図を見る,https://www.google.co.jp/maps/search/茨城県水戸市泉町1-7-1,140.4648731,36.3787424,10,10年（2023年4月1日～2033年3月31日）,https://www.city.mito.lg.jp/page/1866.html,なし,,,,,,,,
水戸市【水戸市民会館中ホール】（愛称：ユードムホール）,株式会社ユードム,茨城県,文化交流施設,年額310.55万円（税抜）,311,契約期間中,茨城県水戸市泉町1-7-1,地図を見る,https://www.google.co.jp/maps/search/茨城県水戸市泉町1-7-1,140.4648731,36.3787424,10,10年（2023年4月1日～2033年3月31日）,https://www.city.mito.lg.jp/page/1866.html,なし,,,,,,,,
水戸市【笠原町下組第3児童遊園】（愛称：アシスト笠原第3児童遊園）,有限会社アシスト,茨城県,教育施設等,年額10万円（税抜）,10,契約期間中,茨城県水戸市笠原町437-20,地図を見る,https://www.google.co.jp/maps/search/茨城県水戸市笠原町437-20,140.4527606,36.3422887,3,3年（2025年4月1日～2028年3月31日）,https://www.city.mito.lg.jp/page/1866.html,なし,,,,,,,,
前橋市【前橋市民文化会館】（愛称：昌賢学園まえばしホール）,学校法人昌賢学園,群馬県,文化交流施設,"年額1,818,182円（税抜）",182,契約期間中,群馬県前橋市南町三丁目62-1,地図を見る,https://www.google.co.jp/maps/search/群馬県前橋市南町三丁目62-1,139.0710924,36.3799019,5,5年（2022年～2027年）,https://www.city.maebashi.gunma.jp/soshiki/zaimu/zaisei/gyomu/3/19374.html,なし,,,,,,,,
前橋市【前橋市民文化会館大胡分館】（愛称：大胡シャンテ マルエホール）,株式会社クスリのマルエ,群馬県,文化交流施設,年額200万円（税抜）,200,契約期間中,群馬県前橋市大胡町15-1,地図を見る,https://www.google.co.jp/maps/search/群馬県前橋市大胡町15-1,139.1588194,36.4173262,2,2年（2025年～2027年）,https://www.city.maebashi.gunma.jp/soshiki/zaimu/zaisei/gyomu/3/19374.html,なし,,,,,,,,
前橋市【宮城総合運動場】（愛称：バニーズ群馬宮城総合運動場）,一般社団法人BGFC,群馬県,スポーツ施設,年額20万円（税抜）,20,契約期間中,群馬県前橋市鼻毛石町2270-1,地図を見る,https://www.google.co.jp/maps/search/群馬県前橋市鼻毛石町2270-1,139.1756203,36.4465042,3,3年（2025年～2027年）,https://www.city.maebashi.gunma.jp/soshiki/zaimu/zaisei/gyomu/3/19374.html,なし,,,,,,,,
前橋市【粕川総合グランド】（愛称：ザ・野菜 粕川総合グランド）,有限会社高橋農園,群馬県,スポーツ施設,年額20万円（税抜）,20,契約期間中,群馬県前橋市粕川町西田面189,地図を見る,https://www.google.co.jp/maps/search/群馬県前橋市粕川町西田面189,139.2122442,36.4113283,3,3年（2025年～2027年）,https://www.city.maebashi.gunma.jp/soshiki/zaimu/zaisei/gyomu/3/19374.html,なし,,,,,,,,
前橋市【下増田運動場】（愛称：コーエィtonan前橋フットボールセンター下増田運動場）,株式会社図南クラブ,群馬県,スポーツ施設,年額101万円（税抜）,101,契約期間中,群馬県前橋市下増田町277,地図を見る,https://www.google.co.jp/maps/search/群馬県前橋市下増田町277,139.1600695,36.3447472,3,3年（2026年～2028年）,https://www.city.maebashi.gunma.jp/soshiki/zaimu/zaisei/gyomu/3/19374.html,なし,,,,,,,,
前橋市【桃ノ木川グランド】（愛称：登利平 桃ノ木川グランド）,株式会社登利平,群馬県,スポーツ施設,年額20万円（税抜）,20,契約期間中,群馬県前橋市東片貝町417-4,地図を見る,https://www.google.co.jp/maps/search/群馬県前橋市東片貝町417-4,139.1133238,36.3862607,3,3年（2025年～2027年）,https://www.city.maebashi.gunma.jp/soshiki/zaimu/zaisei/gyomu/3/19374.html,なし,,,,,,,,
前橋市【前橋総合運動公園市民球場】（愛称：前橋総合運動公園グレースイン前橋市民球場）,有限会社ケイティエスホテルシステムズ,群馬県,スポーツ施設,年額50万円（税抜）,50,契約期間中,群馬県前橋市荒口町437-2,地図を見る,https://www.google.co.jp/maps/search/群馬県前橋市荒口町437-2,139.1619334,36.3771589,3,3年（2025年～2027年）,https://www.city.maebashi.gunma.jp/soshiki/zaimu/zaisei/gyomu/3/19374.html,なし,,,,,,,,
前橋市【前橋総合運動公園陸上競技場】（愛称：前橋総合運動公園群馬電工陸上競技場）,群馬電工株式会社,群馬県,スポーツ施設,年額50万円（税抜）,50,契約期間中,群馬県前橋市荒口町437-2,地図を見る,https://www.google.co.jp/maps/search/群馬県前橋市荒口町437-2,139.1619334,36.3771589,3,3年（2025年～2027年）,https://www.city.maebashi.gunma.jp/soshiki/zaimu/zaisei/gyomu/3/19374.html,前橋総合運動公園サッカー場 愛称：前橋総合運動公園群馬電工サッカー場 含む,,,,,,,,
前橋市【宮城体育館】（愛称：滋野堤水堂 宮城体育館）,株式会社滋野堤水堂,群馬県,スポーツ施設,年額70万円（税抜）,70,契約期間中,群馬県前橋市鼻毛石町1561,地図を見る,https://www.google.co.jp/maps/search/群馬県前橋市鼻毛石町1561,139.1762153,36.4425928,3,3年（2025年～2027年）,https://www.city.maebashi.gunma.jp/soshiki/zaimu/zaisei/gyomu/3/19374.html,なし,,,,,,,,
前橋市【大胡総合運動公園】（愛称：大野工業大胡総合運動公園）,株式会社大野工業,群馬県,スポーツ施設,年額20万円（税抜）,20,契約期間中,群馬県前橋市堀越町473-4,地図を見る,https://www.google.co.jp/maps/search/群馬県前橋市堀越町473-4,139.1447136,36.4328043,3,3年（2025年～2027年）,https://www.city.maebashi.gunma.jp/soshiki/zaimu/zaisei/gyomu/3/19374.html,なし,,,,,,,,
前橋市【清里方面運動場】（愛称：関水清里方面運動場）,株式会社関水,群馬県,スポーツ施設,年額20万円（税抜）,20,契約期間中,群馬県前橋市青梨子町591,地図を見る,https://www.google.co.jp/maps/search/群馬県前橋市青梨子町591,139.0150625,36.4140866,3,3年（2025年～2027年）,https://www.city.maebashi.gunma.jp/soshiki/zaimu/zaisei/gyomu/3/19374.html,なし,,,,,,,,
前橋市【富士見総合グランド】（愛称：tonan富士見総合グランド）,株式会社図南クラブ,群馬県,スポーツ施設,年額10万円（税抜）,10,契約期間中,群馬県前橋市富士見町皆沢315-1,地図を見る,https://www.google.co.jp/maps/search/群馬県前橋市富士見町皆沢315-1,139.1209466,36.476637,3,3年（2026年～2028年）,https://www.city.maebashi.gunma.jp/soshiki/zaimu/zaisei/gyomu/3/19374.html,なし,,,,,,,,
前橋市【総合福祉会館】（愛称：K’BIXまえばし福祉会館）,ケービックス株式会社,群馬県,文化交流施設,年額100万円（税抜）,100,契約期間中,群馬県前橋市日吉町二丁目17-10,地図を見る,https://www.google.co.jp/maps/search/群馬県前橋市日吉町二丁目17-10,139.0797296,36.3983268,3,3年（2025年～2027年）,https://www.city.maebashi.gunma.jp/soshiki/zaimu/zaisei/gyomu/3/19374.html,なし,,,,,,,,
前橋市【朝倉児童館】（愛称：グローバルキッズパーク 児童館あさくら),ハッピーライフケア株式会社,群馬県,教育施設等,年額60万円（税抜）,60,契約期間中,群馬県前橋市朝倉町170-3 ほか,地図を見る,https://www.google.co.jp/maps/search/群馬県前橋市朝倉町170-3 ほか,139.0974621,36.3665313,3,3年（2025年～2027年）,https://www.city.maebashi.gunma.jp/soshiki/zaimu/zaisei/gyomu/3/19374.html,大友児童館 愛称：グローバルキッズパーク 児童館 下小出児童館 愛称：グローバルキッズパーク 児童館下小出 含む,,,,,,,,
前橋市【敷島公園ばら園】（愛称：敷島公園門倉テクノばら園）,門倉テクノ株式会社,群馬県,公園・屋外空間,年額152万円（税抜）,152,契約期間中,群馬県前橋市敷島町262,地図を見る,https://www.google.co.jp/maps/search/群馬県前橋市敷島町262,139.0482821,36.4204296,3,3年（2025年～2027年）,https://www.city.maebashi.gunma.jp/soshiki/zaimu/zaisei/gyomu/3/19374.html,なし,,,,,,,,
前橋市【前橋公園】（愛称：楽歩堂前橋公園）,株式会社楽歩堂,群馬県,公園・屋外空間,年額80万円（税抜）,80,契約期間中,群馬県前橋市大手町3丁目,地図を見る,https://www.google.co.jp/maps/search/群馬県前橋市大手町3丁目,139.0621399,36.3942201,3,3年（2025年～2027年）,https://www.city.maebashi.gunma.jp/soshiki/zaimu/zaisei/gyomu/3/19374.html,※中央児童遊園を除く,,,,,,,,
前橋市【前橋こども公園】（愛称：ハイノート前橋こども公園）,株式会社アサヒ商会,群馬県,公園・屋外空間,年額151万円（税抜）,151,契約期間中,群馬県前橋市西片貝町五丁目8,地図を見る,https://www.google.co.jp/maps/search/群馬県前橋市西片貝町五丁目8,139.0844422,36.3900644,3,3年（2025年～2027年）,https://www.city.maebashi.gunma.jp/soshiki/zaimu/zaisei/gyomu/3/19374.html,※児童文化センターを除く,,,,,,,,
前橋市【大胡ぐりーんふらわー牧場】（愛称：ソーラーエコ大胡ぐりーんふらわー牧場）,株式会社ソーラーエコ,群馬県,公園・屋外空間,年額22万円（税抜）,22,契約期間中,群馬県前橋市滝窪町852-1,地図を見る,https://www.google.co.jp/maps/search/群馬県前橋市滝窪町852-1,139.1340719,36.4573089,3,3年（2025年～2027年）,https://www.city.maebashi.gunma.jp/soshiki/zaimu/zaisei/gyomu/3/19374.html,なし,,,,,,,,
前橋市【足軽茂木公園】（愛称：NSP群馬足軽茂木公園）,株式会社NSP群馬,群馬県,公園・屋外空間,年額20万円（税抜）,20,契約期間中,群馬県前橋市茂木町898-1,地図を見る,https://www.google.co.jp/maps/search/群馬県前橋市茂木町898-1,139.1456896,36.4022171,3,3年（2025年～2027年）,https://www.city.maebashi.gunma.jp/soshiki/zaimu/zaisei/gyomu/3/19374.html,なし,,,,,,,,
前橋市【東ふれあい公園】（愛称：エリアトラスト東ふれあい公園）,株式会社エリアトラスト,群馬県,公園・屋外空間,年額30万円（税抜）,30,契約期間中,群馬県前橋市箱田町554-2ほか,地図を見る,https://www.google.co.jp/maps/search/群馬県前橋市箱田町554-2ほか,139.0468885,36.3716127,3,3年（2025年～2027年）,https://www.city.maebashi.gunma.jp/soshiki/zaimu/zaisei/gyomu/3/19374.html,なし,,,,,,,,
前橋市【荻窪温泉あいのやまの湯】（愛称：コーエィあいのやまの湯）,コーエィ株式会社,群馬県,その他,年額100万円（税抜）,100,契約期間中,群馬県前橋市荻窪町530-1,地図を見る,https://www.google.co.jp/maps/search/群馬県前橋市荻窪町530-1,139.1297228,36.4265171,3,3年（2026年～2028年）,https://www.city.maebashi.gunma.jp/soshiki/zaimu/zaisei/gyomu/3/19374.html,なし,,,,,,,,
前橋市【粕川温泉元気ランド】（愛称：粕川温泉コーエィ元気ランド）,コーエィ株式会社,群馬県,その他,年額50万円（税抜）,50,契約期間中,群馬県前橋市粕川町月田372-1,地図を見る,https://www.google.co.jp/maps/search/群馬県前橋市粕川町月田372-1,139.2062206,36.4333016,3,3年（2026年～2028年）,https://www.city.maebashi.gunma.jp/soshiki/zaimu/zaisei/gyomu/3/19374.html,なし,,,,,,,,
前橋市【富士温泉見晴らしの湯ふれあい館】（愛称：富士見温泉見晴らしの湯 NSP群馬）,株式会社NSP群馬,群馬県,その他,年額55万円（税抜）,55,契約期間中,群馬県前橋市富士見町石井1569-1,地図を見る,https://www.google.co.jp/maps/search/群馬県前橋市富士見町石井1569-1,139.0944223,36.4692682,3,3年（2026年～2028年）,https://www.city.maebashi.gunma.jp/soshiki/zaimu/zaisei/gyomu/3/19374.html,なし,,,,,,,,
前橋市【城東町立体駐車場】（愛称：広瀬川サンワパーキング）,株式会社サンワ,群馬県,交通・インフラ,年額100万円（税抜）,100,契約期間中,群馬県前橋市城東町二丁目3-8,地図を見る,https://www.google.co.jp/maps/search/群馬県前橋市城東町二丁目3-8,139.0731333,36.3937337,5,5年（2024年～2028年）,https://www.city.maebashi.gunma.jp/soshiki/zaimu/zaisei/gyomu/3/19374.html,なし,,,,,,,,
前橋市【前橋プラザ元気21】（愛称：ミヤケン元気21）,株式会社ミヤケン,群馬県,文化交流施設,年額150万円（税抜）,150,契約期間中,群馬県前橋市本町二丁目12-1 ほか,地図を見る,https://www.google.co.jp/maps/search/群馬県前橋市本町二丁目12-1 ほか,139.0711515,36.3899088,3,3年（2026年～2028年）,https://www.city.maebashi.gunma.jp/soshiki/zaimu/zaisei/gyomu/3/19374.html,前橋市民交流プラザ等駐車場 愛称：ミヤケン元気21パーキング 含む,,,,,,,,
前橋市【駒形駅南口第一駐車場】（愛称：駒形駅南口 sowa delight 第一駐車場）,株式会社ソウワ・ディライト,群馬県,交通・インフラ,年額20万円（税抜）,20,契約期間中,群馬県前橋市小屋原町946-1,地図を見る,https://www.google.co.jp/maps/search/群馬県前橋市小屋原町946-1,139.1385249,36.3542508,3,3年（2025年～2027年）,https://www.city.maebashi.gunma.jp/soshiki/zaimu/zaisei/gyomu/3/19374.html,駒形駅南口第二駐車場・南口自転車等駐車場 愛称：駒形駅南口 sowa delight第二駐車場 駒形駅南口自転車等駐車場 愛称：駒形駅南口自転車等駐車場（infinite loop） 含む,,,,,,,,
前橋市【前橋大島駅北口駐車場】（愛称：土木の菅原 前橋大島駅北口駐車場）,株式会社菅原,群馬県,交通・インフラ,年額15万円（税抜）,15,契約期間中,群馬県前橋市天川大島町1310-1,地図を見る,https://www.google.co.jp/maps/search/群馬県前橋市天川大島町1310-1,139.1104071,36.3704586,3,3年（2026年～2028年）,https://www.city.maebashi.gunma.jp/soshiki/zaimu/zaisei/gyomu/3/19374.html,前橋大島駅南口駐車場 愛称：土木の菅原 前橋大島駅南口駐車場 含む,,,,,,,,
川越市【川越市文化芸術振興・市民活動拠点施設「大ホール」】（愛称：ヤオコー大ホール）,株式会社ヤオコー,埼玉県,文化交流施設,"年額736万3,636円（税抜）",737,契約期間中,埼玉県川越市新宿町1-17-17,地図を見る,https://www.google.co.jp/maps/search/埼玉県川越市新宿町1-17-17,139.4791783,35.9040895,4,4年（2026年4月1日～2030年3月31日）,https://www.city.kawagoe.saitama.jp/sangyo/kokoku/1020816.html,川越市文化芸術振興・市民活動拠点施設「小ホール（リハーサル室）」愛称：ヤオコー小ホール 含む,,,,,,,,
川口市【ペデストリアンデッキ】（愛称：デイパーク?デイパーク株式会社）,デイパーク株式会社,埼玉県,交通・インフラ,非公表,,契約期間中,埼玉県川口市川口1-1,地図を見る,https://www.google.co.jp/maps/search/埼玉県川口市川口1-1,139.7182646,35.8012435,3,3年（2023年10月1日～2026年9月30日）,https://www.city.kawaguchi.lg.jp/soshiki/01120/020/1/5729.html,※募集概要にペデストリアンデッキは1橋あたり月額2万5千円以上（税抜）の記載あり,,,,,,,,
川口市【きぞろなかよし歩道橋】（愛称：美しい住み良い街へ㈱塗装のミドリヤ）,株式会社塗装のミドリヤ,埼玉県,交通・インフラ,非公表,,契約期間中,埼玉県川口市大字木曽呂715,地図を見る,https://www.google.co.jp/maps/search/埼玉県川口市大字木曽呂715,139.7239219,35.864396,3,3年（2025年2月1日～2028年1月31日）,https://www.city.kawaguchi.lg.jp/soshiki/01120/020/1/5729.html,※募集概要に歩道橋1橋あたり月額1万5千円以上（税抜）の記載あり,,,,,,,,
川口市【ペデストリアンデッキ】（愛称：あたらしいを、あたりまえに J：COM）,株式会社ジェイコム川口戸田,埼玉県,交通・インフラ,非公表,,契約期間中,埼玉県川口市川口1-1,地図を見る,https://www.google.co.jp/maps/search/埼玉県川口市川口1-1,139.7182646,35.8012435,3,3年（2025年4月1日～2028年3月31日）,https://www.city.kawaguchi.lg.jp/soshiki/01120/020/1/5729.html,※募集概要にペデストリアンデッキは1橋あたり月額2万5千円以上（税抜）の記載あり,,,,,,,,
川口市【川口総合文化センター・メインホール】（愛称：フカガワみらいホール）,株式会社フカガワ,埼玉県,文化交流施設,非公表,,契約期間中,埼玉県川口市川口3-1-1,地図を見る,https://www.google.co.jp/maps/search/埼玉県川口市川口3-1-1,139.7163493,35.8016191,10,10年（2026年4月1日～2036年3月31日）,https://www.city.kawaguchi.lg.jp/soshiki/01060/035/oshirase/47045.html,なし,,,,,,,,
川口市【川口総合文化センター・音楽ホール】（愛称：山伸サステインホール）,山伸マテリアル株式会社,埼玉県,文化交流施設,非公表,,契約期間中,埼玉県川口市川口3-1-1,地図を見る,https://www.google.co.jp/maps/search/埼玉県川口市川口3-1-1,139.7163493,35.8016191,10,10年（2026年4月1日～2036年3月31日）,https://www.city.kawaguchi.lg.jp/soshiki/01060/035/oshirase/47045.html,なし,,,,,,,,
川口市【川口総合文化センター・催し広場】（愛称：ＫＡＷＡＩリラホール）,株式会社河合楽器製作所,埼玉県,文化交流施設,非公表,,契約期間中,埼玉県川口市川口3-1-1,地図を見る,https://www.google.co.jp/maps/search/埼玉県川口市川口3-1-1,139.7163493,35.8016191,10,10年（2026年4月1日～2036年3月31日）,https://www.city.kawaguchi.lg.jp/soshiki/01060/035/oshirase/47045.html,なし,,,,,,,,
柏市【塚崎運動場野球場】（愛称：AKIRA塚崎野球場）,昱株式会社,千葉県,スポーツ施設,0円,0,契約期間中,千葉県柏市塚崎1454,地図を見る,https://www.google.co.jp/maps/search/千葉県柏市塚崎1454,140.0022729,35.8263038,10,10年（2019年9月1日～2029年8月31日）,https://www.city.kashiwa.lg.jp/dx-suishin/jigyosha/ad/2442.html,"※対価に代わり、施設塗装工事として455,000円（年額）の役務提供",,,,,,,,
八王子市【八王子市民会館】（愛称：Ｊ：ＣＯＭホール八王子）,JCOM株式会社,東京都,文化交流施設,"年額1,200万円（税抜）",1200,契約期間中,東京都八王子市子安町4-7-1,地図を見る,https://www.google.co.jp/maps/search/東京都八王子市子安町4-7-1,139.3376371,35.6546598,5,5年（2026年4月1日～2031年3月31日）,https://www.city.hachioji.tokyo.jp/shisetsu/003/p000029.html,なし,,,,,,,,
八王子市【富士森公園野球場】（愛称：スリーボンドスタジアム八王子）,株式会社スリーボンド,東京都,スポーツ施設,非公表,,契約期間中,東京都八王子市台町2-2,地図を見る,https://www.google.co.jp/maps/search/東京都八王子市台町2-2,139.3228123,35.6518431,5,5年（2021年6月1日～2026年5月31日）,https://www.city.hachioji.tokyo.jp/shisetsu/104/p005423.html,なし,,,,,,,,
八王子市【上柚木公園野球場】（愛称：スリーボンドベースボールパーク上柚木）,株式会社スリーボンド,東京都,スポーツ施設,非公表,,契約期間中,東京都八王子市上柚木2丁目40-1,地図を見る,https://www.google.co.jp/maps/search/東京都八王子市上柚木2丁目40-1,139.3700642,35.6199173,5,5年（2021年6月1日～2026年5月31日）,https://www.city.hachioji.tokyo.jp/shisetsu/104/p005423.html,なし,,,,,,,,
八王子市【八王子市こども科学館】（愛称：コニカミノルタ サイエンスドーム）,コニカミノルタ株式会社,東京都,教育施設等,"年額2,272,727円（税抜）",228,契約期間中,東京都八王子市大横町9-13,地図を見る,https://www.google.co.jp/maps/search/東京都八王子市大横町9-13,139.3278246,35.6648786,2,2年（2024年8月1日～2026年7月31日）,https://www.city.hachioji.tokyo.jp/shisetsu/103/p005079.html,※協定期間延長（6期目）,,,,,,,,
八王子市【八王子市総合体育館】（愛称：エスフォルタアリーナ八王子）,住友不動産エスフォルタ株式会社,東京都,スポーツ施設,年額1億円（税抜）,10000,契約期間中,東京都八王子市狭間町1453-1,地図を見る,https://www.google.co.jp/maps/search/東京都八王子市狭間町1453-1,139.2925254,35.6399452,15,15年（2015年10月1日～2030年9月30日）,https://hachioji.keizai.biz/headline/1639/,※同施設の指定管理者,,,,,,,,
富山市【富山市ストリートスポーツパーク】（愛称：NiXストリートスポーツパーク）,株式会社新日本コンサルタント,富山県,スポーツ施設,年額200万円（税抜）,200,契約期間中,富山県富山市婦中町下轡田759-1,地図を見る,https://www.google.co.jp/maps/search/富山県富山市婦中町下轡田759-1,137.180992,36.6650133,10,10年（2023年1月1日～2032年3月31日）,https://www.city.toyama.lg.jp/bunka/sports/1010564/1011966.html,なし,,,,,,,,
富山市【久婦須川ダム周辺広場マウンテンバイクコース】（愛称：NiXスポーツアカデミーサイクルパーク）,株式会社新日本コンサルタント,富山県,スポーツ施設,年額50万円（税抜）,50,契約期間中,富山県富山市八尾町桐谷16-2,地図を見る,https://www.google.co.jp/maps/search/富山県富山市八尾町桐谷16-2,137.1809999,36.5241144,10,10年（2023年1月1日～2032年12月31日）,https://www.city.toyama.lg.jp/bunka/sports/1010564/1011966.html,なし,,,,,,,,
富山市【富山市総合体育館】（愛称：YKK AP ARENA）,YKK AP株式会社,富山県,スポーツ施設,非公表,,契約期間中,富山県富山市湊入船町12-1,地図を見る,https://www.google.co.jp/maps/search/富山県富山市湊入船町12-1,137.2140312,36.7067568,5,5年（2026年10月1日～2031年9月30日）,https://www.city.toyama.lg.jp/bunka/sports/1010564/1016385.html,なし,,,,,,,,
富山県広域消防防災センター【四季防災館】（愛称：ALSOKとやま四季防災館）,富山県綜合警備保障株式会社,富山県,教育施設等,年額100万円（税抜）,100,契約期間中,富山県富山市惣在寺1090-1,地図を見る,https://www.google.co.jp/maps/search/富山県富山市惣在寺1090-1,137.1978397,36.6203227,5,5年（2026年4月1日～2031年3月31日）,https://www.pref.toyama.jp/1901/2025shikibounamingrightkettei.html,なし,,,,,,,,
金沢市【金沢スタジアム】（愛称：金沢ゴーゴーカレースタジアム）,株式会社ゴーゴーカレーグループ,石川県,スポーツ施設,"年額3,111万円（税抜）",3111,契約期間中,石川県金沢市磯部町ロ75-1,地図を見る,https://www.google.co.jp/maps/search/石川県金沢市磯部町ロ75-1,136.6570043,36.5960677,5,5年（2024年2月18日～2029年2月17日）,https://www4.city.kanazawa.lg.jp/soshikikarasagasu/sportsshinkoka/gyomuannai/1/6919.html,なし,,,,,,,,
福井市【福井市自然史博物館分館】（愛称：セーレンプラネット）,セーレン株式会社,福井県,文化交流施設,"年額6,363,636円（税抜）",637,契約期間中,福井県福井市中央1-2-1,地図を見る,https://www.google.co.jp/maps/search/福井県福井市中央1-2-1,136.2220267,36.0613498,10,10年（2026年4月1日～2036年3月31日）,https://www.city.fukui.lg.jp/kyoiku/gakusyu/museum/p071603.html,契約更新（第3期）,,,,,,,,
福井市【フェニックス・プラザ内「大ホール」】（愛称：エルピス 大ホール）,ＴＡＫＡＩホールディングス株式会社,福井県,文化交流施設,年額92万円（税抜）,92,契約期間中,福井県福井市田原1-13-6,地図を見る,https://www.google.co.jp/maps/search/福井県福井市田原1-13-6,136.2172517,36.0741463,5,5年（2024年4月1日～2029年3月31日）,https://www.city.fukui.lg.jp/sisei/plan/reform/p026525.html,なし,,,,,,,,
甲府市【甲府駅北口多目的広場（よっちゃばれ広場）】（愛称：アシストエンジニアリングよっちゃばれ広場）,株式会社アシストエンジニアリング,山梨県,公園・屋外空間,"年額4,545,455円（税抜）",455,契約期間中,山梨県甲府市北口2-２,地図を見る,https://www.google.co.jp/maps/search/山梨県甲府市北口2-２,138.5704808,35.6677345,6,6年（2022年4月1日～2028年3月31日）,https://www.city.kofu.yamanashi.jp/sangyo-somu/neminnguraitu/r4.html,愛称看板の除幕式実施,,,,,,,,
甲府市【緑が丘スポーツ公園競技場】（愛称：ふじでんスタジアム）,株式会社ふじでん,山梨県,スポーツ施設,"年額1,818,182円（税抜）",182,契約期間中,山梨県甲府市緑が丘2-8-1,地図を見る,https://www.google.co.jp/maps/search/山梨県甲府市緑が丘2-8-1,138.5585841,35.6815859,5,5年（2022年8月1日～2027年7月31日）,https://www.city.kofu.yamanashi.jp/sangyo-somu/neminnguraitu/r4.html,愛称看板の除幕式実施,,,,,,,,
甲府市【国母歩道橋】（愛称：深澤内科クリニック歩道橋）,深澤内科クリニック,山梨県,交通・インフラ,"年額181,818円（税抜）",19,契約期間中,山梨県甲府市国母7丁目付近（国道20号・国母立体交差点周辺）,地図を見る,https://www.google.co.jp/maps/search/山梨県甲府市国母7丁目付近（国道20号・国母立体交差点周辺）,138.5522783,35.6377484,5,5年（2023年4月1日～2028年3月31日）,https://www.city.kofu.yamanashi.jp/sangyo-somu/neminnguraitu/r51.html,なし,,,,,,,,
甲府市【甲府駅北口第１自転車駐車場】（愛称：ふじでん Bicycle Parking）,株式会社 ふじでん,山梨県,交通・インフラ,"年額272,728円（税抜）",28,契約期間中,山梨県甲府市丸の内1-12-8,地図を見る,https://www.google.co.jp/maps/search/山梨県甲府市丸の内1-12-8,138.5717324,35.6637173,5,5年（2023年5月1日～2028年4月30日）,https://www.city.kofu.yamanashi.jp/sangyo-somu/neminnguraitu/r51.html,愛称看板の除幕式実施,,,,,,,,
甲府市【甲府駅南口第１自転車駐車場】（愛称：ふじでん Scooter Parking）,株式会社 ふじでん,山梨県,交通・インフラ,"年額181,818円（税抜）",19,契約期間中,山梨県甲府市丸の内1-12-1,地図を見る,https://www.google.co.jp/maps/search/山梨県甲府市丸の内1-12-1,138.5717324,35.6637173,5,5年（2023年5月1日～2028年4月30日）,https://www.city.kofu.yamanashi.jp/sangyo-somu/neminnguraitu/r51.html,なし,,,,,,,,
甲府市【酒折駅北口自転車駐車場】（愛称：日星サイクルパーク）,日星株式会社,山梨県,交通・インフラ,"年額181,818円（税抜）",19,契約期間中,山梨県甲府市酒折3-105-2,地図を見る,https://www.google.co.jp/maps/search/山梨県甲府市酒折3-105-2,138.599117,35.660826,5,5年（2023年6月1日～2028年5月31日）,https://www.city.kofu.yamanashi.jp/sangyo-somu/neminnguraitu/r51.html,愛称看板の除幕式実施,,,,,,,,
甲府市【酒折駅南口自転車駐車場】（愛称：日星サイクルパーク）,日星株式会社,山梨県,交通・インフラ,"年額181,818円（税抜）",19,契約期間中,山梨県甲府市酒折1-1-8,地図を見る,https://www.google.co.jp/maps/search/山梨県甲府市酒折1-1-8,138.5992735,35.6596139,5,5年（2023年6月1日～2028年5月31日）,https://www.city.kofu.yamanashi.jp/sangyo-somu/neminnguraitu/r51.html,愛称看板の除幕式実施,,,,,,,,
甲府市【春日歩道橋】（愛称：有限会社ヤマシタ歩道橋）,有限会社ヤマシタ,山梨県,交通・インフラ,"年額181,818円（税抜）",19,契約期間中,山梨県甲府市宝二丁目付近,地図を見る,https://www.google.co.jp/maps/search/山梨県甲府市宝二丁目付近,138.5606259,35.6620533,5,5年（2023年10月1日～2028年9月30日）,https://www.city.kofu.yamanashi.jp/sangyo-somu/neminnguraitu/r51.html,なし,,,,,,,,
甲府市【甲府市子ども屋内運動遊び場「おしろらんど」】（愛称：ヴァンフォーレおしろらんど）,一般社団法人ヴァンフォーレスポーツクラブ,山梨県,スポーツ施設,"年額1,818,182円（税抜）",182,契約期間中,山梨県甲府市丸の内1-10-7,地図を見る,https://www.google.co.jp/maps/search/山梨県甲府市丸の内1-10-7,138.5704298,35.663153,3,3年（2024年4月1日～2027年3月31日）,https://www.city.kofu.yamanashi.jp/sangyo-somu/neminnguraitu/r6.html,愛称看板の除幕式実施,,,,,,,,
甲府市【緑が丘スポーツ公園野球場】（愛称：ふじでん球場）,株式会社 ふじでん,山梨県,スポーツ施設,"年額2,727,273円（税抜）",273,契約期間中,山梨県甲府市緑が丘2-8-1,地図を見る,https://www.google.co.jp/maps/search/山梨県甲府市緑が丘2-8-1,138.5585841,35.6815859,9,9年（2024年4月1日～2033年3月31日）,https://www.city.kofu.yamanashi.jp/sangyo-somu/neminnguraitu/r6.html,愛称看板の除幕式実施,,,,,,,,
甲府市【緑が丘スポーツ公園庭球場】（愛称：ふじでん庭球場）,株式会社 ふじでん,山梨県,スポーツ施設,"年額909,091円（税抜）",91,契約期間中,山梨県甲府市緑が丘2-8-1,地図を見る,https://www.google.co.jp/maps/search/山梨県甲府市緑が丘2-8-1,138.5585841,35.6815859,9,9年（2024年4月1日～2033年3月31日）,https://www.city.kofu.yamanashi.jp/sangyo-somu/neminnguraitu/r6.html,愛称看板の除幕式実施,,,,,,,,
甲府市【甲府市総合市民会館】（愛称：リッチダイヤモンド総合市民会館）,リッチダイヤモンド株式会社,山梨県,文化交流施設,"年額2,727,273円（税抜）",28,契約期間中,山梨県甲府市青沼3-5-44,地図を見る,https://www.google.co.jp/maps/search/山梨県甲府市青沼3-5-44,138.5752105,35.6523158,3,3年（2024年4月1日～2027年3月31日）,https://www.city.kofu.yamanashi.jp/sangyo-somu/neminnguraitu/r6.html,愛称看板の除幕式実施,,,,,,,,
甲府市【大里悠遊館】（愛称：地建工業大里悠遊館）,地建工業株式會社,山梨県,文化交流施設,"年額272,728円（税抜）",28,契約期間中,山梨県甲府市大里町3805-1,地図を見る,https://www.google.co.jp/maps/search/山梨県甲府市大里町3805-1,138.5661325,35.6150104,5,5年（2024年6月1日～2029年5月31日）,https://www.city.kofu.yamanashi.jp/sangyo-somu/neminnguraitu/r6.html,愛称看板の除幕式実施,,,,,,,,
甲府市【石田悠遊館】（愛称：株式会社樋口 石田悠遊館）,株式会社樋口,山梨県,文化交流施設,"年額318,182円（税抜）",32,契約期間中,山梨県甲府市上石田3-3-46,地図を見る,https://www.google.co.jp/maps/search/山梨県甲府市上石田3-3-46,138.5578686,35.653687,3,3年（2024年6月28日～2027年6月27日）,https://www.city.kofu.yamanashi.jp/sangyo-somu/neminnguraitu/r6.html,愛称看板の除幕式実施,,,,,,,,
甲府市【朝日悠遊館】（愛称：日東建設 朝日悠遊館）,日東建設株式会社,山梨県,文化交流施設,"年額272,728円（税抜）",28,契約期間中,山梨県甲府市塩部1-4-1,地図を見る,https://www.google.co.jp/maps/search/山梨県甲府市塩部1-4-1,138.5615864,35.6726598,3,3年（2024年8月1日～2027年7月31日）,https://www.city.kofu.yamanashi.jp/sangyo-somu/neminnguraitu/r6.html,愛称看板の除幕式実施,,,,,,,,
甲府市【玉諸悠遊館】（愛称：アセラ玉諸悠遊館）,株式会社アセラ,山梨県,スポーツ施設,"年額272,728円（税抜）",28,契約期間中,山梨県甲府市上阿原町564-1,地図を見る,https://www.google.co.jp/maps/search/山梨県甲府市上阿原町564-1,138.6029332,35.6464767,3,3年（2024年8月1日～2027年7月31日）,https://www.city.kofu.yamanashi.jp/sangyo-somu/neminnguraitu/r6.html,愛称看板の除幕式実施,,,,,,,,
甲府市【富士川悠遊館】（愛称：オズプリンティング富士川悠遊館）,株式会社オズプリンティング,山梨県,文化交流施設,"年額363,636円（税抜）",37,契約期間中,山梨県甲府市中央3-3-1,地図を見る,https://www.google.co.jp/maps/search/山梨県甲府市中央3-3-1,138.5760993,35.6639848,3,3年（2024年8月1日～2027年7月31日）,https://www.city.kofu.yamanashi.jp/sangyo-somu/neminnguraitu/r6.html,愛称看板の除幕式実施,,,,,,,,
甲府市【相川悠遊館】（愛称：丸光建設 相川悠遊館）,丸光建設株式会社,山梨県,文化交流施設,"年額272,728円（税抜）",28,契約期間中,山梨県甲府市古府中町6019,地図を見る,https://www.google.co.jp/maps/search/山梨県甲府市古府中町6019,138.5765567,35.6911729,3,3年（2024年11月1日～2027年10月31日）,https://www.city.kofu.yamanashi.jp/sangyo-somu/neminnguraitu/r6.html,愛称看板の除幕式実施,,,,,,,,
甲府市【羽黒悠遊館】（愛称：聖愛なでしこ 羽黒悠遊館）,社会福祉法人 聖愛会,山梨県,文化交流施設,"年額272,728円（税抜）",28,契約期間中,山梨県甲府市山宮町2401,地図を見る,https://www.google.co.jp/maps/search/山梨県甲府市山宮町2401,138.5362308,35.6955301,3,3年（2024年8月1日～2027年7月31日）,https://www.city.kofu.yamanashi.jp/sangyo-somu/neminnguraitu/r6.html,愛称看板の除幕式実施,,,,,,,,
甲府市【里垣悠遊館】（愛称：早野組 里垣悠遊館）,株式会社早野組,山梨県,文化交流施設,"年額272,728円（税抜）",28,契約期間中,山梨県甲府市善光寺2-8-17,地図を見る,https://www.google.co.jp/maps/search/山梨県甲府市善光寺2-8-17,138.5911162,35.6622034,10,10年（2024年12月1日～2034年11月30日）,https://www.city.kofu.yamanashi.jp/sangyo-somu/neminnguraitu/r6.html,愛称看板の除幕式実施,,,,,,,,
甲府市【大国悠遊館】（愛称：クスリのサンロード大国悠遊館）,株式会社クスリのサンロード,山梨県,文化交流施設,"年額272,728円（税抜）",28,契約期間中,山梨県甲府市後屋町155-15,地図を見る,https://www.google.co.jp/maps/search/山梨県甲府市後屋町155-15,138.5653576,35.6297255,3,3年（2024年12月1日～2027年11月30日）,https://www.city.kofu.yamanashi.jp/sangyo-somu/neminnguraitu/r6.html,愛称看板の除幕式実施,,,,,,,,
甲府市【住吉悠遊館】（愛称：クリーニングすわん住吉悠遊館）,株式会社クリーニングすわん,山梨県,文化交流施設,"年額272,728円（税抜）",28,契約期間中,山梨県甲府市住吉1-3-13,地図を見る,https://www.google.co.jp/maps/search/山梨県甲府市住吉1-3-13,138.573148,35.6414983,5,5年（2025年2月1日～2030年1月31日）,https://www.city.kofu.yamanashi.jp/sangyo-somu/neminnguraitu/r6.html,愛称看板の除幕式実施,,,,,,,,
甲府市【北部悠遊館】（愛称：昇仙峡ロープウェイ北部悠遊館）,昇仙峡ロープウェイ株式会社,山梨県,文化交流施設,"年額272,728円（税抜）",28,契約期間中,山梨県甲府市下帯那町3054-4,地図を見る,https://www.google.co.jp/maps/search/山梨県甲府市下帯那町3054-4,138.5531518,35.7151839,5,5年（2025年6月1日～2030年5月31日）,https://www.city.kofu.yamanashi.jp/sangyo-somu/neminnguraitu/r7.html,愛称看板の除幕式実施,,,,,,,,
甲府市【湯田悠遊館】（愛称：ラッキーアンドカンパニー湯田悠遊館）,株式会社ラッキーアンドカンパニー,山梨県,文化交流施設,"年額272,728円（税抜）",28,契約期間中,山梨県甲府市幸町14-15,地図を見る,https://www.google.co.jp/maps/search/山梨県甲府市幸町14-15,138.5727915,35.645489,2,2年（2025年6月1日～2027年5月31日）,https://www.city.kofu.yamanashi.jp/sangyo-somu/neminnguraitu/r7.html,愛称看板の除幕式実施,,,,,,,,
甲府市【緑が丘スポーツ公園水泳場】（愛称：ふじでん水泳場）,株式会社ふじでん,山梨県,スポーツ施設,"年額454,546円（税抜）",46,契約期間中,山梨県甲府市緑が丘2-8-1,地図を見る,https://www.google.co.jp/maps/search/山梨県甲府市緑が丘2-8-1,138.5585841,35.6815859,7.75,7年9か月（2025年7月1日～2033年3月31日）,https://www.city.kofu.yamanashi.jp/sangyo-somu/neminnguraitu/r7.html,愛称看板の除幕式実施,,,,,,,,
長野市【芹田小学校前横断歩道橋】（愛称：セリタホームズ前歩道橋）,セリタホームズ株式会社,長野県,交通・インフラ,年額10万円（税抜）,10,契約期間中,長野県長野市栗田16-2（芹田小学校住所）,地図を見る,https://www.google.co.jp/maps/search/長野県長野市栗田16-2（芹田小学校住所）,138.2002049,36.6335687,3,3年（2023年7月1日～2026年6月30日）,https://www.city.nagano.nagano.jp/n060500/contents/p004844.html,契約更新,,,,,,,,
松本市【松本市営開智駐車場】（愛称：中部警備救助 松本城北市営パーキング）,有限会社中部警備救助,長野県,交通・インフラ,年額132万円（税抜）,132,契約期間中,長野県松本市開智1-1-15,地図を見る,https://www.google.co.jp/maps/search/長野県松本市開智1-1-15,137.9678651,36.2398288,5,5年（2026年4月1日～2031年3月31日),https://www.city.matsumoto.nagano.jp/soshiki/13/91833.html,なし,,,,,,,,
松本市【松本市浅間温泉庭球公園】（愛称：オムニコート浅間温泉テニスパーク）,株式会社住ゴム産業,長野県,スポーツ施設,年額80万円（税抜）,80,契約期間中,長野県松本市浅間温泉1-9-2,地図を見る,https://www.google.co.jp/maps/search/長野県松本市浅間温泉1-9-2,137.9887236,36.2566741,5,5年（2026年4月1日～2031年3月31日）,https://www.city.matsumoto.nagano.jp/soshiki/13/91833.html,なし,,,,,,,,
松本市【松本市波田扇子田運動公園】（愛称：タカサワ通商ＳＥＮＳＵＤＡ Ｐａｒｋ）,タカサワ通商株式会社,長野県,スポーツ施設,年額80万円（税抜）,80,契約期間中,長野県松本市波田230-1,地図を見る,https://www.google.co.jp/maps/search/長野県松本市波田230-1,137.8824921,36.2157147,5,5年（2026年4月1日～2031年3月31日）,https://www.city.matsumoto.nagano.jp/soshiki/13/91833.html,なし,,,,,,,,
松本市【松本市柔剣道場】（愛称：テスコム・エレコム武道場）,テスコム電機株式会社,長野県,スポーツ施設,年額50万円（税抜）,50,契約期間中,長野県松本市中央4-7-28,地図を見る,https://www.google.co.jp/maps/search/長野県松本市中央4-7-28,137.9773662,36.2327082,5,5年（2025年10月1日～2030年9月30日）,https://www.city.matsumoto.nagano.jp/soshiki/13/91833.html,なし,,,,,,,,
松本市【松本市かりがねサッカー場】（愛称：信州グリーンフィールドかりがね）,株式会社信州グリーン,長野県,スポーツ施設,年額140万円（税抜）,140,契約期間中,長野県松本市惣社325,地図を見る,https://www.google.co.jp/maps/search/長野県松本市惣社325,137.992889,36.2493961,5,5年（2025年4月1日～2030年3月31日）,https://www.city.matsumoto.nagano.jp/soshiki/13/91833.html,なし,,,,,,,,
松本市【松本市美鈴湖自転車競技場】（愛称：スカイロードサイクリングスタジアム松本）,株式会社スカイロード,長野県,スポーツ施設,年額60万円（税抜）,60,契約期間中,長野県松本市三才山1830,地図を見る,https://www.google.co.jp/maps/search/長野県松本市三才山1830,138.015365,36.259651,5,5年（2025年4月1日～2030年3月31日）,https://www.city.matsumoto.nagano.jp/soshiki/13/91833.html,なし,,,,,,,,
松本市【松本市総合体育館】（愛称：エア・ウォーターアリーナ松本）,エア・ウォーター株式会社,長野県,スポーツ施設,年額470万円（税抜）,470,契約期間中,長野県松本市美須々5-1,地図を見る,https://www.google.co.jp/maps/search/長野県松本市美須々5-1,137.9806077,36.2566956,5,5年（2024年4月1日～2029年3月31日）,https://www.city.matsumoto.nagano.jp/soshiki/13/91833.html,なし,,,,,,,,
松本市【松本市野球場】（愛称：セキスイハイム松本スタジアム）,セキスイハイム信越株式会社,長野県,スポーツ施設,年額470万円（税抜）,470,契約期間中,長野県松本市浅間温泉1-9-1,地図を見る,https://www.google.co.jp/maps/search/長野県松本市浅間温泉1-9-1,137.9889821,36.2588101,5,5年（2023年4月1日～2028年3月31日）,https://www.city.matsumoto.nagano.jp/soshiki/13/91833.html,なし,,,,,,,,
松本市【松本市四賀球場】（愛称：信州グリーン ローズスタジアム四賀）,株式会社信州グリーン,長野県,スポーツ施設,年額120万円（税抜）,120,契約期間中,長野県松本市会田2920,地図を見る,https://www.google.co.jp/maps/search/長野県松本市会田2920,137.9975317,36.358147,5,5年（2023年4月1日～2028年3月31日）,https://www.city.matsumoto.nagano.jp/soshiki/13/91833.html,なし,,,,,,,,
松本市【松本市営松本城大手門駐車場】（愛称：東洋計器大手門駐車場）,東洋計器株式会社,長野県,交通・インフラ,年額50万円（税抜）,50,契約期間中,長野県松本市大手2-3-10,地図を見る,https://www.google.co.jp/maps/search/長野県松本市大手2-3-10,137.968799,36.23502,4,4年（2023年4月1日～2027年3月31日）,https://www.city.matsumoto.nagano.jp/soshiki/13/91833.html,なし,,,,,,,,
岐阜市【岐阜市民会館】（愛称：ぎふしんフォーラム）,岐阜信用金庫,岐阜県,文化交流施設,年額250万円（税抜）,250,契約期間中,岐阜県岐阜市美江寺町2-6,地図を見る,https://www.google.co.jp/maps/search/岐阜県岐阜市美江寺町2-6,136.7580836,35.4254529,3,3年（2025年4月1日～2028年3月31日）,https://www.city.gifu.lg.jp/info/kaikaku/1035576/1022686/1025734.html,なし,,,,,,,,
岐阜市【岐阜市文化産業交流センター】（愛称：じゅうろくプラザ）,株式会社十六フィナンシャルグループ,岐阜県,文化交流施設,"年額761万9,091円（税抜）",762,契約期間中,岐阜県岐阜市橋本町1-10-11,地図を見る,https://www.google.co.jp/maps/search/岐阜県岐阜市橋本町1-10-11,136.7553503,35.4100516,3,3年（2025年9月1日～2028年8月31日）,https://www.city.gifu.lg.jp/info/kaikaku/1035576/1022686/1025734.html,岐阜市初のネーミングライツ（2007年9月1日～）,,,,,,,,
岐阜市【北西部運動公園】（愛称：Showaスポーツピアザ）,昭和造園土木株式会社,岐阜県,スポーツ施設,"年額70万9,091円（税抜）",71,契約期間中,岐阜県岐阜市曽我屋8,地図を見る,https://www.google.co.jp/maps/search/岐阜県岐阜市曽我屋8,136.7108147,35.4315337,7,7年（2024年6月1日～2031年5月31日）,https://www.city.gifu.lg.jp/info/kaikaku/1035576/1022686/1025734.html,導入 2024年6月1日～,,,,,,,,
岐阜市【岐阜市駅西駐車場および岐阜シティ・タワー43地下駐車場】（愛称：昭和コンクリート駅西駐車場）,昭和コンクリート工業株式会社,岐阜県,交通・インフラ,"年額27万2,727円（税抜）",28,契約期間中,岐阜県岐阜市橋本町2-16 ほか,地図を見る,https://www.google.co.jp/maps/search/岐阜県岐阜市橋本町2-16 ほか,136.7542675,35.410211,3,3年（2024年6月1日～2027年5月31日）,https://www.city.gifu.lg.jp/info/kaikaku/1035576/1022686/1025734.html,なし,,,,,,,,
豊橋市【東部東山線やまびこ号】（愛称：みんなにエール とよしんバス 東部東山線やまびこ号）,豊橋信用金庫,愛知県,交通・インフラ,"年額181,818円（税抜）",,契約期間中,愛知県豊橋市内運航（東部地区）,地図を見る,https://www.google.co.jp/maps/search/愛知県豊橋市内運航（東部地区）,137.3916837,34.7688528,5,5年（2025年10月1日～2030年9月30日）,https://www.city.toyohashi.lg.jp/61887.htm,・コミュニティバスのネーミングライツ ・愛称標示場所：車両後方窓枠、バス停の表示板、コミュニティバスパンフレット、市ホームページ等,,,,,,,,
豊橋市【豊橋市動物愛護センター「猫モデルルーム」】（愛称：中央製乳キャットルームMilk）,中央製乳株式会社,愛知県,その他,"年額272,727円（税抜）",19,契約期間中,愛知県豊橋市中野町字中原145,地図を見る,https://www.google.co.jp/maps/search/愛知県豊橋市中野町字中原145,137.3693736,34.7323047,5,5年（2025年10月1日～2030年9月30日）,https://www.city.toyohashi.lg.jp/62266.htm,なし,,,,,,,,
岡崎市【岡崎市民球場】（愛称：岡崎レッドダイヤモンドスタジアム）,三菱自動車工業株式会社,愛知県,スポーツ施設,非公表,28,契約期間中,愛知県岡崎市高隆寺町字峠1,地図を見る,https://www.google.co.jp/maps/search/愛知県岡崎市高隆寺町字峠1,137.2115342,34.9482518,,非公表,https://www.weblio.jp/content/%E5%B2%A1%E5%B4%8E%E5%B8%82%E6%B0%91%E7%90%83%E5%A0%B4,一般公募による命名,,,,,,,,
一宮市【いちのみや中央プラザ体育館（アリーナ部分）】（愛称：いちい信金中央アリーナ）,いちい信用金庫,愛知県,スポーツ施設,"年額2,318,182円（税抜）",232,契約期間中,愛知県一宮市野口1-6-22,地図を見る,https://www.google.co.jp/maps/search/愛知県一宮市野口1-6-22,136.7901119,35.3002087,5,5年（2024年4月1日～2029年3月31日）,https://www.city.ichinomiya.aichi.jp/katsuryokusouzou/shiteikanri/1044288/1059814.html,なし,,,,,,,,
一宮市【一宮市木曽川文化会館ホール】（愛称：尾西信金ホール）,尾西信用金庫,愛知県,文化交流施設,年額200万円（税抜）,200,契約期間中,愛知県一宮市木曽川町内割田一の通り27,地図を見る,https://www.google.co.jp/maps/search/愛知県一宮市木曽川町内割田一の通り27,136.7781145,35.3370939,5,5年（2026年4月1日～2031年3月31日）,https://www.city.ichinomiya.aichi.jp/katsuryokusouzou/shiteikanri/1044288/1005813.html,契約更新,,,,,,,,
大津市【皇子山総合運動公園野球場 （皇子山球場）】（愛称：マイネットスタジアム皇子山）,株式会社マイネット,滋賀県,スポーツ施設,年額500万円（税抜）,500,契約期間中,滋賀県大津市御陵町4-1,地図を見る,https://www.google.co.jp/maps/search/滋賀県大津市御陵町4-1,135.8558483,35.021557,5,5年（2022年4月1日～2027年3月31日）,https://www.city.otsu.lg.jp/soshiki/005/1227/g/nr/46051.html,なし,,,,,,,,
大津市【近江神宮外苑公園】（愛称：ブランチパーク）,大和リース株式会社,滋賀県,公園・屋外空間,年額55万円（税抜）,55,契約期間中,滋賀県大津市二本松1-2,地図を見る,https://www.google.co.jp/maps/search/滋賀県大津市二本松1-2,135.864176,35.029975,4,4年（2023年4月1日～2027年3月31日）,https://www.city.otsu.lg.jp/soshiki/005/1227/g/nr/46051.html,なし,,,,,,,,
大津市【大津駅前公園】（愛称：大津駅前高栄ホームパーク）,株式会社高栄ホーム,滋賀県,公園・屋外空間,"年額222,000円（税抜）",23,契約期間中,滋賀県大津市京町3丁目1,地図を見る,https://www.google.co.jp/maps/search/滋賀県大津市京町3丁目1,135.8662529,35.0045066,10,10年（2023年8月1日～2033年7月31日）,https://www.city.otsu.lg.jp/soshiki/005/1227/g/nr/46051.html,なし,,,,,,,,
大津市【大津湖岸なぎさ公園の一部】（愛称：LAGO 大津）,株式会社たねや,滋賀県,公園・屋外空間,年額30万円（税抜）,30,契約期間中,滋賀県大津市島の関他,地図を見る,https://www.google.co.jp/maps/search/滋賀県大津市島の関他,135.8699655,35.0086374,9,9年（2024年11月1日～2033年10月31日）,https://www.city.otsu.lg.jp/soshiki/005/1227/g/nr/46051.html,なし,,,,,,,,
豊中市【豊中市立千里体育館】（愛称：豊泉家千里体育館）,社会福祉法人福祥福祉会,大阪府,スポーツ施設,年額100万円（税抜）,100,契約期間中,大阪府豊中市新千里東町3-8-1,地図を見る,https://www.google.co.jp/maps/search/大阪府豊中市新千里東町3-8-1,135.5041465,34.8080636,3,契約3年（2024年4月1日～2027年3月31日）,https://www.city.toyonaka.osaka.jp/joho/keikaku/saiken/sainyukakuho/namingrights/index.html,なし,,,,,,,,
豊中市【高川歩道橋】（愛称：医療法人五條歯科医院高川歩道橋）,医療法人五條歯科医院,大阪府,交通・インフラ,年額30万円（税抜）,30,契約期間中,大阪府豊中市小曽根4-10,地図を見る,https://www.google.co.jp/maps/search/大阪府豊中市小曽根4-10,135.4835117,34.7545186,5,5年（2025年9月1日～2030年8月31日）,https://www.city.toyonaka.osaka.jp/joho/keikaku/saiken/sainyukakuho/namingrights/index.html,なし,,,,,,,,
豊中市【豊島温水プール】（愛称：マリンフード豊中スイミングスタジアム）,マリンフード株式会社,大阪府,スポーツ施設,年額185万円（税抜）,185,契約期間中,大阪府豊中市服部西町5-1-1,地図を見る,https://www.google.co.jp/maps/search/大阪府豊中市服部西町5-1-1,135.4652454,34.762275,5,5年（2024年4月1日～2029年3月31日）,https://www.city.toyonaka.osaka.jp/joho/keikaku/saiken/sainyukakuho/namingrights/index.html,ふれあい緑地少年野球場 愛称：マリンフード豊中少年野球場 ふれあい緑地庭球場 愛称：マリンフード豊中テニスコート ふれあい緑地球技場 愛称：マリンフード豊中マルチグラウンド 含む,,,,,,,,
吹田市【市立吹田サッカースタジアム】（愛称：パナソニックスタジアム吹田）,パナソニックスポーツ株式会社,大阪府,スポーツ施設,年額2億円（税抜）,20000,契約期間中,大阪府吹田市千里万博公園3-3,地図を見る,https://www.google.co.jp/maps/search/大阪府吹田市千里万博公園3-3,135.5390095,34.7999669,5,5年（2023年1月1日～2027年12月31日）,https://www.city.suita.osaka.jp/bunka/1018347/1021077/1018351/1025431.html,契約更新（2018年1月～）,,,,,,,,
高槻市【高槻城公園芸術文化劇場大ホール】（愛称：トリシマホール）,株式会社酉島製作所,大阪府,文化交流施設,年額300万円（税抜）,300,契約期間中,大阪府高槻市野見町6-8,地図を見る,https://www.google.co.jp/maps/search/大阪府高槻市野見町6-8,135.6205999,34.843782,10,10年（2023年3月18日～2033年3月17日）,https://www.city.takatsuki.osaka.jp/soshiki/61/119899.html,なし,,,,,,,,
高槻市【高槻城公園芸術文化劇場小ホール】（愛称：太陽ファルマテックホール）,太陽ファルマテック株式会社,大阪府,文化交流施設,年額100万円（税抜）,100,契約期間中,大阪府高槻市野見町6-8,地図を見る,https://www.google.co.jp/maps/search/大阪府高槻市野見町6-8,135.6205999,34.843782,10,10年（2023年3月18日～2033年3月17日）,https://www.city.takatsuki.osaka.jp/soshiki/61/119899.html,なし,,,,,,,,
高槻市【高槻城公園芸術文化劇場大スタジオ】（愛称：サンユレックホール）,サンユレック株式会社,大阪府,文化交流施設,年額100万円（税抜）,100,契約期間中,大阪府高槻市野見町6-8,地図を見る,https://www.google.co.jp/maps/search/大阪府高槻市野見町6-8,135.6205999,34.843782,10,10年（2023年11月21日～2033年11月20日）,https://www.city.takatsuki.osaka.jp/soshiki/61/119899.html,なし,,,,,,,,
高槻市【安満遺跡公園内大屋根広場】（愛称：SAKURA広場）,株式会社SAKURA,大阪府,公園・屋外空間,"年額2,025,611円（税抜）",203,契約期間中,大阪府高槻市八丁畷町12-3,地図を見る,https://www.google.co.jp/maps/search/大阪府高槻市八丁畷町12-3,135.6288039,34.8546692,5,5年（2026年3月27日～2031年3月31日）,https://www.seibu-la.co.jp/park/ama-sitepark/,なし,,,,,,,,
高槻市【安満遺跡公園内パークセンター】（愛称：ボーネルンドPark Center）,株式会社ボーネルンド,大阪府,公園・屋外空間,"年額603,000円（税抜）",61,契約期間中,大阪府高槻市八丁畷町12-3,地図を見る,https://www.google.co.jp/maps/search/大阪府高槻市八丁畷町12-3,135.6288039,34.8546692,5,5年8日（2024年3月23日～2029年3月31日）,https://www.seibu-la.co.jp/park/ama-sitepark/,なし,,,,,,,,
高槻市【安満遺跡公園内エントランス広場】（愛称：サンスター広場）,サンスター株式会社,大阪府,公園・屋外空間,"年額552,750円（税抜）",56,契約期間中,大阪府高槻市八丁畷町12-3,地図を見る,https://www.google.co.jp/maps/search/大阪府高槻市八丁畷町12-3,135.6288039,34.8546692,5,5年8日（2024年3月23日～2029年3月31日）,https://www.seibu-la.co.jp/park/ama-sitepark/,なし,,,,,,,,
高槻市【安満遺跡公園内トイレ】（愛称：TAKAJYO TOILET）,株式会社高浄,大阪府,公園・屋外空間,"年額603,000円（税抜）",61,契約期間中,大阪府高槻市八丁畷町12-3,地図を見る,https://www.google.co.jp/maps/search/大阪府高槻市八丁畷町12-3,135.6288039,34.8546692,5,5年8日（2024年3月23日～2029年3月31日）,https://www.seibu-la.co.jp/park/ama-sitepark/,なし,,,,,,,,
枚方市【市駅歩道橋（ニッペパーク側）】（愛称：市駅歩道橋ゆうき内科つながるBRIDGE）,医療法人はじめ会 ゆうき内科,大阪府,交通・インフラ,年額31万円（税抜）,31,契約期間中,大阪府枚方市岡東町19-14（枚方市駅住所）,地図を見る,https://www.google.co.jp/maps/search/大阪府枚方市岡東町19-14（枚方市駅住所）,135.6485734,34.8160589,3,3年（2026年4月1日～2029年3月31日）,https://www.city.hirakata.osaka.jp/0000053281.html,枚方市市有資産民間提案制度・ネーミングライツに関する新着情報がある場合、メールによる情報配信（不定期）を実施,,,,,,,,
枚方市【楠葉中央線横断歩道橋】（愛称：美杉会グループ楠葉中央線横断歩道橋）,社会医療法人美杉会,大阪府,交通・インフラ,年額31万円（税抜）,31,契約期間中,大阪府枚方市楠葉花園町15-1,地図を見る,https://www.google.co.jp/maps/search/大阪府枚方市楠葉花園町15-1,135.6778227,34.8611268,5,5年（2025年4月1日～2030年3月31日）,https://www.city.hirakata.osaka.jp/0000034575.html,枚方市市有資産民間提案制度・ネーミングライツに関する新着情報がある場合、メールによる情報配信（不定期）を実施,,,,,,,,
枚方市【枚方市駅南口駅前広場花壇】（愛称：関西医大フラワー庭園）,学校法人関西医科大学,大阪府,公園・屋外空間,年額50万円（税抜）,50,契約期間中,大阪府枚方市岡東町19-14（枚方市駅住所）,地図を見る,https://www.google.co.jp/maps/search/大阪府枚方市岡東町19-14（枚方市駅住所）,135.6485734,34.8160589,3,3年（2026年4月1日～2029年3月31日）,https://www.city.hirakata.osaka.jp/0000053281.html,枚方市市有資産民間提案制度・ネーミングライツに関する新着情報がある場合、メールによる情報配信（不定期）を実施,,,,,,,,
枚方市【牧野駅駅前広場花壇】（愛称：美杉会グループ牧野駅前広場花壇）,社会医療法人美杉会,大阪府,公園・屋外空間,年額31万円（税抜）,31,契約期間中,大阪府枚方市牧野阪２(牧野駅住所),地図を見る,https://www.google.co.jp/maps/search/大阪府枚方市牧野阪２(牧野駅住所),135.6655863,34.843886,5,5年（2025年4月1日～2030年3月31日）,https://www.city.hirakata.osaka.jp/0000034575.html,枚方市市有資産民間提案制度・ネーミングライツに関する新着情報がある場合、メールによる情報配信（不定期）を実施,,,,,,,,
枚方市【中央図書館（エントランスホール）】（愛称：美杉会グループエントランスホール）,社会医療法人美杉会,大阪府,教育施設等,年額６万円（税抜）,6,契約期間中,大阪府枚方市車塚2-1-1,地図を見る,https://www.google.co.jp/maps/search/大阪府枚方市車塚2-1-1,135.6716562,34.8333655,5,5年（2025年4月1日～2030年3月31日）,https://www.city.hirakata.osaka.jp/0000034575.html,枚方市市有資産民間提案制度・ネーミングライツに関する新着情報がある場合、メールによる情報配信（不定期）を実施,,,,,,,,
枚方市【地域活性化支援センター（大研修室）】（愛称：TAMAYURAイベントホール）,株式会社TAMAYURA,大阪府,文化交流施設,年額20万円（税抜）,20,契約期間中,大阪府枚方市車塚1-1-1,地図を見る,https://www.google.co.jp/maps/search/大阪府枚方市車塚1-1-1,135.6707336,34.833581,5,5年（2026年4月1日～2031年3月31日）,https://www.city.hirakata.osaka.jp/0000034575.html,枚方市市有資産民間提案制度・ネーミングライツに関する新着情報がある場合、メールによる情報配信（不定期）を実施,,,,,,,,
枚方市【総合文化芸術センター本館（大ホール）】（愛称：関西医大 大ホール）,学校法人関西医科大学,大阪府,文化交流施設,"年額1,050万円（税抜）",1050,契約期間中,大阪府枚方市新町2-1-5,地図を見る,https://www.google.co.jp/maps/search/大阪府枚方市新町2-1-5,135.6480809,34.8190736,5,5年（2026年4月1日～2031年3月31日）,https://www.city.hirakata.osaka.jp/0000034575.html,枚方市市有資産民間提案制度・ネーミングライツに関する新着情報がある場合、メールによる情報配信（不定期）を実施,,,,,,,,
枚方市【総合文化芸術センター本館（小ホール）】（愛称：関西医大 小ホール）,学校法人関西医科大学,大阪府,文化交流施設,年額300万円（税抜）,300,契約期間中,大阪府枚方市新町2-1-5,地図を見る,https://www.google.co.jp/maps/search/大阪府枚方市新町2-1-5,135.6480809,34.8190736,5,5年（2026年4月1日～2031年3月31日）,https://www.city.hirakata.osaka.jp/0000034575.html,枚方市市有資産民間提案制度・ネーミングライツに関する新着情報がある場合、メールによる情報配信（不定期）を実施,,,,,,,,
枚方市【総合文化芸術センター本館（イベントホール）】（愛称：ひらしんイベントホール）,枚方信用金庫,大阪府,文化交流施設,年額150万円（税抜）,150,契約期間中,大阪府枚方市新町2-1-5,地図を見る,https://www.google.co.jp/maps/search/大阪府枚方市新町2-1-5,135.6480809,34.8190736,5,5年（2026年4月1日～2031年3月31日）,https://www.city.hirakata.osaka.jp/0000034575.html,枚方市市有資産民間提案制度・ネーミングライツに関する新着情報がある場合、メールによる情報配信（不定期）を実施,,,,,,,,
枚方市【総合文化芸術センター本館（美術ギャラリー）】（愛称：ひらしん美術ギャラリー）,枚方信用金庫,大阪府,文化交流施設,年額110万円（税抜）,110,契約期間中,大阪府枚方市新町2-1-5,地図を見る,https://www.google.co.jp/maps/search/大阪府枚方市新町2-1-5,135.6480809,34.8190736,5,5年（2026年4月1日～2031年3月31日）,https://www.city.hirakata.osaka.jp/0000034575.html,枚方市市有資産民間提案制度・ネーミングライツに関する新着情報がある場合、メールによる情報配信（不定期）を実施,,,,,,,,
枚方市【茶屋町跨線橋】（愛称：家族葬 フローラルホール枚方 茶屋町跨線橋）,株式会社家族葬のフローラルホール,大阪府,交通・インフラ,年額30万円（税抜）,30,契約期間中,大阪府枚方市磯島北町33－1地先,地図を見る,https://www.google.co.jp/maps/search/大阪府枚方市磯島北町33－1地先,135.6497405,34.8253716,5,5年（2026年4月1日～2031年3月31日）,https://www.city.hirakata.osaka.jp/0000034630.html,枚方市市有資産民間提案制度・ネーミングライツに関する新着情報がある場合、メールによる情報配信（不定期）を実施,,,,,,,,
枚方市【市駅歩道橋（T-SITE前）】（愛称：YAMAUCHI CORP．市駅歩道橋）,ヤマウチ株式会社,大阪府,交通・インフラ,年額30万円（税抜）,30,契約期間中,大阪府枚方市岡東町19-14（枚方市駅住所）,地図を見る,https://www.google.co.jp/maps/search/大阪府枚方市岡東町19-14（枚方市駅住所）,135.6485734,34.8160589,3,3年（2025年4月1日～2028年3月31日）,https://www.city.hirakata.osaka.jp/0000034575.html,枚方市市有資産民間提案制度・ネーミングライツに関する新着情報がある場合、メールによる情報配信（不定期）を実施,,,,,,,,
枚方市【総合スポーツセンター陸上競技場】（愛称：たまゆら陸上競技場）,株式会社TAMAYURA,大阪府,スポーツ施設,年額100万円（税抜）,100,契約期間中,大阪府枚方市中宮大池4-10-1,地図を見る,https://www.google.co.jp/maps/search/大阪府枚方市中宮大池4-10-1,135.6843323,34.8188682,4.92,4年11ヵ月（2022年5月1日～2027年3月31日）,https://www.city.hirakata.osaka.jp/0000034575.html,枚方市市有資産民間提案制度・ネーミングライツに関する新着情報がある場合、メールによる情報配信（不定期）を実施,,,,,,,,
枚方市【岡本町1号横断歩道橋】（愛称：ゆうき内科 健康ウォーク 岡本町1号歩道橋）,医療法人はじめ会 ゆうき内科,大阪府,交通・インフラ,年額30万円（税抜）,30,契約期間中,大阪府枚方市岡本町1,地図を見る,https://www.google.co.jp/maps/search/大阪府枚方市岡本町1,135.6478845,34.8155901,4.58,4年7ヵ月（2022年9月1日～2027年3月31日）,https://www.city.hirakata.osaka.jp/0000046428.html,枚方市市有資産民間提案制度・ネーミングライツに関する新着情報がある場合、メールによる情報配信（不定期）を実施,,,,,,,,
枚方市【中央図書館軽読書コーナー】（愛称：枚方市書店商業協同組合軽読書コーナー）,枚方市書店商業協同組合,大阪府,教育施設等,年額3万円（税抜）,3,契約期間中,大阪府枚方市大垣内町2-1-20,地図を見る,https://www.google.co.jp/maps/search/大阪府枚方市大垣内町2-1-20,135.6512782,34.8147298,4.67,4年8ヵ月（2022年8月1日～2027年3月31日）,https://www.city.hirakata.osaka.jp/0000034575.html,枚方市市有資産民間提案制度・ネーミングライツに関する新着情報がある場合、メールによる情報配信（不定期）を実施,,,,,,,,
枚方市【総合スポーツセンター総合体育館】（愛称：KTM河本工業総合体育館）,河本工業株式会社,大阪府,スポーツ施設,年額100万円（税抜）,100,契約期間中,大阪府枚方市中宮大池4-10-1,地図を見る,https://www.google.co.jp/maps/search/大阪府枚方市中宮大池4-10-1,135.6843323,34.8188682,4.67,4年8ヵ月（2022年8月1日～2027年3月31日）,https://www.city.hirakata.osaka.jp/0000034575.html,枚方市市有資産民間提案制度・ネーミングライツに関する新着情報がある場合、メールによる情報配信（不定期）を実施,,,,,,,,
枚方市【枚方公園駅西側駅前広場花壇】（愛称：サンエス工業くらわんかGarden）,サンエス工業株式会社,大阪府,公園・屋外空間,年額30万円（税抜）,30,契約期間中,大阪府枚方市岡東町19-14（枚方市駅住所）,地図を見る,https://www.google.co.jp/maps/search/大阪府枚方市岡東町19-14（枚方市駅住所）,135.6485734,34.8160589,3,3年（2025年4月1日～2028年3月31日）,https://www.city.hirakata.osaka.jp/0000034575.html,枚方市市有資産民間提案制度・ネーミングライツに関する新着情報がある場合、メールによる情報配信（不定期）を実施,,,,,,,,
枚方市【南部生涯学習市民センターイベントホール】（愛称：株式会社さくらイベントホール）,株式会社さくら,大阪府,文化交流施設,年額12万円（税抜）,12,契約期間中,大阪府枚方市大垣内町2-1-20,地図を見る,https://www.google.co.jp/maps/search/大阪府枚方市大垣内町2-1-20,135.6512782,34.8147298,4.17,4年2ヵ月（2023年2月1日～2027年3月31日）,https://www.city.hirakata.osaka.jp/0000034575.html,枚方市市有資産民間提案制度・ネーミングライツに関する新着情報がある場合、メールによる情報配信（不定期）を実施,,,,,,,,
枚方市【総合文化芸術センター別館メセナホール】（愛称：誠信建設工業メセナホール）,誠信建設工業株式会社,大阪府,文化交流施設,年額50万円（税抜）,50,契約期間中,大阪府枚方市新町2-1-5,地図を見る,https://www.google.co.jp/maps/search/大阪府枚方市新町2-1-5,135.6480809,34.8190736,5,5年（2023年4月1日～2028年3月31日）,https://www.city.hirakata.osaka.jp/0000034575.html,枚方市市有資産民間提案制度・ネーミングライツに関する新着情報がある場合、メールによる情報配信（不定期）を実施,,,,,,,,
枚方市【伊加賀スポーツセンター】（愛称：誠信建設工業伊加賀スポーツセンター）,誠信建設工業株式会社,大阪府,スポーツ施設,年額50万円（税抜）,50,契約期間中,大阪府枚方市伊加賀西町53-2,地図を見る,https://www.google.co.jp/maps/search/大阪府枚方市伊加賀西町53-2,135.6267513,34.8057284,5,5年（2023年4月1日～2028年3月31日）,https://www.city.hirakata.osaka.jp/0000034575.html,枚方市市有資産民間提案制度・ネーミングライツに関する新着情報がある場合、メールによる情報配信（不定期）を実施,,,,,,,,
枚方市【樟葉駅前芝生広場】（愛称：ハピネスパークKUZUHAグラススクエア）,株式会社西鶴,大阪府,公園・屋外空間,年額400万円（税抜）,400,契約期間中,大阪府枚方市楠葉花園町14-1,地図を見る,https://www.google.co.jp/maps/search/大阪府枚方市楠葉花園町14-1,135.6754203,34.8619373,5,5年（2024年4月1日～2029年3月31日）,https://www.city.hirakata.osaka.jp/0000034575.html,枚方市市有資産民間提案制度・ネーミングライツに関する新着情報がある場合、メールによる情報配信（不定期）を実施,,,,,,,,
枚方市【王仁公園テニスコート】（愛称：光栄プロテック王仁公園テニスコート）,株式会社光栄プロテック,大阪府,スポーツ施設,年額65万円（税抜）,65,契約期間中,大阪府枚方市王仁公園1-1,地図を見る,https://www.google.co.jp/maps/search/大阪府枚方市王仁公園1-1,135.7063839,34.8178316,5,5年（2024年4月1日～2029年3月31日）,https://www.city.hirakata.osaka.jp/0000034575.html,枚方市市有資産民間提案制度・ネーミングライツに関する新着情報がある場合、メールによる情報配信（不定期）を実施,,,,,,,,
枚方市【天津橋】（愛称：アクセス天津橋）,株式会社アクセス,大阪府,交通・インフラ,年額31万円（税抜）,31,契約期間中,大阪府枚方市西禁野２,地図を見る,https://www.google.co.jp/maps/search/大阪府枚方市西禁野２,135.6532869,34.821254,5,5年（2024年4月1日～2029年3月31日）,https://www.city.hirakata.osaka.jp/0000034575.html,枚方市市有資産民間提案制度・ネーミングライツに関する新着情報がある場合、メールによる情報配信（不定期）を実施,,,,,,,,
枚方市【渚市民体育館】（愛称：昌栄工務店ひらかた渚体育館）,株式会社昌栄工務店,大阪府,スポーツ施設,年額30万円（税抜）,30,契約期間中,大阪府枚方市渚西3-26-10,地図を見る,https://www.google.co.jp/maps/search/大阪府枚方市渚西3-26-10,135.651867,34.8346528,5,5年（2024年4月1日～2029年3月31日）,https://www.city.hirakata.osaka.jp/0000034575.html,枚方市市有資産民間提案制度・ネーミングライツに関する新着情報がある場合、メールによる情報配信（不定期）を実施,,,,,,,,
枚方市【中央図書館自学自習コーナー】（愛称：昌栄工務店中央図書館自学自習コーナー）,株式会社昌栄工務店,大阪府,教育施設等,年額3万円（税抜）,3,契約期間中,大阪府枚方市大垣内町2-1-20,地図を見る,https://www.google.co.jp/maps/search/大阪府枚方市大垣内町2-1-20,135.6512782,34.8147298,5,5年（2024年4月1日～2029年3月31日）,https://www.city.hirakata.osaka.jp/0000034575.html,枚方市市有資産民間提案制度・ネーミングライツに関する新着情報がある場合、メールによる情報配信（不定期）を実施,,,,,,,,
東大阪市【俊徳道駅前交通広場】（愛称：東大阪市×鳥貴族うぬぼれ俊徳道駅前交通広場),株式会社エターナルホスピタリティジャパン,大阪府,公園・屋外空間,年額34万円（税抜）,34,契約期間中,大阪府東大阪市荒川2-70(俊徳道駅住所）,地図を見る,https://www.google.co.jp/maps/search/大阪府東大阪市荒川2-70(俊徳道駅住所）,135.5718669,34.6583781,3,3年（2026年1月1日～2028年12月31日）,https://www.city.higashiosaka.lg.jp/0000043334.html,"正式愛称：”東大阪市から世界の焼鳥屋へ"" 東大阪市×鳥貴族うぬぼれ俊徳道駅前交通広場",,,,,,,,
東大阪市【東大阪市文化創造館 大ホール】（愛称：DreamHouse大ホール）,大阪ホーム販売株式会社,大阪府,文化交流施設,年額500万円（税抜）,500,契約期間中,大阪府東大阪市御厨南2-3-4,地図を見る,https://www.google.co.jp/maps/search/大阪府東大阪市御厨南2-3-4,135.5895177,34.6658892,5,5年（2024年4月1日～2029年3月31日）,https://www.city.higashiosaka.lg.jp/0000037417.html,2019年4月4日からの更新,,,,,,,,
東大阪市【東大阪市文化創造館 小ホール】（愛称：ジャトーハーモニー小ホール）,ジャトー株式会社,大阪府,文化交流施設,年額100万円（税抜）,100,契約期間中,大阪府東大阪市御厨南2-3-4,地図を見る,https://www.google.co.jp/maps/search/大阪府東大阪市御厨南2-3-4,135.5895177,34.6658892,5,5年（2024年4月1日～2029年3月31日）,https://www.city.higashiosaka.lg.jp/0000037417.html,2019年4月4日からの更新,,,,,,,,
姫路市【姫路市立ひめじスーパーアリーナ】（愛称：大和工業アリーナ姫路）,大和工業株式会社,兵庫県,スポーツ施設,"年額16,363,636円（税抜）",1637,契約期間中,兵庫県姫路市西延末450,地図を見る,https://www.google.co.jp/maps/search/兵庫県姫路市西延末450,134.6736208,34.8243452,5.33,5年4か月（2025年12月1日～2031年3月31日）,https://www.city.himeji.lg.jp/sangyo/0000030823.html,応募10者の審査結果公表,,,,,,,,
姫路市【姫路みなとドーム】（愛称：KD姫路みなとドーム）,小林電工株式会社,兵庫県,スポーツ施設,非公表,,契約期間中,兵庫県姫路市飾磨区細江1228-2,地図を見る,https://www.google.co.jp/maps/search/兵庫県姫路市飾磨区細江1228-2,134.6638914,34.7875393,5,5年（2024年4月1日～2029年3月31日）,https://www.city.himeji.lg.jp/sangyo/0000006051.html,なし,,,,,,,,
明石市【明石錦江歩道橋】（愛称：うおんたな歩道橋）,魚の棚西商店街振興組合・魚の棚東商店街振興組合,兵庫県,交通・インフラ,"年額198,000円（税抜）",20,契約期間中,兵庫県明石市大明石町1丁目,地図を見る,https://www.google.co.jp/maps/search/兵庫県明石市大明石町1丁目,134.9924224,34.6488067,3,3年（2026年2月1日～2029年1月31日）,https://www.city.akashi.lg.jp/zaimu/kenzenka_shitsu/namingrights.html,なし,,,,,,,,
西宮市【西宮浜総合公園（多目的人工芝グラウンド）】（愛称：ベイコムフィールド）,株式会社ベイ・コミュニケーションズ,兵庫県,スポーツ施設,年額80万円（税抜）,80,契約期間中,兵庫県西宮市西宮浜3丁目,地図を見る,https://www.google.co.jp/maps/search/兵庫県西宮市西宮浜3丁目,135.3287271,34.7189976,5,5年（2023年4月1日～2028年3月31日）,https://www.nishi.or.jp/jigyoshajoho/shinokokokujigyo/seidogaiyo/namingrights.html,なし,,,,,,,,
西宮市【西宮浜総合公園（バスケットボール広場）】（愛称：EPIC DREAM COURT）,株式会社EPIC DREAM,兵庫県,スポーツ施設,"年額209,091円（税抜）",21,契約期間中,兵庫県西宮市西宮浜3丁目,地図を見る,https://www.google.co.jp/maps/search/兵庫県西宮市西宮浜3丁目,135.3287271,34.7189976,5,5年（2023年4月1日～2028年3月31日）,https://www.nishi.or.jp/jigyoshajoho/shinokokokujigyo/seidogaiyo/namingrights.html,なし,,,,,,,,
西宮市【西宮浜総合公園（人工芝広場）】（愛称：コモンズ・スポーツスクエア）,有限会社コモンズ,兵庫県,スポーツ施設,"年額409,091円（税抜）",41,契約期間中,兵庫県西宮市西宮浜3丁目,地図を見る,https://www.google.co.jp/maps/search/兵庫県西宮市西宮浜3丁目,135.3287271,34.7189976,4,4年（2024年4月1日～2028年3月31日）,https://www.nishi.or.jp/jigyoshajoho/shinokokokujigyo/seidogaiyo/namingrights.html,なし,,,,,,,,
西宮市【西宮市民会館（ホール）】（愛称：アミティ・ベイコムホール）,株式会社ベイ・コミュニケーションズ,兵庫県,文化交流施設,"年額1,363,636円（税抜）",137,契約期間中,兵庫県西宮市六湛寺町10-11,地図を見る,https://www.google.co.jp/maps/search/兵庫県西宮市六湛寺町10-11,135.3415696,34.7370734,3,3年（2024年4月1日～2027年3月31日）,https://www.nishi.or.jp/jigyoshajoho/shinokokokujigyo/seidogaiyo/namingrights.html,なし,,,,,,,,
奈良市【奈良市鴻ノ池運動公園】（愛称：ロート奈良鴻ノ池パーク）,ロート製薬株式会社,奈良県,公園・屋外空間,"年額16,363,636円（税抜）",1637,契約期間中,奈良県奈良市法蓮佐保山四丁目1516-1,地図を見る,https://www.google.co.jp/maps/search/奈良県奈良市法蓮佐保山四丁目1516-1,135.8291599,34.6971484,10,10年（2026年4月1日～2036年3月31日）,https://www.city.nara.lg.jp/soshiki/22/260997.html,公園内各スポーツ施設（11施設）の愛称を付与 ・奈良市鴻ノ池陸上競技場 愛称：ロートフィールド奈良 ・奈良市中央体育館 愛称：ロートアリーナ奈良 ・奈良市鴻ノ池球場 愛称：ロートスタジアム奈良 ・奈良市鴻ノ池コート 愛称：ロート奈良テニスコート ・奈良市中央第二体育館 愛称：ロート第二アリーナ奈良 ・奈良市中央武道場 愛称：ロート奈良武道場 ・奈良市中央第二武道場 愛称：ロート奈良第二武道場 ・奈良市弓道場 愛称：ロート奈良弓道場 ・奈良市鴻ノ池相撲場 愛称：ロート奈良相撲場 ・奈良市鴻ノ池スケートボードパーク 愛称：ロートスケートボードパーク奈良 ・奈良市鴻ノ池ランニングステーション 愛称：ロートランステーション奈良,,,,,,,,
和歌山市【和歌山市東部コミュニティセンター】（愛称：紀の国住宅東部コミュニティセンター）,紀の国住宅株式会社,和歌山県,文化交流施設,年額35万円（税抜）,35,契約期間中,和歌山県和歌山市寺内665,地図を見る,https://www.google.co.jp/maps/search/和歌山県和歌山市寺内665,135.2269801,34.2061182,3,3年（2024年4月1日～2027年3月31日）,https://www.city.wakayama.wakayama.jp/kurashi/gakkou_kyouiku/1001121/1055210.html,なし,,,,,,,,
和歌山市【和歌山市河南コミュニティセンター】（愛称：紀の国住宅河南コミュニティセンター）,紀の国住宅株式会社,和歌山県,文化交流施設,年額35万円（税抜）,35,契約期間中,和歌山県和歌山市布施屋41,地図を見る,https://www.google.co.jp/maps/search/和歌山県和歌山市布施屋41,135.2600719,34.2416442,3,3年（2024年4月1日～2027年3月31日）,https://www.city.wakayama.wakayama.jp/kurashi/gakkou_kyouiku/1001121/1055210.html,なし,,,,,,,,
和歌山市【和歌山市河西コミュニティセンター】（愛称：紀の国住宅河西コミュニティセンター）,紀の国住宅株式会社,和歌山県,文化交流施設,年額35万円（税抜）,35,契約期間中,和歌山県和歌山市松江北2丁目20-7,地図を見る,https://www.google.co.jp/maps/search/和歌山県和歌山市松江北2丁目20-7,135.134469,34.2493887,3,3年（2024年4月1日～2027年3月31日）,https://www.city.wakayama.wakayama.jp/kurashi/gakkou_kyouiku/1001121/1055210.html,なし,,,,,,,,
和歌山市【和歌山市河北コミュニティセンター】（愛称：マルコーホーム 河北コミュニティセンター）,株式会社マルコーホーム,和歌山県,文化交流施設,年額46万円（税抜）,46,契約期間中,和歌山県和歌山市市小路192-3,地図を見る,https://www.google.co.jp/maps/search/和歌山県和歌山市市小路192-3,135.1634578,34.2544355,3,3年（2024年4月1日～2027年3月31日）,https://www.city.wakayama.wakayama.jp/kurashi/gakkou_kyouiku/1001121/1055210.html,なし,,,,,,,,
和歌山市【和歌山市中央コミュニティセンター】（愛称：マルコーホーム 中央コミュニティセンター）,株式会社マルコーホーム,和歌山県,文化交流施設,年額102万円（税抜）,102,契約期間中,和歌山県和歌山市三沢町1丁目2,地図を見る,https://www.google.co.jp/maps/search/和歌山県和歌山市三沢町1丁目2,135.1837009,34.2233101,3,3年（2024年4月1日～2027年3月31日）,https://www.city.wakayama.wakayama.jp/kurashi/gakkou_kyouiku/1001121/1055210.html,なし,,,,,,,,
和歌山市【和歌山市南コミュニティセンター】（愛称：紀の国住宅南コミュニティセンター）,紀の国住宅株式会社,和歌山県,文化交流施設,年額35万円（税抜）,35,契約期間中,和歌山県和歌山市紀三井寺856,地図を見る,https://www.google.co.jp/maps/search/和歌山県和歌山市紀三井寺856,135.1852244,34.1855995,3,3年（2024年4月1日～2027年3月31日）,https://www.city.wakayama.wakayama.jp/kurashi/gakkou_kyouiku/1001121/1055210.html,なし,,,,,,,,
鳥取市【鳥取市営サッカー場】（愛称：Axisバードスタジアム）,アクシスITパートナーズ株式会社,鳥取県,スポーツ施設,年額500万円（税抜）,500,契約期間中,鳥取県鳥取市蔵田423,地図を見る,https://www.google.co.jp/maps/search/鳥取県鳥取市蔵田423,134.2211515,35.4583391,3,3年（2025年4月1日～2028年3月31日）,https://www.city.tottori.lg.jp/page/6172.html,契約更新（2008年～）,,,,,,,,
松江市【市道鉄道北沿線】（愛称：シャミネやくもロード）,JR西日本山陰開発株式会社,島根県,交通・インフラ,年額30万円（税抜）,30,契約期間中,島根県松江市朝日町472-2(松江駅）,地図を見る,https://www.google.co.jp/maps/search/島根県松江市朝日町472-2(松江駅）,133.0648868,35.4642612,4.67,4年8カ月（2025年8月1日～2030年3月31日）,https://www.city.matsue.lg.jp/soshikikarasagasu/toshiseibibu_kensetsusomuka/kaihatsu_toshikeikaku/1/23514.html,なし,,,,,,,,
松江市【松江市総合文化センター】（愛称：さんびる文化センタープラバホール）,株式会社さんびる,島根県,文化交流施設,"年額2,727,273円（税抜）",273,契約期間中,島根県松江市西津田町6-5-44,地図を見る,https://www.google.co.jp/maps/search/島根県松江市西津田町6-5-44,133.0689626,35.4581057,3,3年（2024年4月1日～2027年3月31日）,https://www.city.matsue.lg.jp/soshikikarasagasu/kyoikuiinkai_shogaigakushuka/shogaigakushu_kominkan/16870.html,なし,,,,,,,,
呉市【呉市総合体育館(オークアリーナ)】（愛称：シシンヨーオークアリーナ）,広島市信用組合,広島県,スポーツ施設,年額200万円（税抜）,200,契約期間中,広島県呉市広大新開1-7-1,地図を見る,https://www.google.co.jp/maps/search/広島県呉市広大新開1-7-1,132.6265562,34.2324099,5,5年（2024年4月1日～2029年3月31日）,https://www.city.kure.lg.jp/soshiki/36/namingrights-list.html,契約更新,,,,,,,,
呉市【呉市営プール（隣接多目的広場を含む）】（愛称：シシンヨーアクアパーク）,広島市信用組合,広島県,スポーツ施設,年額150万円（税抜）,150,契約期間中,広島県呉市広古新開2-1-6,地図を見る,https://www.google.co.jp/maps/search/広島県呉市広古新開2-1-6,132.6139679,34.2325428,5,5年（2024年4月1日～2029年3月31日）,https://www.city.kure.lg.jp/soshiki/36/namingrights-list.html,なし,,,,,,,,
呉市【呉市体育館】（愛称：ＩＨＩアリーナ呉）,株式会社ＩＨＩ,広島県,スポーツ施設,年額100万円（税抜）,100,契約期間中,広島県呉市中央4-1-1,地図を見る,https://www.google.co.jp/maps/search/広島県呉市中央4-1-1,132.5647473,34.2492444,5,5年（2024年4月1日～2029年3月31日）,https://www.city.kure.lg.jp/soshiki/36/namingrights-list.html,契約更新,,,,,,,,
呉市【呉市文化ホール】（愛称：呉信用金庫ホール）,呉信用金庫,広島県,文化交流施設,年額300万円（税抜）,300,契約期間中,広島県呉市中央3-10-1,地図を見る,https://www.google.co.jp/maps/search/広島県呉市中央3-10-1,132.5623934,34.2471027,5,5年（2024年4月1日～2029年3月31日）,https://www.city.kure.lg.jp/soshiki/36/namingrights-list.html,契約更新,,,,,,,,
呉市【呉市民ホール（くれ絆ホール）】（愛称：新日本造機ホール）,新日本造機株式会社,広島県,文化交流施設,年額170万円（税抜）,170,契約期間中,広島県呉市中央4-1-6,地図を見る,https://www.google.co.jp/maps/search/広島県呉市中央4-1-6,132.5652373,34.2487909,5,5年（2024年4月1日～2029年3月31日）,https://www.city.kure.lg.jp/soshiki/36/namingrights-list.html,契約更新,,,,,,,,
呉市【シビックモール】（愛称：トライサクセス・シビックモール）,株式会社トライサクセス,広島県,文化交流施設,年額30万円（税抜）,30,契約期間中,広島県呉市中央4-1-6,地図を見る,https://www.google.co.jp/maps/search/広島県呉市中央4-1-6,132.5652373,34.2487909,5,5年（2024年4月1日～2029年3月31日）,https://www.city.kure.lg.jp/soshiki/36/namingrights-list.html,なし,,,,,,,,
呉市【トライサクセス呉テニスコート】（愛称：呉市テニス場）,株式会社トライサクセス,広島県,スポーツ施設,年額30万円（税抜）,30,契約期間中,広島県呉市西中央5丁目地内,地図を見る,https://www.google.co.jp/maps/search/広島県呉市西中央5丁目地内,132.5635219,34.2526166,3,3年（2024年4月1日～2027年3月31日）,https://www.city.kure.lg.jp/soshiki/36/namingrights-list.html,なし,,,,,,,,
福山市【（旧）福山市商業施設】（愛称：エフピコＲｉＭ）,株式会社エフピコ,広島県,その他,年額30万円（税抜）,30,契約期間中,広島県福山市西町1-1-1,地図を見る,https://www.google.co.jp/maps/search/広島県福山市西町1-1-1,133.357976,34.4877861,6,6年（2023年4月25日～2029年4月30日）,https://www.city.fukuyama.hiroshima.jp/site/minkanteian/333877.html,契約更新（導入2013年4月25日～）,,,,,,,,
福山市【福山市汚泥再生処理センター】（愛称：Kanadevia 箕沖Aqua）,カナデビア株式会社 中国支社,広島県,その他,年額25万円（税抜）,25,契約期間中,広島県福山市箕沖町107-2,地図を見る,https://www.google.co.jp/maps/search/広島県福山市箕沖町107-2,133.4253925,34.4298313,5,5年（2023年4月1日～2028年3月31日）,https://www.city.fukuyama.hiroshima.jp/site/minkanteian/333877.html,契約更新（導入2013年4月1日～）,,,,,,,,
福山市【福山市神辺体育館】（愛称：ｔａｋａｏ＋ばらの街 アレナ神辺）,タカオ株式会社,広島県,スポーツ施設,年額130万円（税抜）,130,契約期間中,広島県福山市神辺町1151-1,地図を見る,https://www.google.co.jp/maps/search/広島県福山市神辺町1151-1,133.3815255,34.550941,5,5年（2021年7月4日～2026年7月3日）,https://www.city.fukuyama.hiroshima.jp/site/minkanteian/333877.html,契約更新（導入2016年7月4日～）,,,,,,,,
福山市【福山市総合体育館】（愛称：エフピコアリーナふくやま）,株式会社エフピコ,広島県,スポーツ施設,"年額1,500万円（税抜）",1500,契約期間中,広島県福山市千代田町1-1-2,地図を見る,https://www.google.co.jp/maps/search/広島県福山市千代田町1-1-2,133.3671698,34.466439,9,9年（2020年3月20日～2029年3月31日）,https://www.city.fukuyama.hiroshima.jp/site/minkanteian/333877.html,契約更新（導入2020年3月20日～）,,,,,,,,
福山市【緑町公園屋内競技場】（愛称：福山通運ローズアリーナ）,福山通運株式会社,広島県,スポーツ施設,"年額1,000万円（税抜）",1000,契約期間中,広島県福山市緑町2-2,地図を見る,https://www.google.co.jp/maps/search/広島県福山市緑町2-2,133.3752714,34.4767886,5,5年（2025年4月1日～2030年3月31日）,https://www.city.fukuyama.hiroshima.jp/site/minkanteian/333877.html,契約更新（導入2020年4月1日～）,,,,,,,,
福山市【竹ケ端運動公園野球場】（愛称：エブリイ福山市民球場）,株式会社エブリイ,広島県,スポーツ施設,年額200万円（税抜）,200,契約期間中,広島県福山市水呑町4748,地図を見る,https://www.google.co.jp/maps/search/広島県福山市水呑町4748,133.3893218,34.4461354,5,5年（2025年4月1日～2030年3月31日）,https://www.city.fukuyama.hiroshima.jp/site/minkanteian/333877.html,契約更新（導入2020年4月1日～）,,,,,,,,
福山市【竹ケ端運動公園陸上競技場】（愛称：福山通運ローズスタジアム）,福山通運株式会社,広島県,スポーツ施設,年額600万円（税抜）,600,契約期間中,広島県福山市水呑町4748,地図を見る,https://www.google.co.jp/maps/search/広島県福山市水呑町4748,133.3893218,34.4461354,5,5年（2025年4月1日～2030年3月31日）,https://www.city.fukuyama.hiroshima.jp/site/minkanteian/333877.html,契約更新（導入2020年4月1日～）,,,,,,,,
福山市【福山市松永健康スポーツセンター】（愛称：ゲタリンピック松永健康スポーツセンター）,中根電機工業株式会社,広島県,スポーツ施設,年額30万円（税抜）,30,契約期間中,広島県福山市松永町4-14-1,地図を見る,https://www.google.co.jp/maps/search/広島県福山市松永町4-14-1,133.2597252,34.4476218,5,5年（2025年4月1日～2030年3月31日）,https://www.city.fukuyama.hiroshima.jp/site/minkanteian/333877.html,なし,,,,,,,,
福山市【福山市箕沖球場】（愛称：マナック箕沖球場）,株式会社マナック,広島県,スポーツ施設,年額77万円（税抜）,77,契約期間中,広島県福山市箕沖町127-9,地図を見る,https://www.google.co.jp/maps/search/広島県福山市箕沖町127-9,133.4208789,34.4413357,5,5年（2025年4月1日～2030年3月31日）,https://www.city.fukuyama.hiroshima.jp/site/minkanteian/333877.html,なし,,,,,,,,
福山市【芦田川緑地かわまち広場公園（スケートボードパーク）】（愛称：タカオスケートパーク福山）,タカオ株式会社,広島県,スポーツ施設,年額150万円（税抜）,150,契約期間中,広島県福山市千代田町1-2-23,地図を見る,https://www.google.co.jp/maps/search/広島県福山市千代田町1-2-23,133.3704135,34.4654887,5,5年（2025年4月1日～2030年3月31日）,https://www.city.fukuyama.hiroshima.jp/site/minkanteian/333877.html,【中級者エリア】ローズバンクゾーン 【初級者エリア】フリースタイルゾーン,,,,,,,,
福山市【福山駅前広場便所】（愛称：Everyone smile toilet）,株式会社オガワエコノス,広島県,公園・屋外空間,月1回のトイレのメンテナンス,,契約期間中,広島県福山市三之丸町30-136,地図を見る,https://www.google.co.jp/maps/search/広島県福山市三之丸町30-136,133.3625294,34.4884686,2.92,2年11か月（2024年5月1日～2027年3月31日）,https://www.city.fukuyama.hiroshima.jp/site/minkanteian/333877.html,なし,,,,,,,,
福山市【ふくやま環境美化センター】（愛称：福山ローズエネルギーセンター）,"""ＪＦＥエンジニアリング株式会社中国支店 """,広島県,その他,年額75万円（税抜）,75,契約期間中,広島県福山市箕沖町107-14,地図を見る,https://www.google.co.jp/maps/search/広島県福山市箕沖町107-14,133.4321414,34.4312219,4.67,4年8か月（2024年8月1日～2029年3月31日）,https://www.city.fukuyama.hiroshima.jp/site/minkanteian/333877.html,なし,,,,,,,,
福山市【福山市立動物園】（愛称：タカオ福山動物園）,タカオ株式会社,広島県,その他,年額330万円（税抜）,330,契約期間中,広島県福山市芦田町福田7276-1,地図を見る,https://www.google.co.jp/maps/search/広島県福山市芦田町福田7276-1,133.2794746,34.5241801,4,4年（2026年4月1日～2030年3月31日）,https://www.city.fukuyama.hiroshima.jp/site/minkanteian/367504.html,なし,,,,,,,,
福山市【北部市民センター多目的ホール】（愛称：北部市民センター三島産業サッサカホール）,三島産業株式会社,広島県,文化交流施設,"年額500,000円（税別）相当の役務提供",50,契約期間中,広島県福山市駅家町大字倉光37-1,地図を見る,https://www.google.co.jp/maps/search/広島県福山市駅家町大字倉光37-1,133.3275753,34.5455964,5,5年（2026年4月1日～2031年3月31日）,https://www.city.fukuyama.hiroshima.jp/site/minkanteian/367504.html,・施設の改修・修繕 ・催し時の駐車場提供,,,,,,,,
下関市【下関球場】（愛称：オーヴィジョンスタジアム下関）,株式会社エス トラスト,山口県,スポーツ施設,年額300万円（税抜）,300,契約期間中,山口県下関市大字富任字小迫,地図を見る,https://www.google.co.jp/maps/search/山口県下関市大字富任字小迫,130.9220764,34.0207452,10,10年（2017年4月1日～2027年3月31日）,https://www.city.shimonoseki.lg.jp/soshiki/12/4334.html,下関第二球場 愛称：オーヴィジョンスタジアム下関第二球場含む,,,,,,,,
下関市【向山歩道橋】（愛称：典礼会館向山歩道橋）,株式会社日本セレモニー,山口県,交通・インフラ,年額25万円（税抜）,25,契約期間中,山口県下関市向山町（東駅・金比羅線）,地図を見る,https://www.google.co.jp/maps/search/山口県下関市向山町（東駅・金比羅線）,130.9264963,33.9673027,9,9年（2018年4月1日～2027年3月31日）,https://www.city.shimonoseki.lg.jp/soshiki/12/4334.html,※双方が合意した場合は、以後1年毎の自動更新,,,,,,,,
下関市【小月歩道橋】（愛称：典礼会館小月歩道橋）,株式会社日本セレモニー,山口県,交通・インフラ,年額25万円（税抜）,25,契約期間中,山口県下関市小月本町二丁目・小月西の台（小月本町37号線）,地図を見る,https://www.google.co.jp/maps/search/山口県下関市小月本町二丁目・小月西の台（小月本町37号線）,131.036252,34.0715826,9.17,9年2か月（2018年2月1日～2027年3月31日）,https://www.city.shimonoseki.lg.jp/soshiki/12/4334.html,※双方が合意した場合は、以後1年毎の自動更新,,,,,,,,
下関市【下関市菊川体育館】（愛称：菊川ベルちゃん体育館）,やまぐち県酪乳業株式会社,山口県,スポーツ施設,年額30万円（税抜）,30,契約期間中,山口県下関市菊川町大字下岡枝1477-1,地図を見る,https://www.google.co.jp/maps/search/山口県下関市菊川町大字下岡枝1477-1,131.0303496,34.1221698,9,9年（2018年4月1日～2027年3月31日）,https://www.city.shimonoseki.lg.jp/soshiki/12/4334.html,※双方が合意した場合は、以後3年毎の自動更新,,,,,,,,
下関市【市道竹崎・細江線】（愛称：オーヴィジョン海峡通り）,株式会社エス トラスト,山口県,交通・インフラ,年額100万円（税抜）,100,契約期間中,山口県下関市竹崎町4ほか,地図を見る,https://www.google.co.jp/maps/search/山口県下関市竹崎町4ほか,130.9239707,33.9497343,7.17,7年2ヶ月（2019年2月1日～2027年3月31日）,https://www.city.shimonoseki.lg.jp/soshiki/12/4334.html,※双方が合意した場合は、以後1年毎の自動更新,,,,,,,,
下関市【海峡ゆめ広場】（愛称：オーヴィジョン海峡ゆめ広場）,株式会社エス トラスト,山口県,公園・屋外空間,年額200万円（税抜）,200,契約期間中,山口県下関市豊前田町3,地図を見る,https://www.google.co.jp/maps/search/山口県下関市豊前田町3,130.9287061,33.9504456,7.75,7年9か月（2019年7月1日～2027年3月31日）,https://www.city.shimonoseki.lg.jp/soshiki/12/4334.html,※双方が合意した場合は、以後1年毎の自動更新,,,,,,,,
下関市【唐戸浮桟橋（1号）】（愛称：関門汽船唐戸1号桟橋）,関門汽船株式会社,山口県,交通・インフラ,年額65万円（税抜）,65,契約期間中,山口県下関市あるかぽーと地先,地図を見る,https://www.google.co.jp/maps/search/山口県下関市あるかぽーと地先,130.94291,33.9549004,7,7年（2020年1月1日～2026年12月31日）,https://www.city.shimonoseki.lg.jp/soshiki/12/4334.html,唐戸浮桟橋（2号） 愛称：関門汽船唐戸2号桟橋含む,,,,,,,,
下関市【下関市陸上競技場】（愛称：セービング陸上競技場）,株式会社セービング,山口県,スポーツ施設,年額200万円（税抜）,200,契約期間中,山口県下関市向洋町1-10-1,地図を見る,https://www.google.co.jp/maps/search/山口県下関市向洋町1-10-1,130.9333906,33.966826,7,7年（2020年4月1日～2027年3月31日）,https://www.city.shimonoseki.lg.jp/soshiki/12/4334.html,※双方が合意した場合は、以後1年毎の自動更新,,,,,,,,
下関市【下関市下関駅南自転車駐車場】（愛称：plan☆do 下関駅南サイクルポート）,株式会社プランドゥ,山口県,交通・インフラ,年額10万円（税抜）,10,契約期間中,山口県下関市竹崎町4-1-37,地図を見る,https://www.google.co.jp/maps/search/山口県下関市竹崎町4-1-37,130.9226317,33.9494043,5.58,5年7か月（2021年9月1日～2027年3月31日）,https://www.city.shimonoseki.lg.jp/soshiki/12/4334.html,下関市下関駅北自転車駐車場 愛称：plan☆do 下関駅北サイクルポート 下関市下関駅原動機付自転車等駐車場 愛称：plan☆do 下関駅バイクポート含む,,,,,,,,
下関市【下関市消防特別救助隊】（愛称：ブリヂストン レスキュー）,株式会社ブリヂストン,山口県,その他,年額100万円（税抜）,100,契約期間中,山口県下関市岬之町17-1（下関中央消防署）,地図を見る,https://www.google.co.jp/maps/search/山口県下関市岬之町17-1（下関中央消防署）,130.9352793,33.9503333,5,5年（2022年4月1日～2027年3月31日）,https://www.city.shimonoseki.lg.jp/soshiki/12/4334.html,※双方が合意した場合は、以後1年毎の自動更新,,,,,,,,
下関市【下関市深坂自然の森】（愛称：エコピアの森 下関・深坂）,株式会社ブリヂストン,山口県,公園・屋外空間,年額50万円（税抜）,50,契約期間中,山口県下関市大字蒲生野字深坂,地図を見る,https://www.google.co.jp/maps/search/山口県下関市大字蒲生野字深坂,130.9457418,34.0524516,5,5年（2022年4月1日～2027年3月31日）,https://www.city.shimonoseki.lg.jp/soshiki/12/4334.html,※双方が合意した場合は、以後1年毎の自動更新,,,,,,,,
下関市【下関市長門町駐車場】（愛称：長門町エコプランパーク）,株式会社エコプラン,山口県,交通・インフラ,年額20万円（税抜）,20,契約期間中,山口県下関市長門町111-6,地図を見る,https://www.google.co.jp/maps/search/山口県下関市長門町111-6,130.9242864,33.9545439,4,4年（2023年4月1日～2027年3月31日）,https://www.city.shimonoseki.lg.jp/soshiki/12/4334.html,下関市細江町駐車場 愛称：細江町エコプランパーク 下関市赤間町駐車場 愛称：赤間町エコプランパーク含む,,,,,,,,
下関市【下関市総合体育館】（愛称：J：COMアリーナ下関）,株式会社ケーブルネット下関,山口県,スポーツ施設,年額700万円（税抜）,700,契約期間中,山口県下関市向洋町1-11-1,地図を見る,https://www.google.co.jp/maps/search/山口県下関市向洋町1-11-1,130.9317608,33.9653166,4.67,4年8ヶ月（2024年8月1日～2029年3月31日）,https://www.city.shimonoseki.lg.jp/soshiki/12/4334.html,※双方が合意した場合は、以後1年毎の自動更新,,,,,,,,
下関市【下関港国際ターミナル】（愛称：ＹＵＫＩＴＥＣＨＮＯ下関港国際ターミナル）,株式会社 ユキテクノ,山口県,交通・インフラ,年額132万円（税抜）,132,契約期間中,山口県下関市東大和町1-10-60,地図を見る,https://www.google.co.jp/maps/search/山口県下関市東大和町1-10-60,130.9265142,33.9478141,3,3年（2026年4月1日?2029年3月31日）,https://www.city.shimonoseki.lg.jp/soshiki/12/4334.html,細江臨港道路歩道橋 愛称：YUKITECHNO歩道橋 空気と水が整う未来へ 含む,,,,,,,,
高松市【高松市屋島競技場】（愛称：屋島レクザムフィールド）,株式会社レクザム,香川県,スポーツ施設,年額800万円（税抜）,800,契約期間中,香川県高松市屋島中町374-1,地図を見る,https://www.google.co.jp/maps/search/香川県高松市屋島中町374-1,134.1017498,34.340438,5,5年（2022年4月1日～2027年3月31日）,https://www.city.takamatsu.kagawa.jp/smph/jigyosha/kobai/ne-mingushisetsu.html,なし,,,,,,,,
高松市【高松市高松駅前広場公衆便所】（愛称：Kanadevia(かなでびあ)瀬戸の都トイレ）,カナデビア株式会社,香川県,公園・屋外空間,年額10万円（税抜）,10,契約期間中,香川県高松市浜ノ町1-19,地図を見る,https://www.google.co.jp/maps/search/香川県高松市浜ノ町1-19,134.0475025,34.3505882,3,3年（2026年4月1日～2029年3月31日）,https://www.city.takamatsu.kagawa.jp/smph/jigyosha/kobai/ne-mingushisetsu.html,契約更新,,,,,,,,
高松市【多肥小学校歩道橋】（愛称：レクザム 多肥小歩道橋）,株式会社レクザム,香川県,交通・インフラ,年額20万円（税抜）,20,契約期間中,香川県高松市番町1-8-15,地図を見る,https://www.google.co.jp/maps/search/香川県高松市番町1-8-15,134.0470242,34.3427204,3,3年（2024年4月1日～2027年3月31日）,https://www.city.takamatsu.kagawa.jp/smph/jigyosha/kobai/ne-mingushisetsu.html,なし,,,,,,,,
高松市【高松市南部運動場】（愛称：三祥 グラウンド）,株式会社三祥,香川県,スポーツ施設,年額50万円（税抜）,50,契約期間中,香川県高松市三谷町3125-4,地図を見る,https://www.google.co.jp/maps/search/香川県高松市三谷町3125-4,134.0690442,34.2625986,5,5年（2023年4月1日～2028年3月31日）,https://www.city.takamatsu.kagawa.jp/smph/jigyosha/kobai/ne-mingushisetsu.html,なし,,,,,,,,
高松市【高松市サンポート地下道】（愛称：KANEMITSU BLUE PASS（サンポート地下道),kanemitsu株式会社,香川県,交通・インフラ,年額24万円（税抜）,24,契約期間中,香川県高松市サンポート2-1,地図を見る,https://www.google.co.jp/maps/search/香川県高松市サンポート2-1,134.0466141,34.3524169,4.33,4年4ヶ月（2024年12月1日～2029年3月31日）,https://www.city.takamatsu.kagawa.jp/smph/jigyosha/kobai/ne-mingushisetsu.html,正式愛称：KANEMITSU BLUE PASS（サンポート地下道・地下歩道）,,,,,,,,
長崎市【長崎市立図書館】（愛称：不動技研ながさき市立図書館）,株式会社不動技研ホールディングス,長崎県,教育施設等,年額231万円（税抜）,231,契約期間中,長崎県長崎市興善町1-1,地図を見る,https://www.google.co.jp/maps/search/長崎県長崎市興善町1-1,129.8754972,32.7486206,5,5年（2025年5月1日～2030年4月30日）,https://www.city.nagasaki.lg.jp/uploaded/attachment/42517.pdf,なし,,,,,,,,
長崎市【長崎市恐竜博物館】（愛称：ベネックス恐竜博物館）,株式会社日本ベネックス,長崎県,その他,非公表,,契約期間中,長崎県長崎市野母町568-1,地図を見る,https://www.google.co.jp/maps/search/長崎県長崎市野母町568-1,129.7623656,32.5936847,5,5年（2024年4月1日～2029年3月31日）,https://www.japan-benex.co.jp/information/namingrightsfor-nagasakicity-facilities/,長崎市総合運動公園（かきどまり）愛称：ベネックス総合運動公園 長崎ブリックホール 愛称：ベネックス長崎ブリックホール 含む,,,,,,,,
大分市【ホルトホール大分】（愛称：J:COM ホルトホール大分）,大分ケーブルテレコム株式会社,大分県,文化交流施設,"年額18,181,818円（税抜）",1819,契約期間中,大分県大分市金池南1-5-1,地図を見る,https://www.google.co.jp/maps/search/大分県大分市金池南1-5-1,131.6058598,33.2305237,5,5年（2026年4月1日～2031年3月31日）,https://www.city.oita.oita.jp/o016/251211horutonr.html,なし,,,,,,,,
大分市【大分市大洲総合体育館】（愛称： サイクルショップコダマ大洲アリーナ）,有限会社 コダマ,大分県,スポーツ施設,"年額1,818,182円（税抜）",182,契約期間中,大分県大分市青葉町1,地図を見る,https://www.google.co.jp/maps/search/大分県大分市青葉町1,131.6279991,33.2514144,5,5年（2023年4月1日～2028年3月31日）,https://www.city.oita.oita.jp/o023/oosu20230401.html,なし,,,,,,,,
大分市【駄原球技場】（愛称：豊後企画フィールド）,株式会社 豊後企画集団,大分県,スポーツ施設,"年額4,590,909円（税抜）",460,契約期間中,大分県大分市新春日町1-2881-18,地図を見る,https://www.google.co.jp/maps/search/大分県大分市新春日町1-2881-18,131.5930711,33.2331146,5,5年（2022年4月1日～2027年3月31日）,https://www.city.oita.oita.jp/o023/03nrd_kettei.html,駄原テニスコート 愛称：豊後企画テニスコート 駄原相撲場 愛称：豊後企画相撲場 駄原トレーニング施設 愛称：豊後企画ワークアウト 含む,,,,,,,,
大分市【大分市営陸上競技場】（愛称：ジェイリース スタジアム）,ジェイリース株式会社,大分県,スポーツ施設,"年額8,636,364円（税抜）",864,契約期間中,大分県大分市西浜1-1,地図を見る,https://www.google.co.jp/maps/search/大分県大分市西浜1-1,131.6224813,33.2459375,5,5年（2022年4月1日～2027年3月31日）,https://www.city.oita.oita.jp/o023/03nrs_kettei.html,津留運動公園有料公園施設自由広場 愛称：ジェイリース スクエア 津留運動公園有料公園施設テニスコート 愛称：ジェイリース テニスコート 含む,,,,,,,,
宮崎市【宮崎市生目の杜運動公園】（愛称：アイ・ホーム Vitality Field 生目の杜）,アイ・ホーム株式会社,宮崎県,スポーツ施設,"年額1,000万円（税抜）",1000,契約期間中,宮崎県宮崎市大字跡江4461-1,地図を見る,https://www.google.co.jp/maps/search/宮崎県宮崎市大字跡江4461-1,131.3744006,31.9444432,5,5年,https://www.city.miyazaki.miyazaki.jp/business/private_consignment/409881.html,なし,,,,,,,,
宮崎市【宮崎市総合体育館】（愛称：KING SportsPark）,株式会社キング,宮崎県,スポーツ施設,年額150万円（税抜）,150,契約期間中,宮崎県宮崎市宮崎駅東1-2-7,地図を見る,https://www.google.co.jp/maps/search/宮崎県宮崎市宮崎駅東1-2-7,131.4353097,31.9144181,5,5年,https://www.city.miyazaki.miyazaki.jp/business/private_consignment/409882.html,なし,,,,,,,,
鹿児島市【鹿児島市民文化ホール】（愛称：川商ホール）,株式会社川商ハウス,鹿児島県,文化交流施設,"年額11,818,182円（税抜）",1182,契約期間中,鹿児島県鹿児島市与次郎2-3-1,地図を見る,https://www.google.co.jp/maps/search/鹿児島県鹿児島市与次郎2-3-1,130.5650021,31.5662075,5,5年（2025年4月1日～2030年3月31日）,https://www.city.kagoshima.lg.jp/shimin/shiminbunka/bunkashinko/namingrights.html,なし,,,,,,,,
鹿児島市【鹿児島アリーナ】（愛称：西原商会アリーナ）,株式会社西原商会,鹿児島県,文化交流施設,"年額13,636,364円（税抜）",1364,契約期間中,鹿児島県鹿児島市永吉1-30-1,地図を見る,https://www.google.co.jp/maps/search/鹿児島県鹿児島市永吉1-30-1,130.5348817,31.601366,5,5年（2025年4月1日～2030年3月31日）,https://www.city.kagoshima.lg.jp/sports/shisetsu/kanko/arena-naming2.html,なし,,,,,,,,
鹿児島市【桜島総合体育館】（愛称：南栄リース桜島アリーナ）,南栄リース株式会社,鹿児島県,スポーツ施設,"年額909,091円（税抜）",91,契約期間中,鹿児島県鹿児島市桜島横山町1722-17,地図を見る,https://www.google.co.jp/maps/search/鹿児島県鹿児島市桜島横山町1722-17,130.5971437,31.5890805,3,3年（2026年4月1日～2029年3月31日）,https://www.city.kagoshima.lg.jp/kikakuzaisei/zaisei/kanzai/ne-minguraitu.html,桜島溶岩グラウンド 愛称：南栄リース桜島グラウンド 桜島多目的広場 愛称：南栄リース桜島広場 含む,,,,,,,,
鹿児島市【松元平野岡体育館】（愛称：あいハウジングアリーナ松元）,株式会社あいハウジング,鹿児島県,スポーツ施設,"年額909,091円（税抜）",91,契約期間中,鹿児島県鹿児島市上谷口町3400,地図を見る,https://www.google.co.jp/maps/search/鹿児島県鹿児島市上谷口町3400,130.4291491,31.5956974,3,3年（2026年4月1日～2029年3月31日）,https://www.city.kagoshima.lg.jp/kikakuzaisei/zaisei/kanzai/ne-minguraitu.html,茶山ドームまつもと 愛称：あいハウジングドーム松元 松元平野岡運動場 愛称：あいハウジンググラウンド松元 含む,,,,,,,,
鹿児島市【高齢者福祉センター与次郎（7施設一括）】（愛称：オアシスケアウェルネスセンター与次郎）,介護の森株式会社,鹿児島県,その他,"年額909,091円（税抜）",91,契約期間中,鹿児島県鹿児島市与次郎1-10-6,地図を見る,https://www.google.co.jp/maps/search/鹿児島県鹿児島市与次郎1-10-6,130.5668946,31.570589,5.42,5年5カ月9日（2024年10月22日～2030年3月31日）,https://www.city.kagoshima.lg.jp/kenkofukushi/chouju/ikigaishien/namingrights.html,鹿児島市高齢者福祉センター東桜島 愛称：オアシスケアウェルネスセンター東桜島 鹿児島市高齢者福祉センター谷山 愛称：オアシスケアウェルネスセンター谷山 鹿児島市高齢者福祉センター桜島 愛称：オアシスケアウェルネスセンター桜島 鹿児島市高齢者福祉センター郡山 愛称：オアシスケアウェルネスセンター郡山 鹿児島市高齢者福祉センター吉野 愛称：オアシスケアウェルネスセンター吉野 鹿児島市高齢者福祉センター伊敷 愛称：オアシスケアウェルネスセンター伊敷 含む,,,,,,,,
鹿児島市【鹿児島ふれあいスポーツランド】（愛称：フレッシュ青果スポーツランド）,株式会社フレッシュ青果,鹿児島県,スポーツ施設,"年額7,272,727円（税抜）",728,契約期間中,鹿児島県鹿児島市中山町591-1,地図を見る,https://www.google.co.jp/maps/search/鹿児島県鹿児島市中山町591-1,130.4933726,31.5498662,5.33,5年4カ月17日（2025年11月14日～2031年3月31日）,https://www.city.kagoshima.lg.jp/kensetu/kensetukanri/kouenryokuka/naming_rights_furesupo.html,なし,,,,,,,,
鹿児島市【鴨池公園野球場】（愛称：SuMIzei PARK）,税理士法人SuMIzei,鹿児島県,スポーツ施設,"年額909,091円（税抜）",91,契約期間中,鹿児島県鹿児島市鴨池2-27-1,地図を見る,https://www.google.co.jp/maps/search/鹿児島県鹿児島市鴨池2-27-1,130.5515716,31.5638133,5.33,5年4カ月17日（2025年11月14日～2031年3月31日）,https://www.city.kagoshima.lg.jp/sports/shisetsu/kanko/kamoikekouennyakyuuzyouune-minnguraitu.html,鴨池公園テニスコート 愛称：SuMIzei テニスコート 鴨池公園広場 愛称：SuMIzei 広場 含む,,,,,,,,
那覇市【那覇市営奥武山野球場】（愛称：沖縄セルラースタジアム那覇）,沖縄セルラー電話株式会社,沖縄県,スポーツ施設,"年額2,200万円（税抜）",2200,契約期間中,沖縄県那覇市奥武山42-1,地図を見る,https://www.google.co.jp/maps/search/沖縄県那覇市奥武山42-1,127.6724141,26.2038465,3,3年（2024年4月1日～2027年3月31日）,https://www.city.naha.okinawa.jp/kurasitetuduki/sports/1008204/1006146.html,那覇市営奥武山屋内運動場 愛称：沖縄セルラーパーク那覇 含む,,,,,,,,
江戸川区【江戸川区陸上競技場】（愛称：スピアーズえどりくフィールド）,株式会社クボタ,東京都,スポーツ施設,"年額2,727,273円（税抜）",273,契約期間中,東京都江戸川区清新町2-1-1,地図を見る,https://www.google.co.jp/maps/search/東京都江戸川区清新町2-1-1,139.8525476,35.6546708,3.67,3年（2026年4月1日?2029年3月31日）,https://www.city.edogawa.tokyo.jp/e085/kuseijoho/zaisei/zaisankatsuyo/naming-rights.html#dounyuutyuu,なし,,,,,,,,
江戸川区【江戸川区球場】（愛称：オーエンススタジアム江戸川）,株式会社オーエンス,東京都,スポーツ施設,"年額3,272,727円（税抜）",328,契約期間中,東京都江戸川区西葛西7-2-1,地図を見る,https://www.google.co.jp/maps/search/東京都江戸川区西葛西7-2-1,139.8576063,35.6608802,5.67,5年8か月（2025年8月1日?2031年3月31日）,https://www.city.edogawa.tokyo.jp/e085/kuseijoho/zaisei/zaisankatsuyo/naming-rights.html#dounyuutyuu,なし,,,,,,,,
大田区【大田区総合体育館】（愛称：EBARA WAVE アリーナおおた）,株式会社荏原製作所,東京都,スポーツ施設,"年額2,200万円（税抜）",2200,契約期間中,東京都大田区東蒲田1-11-1,地図を見る,https://www.google.co.jp/maps/search/東京都大田区東蒲田1-11-1,139.7278875,35.5644003,4,4年（2026年4月1日～2030年3月31日）,https://www.city.ota.tokyo.jp/jigyousha/boshuu_shitei/ota_naming_rights_partner.html,なし,,,,,,,,
新宿区【新宿中央公園水の広場】（愛称：ファンモアタイムひろば）,一般社団法人新宿副都心エリア環境改善委員会,東京都,公園・屋外空間,年額10万円（税抜）,10,契約期間中,東京都新宿区西新宿2-11,地図を見る,https://www.google.co.jp/maps/search/東京都新宿区西新宿2-11,139.689223,35.6901236,5,5年（2024年4月1日～2029年3月31日）,https://www.city.shinjuku.lg.jp/seikatsu/shinjukuchuopark.funmoretimehiroba.html,なし,,,,,,,,
杉並区【杉並区上井草スポーツセンター 】（愛称：ＴＡＣ杉並区上井草スポーツセンター）,株式会社東京アスレティッククラブ,東京都,スポーツ施設,"年額4,091,000円（税抜）",410,契約期間中,東京都杉並区上井草3-34-1,地図を見る,https://www.google.co.jp/maps/search/東京都杉並区上井草3-34-1,139.6019382,35.7240638,5,5年（2022年4月1日～2027年3月31日）,https://www.city.suginami.tokyo.jp/documents/2240/040401namingights.pdf,なし,,,,,,,,
杉並区【杉並区妙正寺体育館】（愛称：ＴＡＣ杉並区妙正寺体育館）,株式会社東京アスレティッククラブ,東京都,スポーツ施設,"年額818,000円（税抜）",82,契約期間中,東京都杉並区清水3-20-12,地図を見る,https://www.google.co.jp/maps/search/東京都杉並区清水3-20-12,139.6177048,35.7184277,5,5年（2022年4月1日～2027年3月31日）,https://www.city.suginami.tokyo.jp/documents/2240/040401namingights.pdf,なし,,,,,,,,
杉並区【杉並区永福体育館】（愛称：ＴＡＣ杉並区永福体育館）,株式会社東京アスレティッククラブ,東京都,スポーツ施設,"年額1,818,000円（税抜）",182,契約期間中,東京都杉並区永福1-7-6,地図を見る,https://www.google.co.jp/maps/search/東京都杉並区永福1-7-6,139.642125,35.6694232,5,5年（2022年4月1日～2027年3月31日）,https://www.city.suginami.tokyo.jp/documents/2240/040401namingights.pdf,なし,,,,,,,,
杉並区【杉並区高円寺体育館】（愛称：高円寺みんなの体育館）,杉並建物総合管理事業協同組合,東京都,スポーツ施設,"年額1,364,000円（税抜）",137,契約期間中,東京都杉並区高円寺南2-36-31,地図を見る,https://www.google.co.jp/maps/search/東京都杉並区高円寺南2-36-31,139.6542412,35.699762,5,5年（2022年4月1日～2027年3月31日）,https://www.city.suginami.tokyo.jp/documents/2240/040401namingights.pdf,なし,,,,,,,,
墨田区【墨田区総合運動場】（愛称：フクシ・エンタープライズ墨田フィールド）,株式会社フクシ・エンタープライズ,東京都,スポーツ施設,非公表,,契約期間中,東京都墨田区堤通2-11-1,地図を見る,https://www.google.co.jp/maps/search/東京都墨田区堤通2-11-1,139.8160253,35.7384157,5,5年（2024年4月1日～2029年3月31日）,https://www.city.sumida.lg.jp/kuseijoho/gyoseikaikaku_zaisei/suisin/info/namingrights.html,契約更新2期目（導入2019年12月～）,,,,,,,,
墨田区【墨田区総合体育館】（愛称：ひがしんアリーナ）,東京東信用金庫,東京都,スポーツ施設,非公表,,契約期間中,東京都墨田区錦糸4-15-1,地図を見る,https://www.google.co.jp/maps/search/東京都墨田区錦糸4-15-1,139.8172131,35.6995329,6,6年（2024年4月1日～2030年3月31日）,https://www.city.sumida.lg.jp/kuseijoho/gyoseikaikaku_zaisei/suisin/info/namingrights.html,なし,,,,,,,,
世田谷区【世田谷公園ミニSL】（愛称：せたがや公園キンカン三姉妹ミニSL）,株式会社金冠堂,東京都,公園・屋外空間,年額100万円（税抜）,100,契約期間中,東京都世田谷区池尻1-5-27,地図を見る,https://www.google.co.jp/maps/search/東京都世田谷区池尻1-5-27,139.6807082,35.6444363,3,３年,https://www.city.setagaya.lg.jp/02075/9097.html,なし,,,,,,,,
豊島区【芸術文化劇場】（愛称：東京建物 Brillia HALL）,東京建物株式会社,東京都,文化交流施設,"年額7,272万7,273円（税抜）",7273,契約期間中,東京都豊島区東池袋1-19-1,地図を見る,https://www.google.co.jp/maps/search/東京都豊島区東池袋1-19-1,139.7154643,35.7320547,10,10年（2019年5月1日～2029年4月30日）,https://www.city.toshima.lg.jp/473/shisetsu/bunka/1808071704.html,なし,,,,,,,,
豊島区【大塚駅北口駅前広場】（愛称：ironowa hiro ba）,山口不動産株式会社,東京都,公園・屋外空間,"年額1,000万円（税抜）",1000,契約期間中,東京都豊島区北大塚2-15,地図を見る,https://www.google.co.jp/maps/search/東京都豊島区北大塚2-15,139.7289414,35.7325437,10,10年（2021年4月1日～2031年3月31日）,https://www.city.toshima.lg.jp/303/1812180917.html,なし,,,,,,,,
札幌市【北3条通横断歩道橋】（愛称：HRM北海道ロードメンテナンス 北3条通横断歩道橋）,北海道ロードメンテナンス株式会社,北海道,交通・インフラ,年額60万円（税抜）,60,契約期間中,北海道札幌市中央区北三条東5,地図を見る,https://www.google.co.jp/maps/search/北海道札幌市中央区北三条東5,141.3674394,43.0672142,,（契約締結日～2028年3月31日）,https://www.city.sapporo.jp/kensetsu/dokan/hodokyo/naming-rights.html,なし,,,,,,,,
札幌市【北2条通横断歩道橋】（愛称：HRMホールディングスグループ 北2条通横断歩道橋）,HRMホールディングス株式会社,北海道,交通・インフラ,年額72万円（税抜）,72,契約期間中,北海道札幌市中央区北一条東4,地図を見る,https://www.google.co.jp/maps/search/北海道札幌市中央区北一条東4,141.3805979,43.0669215,,（契約締結日～2028年3月31日）,https://www.city.sapporo.jp/kensetsu/dokan/hodokyo/naming-rights.html,なし,,,,,,,,
札幌市【南大通横断歩道橋】（愛称：マッチポイントグループ 南大通横断歩道橋）,マッチポイント不動産株式会社,北海道,交通・インフラ,年額66万円（税抜）,66,契約期間中,北海道札幌市中央区大通東1,地図を見る,https://www.google.co.jp/maps/search/北海道札幌市中央区大通東1,141.3576508,43.0620078,,（契約締結日～2028年3月31日）,https://www.city.sapporo.jp/kensetsu/dokan/hodokyo/naming-rights.html,なし,,,,,,,,
札幌市【二条横断歩道橋】（愛称：北土建設株式会社 二条横断歩道橋）,北土建設株式会社,北海道,交通・インフラ,年額30万円（税抜）,30,契約期間中,北海道札幌市中央区南三条西15,地図を見る,https://www.google.co.jp/maps/search/北海道札幌市中央区南三条西15,141.3339762,43.0544347,,（契約締結日～2028年3月31日）,https://www.city.sapporo.jp/kensetsu/dokan/hodokyo/naming-rights.html,なし,,,,,,,,
札幌市【菊水歩道橋】（愛称：北海道情報専門学校 菊水歩道橋）,学校法人電子開発学園,北海道,交通・インフラ,年額114万円（税抜）,114,契約期間中,北海道札幌市中央区北1条東4,地図を見る,https://www.google.co.jp/maps/search/北海道札幌市中央区北1条東4,141.3621007,43.0639453,,（契約締結日～2028年3月31日）,https://www.city.sapporo.jp/kensetsu/dokan/hodokyo/naming-rights.html,なし,,,,,,,,
札幌市【旭横断歩道橋】（愛称：やわらぎ斎場 旭横断歩道橋）,株式会社あいプラン,北海道,交通・インフラ,年額42万円（税抜）,42,契約期間中,北海道札幌市豊平区水車町3,地図を見る,https://www.google.co.jp/maps/search/北海道札幌市豊平区水車町3,141.3623619,43.0466249,,（契約締結日～2028年3月31日）,https://www.city.sapporo.jp/kensetsu/dokan/hodokyo/naming-rights.html,なし,,,,,,,,
札幌市【札幌市民ホール】（愛称：カナモトホール）,株式会社カナモト,北海道,文化交流施設,"年額1,700万円（税抜）",1700,契約期間中,北海道札幌市中央区北1条西1,地図を見る,https://www.google.co.jp/maps/search/北海道札幌市中央区北1条西1,141.3557397,43.0632001,5,5年（2024年4月1日～2029年3月31日）,https://www.city.sapporo.jp/kyoiku/shogaikyoiku/gakushu/shien/,契約更新2期目,,,,,,,,
札幌市【札幌市電 西4丁目停留所】（愛称：プロテイン専門店エゾボリック前）,株式会社EZOBOLIC,北海道,交通・インフラ,年額60万円（税抜）,60,契約期間中,北海道札幌市中央区南1条西4,地図を見る,https://www.google.co.jp/maps/search/北海道札幌市中央区南1条西4,141.3516512,43.0589632,5,5年（2025年7月1日～2030年6月30日）,https://www.stsp.or.jp/%E6%9C%AD%E5%B9%8C%E5%B8%82%E9%9B%BB%E5%81%9C%E7%95%99%E5%A0%B4%E5%89%AF%E5%90%8D%E7%A7%B0%E3%83%8D%E3%83%BC%E3%83%9F%E3%83%B3%E3%82%B0%E3%83%A9%E3%82%A4%E3%83%84%E3%81%AE%E5%AE%9F%E6%96%BD%E6%B3%95/,一般財団法人札幌市交通事業振興公社 札幌市電停留所,,,,,,,,
札幌市【札幌市電 ロープウェイ入口停留所】（愛称：ヤシマ本社前）,株式会社ヤシマ商会,北海道,交通・インフラ,年額24万円（税抜）,24,契約期間中,北海道札幌市中央区南19条西14,地図を見る,https://www.google.co.jp/maps/search/北海道札幌市中央区南19条西14,141.3382257,43.0334149,5,5年（2025年7月1日～2030年6月30日）,https://www.stsp.or.jp/%E6%9C%AD%E5%B9%8C%E5%B8%82%E9%9B%BB%E5%81%9C%E7%95%99%E5%A0%B4%E5%89%AF%E5%90%8D%E7%A7%B0%E3%83%8D%E3%83%BC%E3%83%9F%E3%83%B3%E3%82%B0%E3%83%A9%E3%82%A4%E3%83%84%E3%81%AE%E5%AE%9F%E6%96%BD%E6%B3%95/,一般財団法人札幌市交通事業振興公社 札幌市電停留所,,,,,,,,
札幌市【札幌市電 東屯田通停留所】（愛称：土田病院前）,医療法人社団土田病院,北海道,交通・インフラ,年額24万円（税抜）,24,契約期間中,北海道札幌市中央区南22条西11,地図を見る,https://www.google.co.jp/maps/search/北海道札幌市中央区南22条西11,141.3443498,43.0301613,5,5年（2025年7月1日～2030年6月30日）,https://www.stsp.or.jp/%E6%9C%AD%E5%B9%8C%E5%B8%82%E9%9B%BB%E5%81%9C%E7%95%99%E5%A0%B4%E5%89%AF%E5%90%8D%E7%A7%B0%E3%83%8D%E3%83%BC%E3%83%9F%E3%83%B3%E3%82%B0%E3%83%A9%E3%82%A4%E3%83%84%E3%81%AE%E5%AE%9F%E6%96%BD%E6%B3%95/,一般財団法人札幌市交通事業振興公社 札幌市電停留所,,,,,,,,
札幌市【札幌市電 山鼻９条停留所】（愛称：いちたかガスワン前）,株式会社いちたかガスワン,北海道,交通・インフラ,年額48万円（税抜）,48,契約期間中,北海道札幌市中央区南9条西7,地図を見る,https://www.google.co.jp/maps/search/北海道札幌市中央区南9条西7,141.3403276,43.0479306,5,5年（2025年7月1日～2030年6月30日）,https://www.stsp.or.jp/%E6%9C%AD%E5%B9%8C%E5%B8%82%E9%9B%BB%E5%81%9C%E7%95%99%E5%A0%B4%E5%89%AF%E5%90%8D%E7%A7%B0%E3%83%8D%E3%83%BC%E3%83%9F%E3%83%B3%E3%82%B0%E3%83%A9%E3%82%A4%E3%83%84%E3%81%AE%E5%AE%9F%E6%96%BD%E6%B3%95/,一般財団法人札幌市交通事業振興公社 札幌市電停留所,,,,,,,,
札幌市【札幌市電 すすきの停留所】（愛称：ホームエージェント前）,株式会社Home Agent,北海道,交通・インフラ,年額60万円（税抜）,60,契約期間中,北海道札幌市中央区南四条西4,地図を見る,https://www.google.co.jp/maps/search/北海道札幌市中央区南四条西4,141.3370059,43.0537709,5,5年（2025年7月1日～2030年6月30日）,https://www.stsp.or.jp/%E6%9C%AD%E5%B9%8C%E5%B8%82%E9%9B%BB%E5%81%9C%E7%95%99%E5%A0%B4%E5%89%AF%E5%90%8D%E7%A7%B0%E3%83%8D%E3%83%BC%E3%83%9F%E3%83%B3%E3%82%B0%E3%83%A9%E3%82%A4%E3%83%84%E3%81%AE%E5%AE%9F%E6%96%BD%E6%B3%95/,一般財団法人札幌市交通事業振興公社 札幌市電停留所,,,,,,,,
仙台市【仙台スタジアム】（愛称：ユアテックスタジアム）,株式会社ユアテック,宮城県,スポーツ施設,"年額5,000万円（税抜）",5000,契約期間中,宮城県仙台市泉区七北田字柳78,地図を見る,https://www.google.co.jp/maps/search/宮城県仙台市泉区七北田字柳78,140.8702732,38.328495,3,3年（2024年3月～2027年2月）,https://www.city.sendai.jp/zaise-kokyo/jigyosha/keyaku/jigyosha/shisetsumeimeiken.html,なし,,,,,,,,
仙台市【宮城広瀬総合運動場】（愛称：仙環スポーツパーク）,仙台環境開発株式会社,宮城県,スポーツ施設,年額160万円（税抜）,160,契約期間中,宮城県仙台市青葉区上愛子字松原39-1,地図を見る,https://www.google.co.jp/maps/search/宮城県仙台市青葉区上愛子字松原39-1,140.7387621,38.2741171,5,5年（2023年6月～2028年6月）,https://www.city.sendai.jp/zaise-kokyo/jigyosha/keyaku/jigyosha/shisetsumeimeiken.html,なし,,,,,,,,
仙台市【仙台市青年文化センター】（愛称：日立システムズホール仙台）,株式会社日立システムズ,宮城県,文化交流施設,年額570万円（税抜）,570,契約期間中,宮城県仙台市青葉区旭ケ丘3-27-5,地図を見る,https://www.google.co.jp/maps/search/宮城県仙台市青葉区旭ケ丘3-27-5,140.8844119,38.2965211,3,3年（2024年7月～2027年6月）,https://www.city.sendai.jp/zaise-kokyo/jigyosha/keyaku/jigyosha/shisetsumeimeiken.html,なし,,,,,,,,
仙台市【仙台市泉岳自然ふれあい館】（愛称：オーエンス泉岳自然ふれあい館）,株式会社オーエンス,宮城県,文化交流施設,年額120万円（税抜）,120,契約期間中,宮城県仙台市泉区福岡字岳山9-8,地図を見る,https://www.google.co.jp/maps/search/宮城県仙台市泉区福岡字岳山9-8,140.7218861,38.3918164,5,5年（2023年4月～2028年3月）,https://www.city.sendai.jp/zaise-kokyo/jigyosha/keyaku/jigyosha/shisetsumeimeiken.html,永年貢献ネーミングライツパートナー表彰,,,,,,,,
仙台市【仙台市体育館】（愛称：カメイアリーナ仙台）,カメイ株式会社,宮城県,スポーツ施設,年額700万円（税抜）,700,契約期間中,宮城県仙台市太白区富沢1-4-1,地図を見る,https://www.google.co.jp/maps/search/宮城県仙台市太白区富沢1-4-1,140.8691438,38.2178273,3,3年（2025年7月～2028年7月）,https://www.city.sendai.jp/zaise-kokyo/jigyosha/keyaku/jigyosha/shisetsumeimeiken.html,なし,,,,,,,,
仙台市【青葉体育館】（愛称：本山製作所青葉アリーナ）,株式会社本山製作所,宮城県,スポーツ施設,年額125万円（税抜）,125,契約期間中,宮城県仙台市青葉区堤町1丁目1?5,地図を見る,https://www.google.co.jp/maps/search/宮城県仙台市青葉区堤町1丁目1?5,140.871051,38.2815914,3,3年（2025年4月～2028年3月）,https://www.city.sendai.jp/zaise-kokyo/jigyosha/keyaku/jigyosha/shisetsumeimeiken.html,なし,,,,,,,,
仙台市【仙台市武道館】（愛称：本山製作所仙台市武道館）,株式会社本山製作所,宮城県,スポーツ施設,年額100万円（税抜）,100,契約期間中,宮城県仙台市青葉区堤町1-1-5,地図を見る,https://www.google.co.jp/maps/search/宮城県仙台市青葉区堤町1-1-5,140.871051,38.2815914,3,3年（2025年4月～2028年3月）,https://www.city.sendai.jp/zaise-kokyo/jigyosha/keyaku/jigyosha/shisetsumeimeiken.html,なし,,,,,,,,
仙台市【七北田公園】（愛称：やまいち七北田公園）,株式会社山一地所,宮城県,公園・屋外空間,年額300万円（税抜）,300,契約期間中,宮城県仙台市泉区七北田字赤生津4,地図を見る,https://www.google.co.jp/maps/search/宮城県仙台市泉区七北田字赤生津4,140.8737192,38.3205104,3,3年（2025年4月～2028年3月）,https://www.city.sendai.jp/zaise-kokyo/jigyosha/keyaku/jigyosha/shisetsumeimeiken.html,なし,,,,,,,,
仙台市【仙台市科学館】（愛称：ＨＯＫＵＳＨＵ仙台市科学館）,株式会社北洲,宮城県,文化交流施設,年額200万円（税抜）,200,契約期間中,宮城県仙台市青葉区台原森林公園4-1,地図を見る,https://www.google.co.jp/maps/search/宮城県仙台市青葉区台原森林公園4-1,140.8833086,38.2988188,3,3年（2025年4月～2028年3月）,https://www.city.sendai.jp/zaise-kokyo/jigyosha/keyaku/jigyosha/shisetsumeimeiken.html,なし,,,,,,,,
仙台市【仙台市アリーナ】（愛称：ゼビオアリーナ仙台）,ゼビオホールディングス株式会社,宮城県,スポーツ施設,"年額1,555万円（税抜）",1555,契約期間中,宮城県仙台市太白区あすと長町1-4-10,地図を見る,https://www.google.co.jp/maps/search/宮城県仙台市太白区あすと長町1-4-10,140.8872767,38.2303337,3,3年（2025年7月～2028年7月）,https://www.city.sendai.jp/zaise-kokyo/jigyosha/keyaku/jigyosha/shisetsumeimeiken.html,なし,,,,,,,,
仙台市【台原歩道橋】（愛称：ホットハウス台原歩道橋 ）,株式会社ホットハウス,宮城県,交通・インフラ,"年額501,000円（税抜）",51,契約期間中,宮城県仙台市青葉区台原1,地図を見る,https://www.google.co.jp/maps/search/宮城県仙台市青葉区台原1,140.8740752,38.2824023,3,3年（2023年6月1日～2026年5月31日）,https://www.city.sendai.jp/dorokanri-kanri/jigyosha/taisaku/kotsu/doro/documents/20240401ichiran.pdf,なし,,,,,,,,
仙台市【北目町歩道】（愛称：東海住宅北目町歩道橋 ）,東海住宅株式会社,宮城県,交通・インフラ,年額56万円（税抜）,56,契約期間中,宮城県仙台市青葉区五橋1,地図を見る,https://www.google.co.jp/maps/search/宮城県仙台市青葉区五橋1,140.8803828,38.2551121,7,7年（2023年4月1日～2030年3月31日）,https://www.city.sendai.jp/dorokanri-kanri/jigyosha/taisaku/kotsu/doro/documents/20240401ichiran.pdf,なし,,,,,,,,
仙台市【北根歩道橋】（愛称：東海住宅北根歩道橋 ）,東海住宅株式会社,宮城県,交通・インフラ,年額36万円（税抜）,36,契約期間中,宮城県仙台市青葉区北根3,地図を見る,https://www.google.co.jp/maps/search/宮城県仙台市青葉区北根3,140.8776619,38.2998704,7,7年（2023年4月1日～2030年3月31日）,https://www.city.sendai.jp/dorokanri-kanri/jigyosha/taisaku/kotsu/doro/documents/20240401ichiran.pdf,なし,,,,,,,,
仙台市【昭和町歩道橋】（愛称：東海住宅昭和町歩道橋 ）,東海住宅株式会社,宮城県,交通・インフラ,年額60万円（税抜）,60,契約期間中,宮城県仙台市青葉区昭和町,地図を見る,https://www.google.co.jp/maps/search/宮城県仙台市青葉区昭和町,140.8701281,38.2808408,7,7年（2023年4月1日～2030年3月31日）,https://www.city.sendai.jp/dorokanri-kanri/jigyosha/taisaku/kotsu/doro/documents/20240401ichiran.pdf,なし,,,,,,,,
仙台市【木町通歩道橋】（愛称：清月記木町通歩道橋 ）,株式会社清月記,宮城県,交通・インフラ,年額77万円（税抜）,77,契約期間中,宮城県仙台市青葉区木町通１,地図を見る,https://www.google.co.jp/maps/search/宮城県仙台市青葉区木町通１,140.8635712,38.2690793,5,5年（2022年4月1日～2027年3月31日）,https://www.city.sendai.jp/dorokanri-kanri/jigyosha/taisaku/kotsu/doro/documents/20240401ichiran.pdf,なし,,,,,,,,
仙台市【長町堤町線歩道橋】（愛称：東海住宅長町堤町線歩道橋 ）,東海住宅株式会社,宮城県,交通・インフラ,年額150万円（税抜）,150,契約期間中,宮城県仙台市青葉区本町2,地図を見る,https://www.google.co.jp/maps/search/宮城県仙台市青葉区本町2,140.8754284,38.2646053,10,10年（2020年3月1日～2030年2月28日）,https://www.city.sendai.jp/dorokanri-kanri/jigyosha/taisaku/kotsu/doro/documents/20240401ichiran.pdf,なし,,,,,,,,
仙台市【通町歩道橋】（愛称：東海住宅通町歩道橋 ）,東海住宅株式会社,宮城県,交通・インフラ,年額88万円（税抜）,88,契約期間中,宮城県仙台市青葉区通町1,地図を見る,https://www.google.co.jp/maps/search/宮城県仙台市青葉区通町1,140.8647038,38.2775485,10,10年（2020年3月1日～2030年2月28日）,https://www.city.sendai.jp/dorokanri-kanri/jigyosha/taisaku/kotsu/doro/documents/20240401ichiran.pdf,なし,,,,,,,,
仙台市【錦ケ丘歩道橋】（愛称：錦エステート錦ケ丘歩道橋 ）,錦エステート株式会社,宮城県,交通・インフラ,年額30万円（税抜）,30,契約期間中,宮城県仙台市青葉区錦ケ丘1,地図を見る,https://www.google.co.jp/maps/search/宮城県仙台市青葉区錦ケ丘1,140.7687407,38.2584256,3,3年（2024年4月1日～2027年3月31日）,https://www.city.sendai.jp/dorokanri-kanri/jigyosha/taisaku/kotsu/doro/documents/20240401ichiran.pdf,なし,,,,,,,,
仙台市【岩切歩道橋】（愛称：サイコー岩切歩道橋 ）,株式会社サイコー,宮城県,交通・インフラ,年額30万円（税抜）,30,契約期間中,宮城県仙台市宮城野区岩切字三所南,地図を見る,https://www.google.co.jp/maps/search/宮城県仙台市宮城野区岩切字三所南,140.9463223,38.3006331,3,3年（2023年6月1日～2026年5月31日）,https://www.city.sendai.jp/dorokanri-kanri/jigyosha/taisaku/kotsu/doro/documents/20240401ichiran.pdf,なし,,,,,,,,
仙台市【燕沢歩道橋】（愛称：ツネマツガス燕沢歩道橋 ）,ツネマツガス株式会社,宮城県,交通・インフラ,年額30万円（税抜）,30,契約期間中,宮城県仙台市宮城野区燕沢2丁目,地図を見る,https://www.google.co.jp/maps/search/宮城県仙台市宮城野区燕沢2丁目,140.9190905,38.2835802,3,3年（2024年4月1日～2027年3月31日）,https://www.city.sendai.jp/dorokanri-kanri/jigyosha/taisaku/kotsu/doro/documents/20240401ichiran.pdf,なし,,,,,,,,
仙台市【宮城野小学校前歩道橋】（愛称：ツネマツガス宮城野小前歩道橋 ）,ツネマツガス株式会社,宮城県,交通・インフラ,年額30万円（税抜）,30,契約期間中,宮城県仙台市宮城野区東宮城野,地図を見る,https://www.google.co.jp/maps/search/宮城県仙台市宮城野区東宮城野,140.918375,38.25982,3,3年（2024年4月1日～2027年3月31日）,https://www.city.sendai.jp/dorokanri-kanri/jigyosha/taisaku/kotsu/doro/documents/20240401ichiran.pdf,なし,,,,,,,,
仙台市【六丁の目第1歩道橋】（愛称：平和住宅情報センター六丁の目第1歩道橋 ）,株式会社平和住宅情報センター,宮城県,交通・インフラ,年額30万円（税抜）,30,契約期間中,宮城県仙台市若林区六丁の目南町,地図を見る,https://www.google.co.jp/maps/search/宮城県仙台市若林区六丁の目南町,140.9394364,38.2498205,3,3年（2023年10月1日～2026年9月30日）,https://www.city.sendai.jp/dorokanri-kanri/jigyosha/taisaku/kotsu/doro/documents/20240401ichiran.pdf,なし,,,,,,,,
仙台市【六丁の目第2歩道橋】（愛称：愛子観光バス六丁の目第2歩道橋 ）,愛子観光バス株式会社,宮城県,交通・インフラ,年額30万円（税抜）,30,契約期間中,宮城県仙台市若林区六丁の目南町,地図を見る,https://www.google.co.jp/maps/search/宮城県仙台市若林区六丁の目南町,140.9394364,38.2498205,3,3年（2023年10月1日～2026年9月30日）,https://www.city.sendai.jp/dorokanri-kanri/jigyosha/taisaku/kotsu/doro/documents/20240401ichiran.pdf,なし,,,,,,,,
仙台市【中倉歩道橋】（愛称：ＩＺＵＭｉＹＡ中倉歩道橋 ）,株式会社イズミヤ,宮城県,交通・インフラ,年額30万円（税抜）,30,契約期間中,宮城県仙台市若林区中倉1,地図を見る,https://www.google.co.jp/maps/search/宮城県仙台市若林区中倉1,140.9113204,38.2444434,3,3年（2023年12月1日～2026年11月30日）,https://www.city.sendai.jp/dorokanri-kanri/jigyosha/taisaku/kotsu/doro/documents/20240401ichiran.pdf,なし,,,,,,,,
仙台市【西多賀歩道橋】（愛称：清月記西多賀歩道橋 ）,株式会社清月記,宮城県,交通・インフラ,年額30万円（税抜）,30,契約期間中,宮城県仙台市太白区西多賀2,地図を見る,https://www.google.co.jp/maps/search/宮城県仙台市太白区西多賀2,140.8582614,38.2200383,3,3年（2023年6月1日～2026年5月31日）,https://www.city.sendai.jp/dorokanri-kanri/jigyosha/taisaku/kotsu/doro/documents/20240401ichiran.pdf,なし,,,,,,,,
仙台市【鹿野小学校前歩道橋】（愛称：ホットハウス鹿野小前歩道橋 ）,株式会社ホットハウス,宮城県,交通・インフラ,"年額501,000円（税抜）",51,契約期間中,宮城県仙台市太白区鹿野2,地図を見る,https://www.google.co.jp/maps/search/宮城県仙台市太白区鹿野2,140.8718852,38.2288592,3,3年（2023年6月1日～2026年5月31日）,https://www.city.sendai.jp/dorokanri-kanri/jigyosha/taisaku/kotsu/doro/documents/20240401ichiran.pdf,なし,,,,,,,,
仙台市【八木山小学校前歩道橋】（愛称：東海住宅八木山小学校前歩道橋）,東海住宅株式会社,宮城県,交通・インフラ,"年額333,000円（税抜）",34,契約期間中,宮城県仙台市太白区八木山本町1,地図を見る,https://www.google.co.jp/maps/search/宮城県仙台市太白区八木山本町1,140.8464445,38.2434027,7,7年（2023年8月1日～2030年7月31日）,https://www.city.sendai.jp/dorokanri-kanri/jigyosha/taisaku/kotsu/doro/documents/20240401ichiran.pdf,なし,,,,,,,,
仙台市【八本松小学校前歩道橋】（愛称：東海住宅八本松小前歩道橋 ）,東海住宅株式会社,宮城県,交通・インフラ,年額36万円（税抜）,36,契約期間中,宮城県仙台市太白区郡山4,地図を見る,https://www.google.co.jp/maps/search/宮城県仙台市太白区郡山4,140.8973743,38.2240617,7,7年（2023年4月1日～2030年3月31日）,https://www.city.sendai.jp/dorokanri-kanri/jigyosha/taisaku/kotsu/doro/documents/20240401ichiran.pdf,なし,,,,,,,,
仙台市【根岸歩道橋】（愛称：清月記根岸歩道橋 ）,株式会社清月記,宮城県,交通・インフラ,年額77万円（税抜）,77,契約期間中,宮城県仙台市太白区根岸町,地図を見る,https://www.google.co.jp/maps/search/宮城県仙台市太白区根岸町,140.8832095,38.2390582,5,5年（2022年4月1日～2027年3月31日）,https://www.city.sendai.jp/dorokanri-kanri/jigyosha/taisaku/kotsu/doro/documents/20240401ichiran.pdf,なし,,,,,,,,
仙台市【松陵歩道橋】（愛称：アイックスセキュリティ松陵歩道橋 ）,株式会社アイックスセキュリティ,宮城県,交通・インフラ,年額30万円（税抜）,30,契約期間中,宮城県仙台市泉区松陵4,地図を見る,https://www.google.co.jp/maps/search/宮城県仙台市泉区松陵4,140.9158269,38.333313,5,5年（2022年4月1日～2027年3月31日）,https://www.city.sendai.jp/dorokanri-kanri/jigyosha/taisaku/kotsu/doro/documents/20240401ichiran.pdf,なし,,,,,,,,
仙台市【向原歩道橋】（愛称：東海住宅向原歩道橋 ）,東海住宅株式会社,宮城県,交通・インフラ,年額108万円（税抜）,108,契約期間中,宮城県仙台市泉区七北田字杉ノ田,地図を見る,https://www.google.co.jp/maps/search/宮城県仙台市泉区七北田字杉ノ田,140.881037,38.3110971,10,10年（2019年2月1日～2029年1月31日）,https://www.city.sendai.jp/dorokanri-kanri/jigyosha/taisaku/kotsu/doro/documents/20240401ichiran.pdf,なし,,,,,,,,
川崎市【川崎市とどろきアリーナ】（愛称：東急ドレッセとどろきアリーナ）,東急株式会社,神奈川県,スポーツ施設,"年額1,500万円（税抜）",1500,契約期間中,神奈川県川崎市中原区等々力1-3,地図を見る,https://www.google.co.jp/maps/search/神奈川県川崎市中原区等々力1-3,139.64741,35.5873625,3.25,3年3か月（2025年6月1日～2028年8月31日）,https://www.city.kawasaki.jp/530/cmsfiles/contents/0000177/177272/houdouhappyousiryou.pdf,・川崎とどろきパーク株式会社がネーミングライツ料の５０％を川崎市に納付する契約,,,,,,,,
川崎市【等々力陸上競技場】（愛称：Uvanceとどろきスタジアム by Fujitsu）,富士通株式会社,神奈川県,スポーツ施設,"年額2,000万円（税抜）",2000,契約期間中,神奈川県川崎市中原区等々力1-1,地図を見る,https://www.google.co.jp/maps/search/神奈川県川崎市中原区等々力1-1,139.6506512,35.5866933,5.17,5年2か月（2024年2月1日～2029年3月31日）,https://www.city.kawasaki.jp/530/page/0000157481.html,なし,,,,,,,,
静岡市【清水日本平運動公園球技場（日本平スタジアム）】（愛称：IAIスタジアム日本平）,株式会社アイエイアイ,静岡県,スポーツ施設,"年額28,600,000円（税抜）",2860,契約期間中,静岡県静岡市清水区村松3880-1,地図を見る,https://www.google.co.jp/maps/search/静岡県静岡市清水区村松3880-1,138.481305,34.9851684,5,5年（2023年3月1日～2028年2月29日）,https://www.s-pulse.co.jp/news/detail/50751,静岡市と株式会社アイエイアイと株式会社エスパルスとの三者による第3期目となるネーミングライツパートナーシップ契約,,,,,,,,
堺市【 八田西町歩道橋】（愛称：高砂建材工業株式会社 RCセグメント型枠・落橋防止装置 八田西町歩道橋）,高砂建材工業株式会社,大阪府,交通・インフラ,年額35万円（税抜）,35,契約期間中,大阪府堺市中区八田西町,地図を見る,https://www.google.co.jp/maps/search/大阪府堺市中区八田西町,135.4798309,34.5202627,4.25,4年3か月（2022年12月26日～2027年3月31日）,https://www.city.sakai.lg.jp/kurashi/doro/keikaku/namingrights_jigyou/20211129ne-minguraitukettei.html,なし,,,,,,,,
堺市 【諏訪森西歩道橋】（愛称：高砂建材工業株式会社 RCセグメント型枠・落橋防止装置 諏訪森西歩道橋）,高砂建材工業株式会社,大阪府,交通・インフラ,年額45万円（税抜）,45,契約期間中,大阪府堺市西区浜寺諏訪森町西2,地図を見る,https://www.google.co.jp/maps/search/大阪府堺市西区浜寺諏訪森町西2,135.4460984,34.5516789,4.25,4年3か月（2022年12月26日～2027年3月31日）,https://www.city.sakai.lg.jp/kurashi/doro/keikaku/namingrights_jigyou/20211129ne-minguraitukettei.html,なし,,,,,,,,
堺市 【原山公園 屋外プール】（愛称：マルエス堺プール）,株式会社マルエス,大阪府,スポーツ施設,年額190万円（税抜）,190,契約期間中,大阪府堺市南区原山台2-5-1,地図を見る,https://www.google.co.jp/maps/search/大阪府堺市南区原山台2-5-1,135.4927904,34.4807029,4.83,4年10か月（2025年6月1日～2030年3月31日）,https://www.city.sakai.lg.jp/shisei/koho/hodo/hodoteikyoshiryo/kakohodo/r7/r705/070522_01.html,屋内施設 愛称：マルエス堺ジム 含む,,,,,,,,
堺市【大浜体育館】（愛称：大浜だいしんアリーナ）,大阪信用金庫,大阪府,スポーツ施設,年額200万円（税抜）,200,契約期間中,大阪府堺市堺区大浜北町5-7-1,地図を見る,https://www.google.co.jp/maps/search/大阪府堺市堺区大浜北町5-7-1,135.4589296,34.5810501,5,5年（2022年4月1日～2027年3月31日）,https://www.city.sakai.lg.jp/kurashi/sports/sports_shisetsu/seibi/ohama/index.html,大浜武道館 愛称：だいしん大浜武道館 大浜公園野球場 愛称：大浜だいしんスタジアム 大浜公園テニスコート 愛称：大浜だいしんテニスコート 含む,,,,,,,,
神戸市 【神戸総合運動公園第2球技場】（愛称：G7 STADIUM KOBE）,株式会社G-7ホールディングス,兵庫県,スポーツ施設,"年額4,545,455円（税抜）",455,契約期間中,兵庫県神戸市須磨区緑台,地図を見る,https://www.google.co.jp/maps/search/兵庫県神戸市須磨区緑台,135.0781675,34.6801203,,非公表,https://www.city.kobe.lg.jp/a05822/kigyorenkei/namingrights.html,なし,,,,,,,,
神戸市【神戸市立青少年科学館】（愛称：バンドー神戸青少年科学館）,バンドー化学株式会社,兵庫県,文化交流施設,年額250万円（税抜）,250,契約期間中,兵庫県神戸市中央区港島中町7-7-6,地図を見る,https://www.google.co.jp/maps/search/兵庫県神戸市中央区港島中町7-7-6,135.2184746,34.6659815,5,5年（2023年4月1日～2028年3月31日）,https://www.bandogrp.com/news/date/20230327_01.html,なし,,,,,,,,
神戸市 【神戸総合運動公園球技場】（愛称：ほっともっとフィールド神戸）,株式会社プレナス,兵庫県,スポーツ施設,非公表,,契約期間中,兵庫県神戸市須磨区緑台3251-10,地図を見る,https://www.google.co.jp/maps/search/兵庫県神戸市須磨区緑台3251-10,135.0725426,34.6805803,4,4年（2023年2月14日～2027年2月13日）,https://prtimes.jp/main/html/rd/p/000000355.000054093.html,なし,,,,,,,,
神戸市 【御崎公園球技場】（愛称：ノエビアスタジアム神戸）,株式会社ノエビア,兵庫県,スポーツ施設,"年額6,200万円（税抜）",6200,契約期間中,兵庫県神戸市兵庫区御崎町1-2-2,地図を見る,https://www.google.co.jp/maps/search/兵庫県神戸市兵庫区御崎町1-2-2,135.1690434,34.6568377,3,3年（2025年3月1日～2028年2月29日）,https://www.city.kobe.lg.jp/a05822/kigyorenkei/namingrights.html,神戸市とノエビアと楽天ヴィッセル神戸の３者間契約。契約料は神戸市と楽天ヴィッセル神戸が半分ずつの受け取り。,,,,,,,,
神戸市【 新・神戸文化ホール】（愛称：シスメックス神戸文化ホール）,シスメックス株式会社,兵庫県,文化交流施設,年額1億円（税抜）,10000,契約期間中,兵庫県神戸市中央区楠町4-2-2,地図を見る,https://www.google.co.jp/maps/search/兵庫県神戸市中央区楠町4-2-2,135.1729115,34.6838704,50,50年（2028年4月1日～2078年3月31日）,https://www.city.kobe.lg.jp/documents/2466/kanriuneikeikakuhontai.pdf,愛称使用開始時期：2028年4月1日,,,,,,,,
浜松市【下池川歩道橋 】（通称：浜松学芸中学校・高等学校下池川歩道橋）,学校法人信愛学園,静岡県,交通・インフラ,年額20万円（税抜）,20,契約期間中,静岡県浜松市中央区元浜町263,地図を見る,https://www.google.co.jp/maps/search/静岡県浜松市中央区元浜町263,137.7338719,34.7163727,3,3年（2026年2月～2029年1月）,https://www.city.hamamatsu.shizuoka.jp/asset/ppp/namingrights.html,2014年2月～ 契約更新 ※本サイトでは、ネーミングライツにより付与された名称を原則「愛称」として統一表記していますが、本件については浜松市における定義・運用に従い、「通称」として表記しています。,,,,,,,,
浜松市【浜北総合体育館】（通称：サーラグリーンアリーナ）,株式会社サーラコーポレーション,静岡県,スポーツ施設,"年額1,667,000円（税抜）",1667000,契約期間中,静岡県浜松市浜名区平口5042-133,地図を見る,https://www.google.co.jp/maps/search/静岡県浜松市浜名区平口5042-133,137.7575561,34.7979467,5,5年（2024年4月～2029年3月）,https://www.city.hamamatsu.shizuoka.jp/asset/ppp/namingrights.html,浜松市浜北平口サッカー場 愛称：サーラグリーンフィールド 含む,,,,,,,,
浜松市【はままつフラワーパークUD昇降機施設】（通称：春華堂 さくら号）,有限会社春華堂,静岡県,その他,年額50万円（税抜）,50,契約期間中,静岡県浜松市中央区舘山寺町195,地図を見る,https://www.google.co.jp/maps/search/静岡県浜松市中央区舘山寺町195,137.6337403,34.7653943,5,5年（2026年4月～2031年3月）,https://www.city.hamamatsu.shizuoka.jp/asset/ppp/namingrights.html,契約更新 ※本サイトでは、ネーミングライツにより付与された名称を原則「愛称」として統一表記していますが、本件については浜松市における定義・運用に従い、「通称」として表記しています。,,,,,,,,
浜松市【浜松市市民音楽ホール】（通称：サーラ音楽ホール）,株式会社サーラコーポレーション,静岡県,文化交流施設,年額300万円（税抜）,300,契約期間中,静岡県浜松市浜名区新都田3-2-1,地図を見る,https://www.google.co.jp/maps/search/静岡県浜松市浜名区新都田3-2-1,137.7377593,34.8177215,5,5年（2021年6月～2026年5月）・5年10か月（2026年6月～2032年3月）,https://www.city.hamamatsu.shizuoka.jp/asset/ppp/namingrights.html,※本サイトでは、ネーミングライツにより付与された名称を原則「愛称」として統一表記していますが、本件については浜松市における定義・運用に従い、「通称」として表記しています。,,,,,,,,
浜松市【花川運動公園庭球場】（通称：浜松新電力テニスコート）,株式会社浜松新電力,静岡県,スポーツ施設,年額75万円（税抜）,75,契約期間中,静岡県浜松市中央区西丘町724,地図を見る,https://www.google.co.jp/maps/search/静岡県浜松市中央区西丘町724,137.6914781,34.7742561,5,5年（2026年4月～2031年3月）,https://www.city.hamamatsu.shizuoka.jp/asset/ppp/namingrights.html,2022年4月～ ※本サイトでは、ネーミングライツにより付与された名称を原則「愛称」として統一表記していますが、本件については浜松市における定義・運用に従い、「通称」として表記しています。,,,,,,,,
浜松市【天竜清掃工場】（通称：天竜エコテラス）,日鉄エンジニアリング株式会社,静岡県,その他,年額50万円（税抜）,50,契約期間中,静岡県浜松市天竜区青谷1461,地図を見る,https://www.google.co.jp/maps/search/静岡県浜松市天竜区青谷1461,137.7741112,34.8751829,20,20年（2024年4月～2044年3月）,https://www.city.hamamatsu.shizuoka.jp/asset/ppp/namingrights.html,※本サイトでは、ネーミングライツにより付与された名称を原則「愛称」として統一表記していますが、本件については浜松市における定義・運用に従い、「通称」として表記しています。,,,,,,,,
さいたま市 【記念総合体育館】（愛称：サイデン化学アリーナさいたま）,サイデン化学株式会社,埼玉県,スポーツ施設,年額400万円（税抜）,400,契約期間中,埼玉県さいたま市桜区道場4-3-1,地図を見る,https://www.google.co.jp/maps/search/埼玉県さいたま市桜区道場4-3-1,139.6101469,35.8560068,5,5年（2023年4月1日～2028年3月31日）,https://www.city.saitama.lg.jp/006/007/014/019/011/p065581.html,なし,,,,,,,,
さいたま市【大宮公園サッカー場】（愛称：ＮＡＣＫ5スタジアム大宮）,株式会社エフエムナックファイブ,埼玉県,スポーツ施設,"年額12,727,273円（税抜）",1273,契約期間中,埼玉県さいたま市大宮区高鼻町4,地図を見る,https://www.google.co.jp/maps/search/埼玉県さいたま市大宮区高鼻町4,139.6318202,35.9189126,1.33,1年4か月（2026年3月1日～2027年6月30日）,https://www.city.saitama.lg.jp/006/007/014/019/011/p065581.html,なし,,,,,,,,
さいたま市【駒場運動公園競技場】（愛称：浦和駒場スタジアム）,浦和レッドダイヤモンズ株式会社,埼玉県,スポーツ施設,"年額3,636,364円（税抜）",364,契約期間中,埼玉県さいたま市浦和区駒場2-1-1,地図を見る,https://www.google.co.jp/maps/search/埼玉県さいたま市浦和区駒場2-1-1,139.6652011,35.8718613,3,3年（2024年4月1日～2027年3月31日）,https://www.city.saitama.lg.jp/006/007/014/019/011/p065581.html,駒場運動公園補助競技場 愛称：レッズハートフルフィールド駒場 含む,,,,,,,,
さいたま市【大和田公園野球場】（愛称：レジデンシャルスタジアム大宮）,株式会社レジデンシャル不動産,埼玉県,スポーツ施設,"年額6,363,636円（税抜）",637,契約期間中,埼玉県さいたま市大宮区寿能町2-519,地図を見る,https://www.google.co.jp/maps/search/埼玉県さいたま市大宮区寿能町2-519,139.6388331,35.9200297,3,3年（2024年4月1日～2027年3月31日）,https://www.city.saitama.lg.jp/006/007/014/019/011/p065581.html,なし,,,,,,,,
さいたま市【浦和総合運動場野球場】（愛称：アイル・スタジアム浦和）,アイル・コーポレーション株式会社,埼玉県,スポーツ施設,"年額4,545,455円（税抜）",455,契約期間中,埼玉県さいたま市浦和区元町1-29-10 浦和総合運動場内,地図を見る,https://www.google.co.jp/maps/search/埼玉県さいたま市浦和区元町1-29-10 浦和総合運動場内,139.6579873,35.8692677,2.83,2年10か月（2024年6月1日～2027年3月31日）,https://www.city.saitama.lg.jp/006/007/014/019/011/p065581.html,なし,,,,,,,,
旭川市【旭川大雪アリーナ】（愛称：道北アークス大雪アリーナ）,株式会社 道北アークス,北海道,スポーツ施設,年額300万円（税抜）,300,契約期間中,北海道旭川市神楽4条7,地図を見る,https://www.google.co.jp/maps/search/北海道旭川市神楽4条7,142.3495222,43.7584233,5,5年（2023年4月1日～2028年3月31日）,https://www.city.asahikawa.hokkaido.jp/500/565/589/d062579.html,なし,,,,,,,,
旭川市【旭川市総合体育館】（愛称：リクルートスタッフィング リック＆スー旭川体育館）,株式会社リクルートスタッフィング,北海道,スポーツ施設,年額300万円（税抜）,300,契約期間中,北海道旭川市花咲町5,地図を見る,https://www.google.co.jp/maps/search/北海道旭川市花咲町5,142.3758521,43.7932083,5,5年（2024年4月1日～2029年3月31日）,https://www.city.asahikawa.hokkaido.jp/kurashi/329/338/347/d079203.html,なし,,,,,,,,
旭川市【東光スポーツ公園球技場】（愛称：リアルター夢りんご東光スポーツ公園球技場）,株式会社富士管財,北海道,スポーツ施設,年額100万円（税抜）,100,契約期間中,北海道旭川市東光23条8,地図を見る,https://www.google.co.jp/maps/search/北海道旭川市東光23条8,142.4152146,43.7320082,4,4年（2025年4月1日～2029年3月31日）,https://www.city.asahikawa.hokkaido.jp/kurashi/329/338/347/d081337.html,なし,,,,,,,,
千葉市【 昭和の森「太陽の広場トイレ」】（愛称：伊藤工務店 太陽の広場トイレ）,株式会社伊藤工務店,千葉県,公園・屋外空間,年額12万円（税抜）,12,契約期間中,千葉県千葉市緑区土気町22,地図を見る,https://www.google.co.jp/maps/search/千葉県千葉市緑区土気町22,140.2841992,35.5241284,5,5年（2025年6月14日～2030年6月13日）,https://www.city.chiba.jp/toshi/koenryokuchi/kanri/namingrights.html,なし,,,,,,,,
千葉市 【千葉公園総合体育館】（愛称：「YohaSアリーナ ～本能に、感動を。～」）,株式会社拓匠開発,千葉県,スポーツ施設,年額400万円（税抜）,400,契約期間中,千葉県千葉市中央区弁天4-1-2,地図を見る,https://www.google.co.jp/maps/search/千葉県千葉市中央区弁天4-1-2,140.114776,35.6225508,5,5年（2023年4月20日～2028年4月19日）,https://www.city.chiba.jp/sogoseisaku/shichokoshitsu/hisho/hodo/documents/230215-2.pdf,なし,,,,,,,,
千葉市 【千葉マリンスタジアム】（愛称：ＺＯＺＯマリンスタジアム）,株式会社ZOZO,千葉県,スポーツ施設,年額3億1千万円（税抜）,31000,契約期間中,千葉県千葉市美浜区美浜1,地図を見る,https://www.google.co.jp/maps/search/千葉県千葉市美浜区美浜1,140.0300671,35.6445874,10,10年（2016年12月1日～2026年11月30日）,https://www.corporate-legal.jp/news/2506,なし,,,,,,,,
千葉市 【千葉市蘇我スポーツ公園】（愛称：フクダ電子アリーナ）,フクダ電子株式会社,千葉県,スポーツ施設,"年額5,000万円（税抜）",5000,契約期間中,千葉県千葉市中央区川崎町1-20,地図を見る,https://www.google.co.jp/maps/search/千葉県千葉市中央区川崎町1-20,140.0962638,35.5763926,5,5年（2026年4月1日～2031年3月31日）,https://www.fukuda.co.jp/press/2026/pdf/260205.pdf,"・フクダ電子アリーナをホームとするジェフユナイテッド市原・千葉がJ１昇格の場合は、年額を5,000万円とする旨の取り決めにより4期目の2,500万円から増額",,,,,,,,
相模原市【相模原市立杜のホールはしもと】（愛称：ほねごり杜のホールはしもと）,株式会社ほねごり,神奈川県,文化交流施設,年額600万円（税抜）,600,契約期間中,神奈川県相模原市緑区橋本3-28-1,地図を見る,https://www.google.co.jp/maps/search/神奈川県相模原市緑区橋本3-28-1,139.3457198,35.595133,5,5年（2025年10月1日～2030年9月30日）,https://www.city.sagamihara.kanagawa.jp/_res/projects/default_project/_page_/001/004/439/2026/ichiran_0409.pdf,なし,,,,,,,,
相模原市 【相模原市小山公園ニュースポーツ広場】（愛称：相模原ギオンアーバンスポーツパーク）,株式会社ギオン,神奈川県,スポーツ施設,年額300万円（税抜）,300,契約期間中,神奈川県相模原市中央区小山4-1,地図を見る,https://www.google.co.jp/maps/search/神奈川県相模原市中央区小山4-1,139.3542104,35.5893911,7,7年（2026年4月1日～2033年3月31日）,https://www.city.sagamihara.kanagawa.jp/_res/projects/default_project/_page_/001/032/917/202603_04.pdf,なし,,,,,,,,
相模原市【市立相模原球場】（愛称：相模原ギオンベースボールパーク）,株式会社ギオン,神奈川県,スポーツ施設,年額600万円（税抜）,600,契約期間中,神奈川県相模原市中央区弥栄3-1-6,地図を見る,https://www.google.co.jp/maps/search/神奈川県相模原市中央区弥栄3-1-6,139.3900869,35.5545258,7,7年（2026年4月1日～2033年3月31日）,https://www.city.sagamihara.kanagawa.jp/_res/projects/default_project/_page_/001/032/917/202603_04.pdf,なし,,,,,,,,
相模原市【市職員会館敷地内緑地】（愛称：こけ丸の森）,相模原中央商店街協同組合,神奈川県,公園・屋外空間,年額4万円（税抜）,4,契約期間中,神奈川県相模原市中央区中央2-10-8,地図を見る,https://www.google.co.jp/maps/search/神奈川県相模原市中央区中央2-10-8,139.3720757,35.5717341,5,5年（2022年12月1日～2027年11月30日）,https://www.city.sagamihara.kanagawa.jp/_res/projects/default_project/_page_/001/004/439/2026/ichiran_0409.pdf,なし,,,,,,,,
相模原市【市文化会館】（愛称：相模女子大学グリーンホール）,学校法人相模女子大学,神奈川県,文化交流施設,"年額13,636,364円（税抜）",1367,契約期間中,神奈川県相模原市南区相模大野4-4-1,地図を見る,https://www.google.co.jp/maps/search/神奈川県相模原市南区相模大野4-4-1,139.4339576,35.5337084,3,3年（2026年4月1日～2029年3月31日）,https://www.city.sagamihara.kanagawa.jp/_res/projects/default_project/_page_/001/034/654/0209/03.pdf,2013年～契約更新（更新2回目）,,,,,,,,
相模原市【相模原麻溝公園競技場】（愛称：相模原ギオンスタジアム）,株式会社ギオン,神奈川県,スポーツ施設,"年額1,050万円（税抜）",1050,契約期間中,神奈川県相模原市下溝4169,地図を見る,https://www.google.co.jp/maps/search/神奈川県相模原市下溝4169,139.3871239,35.5258496,3,3年（2025年4月1日～2028年3月31日）,https://www.city.sagamihara.kanagawa.jp/shisei/1026766/seido/1026778/1004439/index.html,第2競技場 愛称： 相模原ギオンフィールド グラウンド 愛称： 相模原ギオンスポーツスクエア 含む,,,,,,,,
相模原市【市立相模川ふれあい科学館】（愛称：相模川ふれあい科学館 アクアリウム さがみはら）,株式会社江ノ島マリンコーポレーション,神奈川県,文化交流施設,年額50万円（税抜）,50,契約期間中,神奈川県相模原市中央区水郷田名1-5-1,地図を見る,https://www.google.co.jp/maps/search/神奈川県相模原市中央区水郷田名1-5-1,139.3289275,35.547442,5,5年（2024年4月1日～2029年3月31日）,https://www.city.sagamihara.kanagawa.jp/shisei/1026766/seido/1026778/1004439/index.html,なし,,,,,,,,
相模原市【淵野辺公園少年野球ひばり球場】（愛称：ウイッツひばり球場 ）,株式会社ウイッツコミュニティ,神奈川県,スポーツ施設,年額80万円（税抜）,80,契約期間中,神奈川県相模原市中央区弥栄3-1-6,地図を見る,https://www.google.co.jp/maps/search/神奈川県相模原市中央区弥栄3-1-6,139.3900869,35.5545258,5,5年（2022年4月1日～2027年3月31日）,https://www.city.sagamihara.kanagawa.jp/shisei/1026766/seido/1026778/1004439/index.html,ソフトボール場含む,,,,,,,,
相模原市【横断歩道橋（県道51号）】（愛称：ラクアル／ペアナードオダサガ歩道橋）,ラクアル・オダサガ施設部会、ペアナードオダサガ施設部会,神奈川県,交通・インフラ,年額30万円（税抜）,30,契約期間中,神奈川県相模原市南区南台3,地図を見る,https://www.google.co.jp/maps/search/神奈川県相模原市南区南台3,139.4243626,35.519051,5,5年（2023年4月1日～2028年3月31日）,https://www.city.sagamihara.kanagawa.jp/shisei/1026766/seido/1026778/1004439/index.html,なし,,,,,,,,
相模原市【市立総合体育館】（愛称：相模原ギオンアリーナ）,株式会社ギオン,神奈川県,スポーツ施設,年額500万円（税抜）,500,契約期間中,神奈川県相模原市南区麻溝台2284-1,地図を見る,https://www.google.co.jp/maps/search/神奈川県相模原市南区麻溝台2284-1,139.3955715,35.5293915,3,3年（2025年4月1日～2028年3月31日）,https://www.city.sagamihara.kanagawa.jp/shisei/1026766/seido/1026778/1004439/index.html,なし,,,,,,,,
相模原市【市立北総合体育館】（愛称：ほねごりアリーナ）,株式会社ほねごり,神奈川県,スポーツ施設,年額200万円（税抜）,200,契約期間中,神奈川県相模原市緑区下九沢2368-1,地図を見る,https://www.google.co.jp/maps/search/神奈川県相模原市緑区下九沢2368-1,139.328144,35.585331,10,10年（2023年7月1日～2033年6月30日）,https://www.city.sagamihara.kanagawa.jp/_res/projects/default_project/_page_/001/028/520/0529/02.pdf,なし,,,,,,,,
相模原市【さがみはら太陽光発電所】（愛称：ノジマメガソーラーパーク）,株式会社ノジマ,神奈川県,交通・インフラ,年額660万円（税抜）,660,契約期間中,神奈川県相模原市南区麻溝台3412-2,地図を見る,https://www.google.co.jp/maps/search/神奈川県相模原市南区麻溝台3412-2,139.3920252,35.5231995,5,5年（2024年4月1日～2029年3月31日）,https://www.city.sagamihara.kanagawa.jp/shisei/1026766/seido/1026778/1004439/index.html,市メガソーラー導入事業企画提案募集により,,,,,,,,
名古屋市【名古屋市総合体育館】（愛称：NGKスポーツプラザ）,日本ガイシ株式会社）,愛知県,スポーツ施設,"年額1億2,000万円（税抜）",12000,契約期間中,愛知県名古屋市南区東又兵エ町5-1-16,地図を見る,https://www.google.co.jp/maps/search/愛知県名古屋市南区東又兵エ町5-1-16,136.9241036,35.0961875,5,5年（2022年4月1日?2027年3月31日）,https://www.city.nagoya.jp/houdou/pressr7/3002888/3003605.html,"""・契約企業の日本ガイシ株式会社の2026年4月1日の社名変更（NGK株式会社）に伴い、同日付で「NGKスポーツプラザ」にネーミングライツ愛称を変更 ・総合体育館内の3つの施設名称も「クロコくんホール」「クロコくんアリーナ」「クロコくんフォーラム」に変更""",,,,,,,,
名古屋市【名古屋市民会館】（愛称：Niterra日本特殊陶業市民会館）,日本特殊陶業株式会社,愛知県,文化交流施設,"年額5,000万円（税抜）",5000,契約期間中,愛知県名古屋市中区金山1-5-1,地図を見る,https://www.google.co.jp/maps/search/愛知県名古屋市中区金山1-5-1,136.9018381,35.1456566,,非公表,https://www.city.nagoya.jp/jigyou/boshu/1014218/index.html,2012年7月～,,,,,,,,
名古屋市【名古屋市瑞穂運動場】（愛称：パロマ瑞穂スポーツパーク）,株式会社パロマ,愛知県,スポーツ施設,"年額6,000万円（税抜）",6000,契約期間中,愛知県名古屋市瑞穂区山下通5-1,地図を見る,https://www.google.co.jp/maps/search/愛知県名古屋市瑞穂区山下通5-1,136.9434991,35.1226364,,非公表,https://www.city.nagoya.jp/jigyou/boshu/1014218/index.html,2015年4月～,,,,,,,,
名古屋市【名古屋市消防音楽隊】（愛称：ポッカレモン消防音楽隊）,ポッカサッポロフード＆ビバレッジ株式会社,愛知県,その他,年額333万円（税抜）,333,契約期間中,愛知県名古屋市守山区桜坂5-114,地図を見る,https://www.google.co.jp/maps/search/愛知県名古屋市守山区桜坂5-114,137.0193628,35.2352255,,非公表,https://www.city.nagoya.jp/jigyou/boshu/1014218/index.html,年間200回を超える活動実績やメディアに取り上げられることが多い音楽隊のネーミングライツ,,,,,,,,
名古屋市【久屋大通公園久屋広場】（愛称：エディオン久屋広場）,株式会社エディオン,愛知県,公園・屋外空間,年額400万円（税抜）,400,契約期間中,愛知県名古屋市中区栄3-65,地図を見る,https://www.google.co.jp/maps/search/愛知県名古屋市中区栄3-65,136.9001769,35.1675111,,非公表,https://www.city.nagoya.jp/jigyou/boshu/1014218/index.html,2018年4月～,,,,,,,,
名古屋市【名古屋市科学館プラネタリウムドーム】（愛称：ＮＴＰぷらねっと）,ＮＴＰホールディングス株式会社,愛知県,文化交流施設,年額365万円（税抜）,365,契約期間中,愛知県名古屋市中区栄2-17-1,地図を見る,https://www.google.co.jp/maps/search/愛知県名古屋市中区栄2-17-1,136.8993285,35.1649582,,非公表,https://www.city.nagoya.jp/jigyou/boshu/1014218/index.html,2021年4月～,,,,,,,,
名古屋市【名古屋市港サッカー場】（愛称：ＣＳアセット港サッカー場）,ＣＳアセット株式会社,愛知県,スポーツ施設,年額200万円（税抜）,200,契約期間中,愛知県名古屋市港区野跡4-11-12,地図を見る,https://www.google.co.jp/maps/search/愛知県名古屋市港区野跡4-11-12,136.8510895,35.076644,,非公表,https://www.city.nagoya.jp/jigyou/boshu/1014218/index.html,2022年4月～,,,,,,,,
名古屋市【名古屋市公会堂】（愛称：岡谷鋼機名古屋公会堂）,岡谷鋼機株式会社,愛知県,文化交流施設,"年額2,000万円（税抜）",2000,契約期間中,愛知県名古屋市昭和区鶴舞1-1-3,地図を見る,https://www.google.co.jp/maps/search/愛知県名古屋市昭和区鶴舞1-1-3,136.9191314,35.1566776,,非公表,https://www.city.nagoya.jp/jigyou/boshu/1014218/index.html,2024年4月～,,,,,,,,
名古屋市【名古屋市芸術創造センター】（愛称：アマノ芸術創造センター名古屋）,アマノホールディングス株式会社,愛知県,文化交流施設,年額590万円（税抜）,590,契約期間中,愛知県名古屋市東区葵1-3-27,地図を見る,https://www.google.co.jp/maps/search/愛知県名古屋市東区葵1-3-27,136.9198938,35.1728428,,非公表,https://www.city.nagoya.jp/jigyou/boshu/1014218/index.html,2025年1月～,,,,,,,,
名古屋市【ＶＲ地震体験車】（愛称：ＮＧＫクロコくんシミュレーター）,日本ガイシ株式会社,愛知県,その他,年額500万円（税抜）,500,契約期間中,愛知県名古屋市港区港明1-12-20（名古屋市港防災センター）,地図を見る,https://www.google.co.jp/maps/search/愛知県名古屋市港区港明1-12-20（名古屋市港防災センター）,136.8853546,35.1080368,,非公表,https://www.city.nagoya.jp/jigyou/boshu/1014218/index.html,2025年4月～,,,,,,,,
名古屋市【川西通歩道橋】（愛称：東海建設株式会社 川西通歩道橋）,東海建設株式会社,愛知県,交通・インフラ,年額30万円（税抜）,30,契約期間中,愛知県名古屋市港区川西通,地図を見る,https://www.google.co.jp/maps/search/愛知県名古屋市港区川西通,136.8601076,35.1137328,3.08,3年1か月（2026年3月1日～2029年3月31日）,https://www.city.nagoya.jp/kurashi/douro/1010455/1010460.html,なし,,,,,,,,
大阪市 【都市公園内における有料スポーツ施設】（愛称：KOKOKU ONLYONE BASEBALL PARK TERADACHO）,学校法人興國学園,大阪府,スポーツ施設,年額55万円（税抜）,55,契約期間中,大阪府大阪市天王寺区寺田町1-5寺田町公園内(寺田町野球場),地図を見る,https://www.google.co.jp/maps/search/大阪府大阪市天王寺区寺田町1-5寺田町公園内(寺田町野球場),135.5205135,34.6523923,3,3年（2026年4月1日?2029年3月31日）,https://www.city.osaka.lg.jp/kensetsu/page/0000675806.html,有料スポーツ施設詳細：野球場、運動場、庭球場,,,,,,,,
大阪市 【道頓堀川・太左衛門橋船着場】（愛称：一本松海運太左衛門橋船着場）,一本松海運株式会社,大阪府,交通・インフラ,年額35万円（税抜）,35,契約期間中,大阪府大阪市中央区宗右衛門町7地先,地図を見る,https://www.google.co.jp/maps/search/大阪府大阪市中央区宗右衛門町7地先,135.5021733,34.6693153,3,3年（2023年10月1日～2026年9月30日）,https://www.city.osaka.lg.jp/kensetsu/page/0000460021.html,なし,,,,,,,,
大阪市 【道頓堀川・湊町船着場】（愛称：一本松海運湊町船着場）,一本松海運株式会社,大阪府,交通・インフラ,"年額101,000円（税抜）",11,契約期間中,大阪府大阪市中央区西心斎橋2-6、15地先,地図を見る,https://www.google.co.jp/maps/search/大阪府大阪市中央区西心斎橋2-6、15地先,135.4991726,34.669233,3,3年（2023年10月1日～2026年9月30日）,https://www.city.osaka.lg.jp/kensetsu/page/0000460021.html,なし,,,,,,,,
大阪市 【道頓堀川・日本橋船着場】（愛称： OSAKA BUS WONDER CRUISE 日本橋船着場）,大阪バスワンダークルーズ株式会社,大阪府,交通・インフラ,"年額169,900円（税抜）",17,契約期間中,大阪府大阪市中央区道頓堀1丁目1地先,地図を見る,https://www.google.co.jp/maps/search/大阪府大阪市中央区道頓堀1丁目1地先,135.5048383,34.6688649,3,3年（2023年12月1日～2026年11月30日）,https://www.city.osaka.lg.jp/kensetsu/page/0000611920.html,なし,,,,,,,,
大阪市 【天王寺スポーツセンター】（愛称：あい健康スポーツセンター 天王寺）,株式会社あい・グループ,大阪府,スポーツ施設,年額100万円（税抜）,100,契約期間中,大阪府大阪市天王寺区真田山町5-109,地図を見る,https://www.google.co.jp/maps/search/大阪府大阪市天王寺区真田山町5-109,135.5285504,34.6708699,2,2年（2026年4月1日～2028年3月31日）,https://www.city.osaka.lg.jp/keizaisenryaku/page/0000675077.html,なし,,,,,,,,
大阪市 【真田山プール】（愛称：あい健康プール 真田山）,株式会社あい・グループ,大阪府,スポーツ施設,年額100万円（税抜）,100,契約期間中,大阪府大阪市天王寺区真田山町5-109,地図を見る,https://www.google.co.jp/maps/search/大阪府大阪市天王寺区真田山町5-109,135.5285504,34.6708699,2,2年（2026年4月1日～2028年3月31日）,https://www.city.osaka.lg.jp/keizaisenryaku/page/0000675077.html,なし,,,,,,,,
大阪市 【都島区民センター】（愛称：まるよし精肉店 都島区民センター）,株式会社MRホールディングス,大阪府,文化交流施設,年額12万円（税抜）,12,契約期間中,大阪府大阪市都島区中野町2-16-25,地図を見る,https://www.google.co.jp/maps/search/大阪府大阪市都島区中野町2-16-25,135.5279928,34.7009024,5,5年（2024年4月1日～2029年3月31日）,https://www.city.osaka.lg.jp/miyakojima/page/0000621526.html,なし,,,,,,,,
大阪市 【福島区民センター】（愛称：株式会社NORBDENCE福島区民センター）,株式会社ノーブデンス,大阪府,文化交流施設,年額15万円（税抜）,15,契約期間中,大阪府大阪市福島区吉野3-17-23,地図を見る,https://www.google.co.jp/maps/search/大阪府大阪市福島区吉野3-17-23,135.4731326,34.6914785,5,5年（2025年4月1日～2030年3月31日）,https://www.city.osaka.lg.jp/fukushima/page/0000649336.html,なし,,,,,,,,
大阪市 【鶴見区民センター 大ホール】（愛称：つるみ日建ホール）,日建産業株式会社,大阪府,文化交流施設,非公表,,契約期間中,大阪府大阪市鶴見区横堤5-3-15,地図を見る,https://www.google.co.jp/maps/search/大阪府大阪市鶴見区横堤5-3-15,135.5734858,34.7042386,5,5年（2025年4月1日～2030年3月31日）,https://www.city.osaka.lg.jp/tsurumi/cmsfiles/contents/0000650/650392/05_12.pdf,なし,,,,,,,,
大阪市 【南港中央野球場】（愛称：GOSANDO南港野球場）,株式会社渡辺護三堂,大阪府,スポーツ施設,年額100万円（税抜）,100,契約期間中,大阪府大阪市住之江区南港東8-5-132,地図を見る,https://www.google.co.jp/maps/search/大阪府大阪市住之江区南港東8-5-132,135.4323747,34.6306146,2,2年（2025年3月1日～2027年2月28日）,https://www.city.osaka.lg.jp/keizaisenryaku/page/0000644919.html,なし,,,,,,,,
横浜市 【みなと大通りデッキ】（愛称：エフィラデッキ）,エフィラグループ株式会社,神奈川県,交通・インフラ,年額202万円（税抜）,202,契約期間中,神奈川県横浜市中区真砂町1-1,地図を見る,https://www.google.co.jp/maps/search/神奈川県横浜市中区真砂町1-1,139.6381158,35.4437457,5,5年（2026年3月19日～2031年3月18日）,https://www.city.yokohama.lg.jp/kurashi/machizukuri-kankyo/toshiseibi/naming/toshiseibi-naming.html,地域貢献として、みなと大通りデッキの清掃活動含む,,,,,,,,
横浜市 【南本牧第５ブロック廃棄物最終処分場排水処理施設】（愛称：Kanadevia横浜水循環ステーション）,カナデビア株式会社,神奈川県,交通・インフラ,年額50万円（税抜）,50,契約期間中,神奈川県横浜市中区南本牧3番1、4番1地先,地図を見る,https://www.google.co.jp/maps/search/神奈川県横浜市中区南本牧3番1、4番1地先,139.6854609,35.4072351,5,5年（2026年4月1日～2031年3月31日）,https://www.city.yokohama.lg.jp/kurashi/sumai-kurashi/gomi-recycle/shokai/saishu/namingrights.html,なし,,,,,,,,
横浜市【横浜国際総合競技場】（愛称：日産スタジアム）,日産自動車株式会社,神奈川県,スポーツ施設,"年額1億3,000万円（税抜）",13000,契約期間中,神奈川県横浜市港北区小机町3300,地図を見る,https://www.google.co.jp/maps/search/神奈川県横浜市港北区小机町3300,139.6082893,35.5104504,5,5年（2026年3月1日～2031年2月28日）,https://www.city.yokohama.lg.jp/business/kyoso/private-fund/naming-rights/case.html#nissan,小机競技場 愛称：日産フィールド小机 スポーツコミュニティプラザ 愛称：日産ウォーターパーク 含む,,,,,,,,
横浜市【三ツ沢球技場】（愛称：ニッパツ三ツ沢球技場）,日本発条株式会社,神奈川県,スポーツ施設,"年額4,000万円（税抜）",4000,契約期間中,神奈川県横浜市神奈川区三ツ沢西町3?1,地図を見る,https://www.google.co.jp/maps/search/神奈川県横浜市神奈川区三ツ沢西町3?1,139.6065774,35.4693251,5,5年（2026年3月1日～2031年2月28日）,https://www.city.yokohama.lg.jp/business/kyoso/private-fund/naming-rights/case.html#nissan,なし,,,,,,,,
横浜市【横浜こども科学館】（愛称：はまぎん こども宇宙科学館）,株式会社横浜銀行,神奈川県,スポーツ施設,"年額1,700万円（税抜）",1700,契約期間中,神奈川県横浜市磯子区洋光台5-2-1,地図を見る,https://www.google.co.jp/maps/search/神奈川県横浜市磯子区洋光台5-2-1,139.5948671,35.3770749,5,5年（2024年4月1日～2029年3月31日）,https://www.city.yokohama.lg.jp/business/kyoso/private-fund/naming-rights/case.html#nissan,なし,,,,,,,,
横浜市【俣野公園野球場】（愛称：俣野公園・横浜薬大スタジアム）,学校法人都築第一学園横浜薬科大学,神奈川県,スポーツ施設,"年額1,000万円（税抜）",1000,契約期間中,神奈川県横浜市戸塚区俣野町1367-1,地図を見る,https://www.google.co.jp/maps/search/神奈川県横浜市戸塚区俣野町1367-1,139.4934467,35.3858508,10,10年（2019年8月1日～2029年7月31日）,https://www.city.yokohama.lg.jp/business/kyoso/private-fund/naming-rights/case.html#nissan,なし,,,,,,,,
横浜市 【横浜市市道高島台第171号線（横浜駅ポートサイド人道橋）】（愛称：ベイクォーターウォーク）,横浜ダイヤビルマネジメント株式会社,神奈川県,交通・インフラ,年額224万円（税抜）,224,契約期間中,神奈川県横浜市神奈川区高島台17-1付近,地図を見る,https://www.google.co.jp/maps/search/神奈川県横浜市神奈川区高島台17-1付近,139.6215708,35.4721618,5,5年（2025年4月1日～2030年3月31日）,https://www.city.yokohama.lg.jp/business/kyoso/private-fund/naming-rights/case.html#nissan,なし,,,,,,,,
横浜市 【横浜市新港パーク】（愛称：カップヌードルミュージアムパーク）,日清食品ホールディングス株式会社,神奈川県,公園・屋外空間,年額500万円（税抜）,500,契約期間中,神奈川県横浜市中区新港2-6,地図を見る,https://www.google.co.jp/maps/search/神奈川県横浜市中区新港2-6,139.6389058,35.4563423,10,10年（2022年8月1日～2032年7月31日）,https://www.city.yokohama.lg.jp/business/kyoso/private-fund/naming-rights/case.html#nissan,なし,,,,,,,,
横浜市【戸塚駅西口歩道橋】（愛称：トツカーナ東急プラザデッキ）,戸塚西口共同ビル管理組合,神奈川県,交通・インフラ,年額30万円（税抜）,30,契約期間中,神奈川県横浜市戸塚区戸塚町16-19,地図を見る,https://www.google.co.jp/maps/search/神奈川県横浜市戸塚区戸塚町16-19,139.5326301,35.3996876,5,5年（2025年4月1日～2030年3月31日）,https://www.city.yokohama.lg.jp/business/kyoso/private-fund/naming-rights/case.html#nissan,なし,,,,,,,,
横浜市【戸塚西口バスセンター歩道橋】（愛称：トツカーナデッキ）,戸塚西口共同ビル管理組合,神奈川県,交通・インフラ,年額30万円（税抜）,30,契約期間中,神奈川県横浜市戸塚区戸塚町16-18,地図を見る,https://www.google.co.jp/maps/search/神奈川県横浜市戸塚区戸塚町16-18,139.5334877,35.4000261,5,5年（2025年4月1日～2030年3月31日）,https://www.city.yokohama.lg.jp/business/kyoso/private-fund/naming-rights/case.html#nissan,戸塚西口バスセンター歩道橋 愛称：サクラスデッキ 含む,,,,,,,,
横浜市【新子安歩道橋】（愛称：ティースホワイト横浜デンタルクリニック新子安歩道橋）,医療法人翔雄会,神奈川県,交通・インフラ,年額30万円（税抜）,30,契約期間中,神奈川県横浜市神奈川区子安台1付近,地図を見る,https://www.google.co.jp/maps/search/神奈川県横浜市神奈川区子安台1付近,139.6586012,35.4918394,5,5年（2025年4月1日～2030年3月31日）,https://www.city.yokohama.lg.jp/business/kyoso/private-fund/naming-rights/case.html#nissan,なし,,,,,,,,
横浜市【長津田駅北口歩道橋】（愛称：マルサンスカイウォーク）,株式会社 丸産技研,神奈川県,交通・インフラ,年額30万円（税抜）,30,契約期間中,神奈川県横浜市緑区長津田4-2-22近辺,地図を見る,https://www.google.co.jp/maps/search/神奈川県横浜市緑区長津田4-2-22近辺,139.4952613,35.5324901,5,5年（2024年4月1日～2029年3月31日）,https://www.city.yokohama.lg.jp/business/kyoso/private-fund/naming-rights/case.html#nissan,なし,,,,,,,,
横浜市【桜木町駅前歩道橋】（愛称：シルバーリボンデッキ）,一般社団法人SOCIAL NEXT,神奈川県,交通・インフラ,年額30万円（税抜）,30,契約期間中,神奈川県横浜市中区桜木町１,地図を見る,https://www.google.co.jp/maps/search/神奈川県横浜市中区桜木町１,139.6318202,35.4512036,4.92,4年11か月（2022年5月1日～2027年3月31日）,https://www.city.yokohama.lg.jp/business/kyoso/private-fund/naming-rights/case.html#nissan,なし,,,,,,,,
横浜市【三ッ沢歩道橋】（愛称：Honda Cars 横浜 三ッ沢歩道橋）,株式会社ホンダカーズ横浜,神奈川県,交通・インフラ,年額30万円（税抜）,30,契約期間中,神奈川県横浜市保土ケ谷区岡沢町,地図を見る,https://www.google.co.jp/maps/search/神奈川県横浜市保土ケ谷区岡沢町,139.5986796,35.4712067,4.92,4年11か月（2023年5月1日～2028年3月31日）,https://www.city.yokohama.lg.jp/business/kyoso/private-fund/naming-rights/case.html#nissan,なし,,,,,,,,
横浜市【都筑区民文化センター】（愛称：ボッシュホール）,ボッシュ株式会社,神奈川県,文化交流施設,"年額1,100万円（税抜）",1100,契約期間中,神奈川県横浜市都筑区中川中央1-9-33,地図を見る,https://www.google.co.jp/maps/search/神奈川県横浜市都筑区中川中央1-9-33,139.5768859,35.5513859,10.25,10年3か月（2025年1月1日～2035年3月31日）,https://www.city.yokohama.lg.jp/business/kyoso/private-fund/naming-rights/case.html#nissan,なし,,,,,,,,
横浜市【都筑区総合庁舎区民ホール大型ＬＥＤビジョン】（愛称：B-COR i ビジョン～あなたのiはなんですか～）,株式会社横浜ビー・コルセアーズ、ウエインズトヨタ神奈川株式会社,神奈川県,その他,年額22万円（税抜）,22,契約期間中,神奈川県横浜市都筑区茅ケ崎中央32,地図を見る,https://www.google.co.jp/maps/search/神奈川県横浜市都筑区茅ケ崎中央32,139.5705092,35.5441326,3,3年（2025年3月20日～2028年3月19日）,https://www.city.yokohama.lg.jp/business/kyoso/private-fund/naming-rights/case.html#nissan,なし,,,,,,,,
横浜市 【鶴見区本町通測定局 他26局】（愛称：デスポ鶴見区本町通測定局）,株式会社デスポ,神奈川県,その他,"年額495,000円（税抜）",50,契約期間中,神奈川県横浜市鶴見区本町通4-171-23,地図を見る,https://www.google.co.jp/maps/search/神奈川県横浜市鶴見区本町通4-171-23,139.6850509,35.5003388,3,3年（2025年4月1日～2028年3月31日）,https://www.city.yokohama.lg.jp/business/kyoso/private-fund/naming-rights/case.html#nissan,なし,,,,,,,,
横浜市 【横浜市資源循環局金沢工場】（愛称：ＪＦＥ横浜金沢マリンエネルギーセンター）,ＪＦＥエンジニアリング株式会社,神奈川県,交通・インフラ,年額77万円（税抜）,77,契約期間中,神奈川県横浜市金沢区幸浦2-7-1,地図を見る,https://www.google.co.jp/maps/search/神奈川県横浜市金沢区幸浦2-7-1,139.6504971,35.362097,5,5年（2025年4月1日～2030年3月31日）,https://www.city.yokohama.lg.jp/business/kyoso/private-fund/naming-rights/case.html#nissan,なし,,,,,,,,
横浜市 【新横浜駅北口歩道橋】（愛称：ＡＭＡＮＯ サークルウォーク）,アマノ株式会社,神奈川県,交通・インフラ,年額396万円（税抜）,396,契約期間中,神奈川県横浜市港北区新横浜2～3,地図を見る,https://www.google.co.jp/maps/search/神奈川県横浜市港北区新横浜2～3,139.6116114,35.5072939,4.83,4年10か月（2025年6月1日～2030年3月31日）,https://www.city.yokohama.lg.jp/business/kyoso/private-fund/naming-rights/case.html#nissan,なし,,,,,,,,
横浜市【たきがしら会館】（愛称：ウエインズたきがしら会館）,ウエインズトヨタ神奈川株式会社,神奈川県,文化交流施設,年額77万円（税抜）,77,契約期間中,神奈川県横浜市磯子区滝頭3-1-68,地図を見る,https://www.google.co.jp/maps/search/神奈川県横浜市磯子区滝頭3-1-68,139.6241346,35.4207032,2.5,2年6か月（2025年10月1日～2028年3月31日）,https://www.city.yokohama.lg.jp/business/kyoso/private-fund/naming-rights/case.html#nissan,なし,,,,,,,,
京都市【西京極野球場】（愛称：わかさスタジアム京都）,株式会社わかさ生活,京都府,スポーツ施設,"年額22,727,273円（税抜）",2273,契約期間中,京都府京都市右京区西京極新明町29,地図を見る,https://www.google.co.jp/maps/search/京都府京都市右京区西京極新明町29,135.712438,34.9937522,20,20年（2009年4月～2029年3月）,https://www.city.kyoto.lg.jp/gyozai/page/0000125254.html,なし,,,,,,,,
京都市【京都会館】（愛称：ロームシアター京都）,ローム株式会社,京都府,文化交流施設,年額1億円（税抜）,10000,契約期間中,京都府京都市左京区岡崎最勝寺町13,地図を見る,https://www.google.co.jp/maps/search/京都府京都市左京区岡崎最勝寺町13,135.7808027,35.0143505,50,50年（2016年1月～2066年1月）,https://www.city.kyoto.lg.jp/gyozai/page/0000125254.html,なし,,,,,,,,
京都市【深草西浦中公園】（愛称：JCL西浦中公園）,株式会社JCL,京都府,公園・屋外空間,"年額272,727円（税抜）",28,契約期間中,京都府京都市伏見区深草西浦町3-30-30,地図を見る,https://www.google.co.jp/maps/search/京都府京都市伏見区深草西浦町3-30-30,135.7652108,34.9600864,20,20年（2013年4月～2033年3月）,https://www.city.kyoto.lg.jp/gyozai/page/0000125254.html,なし,,,,,,,,
京都市【岡崎グラウンド西南角公衆トイレ】（愛称：京都ココログループのトイレ）,株式会社豊かな気持ち,京都府,公園・屋外空間,年額10万円（税抜）,10,契約期間中,京都府京都市左京区岡崎最勝寺町,地図を見る,https://www.google.co.jp/maps/search/京都府京都市左京区岡崎最勝寺町,135.7820191,35.0144129,3,3年（2025年4月～2028年4月）,https://www.city.kyoto.lg.jp/gyozai/page/0000125254.html,なし,,,,,,,,
京都市【清水坂観光駐車場東公衆トイレ】（愛称：蛇口屋稼業 因（かくだい） 東司（とうす））,株式会社カクダイ,京都府,公園・屋外空間,年額10万円（税抜）,10,契約期間中,京都府京都市東山区清水2-211-1,地図を見る,https://www.google.co.jp/maps/search/京都府京都市東山区清水2-211-1,135.7802819,34.9963653,3,3年（2025年4月～2028年4月）,https://www.city.kyoto.lg.jp/gyozai/page/0000125254.html,なし,,,,,,,,
京都市【京都市美術館】（愛称：京都市京セラ美術館）,京セラ株式会社,京都府,文化交流施設,年額1億円（税抜）,10000,契約期間中,京都府京都市左京区岡崎円勝寺町124,地図を見る,https://www.google.co.jp/maps/search/京都府京都市左京区岡崎円勝寺町124,135.7841327,35.0132305,50,50年（2020年5月～2070年5月）,https://www.city.kyoto.lg.jp/gyozai/page/0000125254.html,なし,,,,,,,,
京都市【京都市宝が池公園運動施設フットサルコート】 （愛称：大和ハウスパーキング京都市宝が池フットサルコート）,大和ハウスパーキング株式会社,京都府,スポーツ施設,年額0円（税抜）,0,契約期間中,京都府京都市左京区松ケ崎東池ノ内町2,地図を見る,https://www.google.co.jp/maps/search/京都府京都市左京区松ケ崎東池ノ内町2,135.7762721,35.0543341,10,10年（2018年10月～2028年9月）,https://www.city.kyoto.lg.jp/gyozai/page/0000125254.html,人工芝全面張替え開始後2年間で3回の無償メンテナンス,,,,,,,,
京都市【西京極総合運動公園陸上競技場兼球技場】（愛称：たけびしスタジアム京都）,株式会社たけびし,京都府,スポーツ施設,"年額4,000万円（税抜）",4000,契約期間中,京都府京都市右京区西京極新明町29,地図を見る,https://www.google.co.jp/maps/search/京都府京都市右京区西京極新明町29,135.712438,34.9937522,10,10年（2019年8月～2029年7月）,https://www.city.kyoto.lg.jp/gyozai/page/0000125254.html,なし,,,,,,,,
京都市【伏見桃山城運動公園野球場】（愛称：アイアイ伏見桃山スタジアム）,株式会社アイアイ,京都府,スポーツ施設,"年額1,818,182円（税抜）",182,契約期間中,京都府京都市伏見区桃山町大蔵45,地図を見る,https://www.google.co.jp/maps/search/京都府京都市伏見区桃山町大蔵45,135.7768871,34.9394901,5,5年（2023年3月～2028年2月）,https://www.city.kyoto.lg.jp/gyozai/page/0000125254.html,なし,,,,,,,,
京都市【吉祥院公園球技場】（愛称：SBSロジコム吉祥院公園球技場）,SBSロジコム株式会社,京都府,スポーツ施設,年額100万円（税抜）,100,契約期間中,京都府京都市南区吉祥院新田下ノ向町,地図を見る,https://www.google.co.jp/maps/search/京都府京都市南区吉祥院新田下ノ向町,135.7230846,34.971053,3,3年（2026年1月～2028年12月）,https://www.city.kyoto.lg.jp/gyozai/page/0000125254.html,なし,,,,,,,,
京都市【西京極総合運動公園補助競技場】（愛称：東寺ハウジングフィールド西京極）,株式会社東寺ハウジング,京都府,スポーツ施設,年額100万円（税抜）,100,契約期間中,京都府京都市右京区西京極新明町29,地図を見る,https://www.google.co.jp/maps/search/京都府京都市右京区西京極新明町29,135.712438,34.9937522,5,5年（2023年1月～2027年12月）,https://www.city.kyoto.lg.jp/gyozai/page/0000125254.html,なし,,,,,,,,
京都市【須釜公園】（愛称：増田医科器械ふれあい公園）,株式会社増田医科器械,京都府,公園・屋外空間,年額50万円（税抜）,50,契約期間中,京都府京都市伏見区下鳥羽葭田町132,地図を見る,https://www.google.co.jp/maps/search/京都府京都市伏見区下鳥羽葭田町132,135.7490433,34.9361759,10,10年（2023年12月～2033年12月）,https://www.city.kyoto.lg.jp/gyozai/page/0000125254.html,なし,,,,,,,,
京都市 【西京極総合運動公園プール兼アイススケートリンク】（愛称：大興設備開発 京都アクアリーナ）,株式会社大興設備開発,京都府,スポーツ施設,年額500万円（税抜）,500,契約期間中,京都府京都市右京区西京極徳大寺団子田町64,地図を見る,https://www.google.co.jp/maps/search/京都府京都市右京区西京極徳大寺団子田町64,135.7159818,34.9889076,3,3年（2026年4月1日～2029年3月31日）,https://www.city.kyoto.lg.jp/bunshi/page/0000351243.html,なし,,,,,,,,
岡山市 【水道局前歩道橋】（愛称：（株）GIKEN夢へのかけはし 水道局前歩道橋）,株式会社GIKEN,岡山県,交通・インフラ,年額58万円（税抜）,58,契約期間中,岡山県岡山市北区鹿田町二丁目周辺,地図を見る,https://www.google.co.jp/maps/search/岡山県岡山市北区鹿田町二丁目周辺,133.9192339,34.6506747,4.58,4年7か月（2025年9月1日～2030年3月31日）,https://www.city.okayama.jp/0000073472.html,地域貢献活動計画の下記内容含む 1.陸橋の簡易点検を実施し、専門知識に基づいた情報提供を行う。(年1回) 2.地元の学生を対象とした建設現場見学会を行い、建設業への関心を育む。(年1回) 3.陸橋周辺の清掃活動を実施し、地域美化と住民交流を促進する。また、地域イベントにも積極的に参加する。(月1回),,,,,,,,
岡山市 【豊成歩道橋】（愛称：（株）GIKEN夢へのかけはし 豊成歩道橋）,株式会社GIKEN,岡山県,交通・インフラ,年額38万円（税抜）,38,契約期間中,岡山県岡山市南区豊成周辺,地図を見る,https://www.google.co.jp/maps/search/岡山県岡山市南区豊成周辺,133.9281786,34.6281802,4.58,4年7か月（2025年9月1日～2030年3月31日）,https://www.city.okayama.jp/0000073472.html,地域貢献活動計画の下記内容含む 1.陸橋の簡易点検を実施し、専門知識に基づいた情報提供を行う。(年1回) 2.地元の学生を対象とした建設現場見学会を行い、建設業への関心を育む。(年1回) 3.陸橋周辺の清掃活動を実施し、地域美化と住民交流を促進する。また、地域イベントにも積極的に参加する。(月1回),,,,,,,,
岡山市 【幸町歩道橋】（愛称：（株）東京リーガルマインド 岡山本校 合格のLEC幸町歩道橋）,株式会社東京リーガルマインド,岡山県,交通・インフラ,年額59万円（税抜）,59,契約期間中,岡山県岡山市北区幸町周辺,地図を見る,https://www.google.co.jp/maps/search/岡山県岡山市北区幸町周辺,133.9204266,34.6613274,4.58,4年7か月（2025年9月1日～2030年3月31日）,https://www.city.okayama.jp/0000073472.html,地域貢献活動計画の下記内容含む 1.横断道橋とその周辺の歩道の清掃活動と点検を実施(月1回) 2.SDGsの活動などに積極的に参加 3.おかやまマラソンのイベントへの社員やその家族の参加または応援等により地域貢献する。 4.地域貢献ができる周年イベントなど不定期でイベント実施（講演会等） 5.合格橋として、岡山市の新たな風物詩となるようアピールする。（SNS等へアップする） 6.岡山市が主催するボランティアなどに参加,,,,,,,,
岡山市 【西古松横断歩道橋 】（愛称：税理士法人 おかやま創研 西古松横断歩道橋 ）,税理士法人おかやま創研,岡山県,交通・インフラ,"年額607,000円（税抜）",61,契約期間中,岡山県岡山市北区西古松,地図を見る,https://www.google.co.jp/maps/search/岡山県岡山市北区西古松,133.9090946,34.6479662,4.58,4年7か月（2025年9月1日～2030年3月31日）,https://www.city.okayama.jp/0000073472.html,地域貢献活動計画の下記内容含む 1.歩道橋と周辺の歩道の清掃活動 2.歩道橋を利用する小学生の見守り 3.災害時の一時避難所として事務所、駐車場の提供 4大元学区スポーツ協会が実施するスポーツイベントへの参加 5サマーフェスタおおもと（大元学区の夏祭り）の協賛,,,,,,,,
岡山市 【平福歩道橋】（愛称：総合解体工事業 安田産業株式会社 平福歩道橋）,安田産業株式会社,岡山県,交通・インフラ,年額50万円（税抜）,50,契約期間中,岡山県岡山市南区平福周辺,地図を見る,https://www.google.co.jp/maps/search/岡山県岡山市南区平福周辺,133.9496391,34.6185111,4.58,4年7か月（2025年9月1日～2030年3月31日）,https://www.city.okayama.jp/0000073472.html,地域貢献活動計画の下記内容含む 1.定期的に歩道橋と周辺の清掃・美化活動を行う。 2.岡山県産業資源循環協会での貝殻山清掃。 3.岡山再生資源事業協同組合での六番川清掃。,,,,,,,,
広島市 【東区民文化センター館】（愛称：マリモホールディングス東区民文化センター）,株式会社マリモホールディングス,広島県,文化交流施設,年額100万円（税抜）／1施設,100,契約期間中,広島県広島市東区東蟹屋町10-31,地図を見る,https://www.google.co.jp/maps/search/広島県広島市東区東蟹屋町10-31,132.4837355,34.3954034,4,4年（2026年4月1日～2030年3月31日）,https://www.city.hiroshima.lg.jp/tourism-culture/history/1026883/1020569.html,東区図書館 愛称：マリモホールディングス東区図書館 含む,,,,,,,,
広島市 【安芸区民文化センター】（愛称：マリモホールディングス安芸区民文化センター）,株式会社マリモホールディングス,広島県,文化交流施設,年額100万円（税抜）／1施設,100,契約期間中,広島県広島市安芸区船越南3-2-16,地図を見る,https://www.google.co.jp/maps/search/広島県広島市安芸区船越南3-2-16,132.5267921,34.372102,4,4年（2026年4月1日～2030年3月31日）,https://www.city.hiroshima.lg.jp/tourism-culture/history/1026883/1020569.html,安芸区図書館 愛称：マリモホールディングス安芸区図書館 含む,,,,,,,,
広島市 【アステールプラザ】（愛称：JMSアステールプラザ）,株式会社ジェイ・エム・エス,広島県,文化交流施設,非公表,,契約期間中,広島県広島市中区加古町4-17,地図を見る,https://www.google.co.jp/maps/search/広島県広島市中区加古町4-17,132.4480621,34.3877739,5,5年（2025年4月～2030年3月）,https://www.city.hiroshima.lg.jp/shisei/zaisei/1027452/1027454/1019026.html,なし,,,,,,,,
広島市 【広島市まちづくり市民交流プラザ】（愛称：合人社ウェンディひと・まちプラザ）,株式会社合人社計画研究所,広島県,文化交流施設,非公表,,契約期間中,広島県広島市中区袋町6-36,地図を見る,https://www.google.co.jp/maps/search/広島県広島市中区袋町6-36,132.4590305,34.3913692,5,5年（2025年4月～2030年3月）,https://www.city.hiroshima.lg.jp/shisei/zaisei/1027452/1027454/1019026.html,なし,,,,,,,,
広島市 【広島市交通科学館】（愛称：ヌマジ交通ミュージアム）,株式会社アフィス,広島県,文化交流施設,非公表,,契約期間中,広島県広島市安佐南区長楽寺2-12-2,地図を見る,https://www.google.co.jp/maps/search/広島県広島市安佐南区長楽寺2-12-2,132.4282309,34.4706214,3,3年（2024年4月～2027年3月）,https://www.city.hiroshima.lg.jp/shisei/zaisei/1027452/1027454/1019026.html,なし,,,,,,,,
広島市 【広島市こども文化科学館】（愛称：5－Daysこども図書館）,株式会社5コーポレーション,広島県,教育施設等,非公表,,契約期間中,広島県広島市中区基町5-83,地図を見る,https://www.google.co.jp/maps/search/広島県広島市中区基町5-83,132.4537187,34.3985476,3,3年（2023年9月～2026年8月）,https://www.city.hiroshima.lg.jp/shisei/zaisei/1027452/1027454/1019026.html,広島市こども図書館 愛称：5－Daysこども図書館含む,,,,,,,,
広島市 【広島市西区民文化センター】（愛称：コジマホールディングス西区民文化センター）,株式会社コジマホールディングス,広島県,文化交流施設,非公表,,契約期間中,広島県広島市西区横川新町6-1,地図を見る,https://www.google.co.jp/maps/search/広島県広島市西区横川新町6-1,132.4486265,34.4087622,5,5年（2025年4月～2030年3月）,https://www.city.hiroshima.lg.jp/shisei/zaisei/1027452/1027454/1019026.html,広島市立西区図書館 愛称：コジマホールディングス西区図書館 含む,,,,,,,,
広島市 【広島市安佐南区民文化センター】（愛称：マエダハウジング安佐南区民文化センター）,株式会社マエダハウジング,広島県,文化交流施設,非公表,,契約期間中,広島県広島市安佐南区中筋1-22-17,地図を見る,https://www.google.co.jp/maps/search/広島県広島市安佐南区中筋1-22-17,132.4745112,34.4516477,5,5年（2025年4月～2030年3月）,https://www.city.hiroshima.lg.jp/shisei/zaisei/1027452/1027454/1019026.html,広島市立安佐南区図書館 愛称：マエダハウジング安佐南区図書館含む,,,,,,,,
広島市 【広島市似島歓迎交流センター】（愛称：ユーハイム似島歓迎交流センター）,株式会社ユーハイム,広島県,文化交流施設,非公表,,契約期間中,広島県広島市南区似島町字東大谷182,地図を見る,https://www.google.co.jp/maps/search/広島県広島市南区似島町字東大谷182,132.4398175,34.3086315,5,5年（2024年4月～2029年3月）,https://www.city.hiroshima.lg.jp/shisei/zaisei/1027452/1027454/1019026.html,なし,,,,,,,,
広島市 【広島市民球場】（愛称：MAZDA Zoom-Zoomスタジアム広島）,マツダ株式会社,広島県,スポーツ施設,年額2億2千万円（税抜）,22000,契約期間中,広島県広島市南区南蟹屋2-3-1,地図を見る,https://www.google.co.jp/maps/search/広島県広島市南区南蟹屋2-3-1,132.4845782,34.391273,5,5年（2024年4月1日～2029年3月31日）,https://www.city.hiroshima.lg.jp/shisei/kouhou/1004010/1027481/1005638/1005671.html,契約更新,,,,,,,,
広島市 【広島サッカースタジアム】（愛称：EDION PEACE WING HIROSHIMA）,株式会社エディオン,広島県,スポーツ施設,"年額90,909,091円（税抜）",9091,契約期間中,広島県広島市中区基町15-2-1,地図を見る,https://www.google.co.jp/maps/search/広島県広島市中区基町15-2-1,132.4544066,34.4014885,10,10年（2024年2月～2034年1月）,https://www.city.hiroshima.lg.jp/business/kassei/1021942/1026864/1020212.html,なし,,,,,,,,
広島市 【広島広域公園陸上競技場】（愛称：ホットスタッフフィールド広島）,株式会社ホットスタッフ広島,広島県,スポーツ施設,"年額6,545,455円（税抜）",655,契約期間中,広島県広島市安佐南区大塚西5-1-1,地図を見る,https://www.google.co.jp/maps/search/広島県広島市安佐南区大塚西5-1-1,132.3941172,34.444006,6,6年（2024年3月1日～2030年2月28日）,https://www.city.hiroshima.lg.jp/living/park-green/1005983/1026355/1018228.html,なし,,,,,,,,
広島市 【広島広域公園第一球技場】（愛称：サンフレッチェビレッジ広島第一球技場）,株式会社サンフレッチェ広島,広島県,スポーツ施設,年額220万円（税抜）,220,契約期間中,広島県広島市安佐南区大塚西5-1-1,地図を見る,https://www.google.co.jp/maps/search/広島県広島市安佐南区大塚西5-1-1,132.3941172,34.444006,5,5年（2024年6月1日～2029年5月31日）,https://www.city.hiroshima.lg.jp/living/park-green/1005983/1026355/1018230.html,なし,,,,,,,,
広島市 【広島市中央庭球場】（愛称：広島翔洋テニスコート）,学校法人広島白鳩学園,広島県,スポーツ施設,非公表,,契約期間中,広島県広島市中区基町2-18,地図を見る,https://www.google.co.jp/maps/search/広島県広島市中区基町2-18,132.4601261,34.3982518,5,5年（2025年4月～2030年3月）,https://www.city.hiroshima.lg.jp/shisei/zaisei/1027452/1027454/1019026.html,なし,,,,,,,,
広島市 【広島市中区スポーツセンター】（愛称：コジマホールディングス中区スポーツセンター）,株式会社コジマホールディングス,広島県,スポーツ施設,非公表,,契約期間中,広島県広島市中区千田町3-8-12,地図を見る,https://www.google.co.jp/maps/search/広島県広島市中区千田町3-8-12,132.4571416,34.3757158,5,5年（2025年4月～2030年3月）,https://www.city.hiroshima.lg.jp/shisei/zaisei/1027452/1027454/1019026.html,なし,,,,,,,,
広島市 【広島市総合屋内プール】（愛称：ひろしんビッグウェーブ）,広島信用金庫,広島県,スポーツ施設,非公表,,契約期間中,広島県広島市東区牛田新町1-8-3,地図を見る,https://www.google.co.jp/maps/search/広島県広島市東区牛田新町1-8-3,132.4672051,34.416404,5,5年（2025年4月～2030年3月）,https://www.city.hiroshima.lg.jp/shisei/zaisei/1027452/1027454/1019026.html,なし,,,,,,,,
広島市 【広島市東区スポーツセンター】（愛称：マエダハウジング東区スポーツセンター）,株式会社マエダハウジング,広島県,スポーツ施設,非公表,,契約期間中,広島県広島市東区牛田新町1-8-3,地図を見る,https://www.google.co.jp/maps/search/広島県広島市東区牛田新町1-8-3,132.4672051,34.416404,5,5年（2025年4月～2030年3月）,https://www.city.hiroshima.lg.jp/shisei/zaisei/1027452/1027454/1019026.html,なし,,,,,,,,
広島市 【広島市安佐北区スポーツセンター】（愛称：大和興産安佐北区スポーツセンター）,株式会社大和興産,広島県,スポーツ施設,非公表,,契約期間中,広島県広島市安佐北区深川2-50-1,地図を見る,https://www.google.co.jp/maps/search/広島県広島市安佐北区深川2-50-1,132.5166999,34.4928734,5,5年（2025年4月～2030年3月）,https://www.city.hiroshima.lg.jp/shisei/zaisei/1027452/1027454/1019026.html,なし,,,,,,,,
広島市 【広島市安佐南区スポーツセンター】（愛称：プローバグループ安佐南区スポーツセンター）,株式会社プローバホールディングス,広島県,スポーツ施設,年額100万円（税抜）,100,契約期間中,広島県広島市安佐南区伴東3-13-16,地図を見る,https://www.google.co.jp/maps/search/広島県広島市安佐南区伴東3-13-16,132.4133051,34.469545,5,5年（2025年4月1日～2030年3月31日）,https://www.city.hiroshima.lg.jp/tourism-culture/sports/1021482/1032225.html,なし,,,,,,,,
広島市 【広島市観音新町運動広場】（愛称：内外工業いくえい会観音新町運動広場）,一般社団法人内外いくえい会,広島県,スポーツ施設,年額400万円（税抜）,400,契約期間中,広島県広島市西区観音新町4-10-170-8,地図を見る,https://www.google.co.jp/maps/search/広島県広島市西区観音新町4-10-170-8,132.4191102,34.3704082,5,5年3日（2025年3月29日～2030年3月31日）,https://www.city.hiroshima.lg.jp/shisei/kouhou/1004010/1033044/1033045/1032879.html,なし,,,,,,,,
広島市 【中筋バスターミナル】（愛称：大和興産中筋バスターミナル）,株式会社大和興産,広島県,交通・インフラ,非公表,,契約期間中,広島県広島市安佐南区中筋2-6-12,地図を見る,https://www.google.co.jp/maps/search/広島県広島市安佐南区中筋2-6-12,132.4772296,34.4510067,5,5年（2025年4月～2030年3月）,https://www.city.hiroshima.lg.jp/shisei/zaisei/1027452/1027454/1019026.html,なし,,,,,,,,
広島市 【大町バスターミナル】（愛称：大和興産大町バスターミナル）,株式会社大和興産,広島県,交通・インフラ,非公表,,契約期間中,広島県広島市安佐南区大町東2-9-24,地図を見る,https://www.google.co.jp/maps/search/広島県広島市安佐南区大町東2-9-24,132.4705782,34.4613248,5,5年（2025年4月～2030年3月）,https://www.city.hiroshima.lg.jp/shisei/zaisei/1027452/1027454/1019026.html,なし,,,,,,,,
広島市 【旧広島市民球場跡地イベント広場】 （愛称：HIROSHIMA GATE PARK PLAZA）,エヌ・ティ・ティ都市開発株式会社,広島県,公園・屋外空間,"年額1,950万円（税抜）",1950,契約期間中,広島県広島市中区基町5,地図を見る,https://www.google.co.jp/maps/search/広島県広島市中区基町5,132.4546558,34.3973488,5,5年（2023年3月31日から2028年3月31日）,https://www.city.hiroshima.lg.jp/shisei/zaisei/1027452/1027454/1019026.html,なし,,,,,,,,
広島市 【安佐動物公園こども動物園（ぴーちくパーク）】（愛称：三井のリハウス ぴーちくパーク）,三井不動産リアルティ中国株式会社,広島県,公園・屋外空間,年額330万円（税抜）,330,契約期間中,広島県広島市安佐北区安佐町動物園,地図を見る,https://www.google.co.jp/maps/search/広島県広島市安佐北区安佐町動物園,132.4423749,34.4970887,3,3年（2025年4月～2028年3月）,https://www.city.hiroshima.lg.jp/shisei/kouhou/1004010/1033044/1033046/1036779.html,なし,,,,,,,,
北九州市 【北九州市立桃園市民プール】（愛称：グローバルマーケットアクアパーク桃園）,株式会社 グローバルマーケット,福岡県,スポーツ施設,年額125万円（税抜）,125,契約期間中,福岡県北九州市八幡東区桃園3-1-6,地図を見る,https://www.google.co.jp/maps/search/福岡県北九州市八幡東区桃園3-1-6,130.7811299,33.8661298,5,5年（2025年6月1日～2030年5月31日）,https://www.city.kitakyushu.lg.jp/contents/01600248.html,なし,,,,,,,,
北九州市 【的場池球場】（愛称：福岡トヨタ的場池スタジアム）,福岡トヨタ自動車株式会社,福岡県,スポーツ施設,"年額909,091円（税抜）",91,契約期間中,福岡県北九州市八幡西区的場町2,地図を見る,https://www.google.co.jp/maps/search/福岡県北九州市八幡西区的場町2,130.748252,33.8413666,3,3年（2026年1月20日～2029年1月19日）,https://www.city.kitakyushu.lg.jp/contents/01600301.html,なし,,,,,,,,
北九州市 【小倉南体育館】（愛称：大庭産業アリーナ小倉南）,株式会社大庭産業,福岡県,スポーツ施設,"年額909,091円（税抜）",91,契約期間中,福岡県北九州市小倉南区日の出町2-5-1,地図を見る,https://www.google.co.jp/maps/search/福岡県北九州市小倉南区日の出町2-5-1,130.879145,33.8393141,3,3年（2026年1月20日～2029年1月19日）,https://www.city.kitakyushu.lg.jp/contents/01600301.html,なし,,,,,,,,
北九州市 【浅生スポーツセンター】（愛称：第一警備スポーツセンター戸畑）,第一警備保障株式会社,福岡県,スポーツ施設,年額150万円（税抜）,150,契約期間中,福岡県北九州市戸畑区浅生2-1-1,地図を見る,https://www.google.co.jp/maps/search/福岡県北九州市戸畑区浅生2-1-1,130.82831,33.892539,5,5年（2023年4月1日～2028年3月31日）,https://www.city.kitakyushu.lg.jp/contents/01600301.html,なし,,,,,,,,
北九州市 【本城陸上競技場】（愛称：黒崎播磨陸上競技場 in HONJO）,黒崎播磨株式会社,福岡県,スポーツ施設,"年額3,636,364円（税抜）",364,契約期間中,福岡県北九州市八幡西区御開4-16-1,地図を見る,https://www.google.co.jp/maps/search/福岡県北九州市八幡西区御開4-16-1,130.7309506,33.8902486,3,3年（2023年8月1日～2026年7月31日）,https://www.city.kitakyushu.lg.jp/contents/01600301.html,なし,,,,,,,,
北九州市 【北九州スタジアム】（愛称：ミクニワールドスタジアム北九州）,株式会社 ミクニ,福岡県,スポーツ施設,"年額2,000万円（税抜）",2000,契約期間中,福岡県北九州市小倉北区浅野3-9-33,地図を見る,https://www.google.co.jp/maps/search/福岡県北九州市小倉北区浅野3-9-33,130.8888239,33.8912192,3,3年（2026年2月1日～2029年1月31日）,https://www.city.kitakyushu.lg.jp/contents/01600142.html,契約更新,,,,,,,,
北九州市 【北九州芸術劇場】（愛称：J:COM北九州芸術劇場）,ケーブルテレビ局ジェイコム九州,福岡県,文化交流施設,年額120万円（税抜）,120,契約期間中,福岡県北九州市小倉北区室町1-1-1-11,地図を見る,https://www.google.co.jp/maps/search/福岡県北九州市小倉北区室町1-1-1-11,130.875439,33.8857927,7,7年（2023年4月1日～2030年3月31日）,https://www.city.kitakyushu.lg.jp/files/001133426.pdf,なし,,,,,,,,
北九州市 【北九州市環境ミュージアム】（愛称：タカミヤ環境ミュージアム）,株式会社タカミヤ,福岡県,文化交流施設,"年額909,091円（税抜）",91,契約期間中,福岡県北九州市八幡東区東田2-2-6,地図を見る,https://www.google.co.jp/maps/search/福岡県北九州市八幡東区東田2-2-6,130.8075488,33.8679137,3,3年（2026年4月1日～2029年3月31日）,https://www.city.kitakyushu.lg.jp/contents/00300104.html,なし,,,,,,,,
熊本市 【総合体育館･青年会館】（愛称：ナースパワーアリーナ）,株式会社ナースパワー人材センター,熊本県,スポーツ施設,"年額4,545,455円（税抜）",455,契約期間中,熊本県熊本市中央区出水2-7-1,地図を見る,https://www.google.co.jp/maps/search/熊本県熊本市中央区出水2-7-1,130.7365083,32.7851069,4,4年（2023年4月1日～2027年3月31日）,https://www.city.kumamoto.jp/kiji00346026/index.html,なし,,,,,,,,
函館市 【戸井ウォーターパークオートキャンプ場】（愛称：マルゼンパーク 武井の島オートキャンプ場),株式会社マルゼンシステムズ,北海道,公園・屋外空間,年額10万円（税抜）,10,契約期間中,北海道函館市原木町285-1,地図を見る,https://www.google.co.jp/maps/search/北海道函館市原木町285-1,141.0318285,41.7298257,4,4年（2026年4月1日～2030年3月31日）,https://www.city.hakodate.hokkaido.jp/docs/2025092900098/,なし,,,,,,,,
函館市 【戸井ウォーターパーク温泉保養センター】（愛称：マルゼン温泉 美人の湯）,株式会社マルゼンシステムズ,北海道,その他,年額20万円（税抜）,20,契約期間中,北海道函館市原木町285-1,地図を見る,https://www.google.co.jp/maps/search/北海道函館市原木町285-1,141.0318285,41.7298257,4,4年（2026年4月1日～2030年3月31日）,https://www.city.hakodate.hokkaido.jp/docs/2025092900081/,なし,,,,,,,,
函館市 【亀田交流プラザ】（愛称：北海道ハウスタウンプラザ）,北海道ハウス株式会社,北海道,文化交流施設,年額230万円（税抜）,230,契約期間中,北海道函館市美原1-26-12,地図を見る,https://www.google.co.jp/maps/search/北海道函館市美原1-26-12,140.7522962,41.8150921,4.33,4年4か月（2025年12月1日～2030年3月31日）,https://www.city.hakodate.hokkaido.jp/docs/2025100100137/,なし,,,,,,,,
函館市 【千代台公園野球場】（愛称：テーオーオーシャンスタジアム函館）,株式会社テーオーホールディングス,北海道,スポーツ施設,年額230万円（税抜）,230,契約期間中,北海道函館市千代台町22-26,地図を見る,https://www.google.co.jp/maps/search/北海道函館市千代台町22-26,140.7463338,41.7842433,5.33,5年4か月（2025年12月1日～2031年3月31日）,https://www.city.hakodate.hokkaido.jp/docs/2025080800065/,なし,,,,,,,,
函館市 【千代台公園陸上競技場】（愛称：Hakodate Dock Sports Garden）,函館どつく株式会社,北海道,スポーツ施設,年額200万円（税抜）,200,契約期間中,北海道函館市千代台町22-24,地図を見る,https://www.google.co.jp/maps/search/北海道函館市千代台町22-24,140.7458393,41.7858976,5,5年（2025年12月1日～2030年11月30日）,https://www.city.hakodate.hokkaido.jp/docs/2025100100106/,なし,,,,,,,,
函館市 【函館フットボールパーク】（愛称：うみしんフットボールパーク）,道南うみ街信用金庫,北海道,スポーツ施設,年額250万円（税抜）,250,契約期間中,北海道函館市日吉町4-7,地図を見る,https://www.google.co.jp/maps/search/北海道函館市日吉町4-7,140.7956226,41.803303,4.33,4年4か月（2025年12月1日～2030年3月31日）,https://www.city.hakodate.hokkaido.jp/docs/2025100100113/,なし,,,,,,,,
函館市 【市民プール】（愛称：三和防災アクアウイングプール）,三和防災株式会社,北海道,スポーツ施設,年額190万円（税抜）,190,契約期間中,北海道函館市千代台町22-25,地図を見る,https://www.google.co.jp/maps/search/北海道函館市千代台町22-25,140.7467911,41.786758,3.33,3年4か月（2025年12月1日～2029年3月31日）,https://www.city.hakodate.hokkaido.jp/docs/2025080800102/,なし,,,,,,,,
函館市 【西桔梗野球場】（愛称：どさんこパワースタジアム）,株式会社池見石油店,北海道,スポーツ施設,年額45万円（税抜）,45,契約期間中,北海道函館市西桔梗町252-27,地図を見る,https://www.google.co.jp/maps/search/北海道函館市西桔梗町252-27,140.7145023,41.8294413,4.33,4年4か月（2025年12月1日～2030年3月31日）,https://www.city.hakodate.hokkaido.jp/docs/2025100100120/,なし,,,,,,,,
函館市 【神山児童館】（愛称：どさんこパワー・神山児童館）,株式会社池見石油店,北海道,教育施設等,年額7万円（税抜）,7,契約期間中,北海道函館市神山町241-70,地図を見る,https://www.google.co.jp/maps/search/北海道函館市神山町241-70,140.7638349,41.8213686,4.17,4年2か月（2026年1月20日～2030年3月31日）,https://www.city.hakodate.hokkaido.jp/docs/2025070700047/,なし,,,,,,,,
函館市 【市民会館】（愛称：函館サーモン・まるなまホール）,株式会社古清商店,北海道,文化交流施設,年額1000万円（税抜）,1000,契約期間中,北海道函館市湯川町1-32-1,地図を見る,https://www.google.co.jp/maps/search/北海道函館市湯川町1-32-1,140.7841992,41.7829107,4.17,4年2か月（2026年2月1日～2030年3月31日）,https://www.city.hakodate.hokkaido.jp/docs/2025080800058/,函館アリーナ 愛称：函館サーモン・まるなまアリーナ含む,,,,,,,,
函館市【函館市中央図書館】（愛称：紀の國建設みらい函館市中央図書館）,紀の國建設株式会社,北海道,教育施設等,年額180万円（税抜）,180,契約期間中,北海道函館市五稜郭町26-1,地図を見る,https://www.google.co.jp/maps/search/北海道函館市五稜郭町26-1,140.7535341,41.7983729,4,4年（2026年4月1日～2030年3月31日）,https://www.city.hakodate.hokkaido.jp/docs/2025100800105/,函館市千歳図書室 愛称：紀の國建設みらい函館市千歳図書室 函館市港図書室 愛称：紀の國建設みらい函館市港図書室 函館市湯川図書室 愛称：紀の國建設みらい函館市湯川図書室 函館市旭岡図書室 愛称：紀の國建設みらい函館市旭岡図書室 含む,,,,,,,,
藤沢市【明治市民センター体育室】（愛称：湘南ユナイテッドＢＣ体育室）,株式会社湘南ユナイテッド藤沢,神奈川県,スポーツ施設,"年額196,980円（税抜）",20,契約期間中,神奈川県藤沢市辻堂新町1-11-23,地図を見る,https://www.google.co.jp/maps/search/神奈川県藤沢市辻堂新町1-11-23,139.4493808,35.3403188,3,3年（2025年4月1日?2028年3月31日）,https://www.city.fujisawa.kanagawa.jp/jiti-s2/naming-rights.html,なし,,,,,,,,
藤沢市【遠藤市民センターホール】（愛称：慶育ホール）,医療法人社団健育会湘南慶育病院,神奈川県,文化交流施設,年額20万円（税抜）,20,契約期間中,神奈川県藤沢市遠藤2984-3,地図を見る,https://www.google.co.jp/maps/search/神奈川県藤沢市遠藤2984-3,139.4400483,35.387195,2,2年（2026年3月1日?2028年3月31日）,https://www.city.fujisawa.kanagawa.jp/jiti-s2/press/naming-rights-202602.html,・購入される金額は、地域の特性を生かして実施する「まちづくり事業費」の一部に充当,,,,,,,,
藤沢市【善行市民センター多目的ホール】（愛称：バイオクロマトホール）,株式会社バイオクロマト,神奈川県,文化交流施設,年額20万円（税抜）,20,契約期間中,神奈川県藤沢市善行1-2-3,地図を見る,https://www.google.co.jp/maps/search/神奈川県藤沢市善行1-2-3,139.4728686,35.3610213,3,3年（2025年4月1日?2028年3月31日）,https://www.city.fujisawa.kanagawa.jp/jiti-s2/naming-rights.html,なし,,,,,,,,
藤沢市【湘南台市民センター体育室】（愛称：湘南ユナイテッドＢＣ体育室）,株式会社湘南ユナイテッド藤沢,神奈川県,スポーツ施設,"年額196,980円（税抜）",20,契約期間中,神奈川県藤沢市湘南台1-8,地図を見る,https://www.google.co.jp/maps/search/神奈川県藤沢市湘南台1-8,139.4688468,35.3947681,3,3年（2025年4月1日?2028年3月31日）,https://www.city.fujisawa.kanagawa.jp/jiti-s2/naming-rights.html,なし,,,,,,,,
藤沢市【藤沢市民センター多目的交流ホール（体育室）】（愛称：湘南ユナイテッドＢＣホール）,相鉄・チームふじさわ共同企業体,神奈川県,スポーツ施設,"年額229,091円（税抜）",23,契約期間中,神奈川県藤沢市本町1-12-17,地図を見る,https://www.google.co.jp/maps/search/神奈川県藤沢市本町1-12-17,139.4816313,35.3443211,3,3年（2025年4月1日?2028年3月31日）,https://www.city.fujisawa.kanagawa.jp/jiti-s2/naming-rights.html,なし,,,,,,,,
藤沢市【村岡市民センターホール】（愛称：むらおかえのでんホール）,江ノ島電鉄株式会社,神奈川県,文化交流施設,年額20万円（税抜）,20,契約期間中,神奈川県藤沢市村岡東1-5-17,地図を見る,https://www.google.co.jp/maps/search/神奈川県藤沢市村岡東1-5-17,139.5056941,35.3380141,3,3年（2025年4月1日?2028年3月31日）,https://www.city.fujisawa.kanagawa.jp/jiti-s2/naming-rights.html,なし,,,,,,,,
藤沢市【村岡市民センター体育室】（愛称：湘南ユナイテッドＢＣ体育室）,有限会社工匠,神奈川県,スポーツ施設,"年額210,091円（税抜）",22,契約期間中,神奈川県藤沢市村岡東1-5-17,地図を見る,https://www.google.co.jp/maps/search/神奈川県藤沢市村岡東1-5-17,139.5056941,35.3380141,3,3年（2025年4月1日?2028年3月31日）,https://www.city.fujisawa.kanagawa.jp/jiti-s2/naming-rights.html,なし,,,,,,,,
藤沢市【辻堂市民センター体育室】（愛称：サンキホーム体育室）,サンキホーム株式会社,神奈川県,スポーツ施設,"年額196,000円（税抜）",20,契約期間中,神奈川県藤沢市辻堂西海岸2-1-17,地図を見る,https://www.google.co.jp/maps/search/神奈川県藤沢市辻堂西海岸2-1-17,139.4472017,35.3252304,3,3年（2025年7月1日?2028年3月31日）,https://www.city.fujisawa.kanagawa.jp/jiti-s2/naming-rights.html,なし,,,,,,,,
藤沢市【辻堂市民センターホール】（愛称：サンキホームホール）,サンキホーム株式会社,神奈川県,文化交流施設,"年額196,000円（税抜）",20,契約期間中,神奈川県藤沢市辻堂西海岸2-1-17,地図を見る,https://www.google.co.jp/maps/search/神奈川県藤沢市辻堂西海岸2-1-17,139.4472017,35.3252304,3,3年（2025年7月1日?2028年3月31日）,https://www.city.fujisawa.kanagawa.jp/jiti-s2/naming-rights.html,なし,,,,,,,,
藤沢市【御所見市民センターホール】（愛称：ありあけハーバーホール）,株式会社ありあけ,神奈川県,文化交流施設,年額20万円（税抜）,20,契約期間中,神奈川県藤沢市打戻1760-1,地図を見る,https://www.google.co.jp/maps/search/神奈川県藤沢市打戻1760-1,139.4155096,35.4015208,3,3年（2025年7月1日?2028年3月31日）,https://www.city.fujisawa.kanagawa.jp/jiti-s2/naming-rights.html,なし,,,,,,,,
茅ヶ崎市【中央公園】（愛称：第一カッターきいろ公園）,第一カッター興業株式会社,神奈川県,公園・屋外空間,"年額1,090,909円（税抜）",110,契約期間中,神奈川県茅ヶ崎市茅ヶ崎2-2077-12,地図を見る,https://www.google.co.jp/maps/search/神奈川県茅ヶ崎市茅ヶ崎2-2077-12,139.4065785,35.3351591,5,5年（2026年4月1日～2031年3月31日）,https://www.city.chigasaki.kanagawa.jp/kouen/1039977.html,＜パートナーメリット＞ はたちのつどいを祝う横断幕を設置 ■期間：令和8年1月7日～1月13日 ■内容：横断幕および市内中学校名入りのめくり台（各2か所）を設置,,,,,,,,
茅ヶ崎市【茅ヶ崎市柳島キャンプ場】（愛称：ちがさき柳島キャンプ場）,株式会社塚原緑地研究所,神奈川県,公園・屋外空間,"年額454,545円（税抜）",46,契約期間中,神奈川県茅ヶ崎市柳島海岸1592-1,地図を見る,https://www.google.co.jp/maps/search/神奈川県茅ヶ崎市柳島海岸1592-1,139.3829087,35.3167024,5,5年（2022年4月?2027年3月）,https://www.city.chigasaki.kanagawa.jp/1001878/1037715/index.html,なし,,,,,,,,
茅ヶ崎市【茅ヶ崎市営浜須賀水泳プール】（愛称：はまぷー 浜須賀プール）,ハヤシグループ,神奈川県,スポーツ施設,"年額545,455円（税抜）",55,契約期間中,神奈川県茅ヶ崎市浜須賀18-38,地図を見る,https://www.google.co.jp/maps/search/神奈川県茅ヶ崎市浜須賀18-38,139.4302107,35.3206186,5,5年（2023年4月?2028年3月）,https://www.city.chigasaki.kanagawa.jp/kouen/1058404.html,茅ヶ崎市営殿山水泳プール 愛称：とのぷー 殿山プール含む,,,,,,,,
茅ヶ崎市【茅ヶ崎市屋内温水プール】（愛称：TAC（タック）茅ヶ崎市屋内温水プール）,株式会社東京アスレティッククラブ,神奈川県,スポーツ施設,"年額909,091円（税抜）",91,契約期間中,神奈川県茅ヶ崎市萩園820,地図を見る,https://www.google.co.jp/maps/search/神奈川県茅ヶ崎市萩園820,139.3738033,35.3479491,5,5年（2024年4月?2029年3月）,https://www.city.chigasaki.kanagawa.jp/1001878/1037715/index.html,なし,,,,,,,,
平塚市【平塚競技場】（愛称：レモンガススタジアム平塚）,レモンガス株式会社,神奈川県,スポーツ施設,"年額1,837万円（税抜）",1837,契約期間中,神奈川県平塚市大原1-1,地図を見る,https://www.google.co.jp/maps/search/神奈川県平塚市大原1-1,139.3418472,35.3409222,5.5,5年6カ月（2026年2月1日?2031年7月31日）,https://www.city.hiratsuka.kanagawa.jp/keikaku/page-c_01377.html,契約更新（導入2021年2月1日～）,,,,,,,,
平塚市【ひらつかアリーナ】（愛称：ひらつかサン・ライフアリーナ）,株式会社サン・ライフ,神奈川県,スポーツ施設,年額273万円（税抜）,273,契約期間中,神奈川県平塚市中堂246-1,地図を見る,https://www.google.co.jp/maps/search/神奈川県平塚市中堂246-1,139.3642884,35.3331751,5,5年（2023年4月1日?2028年3月31日）,https://www.city.hiratsuka.kanagawa.jp/keikaku/page-c_01379.html,契約更新（導入2013年4月1日～）,,,,,,,,
平塚市【平塚球場】（愛称：バッティングパレス相石スタジアムひらつか）,相模石油株式会社,神奈川県,スポーツ施設,年額182万円（税抜）,182,契約期間中,神奈川県平塚市大原1-1,地図を見る,https://www.google.co.jp/maps/search/神奈川県平塚市大原1-1,139.3418472,35.3409222,3,3年（2025年4月1日?2028年3月31日）,https://www.city.hiratsuka.kanagawa.jp/keikaku/page-c_01384.html,契約更新（導入2014年4月1日～）,,,,,,,,
平塚市【平塚総合体育館】（愛称：トッケイセキュリティ平塚総合体育館）,株式会社特別警備保障,神奈川県,スポーツ施設,年額273万円（税抜）,273,契約期間中,神奈川県平塚市大原1-1,地図を見る,https://www.google.co.jp/maps/search/神奈川県平塚市大原1-1,139.3418472,35.3409222,5,5年（2023年4月1日?2028年3月31日）,https://www.city.hiratsuka.kanagawa.jp/keikaku/page-c_01385.html,契約更新（導入2014年4月1日～）,,,,,,,,
平塚市【湘南ひらつかビーチパーク】（愛称：湘南ベルマーレひらつかビーチパーク by shonanzoen）,湘南造園株式会社,神奈川県,公園・屋外空間,年額136万円（税抜）,136,契約期間中,神奈川県平塚市高浜台33-1,地図を見る,https://www.google.co.jp/maps/search/神奈川県平塚市高浜台33-1,139.3556058,35.315534,3,3年（2026年4月1日?2029年3月31日）,https://www.city.hiratsuka.kanagawa.jp/keikaku/page-c_01383.html,契約更新（導入2014年4月1日～）,,,,,,,,
平塚市【平塚漁港】（愛称：ひらつかタマ三郎漁港）,平塚市漁業協同組合,神奈川県,その他,年額18万円（税抜）,18,契約期間中,神奈川県平塚市千石河岸地先,地図を見る,https://www.google.co.jp/maps/search/神奈川県平塚市千石河岸地先,139.3644462,35.3184726,7,7年（2021年4月1日?2028年3月31日）,https://www.city.hiratsuka.kanagawa.jp/keikaku/page-c_01399.html,契約更新（導入2016年4月1日～）,,,,,,,,
平塚市【馬入・光と風の花づつみ】（愛称：イシックス馬入のお花畑）,株式会社イシックス,神奈川県,公園・屋外空間,年額45万円（税抜）,45,契約期間中,神奈川県平塚市中堂246-1,地図を見る,https://www.google.co.jp/maps/search/神奈川県平塚市中堂246-1,139.3642884,35.3331751,5,5年（2024年4月1日?2029年3月31日）,https://www.city.hiratsuka.kanagawa.jp/keikaku/page-c_01397.html,契約更新（導入2016年4月1日～）,,,,,,,,
平塚市【湘南ひらつかパークゴルフ場】（愛称：木村植物園湘南ひらつかパークゴルフ場）,株式会社木村植物園,神奈川県,スポーツ施設,年額45万円（税抜）,45,契約期間中,神奈川県平塚市上吉沢1579-1,地図を見る,https://www.google.co.jp/maps/search/神奈川県平塚市上吉沢1579-1,139.2769944,35.3494412,3,3年（2025年4月1日?2028年3月31日）,https://www.city.hiratsuka.kanagawa.jp/keikaku/page-c_01398.html,契約更新（導入2016年4月1日～）,,,,,,,,
平塚市【宮松町あおぞら公園】（愛称：ららぽーとあおぞら公園）,三井不動産株式会社,神奈川県,公園・屋外空間,年額27万円（税抜）,27,契約期間中,神奈川県平塚市宮松町46-4,地図を見る,https://www.google.co.jp/maps/search/神奈川県平塚市宮松町46-4,139.3519898,35.3371784,3,3年（2025年10月4日?2028年10月3日）,https://www.city.hiratsuka.kanagawa.jp/keikaku/page-c_01403.html,宮松町すこやか公園 愛称：ららぽーとすこやか公園 幹道59号天沼宮松町線 愛称：ららぽーと湘南平塚通り,,,,,,,,
平塚市【平塚競輪場】（愛称：ABEMA湘南バンク）,株式会社サイバーエージェント,神奈川県,スポーツ施設,"年額1,364万円（税抜）",1364,契約期間中,神奈川県平塚市久領堤5-1,地図を見る,https://www.google.co.jp/maps/search/神奈川県平塚市久領堤5-1,139.3628237,35.3251023,3,3年（2024年4月1日?2027年3月31日）,https://www.city.hiratsuka.kanagawa.jp/keikaku/page-c_02439.html,契約更新（導入2021年4月1日～）,,,,,,,,
平塚市【平塚文化芸術ホール】（愛称：ひらしん平塚文化芸術ホール）,平塚信用金庫,神奈川県,文化交流施設,年額300万円（税抜）,300,契約期間中,神奈川県平塚市見附町16-1,地図を見る,https://www.google.co.jp/maps/search/神奈川県平塚市見附町16-1,139.343455,35.3296584,5,5年（2022年3月26日?2027年3月25日）,https://www.city.hiratsuka.kanagawa.jp/keikaku/page-c_02440.html,なし,,,,,,,,
平塚市【みんなの広場】（愛称：「こどもクリニックさいとう」みんなの広場）,医療法人聖玲塾,神奈川県,公園・屋外空間,年額141万円（税抜）,141,契約期間中,神奈川県平塚市大原1-1,地図を見る,https://www.google.co.jp/maps/search/神奈川県平塚市大原1-1,139.3418472,35.3409222,8,8年（2023年3月19日?2031年3月18日）,https://www.city.hiratsuka.kanagawa.jp/keikaku/page-c_02464.html,なし,,,,,,,,
平塚市【大神第3公園】（愛称：平塚大神THE OUTLETS公園）,イオンモール株式会社,神奈川県,公園・屋外空間,年額18万円（税抜）,18,契約期間中,神奈川県平塚市大神八丁目1-1,地図を見る,https://www.google.co.jp/maps/search/神奈川県平塚市大神八丁目1-1,139.3635755,35.3921981,10,10年（2023年4月1日?2033年3月31日）,https://www.city.hiratsuka.kanagawa.jp/keikaku/page-c_02465.html,なし,,,,,,,,
平塚市【2号水路】（愛称：THE OUTLETS AVENUE）,イオンモール株式会社,東京都,交通・インフラ,年額9万円（税抜）,9,契約期間中,東京都平塚市ツインシティ大神地区土地区画整理事業地,地図を見る,https://www.google.co.jp/maps/search/東京都平塚市ツインシティ大神地区土地区画整理事業地,139.650027,35.6764225,10,10年（2023年4月1日?2033年3月31日）,https://www.city.hiratsuka.kanagawa.jp/keikaku/page-c_02465.html,なし,,,,,,,,
名古屋市【名古屋市東図書館】（愛称：名古屋市東図書館 supported by カニエJAPAN）,カニエJAPAN株式会社,愛知県,教育施設等,年額420万円（税抜）,420,契約期間中,愛知県名古屋市東区大幸南1-1-10,地図を見る,https://www.google.co.jp/maps/search/愛知県名古屋市東区大幸南1-1-10,136.9469044,35.1890549,4,4年（2026年4月1日?2030年3月31日）,https://www.city.nagoya.jp/kankou/bunka/1034457/1016040/1016041/1046399/1046400.html,なし,,,,,,,,
橋本市【空家バンク】（愛称：すみよし不動産空家バンク）,すみよし不動産株式会社,和歌山県,その他,年額45万円（税抜）,45,契約期間中,和歌山県橋本市東家1-1-1（橋本市役所住所）,地図を見る,https://www.google.co.jp/maps/search/和歌山県橋本市東家1-1-1（橋本市役所住所）,135.6052686,34.314664,5,5年（2026年4月1日?2031年3月31日）,https://www.city.hashimoto.lg.jp/guide/kensetsubu/kentikujutaku/jutakusisaku/akiya/akiyabank.html,全国初の空き家バンク制度のネーミングライツ ※橋本市担当者調べ,,,,,,,,
橋本市【高野口公園】（愛称：高野口公園 Supported by 紀北緑地建設）,株式会社紀北緑地建設,和歌山県,公園・屋外空間,年額25万円（税抜）,25,契約期間中,和歌山県橋本市高野口町名倉,地図を見る,https://www.google.co.jp/maps/search/和歌山県橋本市高野口町名倉,135.554681,34.3064422,5,5年（2026年4月1日?2031年3月31日）,https://www.city.hashimoto.lg.jp/guide/somubu/zaisei/gyouseikaikaku/namingrightR040401.html,なし,,,,,,,,
橋本市【橋本駅前駐車場】（愛称：橋本駅前駐車場 地域を支える 奈和建設グループ）,奈和建設株式会社,和歌山県,交通・インフラ,年額25万円（税抜）,25,契約期間中,和歌山県橋本市古佐田1-91-2,地図を見る,https://www.google.co.jp/maps/search/和歌山県橋本市古佐田1-91-2,135.6134065,34.3178751,2,2年（2026年4月1日?2028年3月31日）,https://www.city.hashimoto.lg.jp/guide/somubu/zaisei/gyouseikaikaku/namingrightR040401.html,なし,,,,,,,,
橋本市【あやの台歩道橋（南側）】（愛称：０１４ＳＴＹＬＥ（ゼロイチヨンスタイル）歩道橋）,丸石木材住宅株式会社,和歌山県,交通・インフラ,年額16万円（税抜）,16,契約期間中,和歌山県橋本市あやの台,地図を見る,https://www.google.co.jp/maps/search/和歌山県橋本市あやの台,135.6515138,34.3394246,5,5年（2026年4月1日?2031年3月31日）,https://www.city.hashimoto.lg.jp/guide/somubu/zaisei/gyouseikaikaku/namingrightR040401.html,なし,,,,,,,,
橋本市【橋本市図書館】（愛称：橋本市 仁昌堂図書館）,株式会社仁昌堂,和歌山県,教育施設等,年額50万円（税抜）,50,契約期間中,和歌山県和歌山県橋本市東家1丁目6-27,地図を見る,https://www.google.co.jp/maps/search/和歌山県和歌山県橋本市東家1丁目6-27,135.6055707,34.3155291,5,5年（2025年4月1日?2030年3月31日）,https://www.city.hashimoto.lg.jp/guide/somubu/zaisei/gyouseikaikaku/namingrightR040401.html,なし,,,,,,,,
橋本市【橋本市運動公園】（愛称：サカイキャニングスポーツパーク）,サカイキャニング株式会社,和歌山県,スポーツ施設,年額105万円（税抜）,105,契約期間中,和歌山県和歌山県橋本市北馬場454,地図を見る,https://www.google.co.jp/maps/search/和歌山県和歌山県橋本市北馬場454,135.6172582,34.3325192,5,5年（2022年4月1日?2027年3月31日）,https://www.city.hashimoto.lg.jp/guide/somubu/zaisei/gyouseikaikaku/namingrightR040401.html,なし,,,,,,,,
橋本市【橋本市産業文化会館】（愛称：橋本市サカイキャニング産業文化会館（アザレア））,サカイキャニング株式会社,和歌山県,文化交流施設,年額100万円（税抜）,100,契約期間中,和歌山県橋本市高野口町向島135,地図を見る,https://www.google.co.jp/maps/search/和歌山県橋本市高野口町向島135,135.5517805,34.3011906,5,5年（2022年4月1日?2027年3月31日）,https://www.city.hashimoto.lg.jp/guide/somubu/zaisei/gyouseikaikaku/namingrightR040401.html,なし,,,,,,,,
橋本市【橋本市温水プール】（愛称：橋本市サカイキャニング温水プール（レインボー））,サカイキャニング株式会社,和歌山県,スポーツ施設,年額100万円（税抜）,100,契約期間中,和歌山県橋本市高野口町向島135,地図を見る,https://www.google.co.jp/maps/search/和歌山県橋本市高野口町向島135,135.5517805,34.3011906,5,5年（2022年4月1日?2027年3月31日）,https://www.city.hashimoto.lg.jp/guide/somubu/zaisei/gyouseikaikaku/namingrightR040401.html,なし,,,,,,,,
橋本市【林間田園都市駅前歩道橋】（愛称：安心・よしの保険歩道橋）,株式会社よしの,和歌山県,交通・インフラ,年額15万円（税抜）,15,契約期間中,和歌山県橋本市三石台1,地図を見る,https://www.google.co.jp/maps/search/和歌山県橋本市三石台1,135.603663,34.3561568,5,5年（2025年4月1日?2030年3月31日）,https://www.city.hashimoto.lg.jp/guide/somubu/zaisei/gyouseikaikaku/namingrightR040401.html,2022年4月1日～ 契約更新,,,,,,,,
橋本市【小峰台歩専3号歩道橋】（愛称：安全・よしの保険歩道橋）,株式会社よしの,和歌山県,交通・インフラ,年額15万円（税抜）,15,契約期間中,和歌山県橋本市小峰台,地図を見る,https://www.google.co.jp/maps/search/和歌山県橋本市小峰台,135.6302408,34.3520799,5,5年（2025年4月1日?2030年3月31日）,https://www.city.hashimoto.lg.jp/guide/somubu/zaisei/gyouseikaikaku/namingrightR040401.html,2022年4月1日～ 契約更新,,,,,,,,
橋本市【三石台歩道橋】（愛称：和食とくさ歩道橋）,和食とくさ,和歌山県,交通・インフラ,年額15万円（税抜）,15,契約期間中,和歌山県橋本市三石台,地図を見る,https://www.google.co.jp/maps/search/和歌山県橋本市三石台,135.6018917,34.3570238,5,5年（2022年4月1日?2027年3月31日）,https://www.city.hashimoto.lg.jp/guide/somubu/zaisei/gyouseikaikaku/namingrightR040401.html,なし,,,,,,,,
豊中市【豊中市立豊島体育館】（愛称：カクタスC&C豊島体育館）,株式会社カクタス,大阪府,スポーツ施設,年額70万円（税抜）,70,契約期間中,大阪府豊中市服部西町4丁目12-1,地図を見る,https://www.google.co.jp/maps/search/大阪府豊中市服部西町4丁目12-1,135.4675777,34.7632306,3,3年（2026年4月1日?2029年3月31日）,https://www.city.toyonaka.osaka.jp/joho/keikaku/saiken/sainyukakuho/namingrights/index.html,なし,,,,,,,,
高松市【高松国分寺ホール】（愛称：朝日段ボールホール国分寺）,株式会社朝日段ボール,香川県,スポーツ施設,年額50万円（税抜）,50,契約期間中,香川県高松市国分寺町新名430,地図を見る,https://www.google.co.jp/maps/search/香川県高松市国分寺町新名430,133.9595111,34.296055,5,5年（2026年4月1日～2031年3月31日）,https://www.city.takamatsu.kagawa.jp/smph/jigyosha/kobai/ne-mingushisetsu.html,なし,,,,,,,,
岐阜市【市道神田町殿町線の一部】（愛称：ぎふしん梅街道）,岐阜信用金庫,岐阜県,交通・インフラ,"年額22万7,273円（税抜）",23,契約期間中,岐阜県岐阜市殿町2丁目～6丁目,地図を見る,https://www.google.co.jp/maps/search/岐阜県岐阜市殿町2丁目～6丁目,136.7652918,35.4183386,3,3年（2026年4月1日～2029年3月31日）,https://www.city.gifu.lg.jp/info/kaikaku/1035576/1022686/1025734.html,なし,,,,,,,,
枚方市【楠葉中宮線横断歩道橋】（愛称：スマイルホームズ楠葉中宮線横断歩道橋）,株式会社さくらハウジング,大阪府,交通・インフラ,"年額51万9,900円（税抜）",52,契約期間中,大阪府楠葉町楠葉1丁目6番・8番付近,地図を見る,https://www.google.co.jp/maps/search/大阪府楠葉町楠葉1丁目6番・8番付近,135.6784326,34.8626048,5,5年（2026年4月1日～2031年3月31日）,https://www.city.hirakata.osaka.jp/0000053281.html,枚方市市有資産民間提案制度・ネーミングライツに関する新着情報がある場合、メールによる情報配信（不定期）を実施,,,,,,,,
枚方市【東部公園野球場】（愛称：日本カタンひらかたエナジー東部スタジアム）,日本カタン株式会社,大阪府,スポーツ施設,年額90万円（税抜）,90,契約期間中,大阪府枚方市尊延寺2987-1,地図を見る,https://www.google.co.jp/maps/search/大阪府枚方市尊延寺2987-1,135.7462458,34.8019889,5,5年（2026年4月1日～2031年3月31日）,https://www.city.hirakata.osaka.jp/0000053281.html,枚方市市有資産民間提案制度・ネーミングライツに関する新着情報がある場合、メールによる情報配信（不定期）を実施,,,,,,,,
枚方市【岡東中央公園】（愛称：ニッペパーク岡東中央）,日本ペイント・オートモーティブ・コーティングス株式会社,大阪府,公園・屋外空間,年額200万円（税抜）,200,契約期間中,大阪府枚方市岡東町7,地図を見る,https://www.google.co.jp/maps/search/大阪府枚方市岡東町7,135.6499346,34.8153306,5,5年（2024年4月1日～2029年3月31日）,https://www.city.hirakata.osaka.jp/0000034575.html,※ネーミングライツ料とは別に、年額100万円相当の公園設備の充実等 枚方市市有資産民間提案制度・ネーミングライツに関する新着情報がある場合、メールによる情報配信（不定期）を実施,,,,,,,,
杉並区【杉並アニメーションミュージアム】（愛称：東京工芸大学 杉並アニメーションミュージアム）,東京工芸大学,東京都,文化交流施設,"年額4,545,000円（税抜）",455,契約期間中,東京都杉並区上荻3-29-5 杉並会館3階,地図を見る,https://www.google.co.jp/maps/search/東京都杉並区上荻3-29-5 杉並会館3階,139.607879,35.710427,5,5年（2023年9月1日～2028年8月31日）,https://www.city.suginami.tokyo.jp/documents/24897/teian8v2.pdf,なし,,,,,,,,
杉並区【区役所ロビーコンサート】（愛称：区役所ロビーコンサート 細田工務店は、音楽を楽しむひとときを応援します。）,株式会社細田工務店,東京都,その他,"年額109,000円（税抜）",11,契約期間中,東京都杉並区阿佐谷南1-15-1,地図を見る,https://www.google.co.jp/maps/search/東京都杉並区阿佐谷南1-15-1,139.6361999,35.6997417,3,3年（2025年9月1日～2028年8月31日）,https://www.city.suginami.tokyo.jp/documents/24897/teian8v2.pdf,なし,,,,,,,,
甲府市【中道スポーツ広場】（愛称：エフ・ジェイ中道スポーツ ）,有限会社藤代自動車,山梨県,スポーツ施設,"年額909,091円（税抜）",91,契約期間中,山梨県甲府市下向山946,地図を見る,https://www.google.co.jp/maps/search/山梨県甲府市下向山946,138.5893352,35.585394,13,13年（2022年8月1日～2035年7月31日）,https://www.city.kofu.yamanashi.jp/sangyo-somu/neminnguraitu/r4.html,青葉スポーツ広場 愛称：エフ・ジェイ青葉スポーツ広場 東下条スポーツ広場 愛称：エフ・ジェイ東下条スポーツ広場 含む,,,,,,,,
甲府市【緑が丘スポーツ公園球技場】（愛称：エフ・ジェイ緑が丘スポーツフィールド ）,有限会社藤代自動車,山梨県,スポーツ施設,"年額454,546円（税抜）",46,契約期間中,山梨県甲府市緑が丘2-8-1,地図を見る,https://www.google.co.jp/maps/search/山梨県甲府市緑が丘2-8-1,138.5585841,35.6815859,10,10年（2025年8月1日～2035年7月31日）,https://www.city.kofu.yamanashi.jp/sangyo-somu/neminnguraitu/r7.html,なし,,,,,,,,
甲府市【貢川悠遊館】（愛称：かいえん貢川悠遊館 ）,株式会社甲斐延,山梨県,文化交流施設,"年額272,728円（税抜）",28,契約期間中,山梨県甲府市富竹1-8-12,地図を見る,https://www.google.co.jp/maps/search/山梨県甲府市富竹1-8-12,138.5466825,35.657019,3,3年（2025年9月1日～2028年8月31日）,https://www.city.kofu.yamanashi.jp/sangyo-somu/neminnguraitu/r7.html,愛称看板の除幕式実施,,,,,,,,
福知山市【三段池公園総合体育館】（愛称：扶桑化学工業アリーナ）,扶桑化学工業株式会社,京都府,スポーツ施設,年額300万円（税抜）,300,契約期間中,京都府福知山市猪崎377-1,地図を見る,https://www.google.co.jp/maps/search/京都府福知山市猪崎377-1,135.1361066,35.3127414,5,5年（2026年4月1日?2031年3月31日）,https://www.ryoutan.co.jp/articles/2026/02/98419/,なし,,,,,,,,
京都市 【京都市体育館】（愛称：にっしんでんきアリーナ京都）,日新電機株式会社,京都府,スポーツ施設,"年額18,181,818円（税抜）",1819,契約期間中,京都府京都市右京区西京極新明町1,地図を見る,https://www.google.co.jp/maps/search/京都府京都市右京区西京極新明町1,135.7150132,34.9954941,3,3年間（2026年4月～2029年3月）,https://www.city.kyoto.lg.jp/gyozai/page/0000125254.html,なし,,,,,,,,
秋田市【八橋運動公園第2球技場】（愛称：スペースプロジェクト・ドリームフィールド）,株式会社スペースプロジェクト,秋田県,スポーツ施設,年額71万円（税抜）,71,契約終了,秋田県秋田市八橋運動公園1-1,地図を見る,https://www.google.co.jp/maps/search/秋田県秋田市八橋運動公園1-1,140.0992449,39.7216163,3,3年（2023年4月1日～2026年3月31日）,https://www.city.akita.lg.jp/kurashi/sports/1006377/1002448.html,なし,,,,,,,,
山形市【山形市あかねケ丘陸上競技場】（愛称：ネッツ えがお フィールド）,ネッツトヨタ山形株式会社,山形県,スポーツ施設,年額250万円（税抜）,250,契約終了,山形県山形市東青田5-1-1,地図を見る,https://www.google.co.jp/maps/search/山形県山形市東青田5-1-1,140.3142737,38.2576873,4,4年（2022年4月1日～2026年3月31日）,https://www.city.yamagata-yamagata.lg.jp/bunkasports/sports/1006713/1009157.html,なし,,,,,,,,
前橋市【前橋市民体育館】（愛称：ヤマト市民体育館前橋）,株式会社ヤマト,群馬県,文化交流施設,"年額2,314,545円（税抜）",232,契約終了,群馬県前橋市上佐鳥町460-7,地図を見る,https://www.google.co.jp/maps/search/群馬県前橋市上佐鳥町460-7,139.0791304,36.3646783,5,5年（2021年～2026年）,https://www.city.maebashi.gunma.jp/soshiki/zaimu/zaisei/gyomu/3/19374.html,なし,,,,,,,,
前橋市【大渡体育館】（愛称：しんしん大渡体育館）,株式会社新進,群馬県,スポーツ施設,年額150万円（税抜）,150,契約終了,群馬県前橋市大渡町二丁目3-11,地図を見る,https://www.google.co.jp/maps/search/群馬県前橋市大渡町二丁目3-11,139.0456482,36.394039,3,3年（2024年～2026年）,https://www.city.maebashi.gunma.jp/soshiki/zaimu/zaisei/gyomu/3/19374.html,大渡温水プール 愛称：しんしん大渡温水プール 大渡トレーニングセンター 愛称：しんしん大渡トレーニングセンター 含む,,,,,,,,
前橋市【三俣テニスコート】（愛称：防災のHoshino三俣テニスコート）,星野総合商事株式会社,群馬県,スポーツ施設,年額20万円（税抜）,20,契約終了,群馬県前橋市三俣町三丁目1,地図を見る,https://www.google.co.jp/maps/search/群馬県前橋市三俣町三丁目1,139.0806849,36.405829,3,3年（2023年～2025年）,https://www.city.maebashi.gunma.jp/soshiki/zaimu/zaisei/gyomu/3/19374.html,なし,,,,,,,,
前橋市【王山運動場】（愛称：Fuji Language School 王山運動場）,株式会社FLS,群馬県,スポーツ施設,年額20万円（税抜）,20,契約終了,群馬県前橋市総社町一丁目8-2,地図を見る,https://www.google.co.jp/maps/search/群馬県前橋市総社町一丁目8-2,139.0431922,36.3979071,3,3年（2024年～2026年）,https://www.city.maebashi.gunma.jp/soshiki/zaimu/zaisei/gyomu/3/19374.html,なし,,,,,,,,
前橋市【北部運動場】（愛称：ベースボールパークファースト北部運動場）,株式会社ファースト,群馬県,スポーツ施設,年額20万円（税抜）,20,契約終了,群馬県前橋市上細井町2127-4,地図を見る,https://www.google.co.jp/maps/search/群馬県前橋市上細井町2127-4,139.0825574,36.4140635,3,3年（2024年～2026年）,https://www.city.maebashi.gunma.jp/soshiki/zaimu/zaisei/gyomu/3/19374.html,なし,,,,,,,,
前橋市【粕川西部運動場】（愛称：粕川西部運動場・高橋建築設計事務所 元気広場）,株式会社高橋建築設計事務所,群馬県,スポーツ施設,年額20万円（税抜）,20,契約終了,群馬県前橋市粕川町女渕1500-2,地図を見る,https://www.google.co.jp/maps/search/群馬県前橋市粕川町女渕1500-2,139.1901171,36.4101056,3,3年（2024年～2026年）,https://www.city.maebashi.gunma.jp/soshiki/zaimu/zaisei/gyomu/3/19374.html,なし,,,,,,,,
前橋市【前橋総合運動公園テニスコート】（愛称：株式会社ピーエムシー 前橋総合運動公園テニスコート）,株式会社ピーエムシー,群馬県,スポーツ施設,年額20万円（税抜）,20,契約終了,群馬県前橋市荒口町437-2,地図を見る,https://www.google.co.jp/maps/search/群馬県前橋市荒口町437-2,139.1619334,36.3771589,3,3年（2024年～2026年）,https://www.city.maebashi.gunma.jp/soshiki/zaimu/zaisei/gyomu/3/19374.html,なし,,,,,,,,
前橋市【大胡体育館】（愛称：株式会社 志村工業 大胡体育館）,株式会社志村工業,群馬県,スポーツ施設,年額20万円（税抜）,20,契約終了,群馬県前橋市河原浜町478,地図を見る,https://www.google.co.jp/maps/search/群馬県前橋市河原浜町478,139.1640354,36.4236337,3,3年（2023年～2025年）,https://www.city.maebashi.gunma.jp/soshiki/zaimu/zaisei/gyomu/3/19374.html,なし,,,,,,,,
前橋市【千本桜野球場】（愛称：OOHATA 千本桜野球場）,株式会社OOHATA,群馬県,スポーツ施設,年額20万円（税抜）,20,契約終了,群馬県前橋市苗ヶ島町2516-1,地図を見る,https://www.google.co.jp/maps/search/群馬県前橋市苗ヶ島町2516-1,139.1911434,36.4696174,3,3年（2023年～2025年）,https://www.city.maebashi.gunma.jp/soshiki/zaimu/zaisei/gyomu/3/19374.html,なし,,,,,,,,
前橋市【粕川児童館】（愛称：かすかわ児童館・高橋建築設計事務所 げんき館）,株式会社高橋建築設計事務所,群馬県,教育施設等,年額20万円（税抜）,20,契約終了,群馬県前橋市粕川町込皆戸526,地図を見る,https://www.google.co.jp/maps/search/群馬県前橋市粕川町込皆戸526,139.18862,36.410894,3,3年（2023年～2025年）,https://www.city.maebashi.gunma.jp/soshiki/zaimu/zaisei/gyomu/3/19374.html,なし,,,,,,,,
前橋市【大室公園】（愛称：日本キャンパック大室公園）,株式会社日本キャンパック,群馬県,公園・屋外空間,年額60万円（税抜）,60,契約終了,群馬県前橋市西大室町2160,地図を見る,https://www.google.co.jp/maps/search/群馬県前橋市西大室町2160,139.1853689,36.3868885,3,3年（2024年～2026年）,https://www.city.maebashi.gunma.jp/soshiki/zaimu/zaisei/gyomu/3/19374.html,※大室古墳群を除く,,,,,,,,
前橋市【荻窪公園】（愛称：環境システム荻窪公園）,環境システム株式会社,群馬県,公園・屋外空間,年額50万円（税抜）,50,契約終了,群馬県前橋市荻窪町530-1,地図を見る,https://www.google.co.jp/maps/search/群馬県前橋市荻窪町530-1,139.1297228,36.4265171,3,3年（2023年～2025年）,https://www.city.maebashi.gunma.jp/soshiki/zaimu/zaisei/gyomu/3/19374.html,なし,,,,,,,,
前橋市【石関公園】（愛称：中央ビジネス石関公園）,株式会社中央ビジネス,群馬県,公園・屋外空間,年額20万円（税抜）,20,契約終了,群馬県前橋市石関町65-1,地図を見る,https://www.google.co.jp/maps/search/群馬県前橋市石関町65-1,139.1158311,36.3877911,3,3年（2024年～2026年）,https://www.city.maebashi.gunma.jp/soshiki/zaimu/zaisei/gyomu/3/19374.html,なし,,,,,,,,
前橋市【グリーンドーム前橋】（愛称：日本トーターグリーンドーム前橋）,日本トーター株式会社,群馬県,文化交流施設,年額250万円（税抜）,250,契約終了,群馬県前橋市岩神町一丁目2-1,地図を見る,https://www.google.co.jp/maps/search/群馬県前橋市岩神町一丁目2-1,139.0578362,36.3972083,4,4年（2022年～2025年）,https://www.city.maebashi.gunma.jp/soshiki/zaimu/zaisei/gyomu/3/19374.html,なし,,,,,,,,
前橋市【館林場外競輪車券売場】（愛称：トーターレボリューションドーム館林）,日本トーター株式会社,群馬県,その他,"年額909,091円（税抜）",91,契約終了,群馬県館林市赤生田町345,地図を見る,https://www.google.co.jp/maps/search/群馬県館林市赤生田町345,139.5720756,36.2257483,5,5年（2021年～2025年）,https://www.city.maebashi.gunma.jp/soshiki/zaimu/zaisei/gyomu/3/19374.html,※前橋市外,,,,,,,,
前橋市【新前橋駅東口駐車場】（愛称：セントラルサービス 新前橋駅東口駐車場）,株式会社セントラルサービス,群馬県,交通・インフラ,年額20万円（税抜）,20,契約終了,群馬県前橋市新前橋町23-18,地図を見る,https://www.google.co.jp/maps/search/群馬県前橋市新前橋町23-18,139.0477832,36.3790781,1,1年（2025年）,https://www.city.maebashi.gunma.jp/soshiki/zaimu/zaisei/gyomu/3/19374.html,新前橋駅自転車駐車場 愛称：セントラルサービス 新前橋駅自転車駐車場 新前橋駅原付自転車等駐車場 愛称：セントラルサービス 新前橋駅原付自転車等駐車場 含む,,,,,,,,
柏市【富勢運動場野球場】（愛称：フィールドフォースB-SITETOMISE）,株式会社 フィールドフォース,千葉県,スポーツ施設,年額80万円（税抜）,80,契約終了,千葉県柏市根戸507,地図を見る,https://www.google.co.jp/maps/search/千葉県柏市根戸507,139.9919274,35.8859627,5,5年（2021年2月1日～2026年1月31日）,https://www.city.kashiwa.lg.jp/dx-suishin/jigyosha/ad/2442.html,なし,,,,,,,,
柏市【柏たなか駅前公園】（愛称：セナリオハウスパーク柏たなか）,広島建設株式会社,千葉県,公園・屋外空間,年額150万円（税抜）,150,契約終了,千葉県柏市大室1丁目4,地図を見る,https://www.google.co.jp/maps/search/千葉県柏市大室1丁目4,139.9582464,35.9079037,6,6年（2018年4月1日～2024年3月31日）,https://www.city.kashiwa.lg.jp/koenryokuchi/shiseijoho/keikaku/machizukuri/ryokuchihozen/4455.html,なし,,,,,,,,
柏市【大津ヶ丘中央公園運動場野球場】（愛称：田中浩康スタジアム）,田中浩康（元プロ野球選手）,千葉県,スポーツ施設,年額15万円（税抜）,15,契約終了,千葉県柏市大津ケ丘2丁目1,地図を見る,https://www.google.co.jp/maps/search/千葉県柏市大津ケ丘2丁目1,140.0030603,35.8400627,5,5年（2015年4月1日～2020年3月31日）,https://www.city.kashiwa.lg.jp/dx-suishin/jigyosha/ad/2442.html,※現役プロ野球選手時に出身地の野球振興活動の一環として実施,,,,,,,,
中野区【中野区立総合体育館】（愛称：キリンレモン スポーツセンター）,キリンビバレッジ株式会社,東京都,スポーツ施設,年額500万円（税抜）,500,契約終了,東京都中野区新井3-37-78,地図を見る,https://www.google.co.jp/maps/search/東京都中野区新井3-37-78,139.6624281,35.7160365,5.5,5年6か月11日（2020年9月20日～2025年3月31日）,https://www.city.tokyo-nakano.lg.jp/kusei/public/houdou/2020/kirin.html,なし,,,,,,,,
仙台市【仙台市泉文化創造センター】（愛称：仙台銀行イズミティ21）,仙台銀行,宮城県,文化交流施設,年額700万円（税抜）,700,契約終了,宮城県仙台市泉区泉中央2-18-1,地図を見る,https://www.google.co.jp/maps/search/宮城県仙台市泉区泉中央2-18-1,140.8797944,38.3257813,3,3年（2023年4月～2026年3月）,https://www.city.sendai.jp/zaise-kokyo/jigyosha/keyaku/jigyosha/shisetsumeimeiken.html,なし,,,,,,,,
仙台市【仙台市陸上競技場】（愛称：弘進ゴム アスリートパーク仙台）,弘進ゴム株式会社,宮城県,スポーツ施設,年額250万円（税抜）,250,契約終了,宮城県仙台市宮城野区宮城野2丁目11-6,地図を見る,https://www.google.co.jp/maps/search/宮城県仙台市宮城野区宮城野2丁目11-6,140.9031297,38.256551,3,3年（2023年4月～2026年3月）,https://www.city.sendai.jp/zaise-kokyo/jigyosha/keyaku/jigyosha/shisetsumeimeiken.html,なし,,,,,,,,
仙台市【仙台市民会館】（愛称：トークネットホール仙台）,株式会社トークネット,宮城県,文化交流施設,年額450万円（税抜）,450,契約終了,宮城県仙台市青葉区桜ケ岡公園4-1,地図を見る,https://www.google.co.jp/maps/search/宮城県仙台市青葉区桜ケ岡公園4-1,140.8629674,38.2652386,3,3年（2023年4月～2026年3月）,https://www.city.sendai.jp/zaise-kokyo/jigyosha/keyaku/jigyosha/shisetsumeimeiken.html,無料wifi提供,,,,,,,,
仙台市【鶴ケ谷温水プール】（愛称：ＴＡＣ鶴ケ谷ウォーターパーク）,株式会社東京アスレティッククラブ,宮城県,スポーツ施設,年額100万円（税抜）,100,契約終了,宮城県仙台市宮城野区鶴ケ谷8-19-1,地図を見る,https://www.google.co.jp/maps/search/宮城県仙台市宮城野区鶴ケ谷8-19-1,140.9174433,38.2896659,3,3年（2023年4月～2026年3月）,https://www.city.sendai.jp/zaise-kokyo/jigyosha/keyaku/jigyosha/shisetsumeimeiken.html,なし,,,,,,,,
仙台市【葛岡温水プール】（愛称：ＴＡＣ葛岡ウォーターパーク）,株式会社東京アスレティッククラブ,宮城県,スポーツ施設,年額100万円（税抜）,100,契約終了,宮城県仙台市青葉区郷六葛岡57-1,地図を見る,https://www.google.co.jp/maps/search/宮城県仙台市青葉区郷六葛岡57-1,140.813489,38.2757077,3,3年（2023年4月～2026年3月）,https://www.city.sendai.jp/zaise-kokyo/jigyosha/keyaku/jigyosha/shisetsumeimeiken.html,なし,,,,,,,,
仙台市【水の森温水プール 】（愛称：ＴＡＣ水の森ウォーターパーク）,株式会社東京アスレティッククラブ,宮城県,スポーツ施設,年額100万円（税抜）,100,契約終了,宮城県仙台市青葉区水の森4-1-1,地図を見る,https://www.google.co.jp/maps/search/宮城県仙台市青葉区水の森4-1-1,140.8593977,38.2972608,3,3年（2023年4月～2026年3月）,https://www.city.sendai.jp/zaise-kokyo/jigyosha/keyaku/jigyosha/shisetsumeimeiken.html,なし,,,,,,,,
仙台市【八木山動物公園】 (愛称：八木山動物公園フジサキの杜),株式会社藤崎,宮城県,公園・屋外空間,"年額1,000万円（税抜）",1000,契約終了,宮城県仙台市太白区八木山本町1-43,地図を見る,https://www.google.co.jp/maps/search/宮城県仙台市太白区八木山本町1-43,140.8440114,38.2434393,3,3年（2023年4月～2026年3月）,https://www.city.sendai.jp/zaise-kokyo/jigyosha/keyaku/jigyosha/shisetsumeimeiken.html,なし,,,,,,,,
仙台市【鷺ケ森歩道橋】（愛称：清月記鷺ケ森歩道橋 ）,株式会社清月記,宮城県,交通・インフラ,年額30万円（税抜）,30,契約終了,宮城県仙台市青葉区鷺ケ森1,地図を見る,https://www.google.co.jp/maps/search/宮城県仙台市青葉区鷺ケ森1,140.8692784,38.2931138,5,5年（2019年6月1日～2024年5月31日）,https://www.city.sendai.jp/dorokanri-kanri/jigyosha/taisaku/kotsu/doro/documents/20240401ichiran.pdf,なし,,,,,,,,
仙台市【片平丁小学校前歩道】（愛称：平和住宅情報センター片平丁小前歩道橋）,株式会社平和住宅情報センター,宮城県,交通・インフラ,"年額300,900円（税抜）",31,契約終了,宮城県仙台市青葉区片平1,地図を見る,https://www.google.co.jp/maps/search/宮城県仙台市青葉区片平1,140.8670521,38.2578559,3,3年（2022年4月1日～2025年3月31日）,https://www.city.sendai.jp/dorokanri-kanri/jigyosha/taisaku/kotsu/doro/documents/20240401ichiran.pdf,なし,,,,,,,,
仙台市【広瀬小学校前歩道橋】（愛称：協大工業の家広瀬小学校前歩道橋 ）,株式会社協大工業,宮城県,交通・インフラ,年額30万円（税抜）,30,契約終了,宮城県仙台市青葉区下愛子字二本松,地図を見る,https://www.google.co.jp/maps/search/宮城県仙台市青葉区下愛子字二本松,140.7755108,38.272005,5,5年（2021年4月1日～2026年3月31日）,https://www.city.sendai.jp/dorokanri-kanri/jigyosha/taisaku/kotsu/doro/documents/20240401ichiran.pdf,なし,,,,,,,,
仙台市【五輪歩道橋】（愛称：仙台不動産情報館今野不動産五輪歩道橋 ）,今野不動産株式会社,宮城県,交通・インフラ,年額30万円（税抜）,30,契約終了,宮城県仙台市宮城野区五輪1,地図を見る,https://www.google.co.jp/maps/search/宮城県仙台市宮城野区五輪1,140.8987138,38.2617855,3,3年（2021年7月1日～2024年6月30日）,https://www.city.sendai.jp/dorokanri-kanri/jigyosha/taisaku/kotsu/doro/documents/20240401ichiran.pdf,なし,,,,,,,,
仙台市【銀杏町５号線歩道橋】（愛称：典礼会館銀杏町５号線歩道橋 ）,株式会社サンファミリー,宮城県,交通・インフラ,"年額531,000円（税抜）",54,契約終了,宮城県仙台市宮城野区銀杏町,地図を見る,https://www.google.co.jp/maps/search/宮城県仙台市宮城野区銀杏町,140.9114609,38.263959,3,3年（2022年4月1日～2025年3月31日）,https://www.city.sendai.jp/dorokanri-kanri/jigyosha/taisaku/kotsu/doro/documents/20240401ichiran.pdf,なし,,,,,,,,
仙台市【日向歩道橋】（愛称：宮城日野自動車株式会社ヒノノニトン日向歩道橋 ）,宮城日野自動車株式会社,宮城県,交通・インフラ,年額30万円（税抜）,30,契約終了,宮城県仙台市宮城野区岩切字観音前,地図を見る,https://www.google.co.jp/maps/search/宮城県仙台市宮城野区岩切字観音前,140.9535238,38.3077726,3,3年（2022年5月1日～2025年4月30日）,https://www.city.sendai.jp/dorokanri-kanri/jigyosha/taisaku/kotsu/doro/documents/20240401ichiran.pdf,なし,,,,,,,,
仙台市【新寺歩道橋】（愛称：鴫原質店新寺歩道橋）,株式会社鴫原質店,宮城県,交通・インフラ,"年額302,000円（税抜）",31,契約終了,宮城県仙台市若林区新寺4,地図を見る,https://www.google.co.jp/maps/search/宮城県仙台市若林区新寺4,140.892762,38.2545671,5,5年（2021年4月1日～2026年3月31日）,https://www.city.sendai.jp/dorokanri-kanri/jigyosha/taisaku/kotsu/doro/documents/20240401ichiran.pdf,なし,,,,,,,,
仙台市【鹿野公園前歩道橋】（愛称：平和住宅情報センター鹿野公園前歩道橋 ）,株式会社平和住宅情報センター,宮城県,交通・インフラ,"年額300,900円（税抜）",31,契約終了,宮城県仙台市太白区鹿野1,地図を見る,https://www.google.co.jp/maps/search/宮城県仙台市太白区鹿野1,140.8759895,38.2316263,3,3年（2022年4月1日～2025年3月31日）,https://www.city.sendai.jp/dorokanri-kanri/jigyosha/taisaku/kotsu/doro/documents/20240401ichiran.pdf,なし,,,,,,,,
仙台市【西の平歩道橋】（愛称：東急リバブル西の平歩道橋 ）,東急リバブル株式会社,宮城県,交通・インフラ,"年額312,000円（税抜）",32,契約終了,宮城県仙台市太白区恵和町,地図を見る,https://www.google.co.jp/maps/search/宮城県仙台市太白区恵和町,140.8541122,38.2355617,3,3年（2023年4月1日～2026年3月31日）,https://www.city.sendai.jp/dorokanri-kanri/jigyosha/taisaku/kotsu/doro/documents/20240401ichiran.pdf,なし,,,,,,,,
堺市 【北花田口歩道橋】（愛称：有料老人ホーム晴れる家 シャローム 北花田口歩道橋）,シャローム株式会社,大阪府,交通・インフラ,年額50万円（税抜）,50,契約終了,大阪府堺市堺区北花田口町3-1,地図を見る,https://www.google.co.jp/maps/search/大阪府堺市堺区北花田口町3-1,135.4843951,34.5778742,4.1,4年4か月（2021年11月24日～2026年3月31日）,https://www.city.sakai.lg.jp/kurashi/doro/keikaku/namingrights_jigyou/20211129ne-minguraitukettei.html,なし,,,,,,,,
堺市 【深井歩道橋】（愛称：有料老人ホーム晴れる家 シャローム 深井歩道橋）,シャローム株式会社,大阪府,交通・インフラ,年額50万円（税抜）,50,契約終了,大阪府堺市中区深井畑山町,地図を見る,https://www.google.co.jp/maps/search/大阪府堺市中区深井畑山町,135.5122317,34.5256668,4.1,4年4か月（2021年11月24日～2026年3月31日）,https://www.city.sakai.lg.jp/kurashi/doro/keikaku/namingrights_jigyou/20211129ne-minguraitukettei.html,なし,,,,,,,,
堺市 【長曽根東歩道橋】（愛称：ひのうえ眼科 なかもず院 長曽根東歩道橋）,医療法人 契成会,大阪府,交通・インフラ,年額52万円（税抜）,52,契約終了,大阪府堺市北区長曽根町1197-2,地図を見る,https://www.google.co.jp/maps/search/大阪府堺市北区長曽根町1197-2,135.5085937,34.5653358,4.1,4年5か月（2021年10月26日～2026年3月31日）,https://www.city.sakai.lg.jp/kurashi/doro/keikaku/namingrights_jigyou/20211129ne-minguraitukettei.html,なし,,,,,,,,
堺市 【霞ヶ丘歩道橋】（愛称：高砂建材工業株式会社 RCセグメント型枠・落橋防止装置 霞ヶ丘歩道橋）,高砂建材工業株式会社,大阪府,交通・インフラ,年額40万円（税抜）,40,契約終了,大阪府堺市堺区霞ヶ丘町,地図を見る,https://www.google.co.jp/maps/search/大阪府堺市堺区霞ヶ丘町,135.46776,34.5528424,4.1,4年5か月（2021年10月26日～2026年3月31日）,https://www.city.sakai.lg.jp/kurashi/doro/keikaku/namingrights_jigyou/20211129ne-minguraitukettei.html,なし,,,,,,,,
堺市【原池公園野球場】（愛称：くら寿司スタジアム堺）,くら寿司株式会社,大阪府,スポーツ施設,年額500万円（税抜）,500,契約終了,大阪府堺市中区平井411,地図を見る,https://www.google.co.jp/maps/search/大阪府堺市中区平井411,135.4951354,34.5174679,5,5年（2020年4月～2025年3月）,https://www.nikkei.com/article/DGXMZO52505280S9A121C1LKA000/,なし,,,,,,,,
福岡市 【博多の森球技場】（愛称：ベスト電器スタジアム）,株式会社ヤマダデンキ,福岡県,スポーツ施設,"年額3,600万円（税抜）",3600,契約終了,福岡県福岡市博多区東平尾公園2-1-1,地図を見る,https://www.google.co.jp/maps/search/福岡県福岡市博多区東平尾公園2-1-1,130.4600293,33.5860404,2.92,2年11か月（2023年3月1日～2026年1月31日）,https://www.city.fukuoka.lg.jp/midori/documents/besutodennkisutaziamunone-minnguraitunokousinnnituite.pdf,なし,,,,,,,,
相模原市【市立北市民健康文化センター】（愛称：LCA国際小学校北の丘センター）,株式会社エデューレエルシーエー,神奈川県,文化交流施設,"年額909,091円（税抜）",91,契約終了,神奈川県相模原市緑区下九沢2071-1,地図を見る,https://www.google.co.jp/maps/search/神奈川県相模原市緑区下九沢2071-1,139.3317701,35.585063,5,5年（2021年4月1日～2026年3月31日）,https://www.city.sagamihara.kanagawa.jp/_res/projects/default_project/_page_/001/022/753/0330/01.pdf,なし,,,,,,,,
横浜市 【横浜市新横浜駅北口公衆トイレ】（愛称：ドゥ アメニティ 新横浜駅前 トイレ診断士の厠堂）,株式会社アメニティ,神奈川県,公園・屋外空間,年額0円（税抜）,0,契約終了,神奈川県横浜市港北区新横浜2-16-1,地図を見る,https://www.google.co.jp/maps/search/神奈川県横浜市港北区新横浜2-16-1,139.6130271,35.5099963,5,5年（2020年10月20日～2025年10月19日）,https://www.city.yokohama.lg.jp/business/kyoso/private-fund/naming-rights/case.html#nissan,なし,,,,,,,,
横浜市 【横浜市深谷町ふれあい公園】（愛称：ハマヤク農園）,学校法人都築第一学園横浜薬科大学,神奈川県,公園・屋外空間,年額360万円（税抜）,360,契約終了,神奈川県横浜市戸塚区深谷町1272-5,地図を見る,https://www.google.co.jp/maps/search/神奈川県横浜市戸塚区深谷町1272-5,139.495676,35.384849,10,10年（2016年4月1日～2026年3月31日）,https://www.city.yokohama.lg.jp/business/kyoso/private-fund/naming-rights/case.html#nissan,なし,,,,,,,,
岡山市【 西川緑道公園（平和橋北）トイレ】（愛称：西川緑道公園トイレHare・ルーノProduced by KAJINON Inc.）,カジノン株式会社,岡山県,公園・屋外空間,年額10万円（税抜）,10,契約終了,岡山県岡山市北区南方地内から柳町地内まで,地図を見る,https://www.google.co.jp/maps/search/岡山県岡山市北区南方地内から柳町地内まで,133.9240046,34.6753789,3,3年（2023年4月1日～2026年3月31日）,https://www.city.okayama.jp/kurashi/0000007398.html,社会貢献の概要 ・外壁にデジタルサイネージ設置 ・太陽光パネル設置 ・すべての便器の取り替え ・大便器は洋式に変更 ・内装、外装の変更 ・週5回程度の見回り,,,,,,,,
広島市 【広島市文化交流会館ホール】（愛称：広島文化学園HBGホール）,学校法人広島文化学園,広島県,文化交流施設,"年額10,909,091円（税抜）／1施設",1091,契約終了,広島県広島市中区加古町3-3,地図を見る,https://www.google.co.jp/maps/search/広島県広島市中区加古町3-3,132.4487395,34.3888003,5,5年（2017年4月1日～2022年3月31日）,https://www.city.hiroshima.lg.jp/tourism-culture/history/1026883/1020559.html,なし,,,,,,,,
北九州市 【黒崎文化ホール】（愛称：黒崎ひびしんホール）,福岡ひびき信用金庫,福岡県,文化交流施設,年額660万円（税抜）,660,契約終了,福岡県北九州市八幡西区岸の浦2-1-1,地図を見る,https://www.google.co.jp/maps/search/福岡県北九州市八幡西区岸の浦2-1-1,130.7648102,33.8612518,4,4年（2012年7月1日～2016年6月30日）,https://www.city.kitakyushu.lg.jp/files/001133426.pdf,なし,,,,,,,,
茅ヶ崎市【イベントネーミング（ソフト事業）】（愛称：古民家で秋をJAZZる Presented by 茅ヶ崎市緑化事業協同組合）,茅ヶ崎市緑化事業協同組合（市内7つの造園会社で構成）,神奈川県,その他,年額0円（税抜）,0,契約終了,神奈川県茅ヶ崎市堤3882 （イベント会場：民俗資料館）,地図を見る,https://www.google.co.jp/maps/search/神奈川県茅ヶ崎市堤3882 （イベント会場：民俗資料館）,139.4124005,35.3625095,0.00274,2024/10/14,https://www.city.chigasaki.kanagawa.jp/1001878/1037715/index.html,ソフト事業のネーミングライツ,,,,,,,,
青森市【青森市民図書館】（愛称：未定）,未定,青森県,教育施設等,未定,,募集中ほか,青森県青森市新町1-3-7,地図を見る,https://www.google.co.jp/maps/search/青森県青森市新町1-3-7,140.7356811,40.8271051,,未定,https://www.library.city.aomori.aomori.jp/acl/osirase/naming-right/HP.htm,・希望金額 年額500万円以上 ・希望期間 2026年年7月1日から3年以上,,,,,,,,
青森市【青森市民室内プール】（愛称：未定）,未定,青森県,スポーツ施設,未定,,募集中ほか,青森県青森市合浦2-9-10,地図を見る,https://www.google.co.jp/maps/search/青森県青森市合浦2-9-10,140.7753822,40.8282721,,未定,https://www.city.aomori.aomori.jp/sangyo_koyou/jigyosha/1004987/1004989.html,・ネーミングライツ料（年額）500万円以上 ・契約期間3年以上,,,,,,,,
盛岡市【盛岡市民文化ホール】（愛称：未定）,未定,岩手県,文化交流施設,未定,,募集中ほか,岩手県盛岡市盛岡駅西通2-9-1,地図を見る,https://www.google.co.jp/maps/search/岩手県盛岡市盛岡駅西通2-9-1,141.1335079,39.7010868,,未定,https://www.city.morioka.iwate.jp/kankou/1031454/1049369.html,・希望金額 年額400万円以上 ・希望期間5年 ・ホール全体を対象とした命名権又は大ホール、小ホール及び展示ホールの各ホールの命名権について募集,,,,,,,,
盛岡市【盛岡市子ども科学館】（愛称：未定）,未定,岩手県,文化交流施設,未定,,募集中ほか,岩手県盛岡市本宮字蛇屋敷13-1,地図を見る,https://www.google.co.jp/maps/search/岩手県盛岡市本宮字蛇屋敷13-1,141.1298716,39.694105,,未定,https://www.city.morioka.iwate.jp/shisei/zaisei/1010823.html,・希望金額 年額160万円以上 ・希望期間 2年10カ月（2026年6月1日～2029年3月31日）,,,,,,,,
盛岡市【盛岡市立総合プール】（愛称：未定）,未定,岩手県,スポーツ施設,未定,,募集中ほか,岩手県盛岡市本宮5丁目3-1,地図を見る,https://www.google.co.jp/maps/search/岩手県盛岡市本宮5丁目3-1,141.1222174,39.690516,,未定,https://www.city.morioka.iwate.jp/shisei/zaisei/1010823.html,・希望金額 年額100万円以上 ・希望期間 2年10カ月（2026年6月1日～2029年3月31日）,,,,,,,,
盛岡市【盛岡市立太田テニスコート】（愛称：未定）,未定,岩手県,スポーツ施設,未定,,募集中ほか,岩手県盛岡市上太田穴口4-3,地図を見る,https://www.google.co.jp/maps/search/岩手県盛岡市上太田穴口4-3,141.0536813,39.6896441,,未定,https://www.city.morioka.iwate.jp/shisei/zaisei/1010823.html,・希望金額 年額70万円以上 ・希望期間 2年10カ月（2026年6月1日～2029年3月31日）,,,,,,,,
宇都宮市【宇都宮市体育館(ブレックスアリーナ宇都宮)】（愛称：未定）,未定,栃木県,スポーツ施設,未定,,募集中ほか,栃木県宇都宮市元今泉5-6-18,地図を見る,https://www.google.co.jp/maps/search/栃木県宇都宮市元今泉5-6-18,139.9109985,36.5612523,,未定,https://www.city.utsunomiya.lg.jp/shisei/machi/1034532/gyoseikaikaku/1044217.html,"・希望金額 年額2,200万円から ※自治体公表額（税込）を税抜換算しています。 ・希望期間 5年（愛称の使用開始日～2031年3月31日）",,,,,,,,
宇都宮市【清原体育館】（愛称：未定）,未定,茨城県,スポーツ施設,未定,,募集中ほか,茨城県宇都宮市清原工業団地14,地図を見る,https://www.google.co.jp/maps/search/茨城県宇都宮市清原工業団地14,139.9828703,36.5444425,,未定,https://www.city.utsunomiya.lg.jp/shisei/machi/1034532/gyoseikaikaku/1044217.html,"・希望金額 年額3,636,363円から ※自治体公表額（税込）を税抜換算しています。 ・希望期間 5年（愛称の使用開始日～2031年3月31日）",,,,,,,,
川越市【川越市新宿町一丁目広場】（愛称：ヤオコーみんなの広場）,株式会社ヤオコー,埼玉県,公園・屋外空間,年額100万円（税抜）,100,募集中ほか,埼玉県川越市新宿町1-1-1,地図を見る,https://www.google.co.jp/maps/search/埼玉県川越市新宿町1-1-1,139.4837012,35.9037312,5,5年（2026年7月4日～2031年3月31日）,https://www.city.kawagoe.saitama.jp/sangyo/kokoku/1020816.html,※2026年8年7月開設（予定）,,,,,,,,
長野市【長野運動公園総合体育館】（愛称：未定）,未定,長野県,スポーツ施設,未定,,募集中ほか,長野県長野市吉田５-1-１９,地図を見る,https://www.google.co.jp/maps/search/長野県長野市吉田５-1-１９,138.2331266,36.6608205,,未定,https://www.city.nagano.nagano.jp/n060500/contents/p005552.html,・希望金額 年額500万円以上（税込） ・希望期間 原則5年以上,,,,,,,,
豊橋市【柿の里バス】（愛称：未定）,未定,愛知県,交通・インフラ,未定,,募集中ほか,愛知県豊橋市内運航（北部地区）,地図を見る,https://www.google.co.jp/maps/search/愛知県豊橋市内運航（北部地区）,137.3916837,34.7688528,,未定,https://www.city.toyohashi.lg.jp/63432.htm,・コミュニティバスのネーミングライツ ・希望金額 年額40万円以上 ※自治体資料に税区分の記載がないため、税抜として掲載しています。 ・希望期間 5年,,,,,,,,
豊橋市【しおかぜバス】（愛称：未定）,未定,愛知県,交通・インフラ,未定,,募集中ほか,愛知県豊橋市内運航（前芝地区）,地図を見る,https://www.google.co.jp/maps/search/愛知県豊橋市内運航（前芝地区）,137.3388456,34.7828607,,未定,https://www.city.toyohashi.lg.jp/63432.htm,・コミュニティバスのネーミングライツ ・希望金額 年額20万円以上 ※自治体資料に税区分の記載がないため、税抜として掲載しています。 ・希望期間 5年,,,,,,,,
豊橋市【かわきたバススマイル号】（愛称：未定）,未定,愛知県,交通・インフラ,未定,,募集中ほか,愛知県豊橋市内運航（川北地区）,地図を見る,https://www.google.co.jp/maps/search/愛知県豊橋市内運航（川北地区）,137.4451587,34.6885476,,未定,https://www.city.toyohashi.lg.jp/63432.htm,・コミュニティバスのネーミングライツ ・希望金額 年額20万円以上 ※自治体資料に税区分の記載がないため、税抜として掲載しています。 ・希望期間 5年,,,,,,,,
一宮市【銀座通り歩道橋】（愛称：未定）,未定,愛知県,交通・インフラ,未定,,募集中ほか,愛知県一宮市起字用水添,地図を見る,https://www.google.co.jp/maps/search/愛知県一宮市起字用水添,136.7390849,35.309575,,未定,https://www.city.ichinomiya.aichi.jp/kensetsu/kensetsusoumu/1044284/1019956.html,・希望金額 年額20万円以上（税抜） ・希望期間 3年～5年 ・パートナーとして、当該歩道橋やその周辺における清掃美化活動など、当該歩道橋を地域貢献の場として活用する提案を期待。,,,,,,,,
一宮市【中島歩道橋】（愛称：未定）,未定,愛知県,交通・インフラ,未定,,募集中ほか,愛知県一宮市小信中島字下郷西,地図を見る,https://www.google.co.jp/maps/search/愛知県一宮市小信中島字下郷西,136.7437691,35.3075977,,未定,https://www.city.ichinomiya.aichi.jp/kensetsu/kensetsusoumu/1044284/1019956.html,・希望金額 年額20万円以上（税抜） ・希望期間 3年～5年 ・パートナーとして、当該歩道橋やその周辺における清掃美化活動など、当該歩道橋を地域貢献の場として活用する提案を期待。,,,,,,,,
一宮市【浅野歩道橋】（愛称：未定）,未定,愛知県,交通・インフラ,未定,,募集中ほか,愛知県一宮市浅野字八剱,地図を見る,https://www.google.co.jp/maps/search/愛知県一宮市浅野字八剱,136.8286137,35.2966312,,未定,https://www.city.ichinomiya.aichi.jp/kensetsu/kensetsusoumu/1044284/1019956.html,・希望金額 年額20万円以上（税抜） ・希望期間 3年～5年 ・パートナーとして、当該歩道橋やその周辺における清掃美化活動など、当該歩道橋を地域貢献の場として活用する提案を期待。,,,,,,,,
明石市【大蔵朝霧陸橋】（愛称：未定）,未定,兵庫県,交通・インフラ,未定,,募集中ほか,兵庫県明石市大蔵八幡町,地図を見る,https://www.google.co.jp/maps/search/兵庫県明石市大蔵八幡町,135.0113668,34.6447703,,未定,https://www.city.akashi.lg.jp/zaimu/kenzenka_shitsu/namingrights.html,"・希望金額 年額136,364円以上（税抜） ※自治体公表額（税込）を税抜換算しています。 ・希望期間 3年以上",,,,,,,,
明石市【くれない橋】（愛称：未定）,未定,兵庫県,交通・インフラ,未定,,募集中ほか,兵庫県明石市松が丘４丁目,地図を見る,https://www.google.co.jp/maps/search/兵庫県明石市松が丘４丁目,135.0224449,34.6499486,,未定,https://www.city.akashi.lg.jp/zaimu/kenzenka_shitsu/namingrights.html,"・希望金額 年額136,364円以上（税抜） ※自治体公表額（税込）を税抜換算しています。 ・希望期間 3年以上",,,,,,,,
明石市【高丘中央歩道橋】（愛称：未定）,未定,兵庫県,交通・インフラ,未定,,募集中ほか,兵庫県明石市大久保町高丘５丁目,地図を見る,https://www.google.co.jp/maps/search/兵庫県明石市大久保町高丘５丁目,134.9457636,34.701588,,未定,https://www.city.akashi.lg.jp/zaimu/kenzenka_shitsu/namingrights.html,"・希望金額 年額136,364円以上（税抜） ※自治体公表額（税込）を税抜換算しています。 ・希望期間 3年以上",,,,,,,,
明石市【明石中央体育会館】（愛称：にっしんタコちゃんアリーナ）,日新信用金庫,兵庫県,スポーツ施設,年額150万円（税抜）,150,募集中ほか,兵庫県明石市大久保町松陰1126-47,地図を見る,https://www.google.co.jp/maps/search/兵庫県明石市大久保町松陰1126-47,134.9580945,34.7091822,3,3年,https://www.city.akashi.lg.jp/zaimu/kenzenka_shitsu/namingrights.html,本施設については、明石市が現在交渉権者と詳細協議中。,,,,,,,,
明石市【明石海浜公園】（愛称：キズナックスマリンパーク）,株式会社キズナックスエコロジー,兵庫県,公園・屋外空間,年額66万円（税抜）,66,募集中ほか,兵庫県明石市二見町南二見8-1,地図を見る,https://www.google.co.jp/maps/search/兵庫県明石市二見町南二見8-1,134.8824953,34.6922333,10,10年,https://www.city.akashi.lg.jp/zaimu/kenzenka_shitsu/namingrights.html,本施設については、明石市が現在交渉権者と詳細協議中。,,,,,,,,
西宮市【西宮市甲東ホール】（愛称：未定）,未定,兵庫県,文化交流施設,未定,,募集中ほか,兵庫県西宮市甲東園3-2-29,地図を見る,https://www.google.co.jp/maps/search/兵庫県西宮市甲東園3-2-29,135.3593347,34.7671992,,未定,https://www.nishi.or.jp/jigyoshajoho/shinokokokujigyo/genzaiboshuchu/naming_rights_boshu.html,"・希望金額 年額454,545円以上（税抜） ※自治体公表額（税込）を税抜換算しています。 ・使用期間 2035年3月31日まで",,,,,,,,
西宮市【西宮市山口ホール】（愛称：未定）,未定,兵庫県,文化交流施設,未定,,募集中ほか,兵庫県西宮市山口町下山口4-1-8,地図を見る,https://www.google.co.jp/maps/search/兵庫県西宮市山口町下山口4-1-8,135.2403165,34.8283718,,未定,https://www.nishi.or.jp/jigyoshajoho/shinokokokujigyo/genzaiboshuchu/naming_rights_boshu.html,"・希望金額 年額454,545円以上（税抜） ※自治体公表額（税込）を税抜換算しています。 ・使用期間 2035年3月31日まで",,,,,,,,
西宮市【西宮浜総合公園（競技用自転車広場）】（愛称：未定）,未定,兵庫県,スポーツ施設,未定,,募集中ほか,兵庫県西宮市西宮浜3丁目,地図を見る,https://www.google.co.jp/maps/search/兵庫県西宮市西宮浜3丁目,135.3287271,34.7189976,,未定,https://www.nishi.or.jp/jigyoshajoho/shinokokokujigyo/genzaiboshuchu/naming_rights_boshu.html,"・希望金額 年額181,818円以上（税抜） ※自治体公表額（税込）を税抜換算しています。 ・使用期間 2035年3月31日まで",,,,,,,,
西宮市【西宮浜総合公園（スケートボード広場）】（愛称：未定）,未定,兵庫県,スポーツ施設,未定,,募集中ほか,兵庫県西宮市西宮浜3丁目,地図を見る,https://www.google.co.jp/maps/search/兵庫県西宮市西宮浜3丁目,135.3287271,34.7189976,,未定,https://www.nishi.or.jp/jigyoshajoho/shinokokokujigyo/genzaiboshuchu/naming_rights_boshu.html,"・希望金額 年額181,818円以上（税抜） ※自治体公表額（税込）を税抜換算しています。 ・使用期間 2035年3月31日まで",,,,,,,,
西宮市【西宮浜総合公園（北多目的広場）】（愛称：未定）,未定,兵庫県,スポーツ施設,未定,,募集中ほか,兵庫県西宮市西宮浜3丁目,地図を見る,https://www.google.co.jp/maps/search/兵庫県西宮市西宮浜3丁目,135.3287271,34.7189976,,未定,https://www.nishi.or.jp/jigyoshajoho/shinokokokujigyo/genzaiboshuchu/naming_rights_boshu.html,"・希望金額 年額181,818円以上（税抜） ※自治体公表額（税込）を税抜換算しています。 ・使用期間 2035年3月31日まで",,,,,,,,
西宮市【西宮浜総合公園（トイレ 北）】（愛称：未定）,未定,兵庫県,公園・屋外空間,未定,,募集中ほか,兵庫県西宮市西宮浜3丁目,地図を見る,https://www.google.co.jp/maps/search/兵庫県西宮市西宮浜3丁目,135.3287271,34.7189976,,未定,https://www.nishi.or.jp/jigyoshajoho/shinokokokujigyo/genzaiboshuchu/naming_rights_boshu.html,"・希望金額 年額90,909円以上（税抜） ※自治体公表額（税込）を税抜換算しています。 ・使用期間 2035年3月31日まで",,,,,,,,
西宮市【西宮浜総合公園（トイレ 南）】（愛称：未定）,未定,兵庫県,公園・屋外空間,未定,,募集中ほか,兵庫県西宮市西宮浜3丁目,地図を見る,https://www.google.co.jp/maps/search/兵庫県西宮市西宮浜3丁目,135.3287271,34.7189976,,未定,https://www.nishi.or.jp/jigyoshajoho/shinokokokujigyo/genzaiboshuchu/naming_rights_boshu.html,"・希望金額 年額90,909円以上（税抜） ※自治体公表額（税込）を税抜換算しています。 ・使用期間 2035年3月31日まで",,,,,,,,
福山市【福山市竹ケ端運動公園庭球場】（愛称：未定）,未定,広島県,スポーツ施設,未定,,募集中ほか,広島県福山市水呑町4748,地図を見る,https://www.google.co.jp/maps/search/広島県福山市水呑町4748,133.3893218,34.4461354,,未定,https://www.city.fukuyama.hiroshima.jp/site/minkanteian/351530.html,・希望金額 年額200万円以上（税抜） ・使用期間 2030年3月31日まで,,,,,,,,
福山市【福山市グラウンド・ゴルフ場】（愛称：未定）,未定,広島県,スポーツ施設,未定,,募集中ほか,広島県福山市加茂町字北山176-5,地図を見る,https://www.google.co.jp/maps/search/広島県福山市加茂町字北山176-5,133.3399992,34.6127331,,未定,https://www.city.fukuyama.hiroshima.jp/site/minkanteian/351530.html,・希望金額 年額30万円以上（税抜） ・使用期間 2030年3月31日まで,,,,,,,,
福山市【福山市沼隈体育館】（愛称：未定）,未定,広島県,スポーツ施設,未定,,募集中ほか,広島県福山市沼隈町大字下山南1235,地図を見る,https://www.google.co.jp/maps/search/広島県福山市沼隈町大字下山南1235,133.3065703,34.3987493,,未定,https://www.city.fukuyama.hiroshima.jp/site/minkanteian/351530.html,・希望金額 年額30万円以上（税抜） ・使用期間 2030年3月31日まで,,,,,,,,
福山市【福山市新市スポーツセンター】（愛称：未定）,未定,広島県,スポーツ施設,未定,,募集中ほか,広島県福山市新市町新市816-3,地図を見る,https://www.google.co.jp/maps/search/広島県福山市新市町新市816-3,133.2759955,34.5569852,,未定,https://www.city.fukuyama.hiroshima.jp/site/minkanteian/351530.html,・希望金額 年額30万円以上（税抜） ・使用期間 2030年3月31日まで,,,,,,,,
福山市【ふくやま文学館】（愛称：未定）,未定,広島県,教育施設等,未定,,募集中ほか,広島県福山市丸ノ内1-9-9,地図を見る,https://www.google.co.jp/maps/search/広島県福山市丸ノ内1-9-9,133.3624239,34.4859845,,未定,https://www.city.fukuyama.hiroshima.jp/site/minkanteian/351530.html,・希望金額 年額30万円以上（税抜） ・使用期間 2030年3月31日まで,,,,,,,,
福山市【福山市神辺文化会館】（愛称：未定）,未定,広島県,文化交流施設,未定,,募集中ほか,広島県福山市神辺町川北1155-1,地図を見る,https://www.google.co.jp/maps/search/広島県福山市神辺町川北1155-1,133.374637,34.5457405,,未定,https://www.city.fukuyama.hiroshima.jp/site/minkanteian/351530.html,・希望金額 年額100万円以上（税抜） ・使用期間 2030年3月31日まで,,,,,,,,
福山市【福山市芦田川緑地かわまち広場公園施設（芝生広場）】（愛称：未定）,未定,広島県,公園・屋外空間,未定,,募集中ほか,広島県福山市千代田町1,地図を見る,https://www.google.co.jp/maps/search/広島県福山市千代田町1,133.369285,34.4637737,,未定,https://www.city.fukuyama.hiroshima.jp/site/minkanteian/351530.html,・希望金額 年額50万円以上（税抜） ・使用期間 ５年以上１０年以内で応募者が提案した年数の３月３１日まで ・パートナー特典 芝生広場の優先予約（優先予約回数は年間１回、連続２日まで、使用料無料）,,,,,,,,
福山市【福山市芦田川緑地かわまち広場公園施設（バーベキューテラス）】（愛称：未定）,未定,広島県,公園・屋外空間,未定,,募集中ほか,広島県福山市千代田町1,地図を見る,https://www.google.co.jp/maps/search/広島県福山市千代田町1,133.369285,34.4637737,,未定,https://www.city.fukuyama.hiroshima.jp/site/minkanteian/351530.html,・希望金額 年額50万円以上（税抜） ・使用期間 ５年以上１０年以内で応募者が提案した年数の３月３１日まで ・パートナー特典 バーベキューテラスの優先予約（優先予約回数は年間１回、連続２日まで、使用料無料）,,,,,,,,
福山市【福山市立図書館（全7館）】（愛称：未定）※一括募集,未定,広島県,教育施設等,未定,,募集中ほか,広島県福山市霞町1-10-1,地図を見る,https://www.google.co.jp/maps/search/広島県福山市霞町1-10-1,133.3657192,34.4827143,,未定,https://www.city.fukuyama.hiroshima.jp/site/minkanteian/367504.html,・希望金額 年額300万円以上（税抜） ・対象図書館：福山市中央図書館・福山市松永図書館・福山市北部図書館・福山市東部図書館・福山市沼隈図書館・福山市新市図書館・福山市かんなべ図書館,,,,,,,,
下関市【下関駅前人工地盤】（愛称：未定 ）,未定,山口県,交通・インフラ,未定,,募集中ほか,山口県下関市竹崎町4ほか,地図を見る,https://www.google.co.jp/maps/search/山口県下関市竹崎町4ほか,130.9239707,33.9497343,,未定,https://www.city.shimonoseki.lg.jp/soshiki/68/153260.html,希望金額 年額600万円以上（税抜） 使用期間 5年（2026年9月1日?2031年3月31日）,,,,,,,,
高松市【高松市動物管理ステーション】（愛称：未定）,未定,香川県,その他,未定,,募集中ほか,香川県高松市番町1-8-15,地図を見る,https://www.google.co.jp/maps/search/香川県高松市番町1-8-15,134.0470242,34.3427204,,未定,https://www.city.takamatsu.kagawa.jp/smph/jigyosha/kobai/ne-mingur2.html,・希望金額 年額50万円以上（税抜）／応募可能額 年額30万円（税抜） ・使用期間 契約日（月初日）～3年以上5年以内の年度末日,,,,,,,,
高松市【高松市香南産地形成促進施設（香南アグリーム）】（愛称：未定）,未定,香川県,その他,未定,,募集中ほか,香川県高松市香南町岡1270-13,地図を見る,https://www.google.co.jp/maps/search/香川県高松市香南町岡1270-13,134.0192085,34.222453,,未定,https://www.city.takamatsu.kagawa.jp/smph/jigyosha/kobai/ne-mingur2.html,・希望金額 年額150万円以上（税抜）／応募可能額 年額100万円（税抜） ・使用期間 契約日（月初日）～4年以内の年度末日,,,,,,,,
高松市【高松市総合体育館】（愛称：未定）,未定,香川県,スポーツ施設,未定,,募集中ほか,香川県高松市福岡町4丁目36-1,地図を見る,https://www.google.co.jp/maps/search/香川県高松市福岡町4丁目36-1,134.0742408,34.342188,,未定,https://www.city.takamatsu.kagawa.jp/smph/jigyosha/kobai/ne-mingur2.html,・希望金額 年額500万円以上（税抜）／応募可能額 年額250万円（税抜） ・使用期間 契約日（月初日）～2年以上5年以内の年度末日,,,,,,,,
高松市【高松市ヨット競技場】（愛称：未定）,未定,香川県,スポーツ施設,未定,,募集中ほか,香川県高松市浜ノ町67-1,地図を見る,https://www.google.co.jp/maps/search/香川県高松市浜ノ町67-1,134.0420739,34.3519634,,未定,https://www.city.takamatsu.kagawa.jp/smph/jigyosha/kobai/ne-mingur2.html,・希望金額 年額200万円以上（税抜）／応募可能額 年額100万円（税抜） ・使用期間 契約日（月初日）～2年以上5年以内の年度末日,,,,,,,,
高松市【高松市牟礼総合体育館】（愛称：未定）,未定,香川県,スポーツ施設,未定,,募集中ほか,香川県高松市牟礼町牟礼152-10,地図を見る,https://www.google.co.jp/maps/search/香川県高松市牟礼町牟礼152-10,134.143023,34.3425163,,未定,https://www.city.takamatsu.kagawa.jp/smph/jigyosha/kobai/ne-mingur2.html,・希望金額 年額300万円以上（税抜）／応募可能額 年額100万円（税抜） ・使用期間 契約日（月初日）～2年以上5年以内の年度末日,,,,,,,,
高松市【高松市香南体育館】（愛称：未定）,未定,香川県,スポーツ施設,未定,,募集中ほか,香川県高松市香南町横井844-7,地図を見る,https://www.google.co.jp/maps/search/香川県高松市香南町横井844-7,134.0064292,34.2433092,,未定,https://www.city.takamatsu.kagawa.jp/smph/jigyosha/kobai/ne-mingur2.html,・希望金額 年額100万円以上（税抜）／応募可能額 年額50万円（税抜） ・使用期間 契約日（月初日）～2年以上5年以内の年度末日,,,,,,,,
高松市【高松市西部運動センター】（愛称：未定）,未定,香川県,スポーツ施設,未定,,募集中ほか,香川県高松市鬼無町鬼無10-2,地図を見る,https://www.google.co.jp/maps/search/香川県高松市鬼無町鬼無10-2,133.9818865,34.3096223,,未定,https://www.city.takamatsu.kagawa.jp/smph/jigyosha/kobai/ne-mingur2.html,・希望金額 年額200万円以上（税抜）／応募可能額 年額90万円（税抜） ・使用期間 契約日（月初日）～2年以上5年以内の年度末日,,,,,,,,
高松市【高松市香川屋外庭球場】（愛称：未定）,未定,香川県,スポーツ施設,未定,,募集中ほか,香川県高松市香川町川東上1733-2,地図を見る,https://www.google.co.jp/maps/search/香川県高松市香川町川東上1733-2,134.0346139,34.2378036,,未定,https://www.city.takamatsu.kagawa.jp/smph/jigyosha/kobai/ne-mingur2.html,・希望金額 年額50万円以上（税抜）／応募可能額 年額20万円（税抜） ・使用期間 契約日（月初日）～2年以上5年以内の年度末日,,,,,,,,
高松市【高松市内場池運動センター】（愛称：未定）,未定,香川県,スポーツ施設,未定,,募集中ほか,香川県高松市塩江町上西乙668-1地先,地図を見る,https://www.google.co.jp/maps/search/香川県高松市塩江町上西乙668-1地先,134.0723551,34.1547505,,未定,https://www.city.takamatsu.kagawa.jp/smph/jigyosha/kobai/ne-mingur2.html,・希望金額 年額30万円以上（税抜）／応募可能額 年額10万円（税抜） ・使用期間 契約日（月初日）～2年以上5年以内の年度末日,,,,,,,,
高松市【高松市庵治運動場】（愛称：未定）,未定,香川県,スポーツ施設,未定,,募集中ほか,香川県高松市庵治町2290-1,地図を見る,https://www.google.co.jp/maps/search/香川県高松市庵治町2290-1,134.1380019,34.3753059,,未定,https://www.city.takamatsu.kagawa.jp/smph/jigyosha/kobai/ne-mingur2.html,・希望金額 年額30万円以上（税抜）／応募可能額 年額10万円（税抜） ・使用期間 契約日（月初日）～2年以上5年以内の年度末日,,,,,,,,
高松市【高松市立朝日町庭球場】（愛称：未定）,未定,香川県,スポーツ施設,未定,,募集中ほか,香川県高松市朝日町1-1-2,地図を見る,https://www.google.co.jp/maps/search/香川県高松市朝日町1-1-2,134.062002,34.347653,,未定,https://www.city.takamatsu.kagawa.jp/smph/jigyosha/kobai/ne-mingur2.html,・希望金額 年額40万円以上（税抜）／応募可能額 年額20万円（税抜） ・使用期間 契約日（月初日）～2年以上5年以内の年度末日,,,,,,,,
高松市【高松市立亀岡庭球場】（愛称：未定）,未定,香川県,スポーツ施設,未定,,募集中ほか,香川県高松市亀岡町7-2,地図を見る,https://www.google.co.jp/maps/search/香川県高松市亀岡町7-2,134.0409725,34.3375209,,未定,https://www.city.takamatsu.kagawa.jp/smph/jigyosha/kobai/ne-mingur2.html,・希望金額 年額40万円以上（税抜）／応募可能額 年額20万円（税抜） ・使用期間 契約日（月初日）～2年以上5年以内の年度末日,,,,,,,,
高松市【高松市香南庭球場】（愛称：未定）,未定,香川県,スポーツ施設,未定,,募集中ほか,香川県高松市香南町横井1000,地図を見る,https://www.google.co.jp/maps/search/香川県高松市香南町横井1000,134.0079806,34.2408926,,未定,https://www.city.takamatsu.kagawa.jp/smph/jigyosha/kobai/ne-mingur2.html,・希望金額 年額40万円以上（税抜）／応募可能額 年額20万円（税抜） ・使用期間 契約日（月初日）～2年以上5年以内の年度末日,,,,,,,,
高松市【高松市塩江町庭球場】（愛称：未定）,未定,香川県,スポーツ施設,未定,,募集中ほか,香川県高松市塩江町安原上708-2,地図を見る,https://www.google.co.jp/maps/search/香川県高松市塩江町安原上708-2,134.0771441,34.1801293,,未定,https://www.city.takamatsu.kagawa.jp/smph/jigyosha/kobai/ne-mingur2.html,・希望金額 年額30万円以上（税抜）／応募可能額 年額10万円（税抜） ・使用期間 契約日（月初日）～2年以上5年以内の年度末日,,,,,,,,
高松市【高松市庵治町深間庭球場】（愛称：未定）,未定,香川県,スポーツ施設,未定,,募集中ほか,香川県高松市庵治町6391-17,地図を見る,https://www.google.co.jp/maps/search/香川県高松市庵治町6391-17,134.1206534,34.3684808,,未定,https://www.city.takamatsu.kagawa.jp/smph/jigyosha/kobai/ne-mingur2.html,・希望金額 年額30万円以上（税抜）／応募可能額 年額15万円（税抜） ・使用期間 契約日（月初日）～2年以上5年以内の年度末日,,,,,,,,
高松市【高松市立仏生山公園】（愛称：未定）,未定,香川県,公園・屋外空間,未定,,募集中ほか,香川県高松市仏生山町甲2654-1,地図を見る,https://www.google.co.jp/maps/search/香川県高松市仏生山町甲2654-1,134.0429342,34.2820586,,未定,https://www.city.takamatsu.kagawa.jp/smph/jigyosha/kobai/ne-mingur2.html,・希望金額 年額200万円以上（税抜）／応募可能額 年額100万円（税抜） ・使用期間 契約日（月初日）～2年以上4年以内の年度末日,,,,,,,,
高松市【高松市立東部運動公園】（愛称：未定）,未定,香川県,スポーツ施設,未定,,募集中ほか,香川県高松市高松町1347-1,地図を見る,https://www.google.co.jp/maps/search/香川県高松市高松町1347-1,134.1214952,34.3304848,,未定,https://www.city.takamatsu.kagawa.jp/smph/jigyosha/kobai/ne-mingur2.html,・希望金額 年額500万円以上（税抜）／応募可能額 年額250万円（税抜） ・使用期間 契約日（月初日）～2年以上4年以内の年度末日,,,,,,,,
高松市【高松市立橘ノ丘総合運動公園】（愛称：未定）,未定,香川県,スポーツ施設,未定,,募集中ほか,香川県高松市国分寺町新名2069-1,地図を見る,https://www.google.co.jp/maps/search/香川県高松市国分寺町新名2069-1,133.9500861,34.272615,,未定,https://www.city.takamatsu.kagawa.jp/smph/jigyosha/kobai/ne-mingur2.html,・希望金額 年額400万円以上（税抜）／応募可能額 年額200万円（税抜） ・使用期間 契約日（月初日）～2年以上4年以内の年度末日,,,,,,,,
高松市【高松市亀水中央公園】（愛称：未定）,未定,香川県,公園・屋外空間,未定,,募集中ほか,香川県高松市亀水町458-3,地図を見る,https://www.google.co.jp/maps/search/香川県高松市亀水町458-3,133.9419315,34.3738515,,未定,https://www.city.takamatsu.kagawa.jp/smph/jigyosha/kobai/ne-mingur2.html,・希望金額 年額100万円以上（税抜）／応募可能額 年額80万円（税抜） ・使用期間 契約日（月初日）～2年以上4年以内の年度末日,,,,,,,,
高松市【高松市立御山公園】（愛称：未定）,未定,香川県,公園・屋外空間,未定,,募集中ほか,香川県高松市牟礼町牟礼1355-1,地図を見る,https://www.google.co.jp/maps/search/香川県高松市牟礼町牟礼1355-1,134.1341646,34.3474747,,未定,https://www.city.takamatsu.kagawa.jp/smph/jigyosha/kobai/ne-mingur2.html,・希望金額 年額50万円以上（税抜）／応募可能額 年額30万円（税抜） ・使用期間 契約日（月初日）～2年以上4年以内の年度末日,,,,,,,,
高松市【浜ノ町横断歩道橋】（愛称：未定）,未定,香川県,交通・インフラ,未定,,募集中ほか,香川県高松市浜ノ町,地図を見る,https://www.google.co.jp/maps/search/香川県高松市浜ノ町,134.0409941,34.3516735,,未定,https://www.city.takamatsu.kagawa.jp/smph/jigyosha/kobai/ne-mingur2.html,・希望金額 年額24万円以上（税抜）／応募可能額 年額12万円（税抜） ・使用期間 契約日（月初日）～5年以内の年度末日,,,,,,,,
高松市【水道橋横断歩道橋】（愛称：未定）,未定,香川県,交通・インフラ,未定,,募集中ほか,香川県高松市扇町,地図を見る,https://www.google.co.jp/maps/search/香川県高松市扇町,134.034791,34.3454817,,未定,https://www.city.takamatsu.kagawa.jp/smph/jigyosha/kobai/ne-mingur2.html,・希望金額 年額24万円以上（税抜）／応募可能額 年額12万円（税抜） ・使用期間 契約日（月初日）～5年以内の年度末日,,,,,,,,
高松市【新摺鉢谷橋横断歩道橋】（愛称：未定）,未定,香川県,交通・インフラ,未定,,募集中ほか,香川県高松市瀬戸内町,地図を見る,https://www.google.co.jp/maps/search/香川県高松市瀬戸内町,134.0306263,34.3490391,,未定,https://www.city.takamatsu.kagawa.jp/smph/jigyosha/kobai/ne-mingur2.html,・希望金額 年額24万円以上（税抜）／応募可能額 年額12万円（税抜） ・使用期間 契約日（月初日）～5年以内の年度末日,,,,,,,,
高松市【勝賀中学校横断歩道橋】（愛称：未定）,未定,香川県,交通・インフラ,未定,,募集中ほか,香川県高松市香西南町,地図を見る,https://www.google.co.jp/maps/search/香川県高松市香西南町,133.9996766,34.3382973,,未定,https://www.city.takamatsu.kagawa.jp/smph/jigyosha/kobai/ne-mingur2.html,・希望金額 年額24万円以上（税抜）／応募可能額 年額12万円（税抜） ・使用期間 契約日（月初日）～5年以内の年度末日,,,,,,,,
高松市【玉藻中学校横断歩道橋】（愛称：未定）,未定,香川県,交通・インフラ,未定,,募集中ほか,香川県高松市松島町,地図を見る,https://www.google.co.jp/maps/search/香川県高松市松島町,134.0465405,34.342542,,未定,https://www.city.takamatsu.kagawa.jp/smph/jigyosha/kobai/ne-mingur2.html,・希望金額 年額24万円以上（税抜）／応募可能額 年額12万円（税抜） ・使用期間 契約日（月初日）～5年以内の年度末日,,,,,,,,
高松市【高松市峰山トンネル】（愛称：未定）,未定,香川県,交通・インフラ,未定,,募集中ほか,香川県高松市西春日町～鶴市町,地図を見る,https://www.google.co.jp/maps/search/香川県高松市西春日町～鶴市町,134.0222956,34.3225127,,未定,https://www.city.takamatsu.kagawa.jp/smph/jigyosha/kobai/ne-mingur2.html,・希望金額 年額24万円以上（税抜）／応募可能額 年額12万円（税抜） ・使用期間 契約日（月初日）～5年以内の年度末日,,,,,,,,
高松市【高松市屋島隧道】（愛称：未定）,未定,香川県,スポーツ施設,未定,,募集中ほか,香川県高松市屋島東町～屋島西町,地図を見る,https://www.google.co.jp/maps/search/香川県高松市屋島東町～屋島西町,134.1050925,34.3576095,,未定,https://www.city.takamatsu.kagawa.jp/smph/jigyosha/kobai/ne-mingur2.html,・希望金額 年額24万円以上（税抜）／応募可能額 年額12万円（税抜） ・使用期間 契約日（月初日）～5年以内の年度末日,,,,,,,,
宮崎市【宮崎市清武総合運動公園】（愛称：未定）,未定,宮崎県,スポーツ施設,未定,,募集中ほか,宮崎県宮崎市清武町今泉甲530,地図を見る,https://www.google.co.jp/maps/search/宮崎県宮崎市清武町今泉甲530,131.3560996,31.8531345,,未定,https://www.city.miyazaki.miyazaki.jp/business/private_consignment/407414.html,・希望金額 年額500万円以上（税抜） ・使用期間 原則として3年以上,,,,,,,,
宮崎市【宮崎市久峰総合公園】（愛称：未定）,未定,宮崎県,公園・屋外空間,未定,,募集中ほか,宮崎県宮崎市佐土原町下那珂13754,地図を見る,https://www.google.co.jp/maps/search/宮崎県宮崎市佐土原町下那珂13754,131.4299607,32.0288873,,未定,https://www.city.miyazaki.miyazaki.jp/business/private_consignment/407414.html,・希望金額 年額50万円以上（税抜） ・使用期間 原則として3年以上 ・金銭相当の役務提供（例：清掃、高木の剪定など）による提案も可能,,,,,,,,
宮崎市【宮崎市田野運動公園】（愛称：未定）,未定,宮崎県,スポーツ施設,未定,,募集中ほか,宮崎県宮崎市田野町甲2487,地図を見る,https://www.google.co.jp/maps/search/宮崎県宮崎市田野町甲2487,131.2908958,31.8080969,,未定,https://www.city.miyazaki.miyazaki.jp/business/private_consignment/407414.html,・希望金額 年額50万円以上（税抜） ・使用期間 原則として3年以上,,,,,,,,
宮崎市【宮崎市祇園スポーツパーク】（愛称：未定）,未定,宮崎県,スポーツ施設,未定,,募集中ほか,宮崎県宮崎市祇園1丁目78,地図を見る,https://www.google.co.jp/maps/search/宮崎県宮崎市祇園1丁目78,131.4080826,31.9273834,,未定,https://www.city.miyazaki.miyazaki.jp/business/private_consignment/407414.html,・希望金額 年額50万円以上（税抜） ・使用期間 原則として3年以上,,,,,,,,
宮崎市【宮崎市北部土地区画整理事業記念体育館】（愛称：未定）,未定,宮崎県,スポーツ施設,未定,,募集中ほか,宮崎県宮崎市祇園1丁目77,地図を見る,https://www.google.co.jp/maps/search/宮崎県宮崎市祇園1丁目77,131.4094584,31.9268839,,未定,https://www.city.miyazaki.miyazaki.jp/business/private_consignment/407414.html,・希望金額 年額30万円以上（税抜） ・使用期間 原則として3年以上,,,,,,,,
宮崎市【宮崎市南部土地区画整理事業記念体育館】（愛称：未定）,未定,宮崎県,スポーツ施設,未定,,募集中ほか,宮崎県宮崎市恒久南2丁目1-5,地図を見る,https://www.google.co.jp/maps/search/宮崎県宮崎市恒久南2丁目1-5,131.4253146,31.893385,,未定,https://www.city.miyazaki.miyazaki.jp/business/private_consignment/407414.html,・希望金額 年額30万円以上（税抜） ・使用期間 原則として3年以上,,,,,,,,
宮崎市【宮崎市佐土原体育館】（愛称：未定）,未定,宮崎県,スポーツ施設,未定,,募集中ほか,宮崎県宮崎市佐土原町下田島20688-74,地図を見る,https://www.google.co.jp/maps/search/宮崎県宮崎市佐土原町下田島20688-74,131.4472982,32.0234779,,未定,https://www.city.miyazaki.miyazaki.jp/business/private_consignment/407414.html,・希望金額 年額30万円以上（税抜） ・使用期間 原則として3年以上,,,,,,,,
宮崎市【宮崎市田野体育館】（愛称：未定）,未定,宮崎県,スポーツ施設,未定,,募集中ほか,宮崎県宮崎市田野町乙10905-26,地図を見る,https://www.google.co.jp/maps/search/宮崎県宮崎市田野町乙10905-26,131.3079682,31.843401,,未定,https://www.city.miyazaki.miyazaki.jp/business/private_consignment/407414.html,・希望金額 年額30万円以上（税抜） ・使用期間 原則として3年以上,,,,,,,,
宮崎市【宮崎市清武体育館】（愛称：未定）,未定,宮崎県,スポーツ施設,未定,,募集中ほか,宮崎県宮崎市清武町西新町5-1,地図を見る,https://www.google.co.jp/maps/search/宮崎県宮崎市清武町西新町5-1,131.3913343,31.8543889,,未定,https://www.city.miyazaki.miyazaki.jp/business/private_consignment/407414.html,・希望金額 年額30万円以上（税抜） ・使用期間 原則として3年以上,,,,,,,,
杉並区【杉並区松ノ木運動場】（愛称：未定）,未定,東京都,スポーツ施設,未定,,募集中ほか,東京都杉並区松ノ木1-3-22,地図を見る,https://www.google.co.jp/maps/search/東京都杉並区松ノ木1-3-22,139.6420655,35.6856333,,未定,https://www.city.suginami.tokyo.jp/s001/24785.html,"・希望金額 年額909,091円（税抜）以上 ※自治体公表額（税込）を税抜換算しています。 ・5年（2027年4月1日～2032年3月31日）",,,,,,,,
杉並区【杉並区下高井戸運動場】（愛称：未定）,未定,東京都,スポーツ施設,未定,,募集中ほか,東京都杉並区下高井戸3-26-1,地図を見る,https://www.google.co.jp/maps/search/東京都杉並区下高井戸3-26-1,139.6360378,35.6722971,,未定,https://www.city.suginami.tokyo.jp/s001/24785.html,"・希望金額 年額909,091円（税抜）以上 ※自治体公表額（税込）を税抜換算しています。 ・5年（2027年4月1日～2032年3月31日）",,,,,,,,
杉並区【杉並区下高井戸おおぞら公園スポーツコート】（愛称：未定）,未定,東京都,スポーツ施設,未定,,募集中ほか,東京都杉並区下高井戸2-28-23,地図を見る,https://www.google.co.jp/maps/search/東京都杉並区下高井戸2-28-23,139.6369603,35.6709251,,未定,https://www.city.suginami.tokyo.jp/s001/24785.html,"・希望金額 年額909,091円（税抜）以上 ※自治体公表額（税込）を税抜換算しています。 ・5年6か月（2026年10月1日～2032年3月31日）",,,,,,,,
中央区【江戸バスバス停】（愛称：未定）,未定,東京都,交通・インフラ,未定,,募集中ほか,東京都中央区築地1-1-1,地図を見る,https://www.google.co.jp/maps/search/東京都中央区築地1-1-1,139.7719965,35.6706351,,未定,https://www.city.chuo.lg.jp/a0035/kurashi/koutsuu/koukyoukoutsuu/edobasu/20151201_kyousann-koukoku.html,・希望金額 年額36万円（税抜）※自治体公表額（税込）を税抜換算しています。 ・3年 ・バス停の名称に企業名又は関連施設名をつけることが可能 ※江戸バス協賛メニューのメリットの一つにバス停ネーミングライツが含まれている,,,,,,,,
文京区【文京区コミュニティバス バス停】（愛称：未定）,未定,東京都,交通・インフラ,未定,,募集中ほか,東京都文京区春日1-16-21,地図を見る,https://www.google.co.jp/maps/search/東京都文京区春日1-16-21,139.7528033,35.7079007,,未定,https://www.city.bunkyo.lg.jp/documents/1097/bosyuuannai-nakamen.pdf,・希望金額 年額36万円（税抜）※自治体公表額（税込）を税抜換算しています。 ・3年 ・バス停の名称に企業名又は関連施設名をつけることが可能 ※江戸バス協賛メニューのメリットの一つにバス停ネーミングライツが含まれている,,,,,,,,
仙台市【富沢中河原歩道橋】（愛称：未定）,未定,宮城県,交通・インフラ,未定,,募集中ほか,宮城県仙台市太白区富沢字中河原,地図を見る,https://www.google.co.jp/maps/search/宮城県仙台市太白区富沢字中河原,140.8629325,38.2084461,,未定,https://www.city.sendai.jp/dorokanri-kanri/jigyosha/keyaku/jigyosha/r3hodokyo.html,・希望金額 年額30万円（税抜）以上 ・希望期間 3年以上,,,,,,,,
川崎市【川崎市内歩道橋（66橋）】（愛称：未定 ）,未定,神奈川県,交通・インフラ,未定,,募集中ほか,神奈川県川崎市川崎区川中島2丁目（川中島歩道橋）,地図を見る,https://www.google.co.jp/maps/search/神奈川県川崎市川崎区川中島2丁目（川中島歩道橋）,139.7272033,35.5305601,,未定,https://www.city.kawasaki.jp/530/page/0000081637.html,"・希望金額 年額27万2,727円（税抜）以上 ※自治体公表額（税込）を税抜換算しています。 ・希望期間 2年以上",,,,,,,,
川崎市【動物愛護センター諸室（５室）】（愛称：未定 ）,未定,神奈川県,その他,未定,,募集中ほか,神奈川県川崎市中原区上平間1700-8,地図を見る,https://www.google.co.jp/maps/search/神奈川県川崎市中原区上平間1700-8,139.6741798,35.5561886,,未定,https://www.city.kawasaki.jp/350/page/0000097143.html,"・希望金額 １室あたり年額27万2,727円（税抜）以上 ※自治体公表額（税込）を税抜換算しています。 ・希望期間 2年以上 ・対象諸室：学習コーナー／行動観察室（犬）／手術室／行動観察室（猫）／研修室",,,,,,,,
浜松市【浜松市歩道橋（18橋)】（通称：未定）,未定,静岡県,交通・インフラ,未定,,募集中ほか,静岡県浜松市南区若林地内（東若林歩道橋）,地図を見る,https://www.google.co.jp/maps/search/静岡県浜松市南区若林地内（東若林歩道橋）,137.7132259,34.6902778,,未定,https://www.city.hamamatsu.shizuoka.jp/dourohozen/namingrights.html,・希望金額 1橋あたり年額20万円（税抜）以上 ・希望期間 3年以上 ・地域貢献 通称名の応募だけでなく、清掃活動、交通安全活動などの地域貢献案についても提案を希望,,,,,,,,
さいたま市【市管理歩道橋（42橋）】（愛称：未定）,未定,埼玉県,交通・インフラ,未定,,募集中ほか,埼玉県さいたま市岩槻区大字馬込（馬込歩道橋）,地図を見る,https://www.google.co.jp/maps/search/埼玉県さいたま市岩槻区大字馬込（馬込歩道橋）,139.667715,35.9708972,,未定,https://www.city.saitama.lg.jp/005/003/011/006/p038789.html,・希望金額 歩道橋1橋あたり年額30万円（税抜）以上 ※自治体公表額（税込）を年額・税抜換算しています。 ・希望期間 3年以上,,,,,,,,
千葉市 【千葉ポートアリーナ】（愛称：未定）,未定,千葉県,スポーツ施設,未定,,募集中ほか,千葉県千葉市中央区問屋町1-20,地図を見る,https://www.google.co.jp/maps/search/千葉県千葉市中央区問屋町1-20,140.1104582,35.6026553,,未定,https://www.city.chiba.jp/shimin/seikatsubunka/sports/portarena_namingrights.html,"・希望金額 年額1,200万円（税抜）以上 ・契約期間 4年（2026年10月1日～2030年9月30日） ・掲出箇所 体育館出入口（3箇所）／体育館出入口御影石（2箇所）／サブアリーナ国道側外壁（1箇所）",,,,,,,,
千葉市 【千葉市歩道橋（18橋）】（愛称：未定）,未定,千葉県,交通・インフラ,未定,,募集中ほか,千葉県千葉市美浜区幕張西2（幕張西歩道橋）,地図を見る,https://www.google.co.jp/maps/search/千葉県千葉市美浜区幕張西2（幕張西歩道橋）,140.0373761,35.6649014,,未定,https://www.city.chiba.jp/kensetsu/doboku/dobokuhozen/hodokyo-naming-rights.html,・希望金額 歩道橋1橋1面あたり年額15万円（税抜）以上 ・希望期間 3年以上 ・掲出可能面数が2面～3面の歩道橋あり,,,,,,,,
名古屋市【名古屋市歩道橋（115橋）】（愛称：未定）,未定,愛知県,交通・インフラ,未定,,募集中ほか,愛知県千種区天満通２（天満歩道橋）,地図を見る,https://www.google.co.jp/maps/search/愛知県千種区天満通２（天満歩道橋）,136.956073,35.1780283,,未定,https://www.city.nagoya.jp/kurashi/douro/1010455/1010460.html,・希望金額 1橋あたり年額33万円（税抜）以上 ※自治体公表額（月額）を年額換算しています。 ・希望期間 3年以上 ・政令指定都市で最も多い件数（令和8年3月1日時点）,,,,,,,,
大阪市 【歩道橋（142橋）】（愛称：未定）,未定,大阪府,交通・インフラ,未定,,募集中ほか,大阪府大阪市東淀川区瑞光5(江口南歩道橋),地図を見る,https://www.google.co.jp/maps/search/大阪府大阪市東淀川区瑞光5(江口南歩道橋),135.550175,34.7541431,,未定,https://www.city.osaka.lg.jp/kensetsu/page/0000658019.html,"・希望金額 1橋あたり年額272,727円（税抜）以上 ※自治体公表額（税込）を税抜換算しています。 ・希望期間 3年",,,,,,,,
京都市 【宝が池公園運動施設球技場】（愛称：未定）,未定,京都府,スポーツ施設,未定,,募集中ほか,京都府京都市左京区松ケ崎東池ノ内町2,地図を見る,https://www.google.co.jp/maps/search/京都府京都市左京区松ケ崎東池ノ内町2,135.7762721,35.0543341,,未定,https://www.city.kyoto.lg.jp/bunshi/page/0000275845.html,"・希望金額 年額500~1,000万円（税抜） ・希望期間 3～10年を想定",,,,,,,,
京都市 【横大路運動公園体育館】（愛称：未定）,未定,京都府,スポーツ施設,未定,,募集中ほか,京都府京都市伏見区横大路下ノ坪１,地図を見る,https://www.google.co.jp/maps/search/京都府京都市伏見区横大路下ノ坪１,135.7351833,34.9155989,,未定,https://www.city.kyoto.lg.jp/bunshi/page/0000275845.html,・希望金額 年額300~500万円（税抜） ・希望期間 3～10年を想定,,,,,,,,
京都市 【武道センター本館（主競技場及び補助競技場）】（愛称：未定）,未定,京都府,スポーツ施設,未定,,募集中ほか,京都府京都市左京区聖護院円頓美町46-2,地図を見る,https://www.google.co.jp/maps/search/京都府京都市左京区聖護院円頓美町46-2,135.7808304,35.0169874,,未定,https://www.city.kyoto.lg.jp/bunshi/page/0000275845.html,・希望金額 年額300~500万円（税抜） ・希望期間 3～10年を想定,,,,,,,,
京都市 【西院公園テニスコート】（愛称：未定）,未定,京都府,スポーツ施設,未定,,募集中ほか,京都府京都市右京区西院安塚町,地図を見る,https://www.google.co.jp/maps/search/京都府京都市右京区西院安塚町,135.7207169,35.0021847,,未定,https://www.city.kyoto.lg.jp/bunshi/page/0000275845.html,・希望金額 年額100~300万円（税抜） ・希望期間 3～10年を想定,,,,,,,,
京都市 【小畑川中央公園テニスコート】（愛称：未定）,未定,京都府,スポーツ施設,未定,,募集中ほか,京都府京都市西京区大枝東新林町2,地図を見る,https://www.google.co.jp/maps/search/京都府京都市西京区大枝東新林町2,135.6748659,34.9681142,,未定,https://www.city.kyoto.lg.jp/bunshi/page/0000275845.html,・希望金額 年額100~300万円（税抜） ・希望期間 3～10年を想定,,,,,,,,
京都市 【下鳥羽公園球技場】（愛称：未定）,未定,京都府,スポーツ施設,未定,,募集中ほか,京都府京都市伏見区下鳥羽西芹川町41,地図を見る,https://www.google.co.jp/maps/search/京都府京都市伏見区下鳥羽西芹川町41,135.7480636,34.9434124,,未定,https://www.city.kyoto.lg.jp/bunshi/page/0000275845.html,・希望金額 年額100~300万円（税抜） ・希望期間 3～10年を想定,,,,,,,,
京都市 【宝が池公園運動施設体育館】（愛称：未定）,未定,京都府,スポーツ施設,未定,,募集中ほか,京都府京都市左京区松ケ崎東池ノ内町2,地図を見る,https://www.google.co.jp/maps/search/京都府京都市左京区松ケ崎東池ノ内町2,135.7762721,35.0543341,,未定,https://www.city.kyoto.lg.jp/bunshi/page/0000275845.html,・希望金額 年額100~300万円（税抜） ・希望期間 3～10年を想定,,,,,,,,
広島市 【広島市公共施設（52施設）】（愛称：未定）,未定,広島県,文化交流施設,未定,,募集中ほか,広島県広島市南区楠那町7-31（南区スポーツセンター）,地図を見る,https://www.google.co.jp/maps/search/広島県広島市南区楠那町7-31（南区スポーツセンター）,132.4859698,34.3632876,,未定,https://www.city.hiroshima.lg.jp/shisei/zaisei/1027452/1027454/1019024.html,・希望金額 年額100万円以上(税抜） ・希望期間 3年以上,,,,,,,,
函館市 【市民の森】（愛称：未定）,未定,北海道,公園・屋外空間,未定,,募集中ほか,北海道函館市上湯川町327-1,地図を見る,https://www.google.co.jp/maps/search/北海道函館市上湯川町327-1,140.8198484,41.7873686,,未定,https://www.city.hakodate.hokkaido.jp/docs/2025081300137/,・希望金額 年額80万円（税抜）以上 ・希望期間 4年（2026年4月1日～2030年3月31日）,,,,,,,,
函館市【臼尻スキー場】（愛称：未定）,未定,北海道,スポーツ施設,未定,,募集中ほか,北海道函館市臼尻町593-1,地図を見る,https://www.google.co.jp/maps/search/北海道函館市臼尻町593-1,140.9395522,41.9292846,,未定,https://www.city.hakodate.hokkaido.jp/docs/2025122300089/,・希望金額 年額10万円（税抜） ※役務等の提案も可能 ・希望期間 契約日～2031年3月31日,,,,,,,,
函館市【恵山コミュニティセンター】（愛称：未定）,未定,北海道,文化交流施設,未定,,募集中ほか,北海道函館市日ノ浜町154,地図を見る,https://www.google.co.jp/maps/search/北海道函館市日ノ浜町154,141.1054015,41.7852901,,未定,https://www.city.hakodate.hokkaido.jp/docs/2025072300023/,・希望金額 年額30万円（税抜） ※役務等の提案も可能 ・希望期間 契約日～2028年3月31日,,,,,,,,
函館市【恵山総合体育館（恵山運動広場を含む）】（愛称：未定）,未定,北海道,スポーツ施設,未定,,募集中ほか,北海道函館市川上町506,地図を見る,https://www.google.co.jp/maps/search/北海道函館市川上町506,141.0754523,41.7635149,,未定,https://www.city.hakodate.hokkaido.jp/docs/2025071500011/,・希望金額 年額20万円（税抜） ※役務等の提案も可能 ・希望期間 契約の日から3年以上10年以内,,,,,,,,
函館市【恵山福祉センター・恵山市民センター】（愛称：未定）※２施設複合募集,未定,北海道,文化交流施設,未定,,募集中ほか,北海道函館市柏野町117-209（恵山福祉センター）,地図を見る,https://www.google.co.jp/maps/search/北海道函館市柏野町117-209（恵山福祉センター）,141.15313,41.7901278,,未定,https://www.city.hakodate.hokkaido.jp/docs/2025080600016/,・希望金額 年額30万円（税抜） ※役務等の提案も可能 ・希望期間 契約の日から3年以上10年以内,,,,,,,,
函館市【桔梗福祉交流センター】（愛称：未定）,未定,北海道,文化交流施設,未定,,募集中ほか,北海道函館市桔梗4-1-18,地図を見る,https://www.google.co.jp/maps/search/北海道函館市桔梗4-1-18,140.7290018,41.8483952,,未定,https://www.city.hakodate.hokkaido.jp/docs/2025081800057/,・希望金額 年額10万円（税抜） ※役務等の提案も可能 ・希望期間 契約の日から3年以上10年以内,,,,,,,,
函館市【公民館】（愛称：未定）,未定,北海道,文化交流施設,未定,,募集中ほか,北海道函館市青柳町12-17,地図を見る,https://www.google.co.jp/maps/search/北海道函館市青柳町12-17,140.7157404,41.7597925,,未定,https://www.city.hakodate.hokkaido.jp/docs/2025072300016/,・希望金額 年額30万円（税抜） ※役務等の提案も可能 ・希望期間 契約日～2030年3月31日,,,,,,,,
函館市【港湾施設内公衆トイレ】（愛称：未定）※9か所一体募集,未定,北海道,公園・屋外空間,未定,,募集中ほか,北海道函館市弁天町28（西ふ頭公衆トイレ）,地図を見る,https://www.google.co.jp/maps/search/北海道函館市弁天町28（西ふ頭公衆トイレ）,140.7106819,41.7748137,,未定,https://www.city.hakodate.hokkaido.jp/docs/2025080400043/,・希望金額 年額10万円（税抜） ・希望期間 契約の日から3年以上10年以内 ・西ふ頭2か所・緑の島2か所・海岸町船溜・中央ふ頭・万代ふ頭・北ふ頭・港町ふ頭の港湾施設内公衆トイレ全9か所,,,,,,,,
函館市【七五郎沢廃棄物最終処分場】（愛称：未定）,未定,北海道,その他,未定,,募集中ほか,北海道函館市東山町150-1,地図を見る,https://www.google.co.jp/maps/search/北海道函館市東山町150-1,140.7994884,41.8178286,,未定,https://www.city.hakodate.hokkaido.jp/docs/2025081300151/,・希望金額 年額10万円（税抜） ・希望期間 契約日～2029年3月31日,,,,,,,,
函館市【児童館（18館）】（愛称：未定）,未定,北海道,教育施設等,未定,,募集中ほか,北海道函館市富岡町1-49-27（富岡児童館）,地図を見る,https://www.google.co.jp/maps/search/北海道函館市富岡町1-49-27（富岡児童館）,140.7443585,41.8087886,,未定,https://www.city.hakodate.hokkaido.jp/docs/2025070700047/,・希望金額 年額10万円（税抜） ・希望期間 契約日～2030年3月31日 ・募集児童館 富岡児童館／昭和児童館／湯川児童館／西部児童館／五稜児童館／宮前児童館 日吉が丘児童館／大川児童館／谷地頭児童館／上湯川児童館／湯浜児童館／深堀児童館／鍛治児童館 旭岡児童館／山の手児童館／赤川児童館／亀田港児童館／大森浜児童館,,,,,,,,
函館市【志苔館跡内トイレ】（愛称：未定）,未定,北海道,公園・屋外空間,未定,,募集中ほか,北海道函館市志海苔町427,地図を見る,https://www.google.co.jp/maps/search/北海道函館市志海苔町427,140.8191136,41.7665595,,未定,https://www.city.hakodate.hokkaido.jp/docs/2025072500119/,・希望金額 年額10万円（税抜） ※役務等の提案も可能 ・希望期間 契約の日から3年以上10年以内,,,,,,,,
函館市【四稜郭内トイレ】（愛称：未定）,未定,北海道,公園・屋外空間,未定,,募集中ほか,北海道函館市陣川町59,地図を見る,https://www.google.co.jp/maps/search/北海道函館市陣川町59,140.7863802,41.831447,,未定,https://www.city.hakodate.hokkaido.jp/docs/2025072500102/,・希望金額 年額10万円（税抜） ※役務等の提案も可能 ・希望期間 契約の日から3年以上10年以内,,,,,,,,
函館市【青年センター】（愛称：未定）,未定,北海道,文化交流施設,未定,,募集中ほか,北海道函館市千代台町27-5,地図を見る,https://www.google.co.jp/maps/search/北海道函館市千代台町27-5,140.7485097,41.7846879,,未定,https://www.city.hakodate.hokkaido.jp/docs/2025072800011/,・希望金額 年額70万円（税抜） ※役務等の提案も可能 ・希望期間 契約の日から3年以上5年以内,,,,,,,,
函館市【千代台公園庭球場】（愛称：未定）,未定,北海道,スポーツ施設,未定,,募集中ほか,北海道函館市千代台町27-2,地図を見る,https://www.google.co.jp/maps/search/北海道函館市千代台町27-2,140.7482283,41.7859955,,未定,https://www.city.hakodate.hokkaido.jp/docs/2025080800089/,・希望金額 年額100万円（税抜） ※役務等の提案も可能 ・希望期間 契約の日から3年以上5年以内,,,,,,,,
函館市【戸井生涯学習センター】（愛称：未定）,未定,北海道,教育施設等,未定,,募集中ほか,北海道函館市浜町33-2,地図を見る,https://www.google.co.jp/maps/search/北海道函館市浜町33-2,141.01276,41.7226594,,未定,https://www.city.hakodate.hokkaido.jp/docs/2025081300052/,・希望金額 年額10万円（税抜） ※役務等の提案も可能 ・希望期間 契約の日から3年以上10年以内,,,,,,,,
函館市【戸井西部総合センター】（愛称：未定）,未定,北海道,教育施設等,未定,,募集中ほか,北海道函館市小安町525-1,地図を見る,https://www.google.co.jp/maps/search/北海道函館市小安町525-1,140.9296229,41.7405168,,未定,https://www.city.hakodate.hokkaido.jp/docs/2025081300038/,・希望金額 年額10万円（税抜） ※役務等の提案も可能 ・希望期間 契約の日から3年以上10年以内,,,,,,,,
函館市【戸井総合学習センター】（愛称：未定）,未定,北海道,文化交流施設,未定,,募集中ほか,北海道函館市浜町308-1,地図を見る,https://www.google.co.jp/maps/search/北海道函館市浜町308-1,141.0089836,41.7204753,,未定,https://www.city.hakodate.hokkaido.jp/docs/2025081300069/,・希望金額 年額10万円（税抜） ※役務等の提案も可能 ・希望期間 契約の日から3年以上10年以内,,,,,,,,
函館市【都市公園（東部地区139ヵ所・西部地区77ヵ所・北部地区159か所）】（愛称：未定）,未定,北海道,公園・屋外空間,未定,,募集中ほか,北海道函館市西旭岡1-28･25（旭岡南緑地）,地図を見る,https://www.google.co.jp/maps/search/北海道函館市西旭岡1-28･25（旭岡南緑地）,140.8210239,41.7928701,,未定,https://www.city.hakodate.hokkaido.jp/docs/2025081300175/,・希望金額 年額10～30万円（税抜） ※役務等の提案も可能 ・希望期間 契約の日から3年以上10年以内,,,,,,,,
函館市【椴法華総合センター】（愛称：未定）,未定,北海道,文化交流施設,未定,,募集中ほか,北海道函館市新浜町156-1,地図を見る,https://www.google.co.jp/maps/search/北海道函館市新浜町156-1,141.1426784,41.8336202,,未定,https://www.city.hakodate.hokkaido.jp/docs/2025072400020/,・希望金額 年額10万円（税抜） ※役務等の提案も可能 ・希望期間 契約の日から3年以上10年以内,,,,,,,,
函館市【根崎公園アーチェリー場】（愛称：未定）,未定,北海道,スポーツ施設,未定,,募集中ほか,北海道函館市湯川町3-6,地図を見る,https://www.google.co.jp/maps/search/北海道函館市湯川町3-6,140.7940955,41.7763791,,未定,https://www.city.hakodate.hokkaido.jp/docs/2025080800140/,・希望金額 年額10万円（税抜） ※役務等の提案も可能 ・希望期間 契約の日から3年以上10年以内,,,,,,,,
函館市【根崎公園野球場】（愛称：未定）,未定,北海道,スポーツ施設,未定,,募集中ほか,北海道函館市高松町29,地図を見る,https://www.google.co.jp/maps/search/北海道函館市高松町29,140.7945786,41.7745184,,未定,https://www.city.hakodate.hokkaido.jp/docs/2025080800133/,・希望金額 年額10万円（税抜） ※役務等の提案も可能 ・希望期間 契約の日から3年以上10年以内,,,,,,,,
函館市【根崎公園ラグビー場】（愛称：未定）,未定,北海道,スポーツ施設,未定,,募集中ほか,北海道函館市湯川町3-6,地図を見る,https://www.google.co.jp/maps/search/北海道函館市湯川町3-6,140.7940955,41.7763791,,未定,https://www.city.hakodate.hokkaido.jp/docs/2025080800126/,・希望金額 年額20万円（税抜） ※役務等の提案も可能 ・希望期間 契約の日から3年以上10年以内,,,,,,,,
函館市【函館駅前広場内公衆トイレ】（愛称：未定）,未定,北海道,公園・屋外空間,未定,,募集中ほか,北海道函館市若松町15,地図を見る,https://www.google.co.jp/maps/search/北海道函館市若松町15,140.7274488,41.7723829,,未定,https://www.city.hakodate.hokkaido.jp/docs/2025081300144/,・希望金額 年額30万円（税抜） ※役務等の提案も可能 ・希望期間 契約の日から3年以上10年以内,,,,,,,,
函館市【古川母と子の家】（愛称：未定）,未定,北海道,その他,未定,,募集中ほか,北海道函館市古川町7-1,地図を見る,https://www.google.co.jp/maps/search/北海道函館市古川町7-1,140.8588697,41.7597894,,未定,https://www.city.hakodate.hokkaido.jp/docs/2025081800064/,・希望金額 年額10万円（税抜） ※役務等の提案も可能 ・希望期間 契約の日から3年以上10年以内,,,,,,,,
函館市【北洋資料館】】（愛称：未定）,未定,北海道,文化交流施設,未定,,募集中ほか,北海道函館市五稜郭町37-8,地図を見る,https://www.google.co.jp/maps/search/北海道函館市五稜郭町37-8,140.7558349,41.7934705,,未定,https://www.city.hakodate.hokkaido.jp/docs/2025072800073/,・希望金額 年額40万円（税抜） ※役務等の提案も可能 ・希望期間 契約の日から3年以上5年以内,,,,,,,,
函館市【歩道橋】（愛称：未定）,未定,北海道,交通・インフラ,未定,,募集中ほか,北海道函館市駒場町１,地図を見る,https://www.google.co.jp/maps/search/北海道函館市駒場町１,140.768581,41.782511,,未定,https://www.city.hakodate.hokkaido.jp/docs/2025081300113/,・希望金額 年額25万円（税抜） ※役務等の提案も可能 ・希望期間 契約の日から3年以上10年以内,,,,,,,,
函館市【南茅部運動広場】（愛称：未定）,未定,北海道,スポーツ施設,未定,,募集中ほか,北海道函館市川汲町1657,地図を見る,https://www.google.co.jp/maps/search/北海道函館市川汲町1657,140.9630708,41.9081909,,未定,https://www.city.hakodate.hokkaido.jp/docs/2025122300034/,・希望金額 年額20万円（税抜） ※役務等の提案も可能 ・希望期間 契約日～2031年3月31日,,,,,,,,
函館市【南茅部スポーツセンター】（愛称：未定）,未定,北海道,スポーツ施設,未定,,募集中ほか,北海道函館市臼尻町604-1,地図を見る,https://www.google.co.jp/maps/search/北海道函館市臼尻町604-1,140.9397717,41.9319479,,未定,https://www.city.hakodate.hokkaido.jp/docs/2025122300041/,・希望金額 年額20万円（税抜） ※役務等の提案も可能 ・希望期間 契約日～2031年3月31日,,,,,,,,
函館市【南茅部総合センター】（愛称：未定）,未定,北海道,文化交流施設,未定,,募集中ほか,北海道函館市川汲町1520-4,地図を見る,https://www.google.co.jp/maps/search/北海道函館市川汲町1520-4,140.9713143,41.9059961,,未定,https://www.city.hakodate.hokkaido.jp/docs/2025071400052/,・希望金額 年額40万円（税抜） ※役務等の提案も可能 ・希望期間 契約の日から3年以上10年以内,,,,,,,,
函館市【南茅部プール】（愛称：未定）,未定,北海道,スポーツ施設,未定,,募集中ほか,北海道函館市尾札部町1608-1,地図を見る,https://www.google.co.jp/maps/search/北海道函館市尾札部町1608-1,140.9942142,41.8964738,,未定,https://www.city.hakodate.hokkaido.jp/docs/2025122300027/,・希望金額 年額20万円（税抜） ※役務等の提案も可能 ・希望期間 契約日～2031年3月31日,,,,,,,,
函館市【見晴公園（野球場）】（愛称：未定）,未定,北海道,スポーツ施設,未定,,募集中ほか,北海道函館市見晴町56,地図を見る,https://www.google.co.jp/maps/search/北海道函館市見晴町56,140.8126672,41.7994314,,未定,https://www.city.hakodate.hokkaido.jp/docs/2025081800026/,・希望金額 年額20万円（税抜） ・希望期間 契約の日から3年以上10年以内,,,,,,,,
函館市【元町公園トイレ（旧相馬家住宅側）】（愛称：未定）,未定,北海道,公園・屋外空間,未定,,募集中ほか,北海道函館市元町12-1,地図を見る,https://www.google.co.jp/maps/search/北海道函館市元町12-1,140.7096792,41.7655648,,未定,https://www.city.hakodate.hokkaido.jp/docs/2025081800033/,・希望金額 年額10万円（税抜） ・希望期間 契約の日から3年以上10年以内,,,,,,,,
函館市【元町公園トイレ（公園中央）】（愛称：未定）,未定,北海道,公園・屋外空間,未定,,募集中ほか,北海道函館市元町12-1,地図を見る,https://www.google.co.jp/maps/search/北海道函館市元町12-1,140.7096792,41.7655648,,未定,https://www.city.hakodate.hokkaido.jp/docs/2025081800040/,・希望金額 年額30万円（税抜） ・希望期間 契約の日から3年以上10年以内,,,,,,,,
函館市【弥生小学校併設学童保育専用施設】（愛称：未定）,未定,北海道,教育施設等,未定,,募集中ほか,北海道函館市弥生町4-16,地図を見る,https://www.google.co.jp/maps/search/北海道函館市弥生町4-16,140.7083114,41.7680201,,未定,https://www.city.hakodate.hokkaido.jp/docs/2025081800088/,・希望金額 年額10万円（税抜） ・希望期間 契約の日から3年以上10年以内,,,,,,,,
函館市【リサイクルセンター】（愛称：未定）,未定,北海道,その他,未定,,募集中ほか,北海道函館市東山町151-6,地図を見る,https://www.google.co.jp/maps/search/北海道函館市東山町151-6,140.7989886,41.8171016,,未定,https://www.city.hakodate.hokkaido.jp/docs/2025081300168/,・希望金額 年額10万円（税抜） ・希望期間 契約の日から3年以上10年以内,,,,,,,,
藤沢市【市民センター貸室（12室）】（愛称：未定）,未定,神奈川県,文化交流施設,未定,,募集中ほか,神奈川県藤沢市亀井野4-8-1（六会市民センター）,地図を見る,https://www.google.co.jp/maps/search/神奈川県藤沢市亀井野4-8-1（六会市民センター）,139.474877,35.3852051,,未定,https://www.city.fujisawa.kanagawa.jp/jiti-s2/naming-rights.html,・希望金額 年額20万円（税抜）以上 ・希望契約期間 愛称の使用開始日から2028年3月31日まで ・募集中の12施設のうち、3施設は優先交渉権者決定（善行市民センター体育室・湘南大庭市民センター小ホール・体育室兼ホール）,,,,,,,,
一宮市【大志歩道橋】（愛称：未定）,未定,愛知県,交通・インフラ,未定,,募集中ほか,愛知県一宮市大江3丁目,地図を見る,https://www.google.co.jp/maps/search/愛知県一宮市大江3丁目,136.8050062,35.3018616,,未定,https://www.city.ichinomiya.aichi.jp/kensetsu/kensetsusoumu/1044284/1019956.html,・希望金額 年額20万円以上（税抜） ・希望期間 3年～5年 ・パートナーとして、当該歩道橋やその周辺における清掃美化活動など、当該歩道橋を地域貢献の場として活用する提案を期待。,,,,,,,,
杉並区【杉並区上井草スポーツセンター及び杉並区妙正寺体育館】（愛称：未定 ※2027年度）,未定,東京都,スポーツ施設,未定,,募集中ほか,東京都杉並区上井草3-34-1（上井草スポーツセンター）,地図を見る,https://www.google.co.jp/maps/search/東京都杉並区上井草3-34-1（上井草スポーツセンター）,139.6027537,35.7226773,,未定,https://www.city.suginami.tokyo.jp/s001/26135.html,"・希望金額 杉並区上井草スポーツセンター 年額4,545,000円（税抜）以上 ※自治体公表額（税込）を税抜換算しています。 ・希望金額 杉並区妙正寺体育館 年額909,091円（税抜）以上 ※自治体公表額（税込）を税抜換算しています。 ・契約期間 5年（2027年4月1日～2032年3月31日） ・施設の管理運営を行う指定管理者の募集に併せて実施（詳細要確認）",,,,,,,,
杉並区【杉並区荻窪体育館、杉並区高円寺体育館及び杉並区大宮前体育館】（愛称：未定 ※2027年度）,未定,東京都,スポーツ施設,未定,,募集中ほか,東京都杉並区荻窪3-47-2（杉並区荻窪体育館）,地図を見る,https://www.google.co.jp/maps/search/東京都杉並区荻窪3-47-2（杉並区荻窪体育館）,139.626947,35.7025574,,未定,https://www.city.suginami.tokyo.jp/s001/26136.html,"・希望金額 杉並区荻窪体育館 年額1,818,182円（税抜）以上 ※自治体公表額（税込）を税抜換算しています。 ・希望金額 杉並区高円寺体育館 年額1,363,636円（税抜）以上 ※自治体公表額（税込）を税抜換算しています。 ・希望金額 杉並区大宮前体育館 年額3,636,364円（税抜）以上 ※自治体公表額（税込）を税抜換算しています。 ・契約期間 5年（2027年4月1日～2032年3月31日） ・施設の管理運営を行う指定管理者の募集に併せて実施（詳細要確認）",,,,,,,,
,,,,,,,,,,,,,,,,,,,,,,,
,,,,,,,,,,,,,,,,,,,,,,,
,,,,,,,,,,,,,,,,,,,,,,,
,,,,,,,,,,,,,,,,,,,,,,,
,,,,,,,,,,,,,,,,,,,,,,,
,,,,,,,,,,,,,,,,,,,,,,,
,,,,,,,,,,,,,,,,,,,,,,,
,,,,,,,,,,,,,,,,,,,,,,,
,,,,,,,,,,,,,,,,,,,,,,,
,,,,,,,,,,,,,,,,,,,,,,,
,,,,,,,,,,,,,,,,,,,,,,,
,,,,,,,,,,,,,,,,,,,,,,,
,,,,,,,,,,,,,,,,,,,,,,,
,,,,,,,,,,,,,,,,,,,,,,,
,,,,,,,,,,,,,,,,,,,,,,,
,,,,,,,,,,,,,,,,,,,,,,,
,,,,,,,,,,,,,,,,,,,,,,,
,,,,,,,,,,,,,,,,,,,,,,,
,,,,,,,,,,,,,,,,,,,,,,,
,,,,,,,,,,,,,,,,,,,,,,,
,,,,,,,,,,,,,,,,,,,,,,,
,,,,,,,,,,,,,,,,,,,,,,,
,,,,,,,,,,,,,,,,,,,,,,,
,,,,,,,,,,,,,,,,,,,,,,,
,,,,,,,,,,,,,,,,,,,,,,,
,,,,,,,,,,,,,,,,,,,,,,,
,,,,,,,,,,,,,,,,,,,,,,,
,,,,,,,,,,,,,,,,,,,,,,,
,,,,,,,,,,,,,,,,,,,,,,,
,,,,,,,,,,,,,,,,,,,,,,,
,,,,,,,,,,,,,,,,,,,,,,,
,,,,,,,,,,,,,,,,,,,,,,,
,,,,,,,,,,,,,,,,,,,,,,,
,,,,,,,,,,,,,,,,,,,,,,,
,,,,,,,,,,,,,,,,,,,,,,,
,,,,,,,,,,,,,,,,,,,,,,,
,,,,,,,,,,,,,,,,,,,,,,,
,,,,,,,,,,,,,,,,,,,,,,,
,,,,,,,,,,,,,,,,,,,,,,,
,,,,,,,,,,,,,,,,,,,,,,,
,,,,,,,,,,,,,,,,,,,,,,,
,,,,,,,,,,,,,,,,,,,,,,,
,,,,,,,,,,,,,,,,,,,,,,,
,,,,,,,,,,,,,,,,,,,,,,,
,,,,,,,,,,,,,,,,,,,,,,,
,,,,,,,,,,,,,,,,,,,,,,,
,,,,,,,,,,,,,,,,,,,,,,,
,,,,,,,,,,,,,,,,,,,,,,,
,,,,,,,,,,,,,,,,,,,,,,,
,,,,,,,,,,,,,,,,,,,,,,,
,,,,,,,,,,,,,,,,,,,,,,,
,,,,,,,,,,,,,,,,,,,,,,,
,,,,,,,,,,,,,,,,,,,,,,,
,,,,,,,,,,,,,,,,,,,,,,,
,,,,,,,,,,,,,,,,,,,,,,,
,,,,,,,,,,,,,,,,,,,,,,,
,,,,,,,,,,,,,,,,,,,,,,,
,,,,,,,,,,,,,,,,,,,,,,,
,,,,,,,,,,,,,,,,,,,,,,,
,,,,,,,,,,,,,,,,,,,,,,,
,,,,,,,,,,,,,,,,,,,,,,,
,,,,,,,,,,,,,,,,,,,,,,,
,,,,,,,,,,,,,,,,,,,,,,,
,,,,,,,,,,,,,,,,,,,,,,,
,,,,,,,,,,,,,,,,,,,,,,,
,,,,,,,,,,,,,,,,,,,,,,,
,,,,,,,,,,,,,,,,,,,,,,,
,,,,,,,,,,,,,,,,,,,,,,,
,,,,,,,,,,,,,,,,,,,,,,,
,,,,,,,,,,,,,,,,,,,,,,,
,,,,,,,,,,,,,,,,,,,,,,,
,,,,,,,,,,,,,,,,,,,,,,,
,,,,,,,,,,,,,,,,,,,,,,,
,,,,,,,,,,,,,,,,,,,,,,,
,,,,,,,,,,,,,,,,,,,,,,,
,,,,,,,,,,,,,,,,,,,,,,,
,,,,,,,,,,,,,,,,,,,,,,,
,,,,,,,,,,,,,,,,,,,,,,,
,,,,,,,,,,,,,,,,,,,,,,,
,,,,,,,,,,,,,,,,,,,,,,,
,,,,,,,,,,,,,,,,,,,,,,,
,,,,,,,,,,,,,,,,,,,,,,,
,,,,,,,,,,,,,,,,,,,,,,,
,,,,,,,,,,,,,,,,,,,,,,,
,,,,,,,,,,,,,,,,,,,,,,,
,,,,,,,,,,,,,,,,,,,,,,,
,,,,,,,,,,,,,,,,,,,,,,,
,,,,,,,,,,,,,,,,,,,,,,,
,,,,,,,,,,,,,,,,,,,,,,,
,,,,,,,,,,,,,,,,,,,,,,,
,,,,,,,,,,,,,,,,,,,,,,,
,,,,,,,,,,,,,,,,,,,,,,,
,,,,,,,,,,,,,,,,,,,,,,,
,,,,,,,,,,,,,,,,,,,,,,,
,,,,,,,,,,,,,,,,,,,,,,,
,,,,,,,,,,,,,,,,,,,,,,,
,,,,,,,,,,,,,,,,,,,,,,,
,,,,,,,,,,,,,,,,,,,,,,,
,,,,,,,,,,,,,,,,,,,,,,,
,,,,,,,,,,,,,,,,,,,,,,,
,,,,,,,,,,,,,,,,,,,,,,,
,,,,,,,,,,,,,,,,,,,,,,,
,,,,,,,,,,,,,,,,,,,,,,,
,,,,,,,,,,,,,,,,,,,,,,,
,,,,,,,,,,,,,,,,,,,,,,,
,,,,,,,,,,,,,,,,,,,,,,,
,,,,,,,,,,,,,,,,,,,,,,,
,,,,,,,,,,,,,,,,,,,,,,,
,,,,,,,,,,,,,,,,,,,,,,,
,,,,,,,,,,,,,,,,,,,,,,,
,,,,,,,,,,,,,,,,,,,,,,,
,,,,,,,,,,,,,,,,,,,,,,,
,,,,,,,,,,,,,,,,,,,,,,,
,,,,,,,,,,,,,,,,,,,,,,,
,,,,,,,,,,,,,,,,,,,,,,,
,,,,,,,,,,,,,,,,,,,,,,,
,,,,,,,,,,,,,,,,,,,,,,,
,,,,,,,,,,,,,,,,,,,,,,,
,,,,,,,,,,,,,,,,,,,,,,,
,,,,,,,,,,,,,,,,,,,,,,,
,,,,,,,,,,,,,,,,,,,,,,,
,,,,,,,,,,,,,,,,,,,,,,,
,,,,,,,,,,,,,,,,,,,,,,,
,,,,,,,,,,,,,,,,,,,,,,,
,,,,,,,,,,,,,,,,,,,,,,,
,,,,,,,,,,,,,,,,,,,,,,,
,,,,,,,,,,,,,,,,,,,,,,,
,,,,,,,,,,,,,,,,,,,,,,,
,,,,,,,,,,,,,,,,,,,,,,,
,,,,,,,,,,,,,,,,,,,,,,,
,,,,,,,,,,,,,,,,,,,,,,,
,,,,,,,,,,,,,,,,,,,,,,,
,,,,,,,,,,,,,,,,,,,,,,,
,,,,,,,,,,,,,,,,,,,,,,,
,,,,,,,,,,,,,,,,,,,,,,,
,,,,,,,,,,,,,,,,,,,,,,,
,,,,,,,,,,,,,,,,,,,,,,,
,,,,,,,,,,,,,,,,,,,,,,,
,,,,,,,,,,,,,,,,,,,,,,,
,,,,,,,,,,,,,,,,,,,,,,,
,,,,,,,,,,,,,,,,,,,,,,,
,,,,,,,,,,,,,,,,,,,,,,,
,,,,,,,,,,,,,,,,,,,,,,,
,,,,,,,,,,,,,,,,,,,,,,,
,,,,,,,,,,,,,,,,,,,,,,,
,,,,,,,,,,,,,,,,,,,,,,,
,,,,,,,,,,,,,,,,,,,,,,,
,,,,,,,,,,,,,,,,,,,,,,,
,,,,,,,,,,,,,,,,,,,,,,,
,,,,,,,,,,,,,,,,,,,,,,,
,,,,,,,,,,,,,,,,,,,,,,,
,,,,,,,,,,,,,,,,,,,,,,,
,,,,,,,,,,,,,,,,,,,,,,,
,,,,,,,,,,,,,,,,,,,,,,,
,,,,,,,,,,,,,,,,,,,,,,,
,,,,,,,,,,,,,,,,,,,,,,,
,,,,,,,,,,,,,,,,,,,,,,,
,,,,,,,,,,,,,,,,,,,,,,,
,,,,,,,,,,,,,,,,,,,,,,,
,,,,,,,,,,,,,,,,,,,,,,,
,,,,,,,,,,,,,,,,,,,,,,,
,,,,,,,,,,,,,,,,,,,,,,,
,,,,,,,,,,,,,,,,,,,,,,,
,,,,,,,,,,,,,,,,,,,,,,,
,,,,,,,,,,,,,,,,,,,,,,,
,,,,,,,,,,,,,,,,,,,,,,,
,,,,,,,,,,,,,,,,,,,,,,,
,,,,,,,,,,,,,,,,,,,,,,,
,,,,,,,,,,,,,,,,,,,,,,,
,,,,,,,,,,,,,,,,,,,,,,,
,,,,,,,,,,,,,,,,,,,,,,,
,,,,,,,,,,,,,,,,,,,,,,,
,,,,,,,,,,,,,,,,,,,,,,,
,,,,,,,,,,,,,,,,,,,,,,,
,,,,,,,,,,,,,,,,,,,,,,,
,,,,,,,,,,,,,,,,,,,,,,,
,,,,,,,,,,,,,,,,,,,,,,,
,,,,,,,,,,,,,,,,,,,,,,,
,,,,,,,,,,,,,,,,,,,,,,,
,,,,,,,,,,,,,,,,,,,,,,,
,,,,,,,,,,,,,,,,,,,,,,,
,,,,,,,,,,,,,,,,,,,,,,,
,,,,,,,,,,,,,,,,,,,,,,,
,,,,,,,,,,,,,,,,,,,,,,,
,,,,,,,,,,,,,,,,,,,,,,,
,,,,,,,,,,,,,,,,,,,,,,,
,,,,,,,,,,,,,,,,,,,,,,,
,,,,,,,,,,,,,,,,,,,,,,,
,,,,,,,,,,,,,,,,,,,,,,,
,,,,,,,,,,,,,,,,,,,,,,,
,,,,,,,,,,,,,,,,,,,,,,,
,,,,,,,,,,,,,,,,,,,,,,,
,,,,,,,,,,,,,,,,,,,,,,,
,,,,,,,,,,,,,,,,,,,,,,,
,,,,,,,,,,,,,,,,,,,,,,,
,,,,,,,,,,,,,,,,,,,,,,,
,,,,,,,,,,,,,,,,,,,,,,,
,,,,,,,,,,,,,,,,,,,,,,,
,,,,,,,,,,,,,,,,,,,,,,,
,,,,,,,,,,,,,,,,,,,,,,,
,,,,,,,,,,,,,,,,,,,,,,,
,,,,,,,,,,,,,,,,,,,,,,,
,,,,,,,,,,,,,,,,,,,,,,,
,,,,,,,,,,,,,,,,,,,,,,,
,,,,,,,,,,,,,,,,,,,,,,,
,,,,,,,,,,,,,,,,,,,,,,,
,,,,,,,,,,,,,,,,,,,,,,,
,,,,,,,,,,,,,,,,,,,,,,,
,,,,,,,,,,,,,,,,,,,,,,,
,,,,,,,,,,,,,,,,,,,,,,,
,,,,,,,,,,,,,,,,,,,,,,,
,,,,,,,,,,,,,,,,,,,,,,,
,,,,,,,,,,,,,,,,,,,,,,,
,,,,,,,,,,,,,,,,,,,,,,,
,,,,,,,,,,,,,,,,,,,,,,,
,,,,,,,,,,,,,,,,,,,,,,,
,,,,,,,,,,,,,,,,,,,,,,,
,,,,,,,,,,,,,,,,,,,,,,,
,,,,,,,,,,,,,,,,,,,,,,,
,,,,,,,,,,,,,,,,,,,,,,,
,,,,,,,,,,,,,,,,,,,,,,,
,,,,,,,,,,,,,,,,,,,,,,,
,,,,,,,,,,,,,,,,,,,,,,,
,,,,,,,,,,,,,,,,,,,,,,,
,,,,,,,,,,,,,,,,,,,,,,,
,,,,,,,,,,,,,,,,,,,,,,,
,,,,,,,,,,,,,,,,,,,,,,,
,,,,,,,,,,,,,,,,,,,,,,,
,,,,,,,,,,,,,,,,,,,,,,,
,,,,,,,,,,,,,,,,,,,,,,,
,,,,,,,,,,,,,,,,,,,,,,,
,,,,,,,,,,,,,,,,,,,,,,,
,,,,,,,,,,,,,,,,,,,,,,,
,,,,,,,,,,,,,,,,,,,,,,,
,,,,,,,,,,,,,,,,,,,,,,,
,,,,,,,,,,,,,,,,,,,,,,,
,,,,,,,,,,,,,,,,,,,,,,,
,,,,,,,,,,,,,,,,,,,,,,,
,,,,,,,,,,,,,,,,,,,,,,,
,,,,,,,,,,,,,,,,,,,,,,,
,,,,,,,,,,,,,,,,,,,,,,,
,,,,,,,,,,,,,,,,,,,,,,,
,,,,,,,,,,,,,,,,,,,,,,,
,,,,,,,,,,,,,,,,,,,,,,,
,,,,,,,,,,,,,,,,,,,,,,,
,,,,,,,,,,,,,,,,,,,,,,,
,,,,,,,,,,,,,,,,,,,,,,,
,,,,,,,,,,,,,,,,,,,,,,,
,,,,,,,,,,,,,,,,,,,,,,,
,,,,,,,,,,,,,,,,,,,,,,,
,,,,,,,,,,,,,,,,,,,,,,,
,,,,,,,,,,,,,,,,,,,,,,,
,,,,,,,,,,,,,,,,,,,,,,,
,,,,,,,,,,,,,,,,,,,,,,,
,,,,,,,,,,,,,,,,,,,,,,,
,,,,,,,,,,,,,,,,,,,,,,,
,,,,,,,,,,,,,,,,,,,,,,,
,,,,,,,,,,,,,,,,,,,,,,,
,,,,,,,,,,,,,,,,,,,,,,,
,,,,,,,,,,,,,,,,,,,,,,,
,,,,,,,,,,,,,,,,,,,,,,,
,,,,,,,,,,,,,,,,,,,,,,,
,,,,,,,,,,,,,,,,,,,,,,,
,,,,,,,,,,,,,,,,,,,,,,,
,,,,,,,,,,,,,,,,,,,,,,,
,,,,,,,,,,,,,,,,,,,,,,,
,,,,,,,,,,,,,,,,,,,,,,,
,,,,,,,,,,,,,,,,,,,,,,,
,,,,,,,,,,,,,,,,,,,,,,,
,,,,,,,,,,,,,,,,,,,,,,,
,,,,,,,,,,,,,,,,,,,,,,,
,,,,,,,,,,,,,,,,,,,,,,,
,,,,,,,,,,,,,,,,,,,,,,,
,,,,,,,,,,,,,,,,,,,,,,,
,,,,,,,,,,,,,,,,,,,,,,,
,,,,,,,,,,,,,,,,,,,,,,,
,,,,,,,,,,,,,,,,,,,,,,,
,,,,,,,,,,,,,,,,,,,,,,,
,,,,,,,,,,,,,,,,,,,,,,,
,,,,,,,,,,,,,,,,,,,,,,,
,,,,,,,,,,,,,,,,,,,,,,,
,,,,,,,,,,,,,,,,,,,,,,,
,,,,,,,,,,,,,,,,,,,,,,,
,,,,,,,,,,,,,,,,,,,,,,,
,,,,,,,,,,,,,,,,,,,,,,,
,,,,,,,,,,,,,,,,,,,,,,,
,,,,,,,,,,,,,,,,,,,,,,,
,,,,,,,,,,,,,,,,,,,,,,,
,,,,,,,,,,,,,,,,,,,,,,,
,,,,,,,,,,,,,,,,,,,,,,,
,,,,,,,,,,,,,,,,,,,,,,,
,,,,,,,,,,,,,,,,,,,,,,,
,,,,,,,,,,,,,,,,,,,,,,,
,,,,,,,,,,,,,,,,,,,,,,,
,,,,,,,,,,,,,,,,,,,,,,,
