KEY_CODE,HYOSYO,CITYNAME,NAME,HTKSYORI,HTKSAKI,GASSAN,ëçêîÅAîNóÓÅuïsè⁄Åvä‹Çﬁ,ëçêîÇOÅ`ÇSçŒ,ëçêîÇTÅ`ÇXçŒ,ëçêîÇPÇOÅ`ÇPÇSçŒ,ëçêîÇPÇTÅ`ÇPÇXçŒ,ëçêîÇQÇOÅ`ÇQÇSçŒ,ëçêîÇQÇTÅ`ÇQÇXçŒ,ëçêîÇRÇOÅ`ÇRÇSçŒ,ëçêîÇRÇTÅ`ÇRÇXçŒ,ëçêîÇSÇOÅ`ÇSÇSçŒ,ëçêîÇSÇTÅ`ÇSÇXçŒ,ëçêîÇTÇOÅ`ÇTÇSçŒ,ëçêîÇTÇTÅ`ÇTÇXçŒ,ëçêîÇUÇOÅ`ÇUÇSçŒ,ëçêîÇUÇTÅ`ÇUÇXçŒ,ëçêîÇVÇOÅ`ÇVÇSçŒ,ëçêîÇPÇTçŒñ¢ñû,ëçêîÇPÇTÅ`ÇUÇSçŒ,ëçêîÇUÇTçŒà»è„,ëçêîÇVÇTçŒà»è„,íjÇÃëçêîÅAîNóÓÅuïsè⁄Åvä‹Çﬁ,íjÇOÅ`ÇSçŒ,íjÇTÅ`ÇXçŒ,íjÇPÇOÅ`ÇPÇSçŒ,íjÇPÇTÅ`ÇPÇXçŒ,íjÇQÇOÅ`ÇQÇSçŒ,íjÇQÇTÅ`ÇQÇXçŒ,íjÇRÇOÅ`ÇRÇSçŒ,íjÇRÇTÅ`ÇRÇXçŒ,íjÇSÇOÅ`ÇSÇSçŒ,íjÇSÇTÅ`ÇSÇXçŒ,íjÇTÇOÅ`ÇTÇSçŒ,íjÇTÇTÅ`ÇTÇXçŒ,íjÇUÇOÅ`ÇUÇSçŒ,íjÇUÇTÅ`ÇUÇXçŒ,íjÇVÇOÅ`ÇVÇSçŒ,íjÇPÇTçŒñ¢ñû,íjÇPÇTÅ`ÇUÇSçŒ,íjÇUÇTçŒà»è„,íjÇVÇTçŒà»è„,èóÇÃëçêîÅAîNóÓÅuïsè⁄Åvä‹Çﬁ,èóÇOÅ`ÇSçŒ,èóÇTÅ`ÇXçŒ,èóÇPÇOÅ`ÇPÇSçŒ,èóÇPÇTÅ`ÇPÇXçŒ,èóÇQÇOÅ`ÇQÇSçŒ,èóÇQÇTÅ`ÇQÇXçŒ,èóÇRÇOÅ`ÇRÇSçŒ,èóÇRÇTÅ`ÇRÇXçŒ,èóÇSÇOÅ`ÇSÇSçŒ,èóÇSÇTÅ`ÇSÇXçŒ,èóÇTÇOÅ`ÇTÇSçŒ,èóÇTÇTÅ`ÇTÇXçŒ,èóÇUÇOÅ`ÇUÇSçŒ,èóÇUÇTÅ`ÇUÇXçŒ,èóÇVÇOÅ`ÇVÇSçŒ,èóÇPÇTçŒñ¢ñû,èóÇPÇTÅ`ÇUÇSçŒ,èóÇUÇTçŒà»è„,èóÇVÇTçŒà»è„
42201,1,í∑çËés,,0,,,409118,14020,15975,16776,18038,17146,16392,18590,20860,23532,28218,25845,26759,28155,32863,32971,46771,223535,132604,66770,188519,7203,8203,8569,8960,8278,7878,8967,9948,11170,13379,11969,12443,13203,15446,15144,23975,106195,54621,24031,220599,6817,7772,8207,9078,8868,8514,9623,10912,12362,14839,13876,14316,14952,17417,17827,22796,117340,77983,42739
422010011,3,í∑çËés,ñ{âÕì‡,0,,,2264,49,61,63,75,66,82,72,92,135,142,129,140,156,228,224,173,1089,980,528,1015,21,28,35,39,27,43,35,46,65,65,59,67,78,106,96,84,524,394,192,1249,28,33,28,36,39,39,37,46,70,77,70,73,78,122,128,89,565,586,336
42201001101,4,í∑çËés,ñ{âÕì‡àÍíöñ⁄,0,,,526,20,15,10,12,11,31,17,27,25,31,30,40,34,43,49,45,258,217,125,228,10,9,8,3,3,14,6,13,11,12,16,19,17,18,21,27,114,83,44,298,10,6,2,9,8,17,11,14,14,19,14,21,17,25,28,18,144,134,81
42201001102,4,í∑çËés,ñ{âÕì‡ìÒíöñ⁄,0,,,706,4,13,14,20,27,23,24,21,46,48,34,43,58,79,69,31,344,321,173,322,3,6,7,8,14,16,14,10,23,21,10,22,25,42,32,16,163,138,64,384,1,7,7,12,13,7,10,11,23,27,24,21,33,37,37,15,181,183,109
42201001103,4,í∑çËés,ñ{âÕì‡éOíöñ⁄,1,,001203,1032,25,33,39,43,28,28,31,44,64,63,65,57,64,106,106,97,487,442,230,465,8,13,20,28,10,13,15,23,31,32,33,26,36,46,43,41,247,173,84,567,17,20,19,15,18,15,16,21,33,31,32,31,28,60,63,56,240,269,146
422010012,3,í∑çËés,ñ{âÕì‡,0,,,133,5,5,4,1,4,4,3,7,4,6,5,13,15,10,13,14,62,57,34,66,3,1,2,0,2,2,1,4,4,4,2,3,8,6,6,6,30,30,18,67,2,4,2,1,2,2,2,3,0,2,3,10,7,4,7,8,32,27,16
42201001201,4,í∑çËés,ñ{âÕì‡àÍíöñ⁄,0,,,0,0,0,0,0,0,0,0,0,0,0,0,0,0,0,0,0,0,0,0,0,0,0,0,0,0,0,0,0,0,0,0,0,0,0,0,0,0,0,0,0,0,0,0,0,0,0,0,0,0,0,0,0,0,0,0,0,0,0,0
42201001202,4,í∑çËés,ñ{âÕì‡ìÒíöñ⁄,0,,,0,0,0,0,0,0,0,0,0,0,0,0,0,0,0,0,0,0,0,0,0,0,0,0,0,0,0,0,0,0,0,0,0,0,0,0,0,0,0,0,0,0,0,0,0,0,0,0,0,0,0,0,0,0,0,0,0,0,0,0
42201001203,4,í∑çËés,ñ{âÕì‡éOíöñ⁄,2,1103,,0,0,0,0,0,0,0,0,0,0,0,0,0,0,0,0,0,0,0,0,0,0,0,0,0,0,0,0,0,0,0,0,0,0,0,0,0,0,0,0,0,0,0,0,0,0,0,0,0,0,0,0,0,0,0,0,0,0,0,0
42201001204,4,í∑çËés,ñ{âÕì‡élíöñ⁄,0,,,133,5,5,4,1,4,4,3,7,4,6,5,13,15,10,13,14,62,57,34,66,3,1,2,0,2,2,1,4,4,4,2,3,8,6,6,6,30,30,18,67,2,4,2,1,2,2,2,3,0,2,3,10,7,4,7,8,32,27,16
422010021,3,í∑çËés,ñÓÇÃïΩ,0,,,1689,28,32,64,77,43,45,59,78,78,119,128,119,125,155,160,124,871,684,369,767,14,18,26,38,22,23,28,40,37,60,57,53,56,76,73,58,414,288,139,922,14,14,38,39,21,22,31,38,41,59,71,66,69,79,87,66,457,396,230
42201002101,4,í∑çËés,ñÓÇÃïΩàÍíöñ⁄,0,,,476,13,9,27,26,8,15,14,25,18,46,47,46,36,44,36,49,281,146,66,211,7,4,11,12,5,9,4,12,7,22,20,21,16,21,20,22,128,61,20,265,6,5,16,14,3,6,10,13,11,24,27,25,20,23,16,27,153,85,46
42201002102,4,í∑çËés,ñÓÇÃïΩìÒíöñ⁄,0,,,591,9,12,20,30,18,16,18,22,31,34,32,40,45,53,66,41,286,261,142,272,3,7,6,18,9,7,6,12,15,18,15,19,23,28,26,16,142,112,58,319,6,5,14,12,9,9,12,10,16,16,17,21,22,25,40,25,144,149,84
42201002103,4,í∑çËés,ñÓÇÃïΩéOíöñ⁄,0,,,299,2,3,8,12,9,7,10,16,13,24,22,17,13,33,33,13,143,142,76,135,2,1,4,6,4,5,7,9,7,11,7,6,3,16,16,7,65,62,30,164,0,2,4,6,5,2,3,7,6,13,15,11,10,17,17,6,78,80,46
42201002104,4,í∑çËés,ñÓÇÃïΩélíöñ⁄,0,,,323,4,8,9,9,8,7,17,15,16,15,27,16,31,25,25,21,161,135,85,149,2,6,5,2,4,2,11,7,8,9,15,7,14,11,11,13,79,53,31,174,2,2,4,7,4,5,6,8,8,6,12,9,17,14,14,8,82,82,54
422010022,3,í∑çËés,ñÓÇÃïΩ,0,,,0,0,0,0,0,0,0,0,0,0,0,0,0,0,0,0,0,0,0,0,0,0,0,0,0,0,0,0,0,0,0,0,0,0,0,0,0,0,0,0,0,0,0,0,0,0,0,0,0,0,0,0,0,0,0,0,0,0,0,0
42201002201,4,í∑çËés,ñÓÇÃïΩàÍíöñ⁄,0,,,0,0,0,0,0,0,0,0,0,0,0,0,0,0,0,0,0,0,0,0,0,0,0,0,0,0,0,0,0,0,0,0,0,0,0,0,0,0,0,0,0,0,0,0,0,0,0,0,0,0,0,0,0,0,0,0,0,0,0,0
42201002203,4,í∑çËés,ñÓÇÃïΩéOíöñ⁄,0,,,0,0,0,0,0,0,0,0,0,0,0,0,0,0,0,0,0,0,0,0,0,0,0,0,0,0,0,0,0,0,0,0,0,0,0,0,0,0,0,0,0,0,0,0,0,0,0,0,0,0,0,0,0,0,0,0,0,0,0,0
42201002204,4,í∑çËés,ñÓÇÃïΩélíöñ⁄,0,,,0,0,0,0,0,0,0,0,0,0,0,0,0,0,0,0,0,0,0,0,0,0,0,0,0,0,0,0,0,0,0,0,0,0,0,0,0,0,0,0,0,0,0,0,0,0,0,0,0,0,0,0,0,0,0,0,0,0,0,0
422010060,2,í∑çËés,îíñÿí¨,0,,,881,30,30,21,32,38,51,37,40,45,74,66,59,52,73,70,81,494,297,154,382,11,15,12,11,15,19,18,17,17,28,34,31,26,30,33,38,216,122,59,499,19,15,9,21,23,32,19,23,28,46,32,28,26,43,37,43,278,175,95
422010071,2,í∑çËés,î™Ç¬îˆí¨,1,,0072,1201,38,58,48,64,26,39,44,43,67,77,66,87,77,104,115,144,590,462,243,514,19,33,24,36,10,20,18,21,25,33,27,37,35,41,49,76,262,174,84,687,19,25,24,28,16,19,26,22,42,44,39,50,42,63,66,68,328,288,159
422010072,2,í∑çËés,î™Ç¬îˆí¨,2,71,,0,0,0,0,0,0,0,0,0,0,0,0,0,0,0,0,0,0,0,0,0,0,0,0,0,0,0,0,0,0,0,0,0,0,0,0,0,0,0,0,0,0,0,0,0,0,0,0,0,0,0,0,0,0,0,0,0,0,0,0
422010080,3,í∑çËés,íÜêÏ,0,,,1094,29,40,62,64,42,44,38,53,67,106,86,78,74,66,71,131,652,293,156,481,14,20,34,31,15,17,18,25,27,50,33,40,38,33,22,68,294,108,53,613,15,20,28,33,27,27,20,28,40,56,53,38,36,33,49,63,358,185,103
42201008001,4,í∑çËés,íÜêÏàÍíöñ⁄,0,,,522,20,25,34,29,18,22,17,27,37,56,45,37,30,22,23,79,318,117,72,237,9,11,22,15,5,9,7,14,15,28,15,21,16,13,7,42,145,45,25,285,11,14,12,14,13,13,10,13,22,28,30,16,14,9,16,37,173,72,47
42201008002,4,í∑çËés,íÜêÏìÒíöñ⁄,0,,,572,9,15,28,35,24,22,21,26,30,50,41,41,44,44,48,52,334,176,84,244,5,9,12,16,10,8,11,11,12,22,18,19,22,20,15,26,149,63,28,328,4,6,16,19,14,14,10,15,18,28,23,22,22,24,33,26,185,113,56
422010100,2,í∑çËés,êVíÜêÏí¨,0,,,464,16,8,14,26,18,27,33,27,23,28,30,35,29,32,45,38,276,145,68,201,8,3,5,16,5,7,15,16,10,13,13,17,12,18,18,16,124,58,22,263,8,5,9,10,13,20,18,11,13,15,17,18,17,14,27,22,152,87,46
422010110,3,í∑çËés,ç˜înèÍ,0,,,1295,37,41,59,58,43,48,36,63,59,112,110,120,95,94,80,137,744,403,229,543,17,25,28,29,12,20,19,28,28,37,47,51,36,47,37,70,307,160,76,752,20,16,31,29,31,28,17,35,31,75,63,69,59,47,43,67,437,243,153
42201011001,4,í∑çËés,ç˜înèÍàÍíöñ⁄,0,,,631,21,20,32,26,12,28,20,26,29,63,54,58,44,41,40,73,360,193,112,277,10,11,16,13,3,10,13,12,14,22,23,29,17,22,18,37,156,81,41,354,11,9,16,13,9,18,7,14,15,41,31,29,27,19,22,36,204,112,71
42201011002,4,í∑çËés,ç˜înèÍìÒíöñ⁄,0,,,664,16,21,27,32,31,20,16,37,30,49,56,62,51,53,40,64,384,210,117,266,7,14,12,16,9,10,6,16,14,15,24,22,19,25,19,33,151,79,35,398,9,7,15,16,22,10,10,21,16,34,32,40,32,28,21,31,233,131,82
422010130,2,í∑çËés,êVëÂçHí¨,0,,,521,13,9,31,20,20,20,22,27,27,44,49,45,38,41,43,53,312,154,70,238,8,5,15,10,10,7,8,14,14,17,22,20,19,20,20,28,141,67,27,283,5,4,16,10,10,13,14,13,13,27,27,25,19,21,23,25,171,87,43
422010140,2,í∑çËés,à…ê®í¨,0,,,413,9,12,17,32,19,9,23,13,19,33,34,37,18,29,17,38,237,128,82,183,4,6,8,21,14,5,12,7,7,12,16,16,14,12,2,18,124,35,21,230,5,6,9,11,5,4,11,6,12,21,18,21,4,17,15,20,113,93,61
422010150,3,í∑çËés,à…ó«ó—,0,,,1428,42,41,54,60,40,52,55,53,69,85,108,115,110,120,115,137,747,524,289,615,20,21,28,32,16,20,24,22,34,36,50,52,47,55,48,69,333,204,101,813,22,20,26,28,24,32,31,31,35,49,58,63,63,65,67,68,414,320,188
42201015001,4,í∑çËés,à…ó«ó—àÍíöñ⁄,0,,,405,9,12,19,15,14,12,21,16,22,30,24,24,25,37,37,40,203,155,81,165,5,7,7,3,4,3,12,4,13,13,10,10,11,16,14,19,83,59,29,240,4,5,12,12,10,9,9,12,9,17,14,14,14,21,23,21,120,96,52
42201015002,4,í∑çËés,à…ó«ó—ìÒíöñ⁄,0,,,466,15,14,20,20,14,15,15,13,28,28,41,48,33,39,38,49,255,154,77,212,8,7,13,11,7,5,4,7,12,11,20,22,18,17,19,28,117,64,28,254,7,7,7,9,7,10,11,6,16,17,21,26,15,22,19,21,138,90,49
42201015003,4,í∑çËés,à…ó«ó—éOíöñ⁄,0,,,557,18,15,15,25,12,25,19,24,19,27,43,43,52,44,40,48,289,215,131,238,7,7,8,18,5,12,8,11,9,12,20,20,18,22,15,22,133,81,44,319,11,8,7,7,7,13,11,13,10,15,23,23,34,22,25,26,156,134,87
422010180,2,í∑çËés,ïóì™í¨,0,,,863,22,17,28,23,35,27,33,37,37,54,64,62,67,71,81,67,439,352,200,393,12,8,14,10,20,11,19,16,17,30,37,31,25,33,37,34,216,140,70,470,10,9,14,13,15,16,14,21,20,24,27,31,42,38,44,33,223,212,130
422010190,2,í∑çËés,ïFå©í¨,0,,,835,28,31,22,38,28,24,38,34,56,59,57,58,63,74,70,81,455,289,145,385,15,22,14,21,16,11,21,13,26,28,22,28,27,26,35,51,213,117,56,450,13,9,8,17,12,13,17,21,30,31,35,30,36,48,35,30,242,172,89
422010200,2,í∑çËés,éõí¨,0,,,109,3,2,0,3,2,6,3,5,4,2,6,5,3,6,15,5,39,65,44,49,0,1,0,2,2,6,2,4,3,1,3,3,2,5,7,1,28,20,8,60,3,1,0,1,0,0,1,1,1,1,3,2,1,1,8,4,11,45,36
422010210,2,í∑çËés,î™î¶í¨,0,,,864,27,31,40,27,40,42,42,51,40,72,60,60,58,60,61,98,492,245,124,348,15,18,21,14,13,14,14,19,17,24,30,23,23,23,28,54,191,85,34,516,12,13,19,13,27,28,28,32,23,48,30,37,35,37,33,44,301,160,90
422010220,2,í∑çËés,ççâÆí¨,0,,,682,24,29,23,20,24,44,39,38,55,49,50,45,37,50,52,76,401,200,98,290,15,9,12,15,8,21,18,15,20,18,21,22,14,24,22,36,172,78,32,392,9,20,11,5,16,23,21,23,35,31,29,23,23,26,30,40,229,122,66
422010230,2,í∑çËés,èoóàëÂçHí¨,0,,,462,21,20,11,13,21,44,39,38,33,33,38,24,28,21,22,52,311,85,42,204,10,12,5,5,11,17,19,18,18,11,15,9,13,8,8,27,136,34,18,258,11,8,6,8,10,27,20,20,15,22,23,15,15,13,14,25,175,51,24
422010240,2,í∑çËés,îní¨,0,,,737,26,20,22,21,49,83,76,50,56,47,60,32,25,36,25,68,499,114,53,337,10,10,13,10,24,39,31,21,24,19,35,17,13,15,9,33,233,40,16,400,16,10,9,11,25,44,45,29,32,28,25,15,12,21,16,35,266,74,37
422010250,2,í∑çËés,òFîîí¨,0,,,175,7,7,13,5,2,1,5,9,9,19,12,16,20,13,11,27,98,49,25,73,4,3,4,3,1,0,3,4,3,7,5,5,9,5,5,11,40,21,11,102,3,4,9,2,1,1,2,5,6,12,7,11,11,8,6,16,58,28,14
422010260,2,í∑çËés,èüéRí¨,0,,,361,21,14,5,8,11,18,26,31,16,24,25,22,13,12,17,40,194,66,37,162,12,6,2,4,6,8,11,12,9,13,12,12,7,4,6,20,94,23,13,199,9,8,3,4,5,10,15,19,7,11,13,10,6,8,11,20,100,43,24
422010270,2,í∑çËés,ëÂà‰éËí¨,0,,,226,8,6,6,6,16,15,13,17,18,15,17,11,11,7,11,20,139,50,32,99,3,5,3,3,7,8,5,6,9,5,6,5,6,4,4,11,60,19,11,127,5,1,3,3,9,7,8,11,9,10,11,6,5,3,7,9,79,31,21
422010280,2,í∑çËés,ç°îéëΩí¨,0,,,258,9,3,7,13,11,18,14,12,14,29,18,17,17,11,19,19,163,64,34,98,6,0,4,4,0,6,10,1,7,9,9,7,7,2,9,10,60,22,11,160,3,3,3,9,11,12,4,11,7,20,9,10,10,9,10,9,103,42,23
422010290,2,í∑çËés,å√í¨,0,,,389,9,7,5,15,40,43,32,25,17,31,24,28,17,14,20,21,272,69,35,162,4,1,3,5,14,17,17,7,6,15,10,13,10,7,4,8,114,26,15,227,5,6,2,10,26,26,15,18,11,16,14,15,7,7,16,13,158,43,20
422010300,2,í∑çËés,â±âÆí¨,0,,,366,9,10,9,4,18,36,26,29,22,28,23,16,18,27,22,28,220,89,40,163,5,3,4,0,7,19,7,12,9,17,15,4,8,13,7,12,98,37,17,203,4,7,5,4,11,17,19,17,13,11,8,12,10,14,15,16,122,52,23
422010310,2,í∑çËés,êzñKí¨,0,,,669,34,36,23,22,20,11,30,37,56,50,42,40,43,50,56,93,351,216,110,269,16,20,8,6,7,6,8,18,25,18,14,17,21,16,22,44,140,79,41,400,18,16,15,16,13,5,22,19,31,32,28,23,22,34,34,49,211,137,69
422010320,2,í∑çËés,ãõÇÃí¨,0,,,972,26,46,35,24,47,48,35,52,63,81,80,65,67,54,64,107,562,246,128,412,11,26,20,10,19,20,14,21,27,30,35,23,29,30,27,57,228,97,40,560,15,20,15,14,28,28,21,31,36,51,45,42,38,24,37,50,334,149,88
422010330,2,í∑çËés,âhí¨,0,,,198,10,8,4,3,6,2,17,12,12,14,14,9,11,20,17,22,100,70,33,83,5,5,0,1,1,1,7,5,8,7,6,3,3,10,7,10,42,28,11,115,5,3,4,2,5,1,10,7,4,7,8,6,8,10,10,12,58,42,22
422010340,2,í∑çËés,å√êÏí¨,0,,,371,12,10,20,11,10,18,12,18,34,29,35,23,22,19,29,42,212,94,46,158,8,5,10,4,3,5,2,5,15,13,16,12,10,8,12,23,85,37,17,213,4,5,10,7,7,13,10,13,19,16,19,11,12,11,17,19,127,57,29
422010350,2,í∑çËés,ìˆí¨,0,,,358,16,15,13,17,21,26,19,18,28,32,26,22,24,17,20,44,233,68,31,153,4,9,7,8,8,11,6,7,12,15,15,11,10,3,9,20,103,23,11,205,12,6,6,9,13,15,13,11,16,17,11,11,14,14,11,24,130,45,20
422010360,2,í∑çËés,ñúâÆí¨,0,,,783,12,20,11,18,42,41,56,60,60,54,69,56,38,45,44,43,494,169,80,357,7,9,7,9,12,15,26,31,35,32,25,30,16,17,22,23,231,63,24,426,5,11,4,9,30,26,30,29,25,22,44,26,22,28,22,20,263,106,56
422010370,2,í∑çËés,ízí¨,0,,,144,1,4,2,3,6,17,9,9,6,9,7,9,6,13,11,7,81,53,29,64,1,2,1,1,4,10,3,2,1,3,4,3,3,7,9,4,34,25,9,80,0,2,1,2,2,7,6,7,5,6,3,6,3,6,2,3,47,28,20
422010380,2,í∑çËés,ïlí¨,0,,,408,11,13,9,6,10,14,24,29,23,22,44,36,22,27,34,33,230,116,55,184,3,10,5,5,3,7,9,15,14,12,20,15,8,11,16,18,108,44,17,224,8,3,4,1,7,7,15,14,9,10,24,21,14,16,18,15,122,72,38
422010390,2,í∑çËés,ì∫ç¿í¨,0,,,272,9,5,7,4,18,11,10,14,20,27,20,18,16,16,18,21,158,77,43,122,4,4,3,2,6,4,6,6,9,14,10,9,5,9,6,11,71,29,14,150,5,1,4,2,12,7,4,8,11,13,10,9,11,7,12,10,87,48,29
422010400,2,í∑çËés,íbñËâÆí¨,0,,,870,38,22,29,26,22,57,57,54,56,82,57,60,49,56,60,89,520,211,95,367,21,10,14,16,8,22,25,18,24,28,27,24,20,25,24,45,212,84,35,503,17,12,15,10,14,35,32,36,32,54,30,36,29,31,36,44,308,127,60
422010410,2,í∑çËés,ñ˚âÆí¨,0,,,721,11,20,30,19,35,36,31,43,65,67,59,36,32,53,41,61,423,183,89,329,4,13,16,8,11,11,14,17,32,33,31,18,15,21,21,33,190,76,34,392,7,7,14,11,24,25,17,26,33,34,28,18,17,32,20,28,233,107,55
422010421,2,í∑çËés,çÇïΩí¨,0,,,515,10,6,12,15,26,18,19,24,21,54,33,28,22,42,60,28,260,207,105,224,4,2,7,7,8,11,7,13,8,25,16,10,7,22,24,13,112,85,39,291,6,4,5,8,18,7,12,11,13,29,17,18,15,20,36,15,148,122,66
422010431,3,í∑çËés,à§ìÜ,0,,,3600,131,119,119,116,135,167,208,182,225,240,176,191,215,243,300,369,1855,1337,794,1535,69,61,57,55,65,71,97,78,115,110,70,92,95,118,122,187,848,472,232,2065,62,58,62,61,70,96,111,104,110,130,106,99,120,125,178,182,1007,865,562
42201043101,4,í∑çËés,à§ìÜàÍíöñ⁄,0,,,927,31,31,22,31,42,36,81,63,66,52,52,51,59,66,83,84,533,297,148,429,18,17,14,15,22,18,36,26,38,20,22,26,31,29,36,49,254,118,53,498,13,14,8,16,20,18,45,37,28,32,30,25,28,37,47,35,279,179,95
42201043102,4,í∑çËés,à§ìÜìÒíöñ⁄,0,,,661,20,22,19,29,29,37,29,35,30,47,35,38,47,50,61,61,356,235,124,291,13,11,5,12,14,18,14,17,16,24,12,16,23,22,26,29,166,91,43,370,7,11,14,17,15,19,15,18,14,23,23,22,24,28,35,32,190,144,81
42201043103,4,í∑çËés,à§ìÜéOíöñ⁄,0,,,1093,47,36,45,28,44,60,72,53,82,70,51,55,72,90,101,128,587,362,171,477,22,17,23,12,18,25,34,24,39,33,19,30,28,45,36,62,262,138,57,616,25,19,22,16,26,35,38,29,43,37,32,25,44,45,65,66,325,224,114
42201043104,4,í∑çËés,à§ìÜélíöñ⁄,0,,,919,33,30,33,28,20,34,26,31,47,71,38,47,37,37,55,96,379,443,351,338,16,16,15,16,11,10,13,11,22,33,17,20,13,22,24,47,166,125,79,581,17,14,18,12,9,24,13,20,25,38,21,27,24,15,31,49,213,318,272
422010434,2,í∑çËés,à§ìÜ,0,,,0,0,0,0,0,0,0,0,0,0,0,0,0,0,0,0,0,0,0,0,0,0,0,0,0,0,0,0,0,0,0,0,0,0,0,0,0,0,0,0,0,0,0,0,0,0,0,0,0,0,0,0,0,0,0,0,0,0,0,0
422010471,2,í∑çËés,ñÌê∂í¨,0,,,1209,40,36,47,104,45,34,57,52,57,78,76,76,81,91,90,123,660,417,236,495,23,17,19,17,16,16,35,22,20,44,32,39,31,41,37,59,272,160,82,714,17,19,28,87,29,18,22,30,37,34,44,37,50,50,53,64,388,257,154
422010480,2,í∑çËés,éOåië‰í¨,0,,,964,32,50,49,46,27,24,36,31,59,64,57,61,60,99,104,131,465,363,160,443,17,33,22,24,12,12,16,15,30,30,23,29,22,42,47,72,213,155,66,521,15,17,27,22,15,12,20,16,29,34,34,32,38,57,57,59,252,208,94
422010490,2,í∑çËés,ìåè¨ìáí¨,0,,,587,15,13,13,11,29,53,39,47,32,37,35,35,39,34,30,41,357,141,77,235,6,6,4,4,12,21,13,19,16,17,15,16,19,10,9,16,152,42,23,352,9,7,9,7,17,32,26,28,16,20,20,19,20,24,21,25,205,99,54
422010500,3,í∑çËés,è„è¨ìá,0,,,3469,78,76,102,115,105,153,143,170,169,255,203,231,253,307,336,256,1797,1317,674,1623,34,44,45,52,50,88,74,84,82,138,92,116,120,147,151,123,896,547,249,1846,44,32,57,63,55,65,69,86,87,117,111,115,133,160,185,133,901,770,425
42201050001,4,í∑çËés,è„è¨ìáàÍíöñ⁄,0,,,428,5,7,14,11,11,24,15,18,22,36,27,27,36,43,40,26,227,163,80,205,4,5,9,5,4,15,7,8,11,23,13,12,19,17,15,18,117,62,30,223,1,2,5,6,7,9,8,10,11,13,14,15,17,26,25,8,110,101,50
42201050002,4,í∑çËés,è„è¨ìáìÒíöñ⁄,0,,,747,12,13,15,25,35,43,47,53,51,50,46,40,47,50,49,40,437,198,99,361,10,7,3,15,16,24,25,28,26,27,23,23,18,23,18,20,225,76,35,386,2,6,12,10,19,19,22,25,25,23,23,17,29,27,31,20,212,122,64
42201050003,4,í∑çËés,è„è¨ìáéOíöñ⁄,0,,,727,21,17,22,21,18,26,20,41,30,48,45,48,57,70,90,60,354,312,152,331,7,9,9,12,7,16,10,17,15,25,17,24,29,36,45,25,172,134,53,396,14,8,13,9,11,10,10,24,15,23,28,24,28,34,45,35,182,178,99
42201050004,4,í∑çËés,è„è¨ìáélíöñ⁄,0,,,894,24,26,34,32,25,31,38,37,40,64,44,69,70,88,83,84,450,353,182,416,10,15,17,9,14,18,23,17,16,33,19,38,32,43,37,42,219,150,70,478,14,11,17,23,11,13,15,20,24,31,25,31,38,45,46,42,231,203,112
42201050005,4,í∑çËés,è„è¨ìáå‹íöñ⁄,0,,,673,16,13,17,26,16,29,23,21,26,57,41,47,43,56,74,46,329,291,161,310,3,8,7,11,9,15,9,14,14,30,20,19,22,28,36,18,163,125,61,363,13,5,10,15,7,14,14,7,12,27,21,28,21,28,38,28,166,166,100
422010550,2,í∑çËés,ç˜ñÿí¨,0,,,861,18,26,19,27,34,24,23,41,50,50,84,83,53,77,83,63,469,320,160,399,7,12,12,17,16,8,8,25,21,22,42,42,27,33,44,31,228,135,58,462,11,14,7,10,18,16,15,16,29,28,42,41,26,44,39,32,241,185,102
422010560,2,í∑çËés,èoìáí¨,0,,,925,38,47,27,13,53,55,62,63,69,102,60,67,54,44,46,112,598,171,81,416,25,21,14,5,20,20,32,24,25,61,22,31,23,21,16,60,263,66,29,509,13,26,13,8,33,35,30,39,44,41,38,36,31,23,30,52,335,105,52
422010570,2,í∑çËés,ç]åÀí¨,0,,,173,7,8,2,3,3,8,6,16,12,21,6,17,9,15,19,17,101,48,14,83,5,6,0,1,1,5,4,7,6,10,5,7,6,6,9,11,52,17,2,90,2,2,2,2,2,3,2,9,6,11,1,10,3,9,10,6,49,31,12
422010580,2,í∑çËés,å≥ëDí¨,0,,,393,14,18,12,8,17,34,28,24,36,37,29,27,33,32,15,44,273,71,24,186,10,7,5,4,10,13,15,9,19,17,16,15,14,14,7,22,132,29,8,207,4,11,7,4,7,21,13,15,17,20,13,12,19,18,8,22,141,42,16
422010590,2,í∑çËés,å‹ìáí¨,0,,,981,30,41,28,30,36,43,40,57,80,93,93,77,58,71,76,99,607,254,107,411,15,20,12,15,11,21,16,23,41,37,35,37,26,29,30,47,262,89,30,570,15,21,16,15,25,22,24,34,39,56,58,40,32,42,46,52,345,165,77
422010600,2,í∑çËés,äíìáí¨,0,,,758,29,26,36,34,27,45,51,26,49,78,70,59,49,36,48,91,488,153,69,325,16,15,14,14,7,24,22,9,19,33,32,26,22,13,18,45,208,60,29,433,13,11,22,20,20,21,29,17,30,45,38,33,27,23,30,46,280,93,40
422010610,2,í∑çËés,ñúçÀí¨,0,,,577,28,36,29,16,11,23,18,40,40,52,73,53,34,36,17,93,360,100,47,264,16,20,14,8,3,12,8,20,18,22,34,25,12,20,9,50,162,41,12,313,12,16,15,8,8,11,10,20,22,30,39,28,22,16,8,43,198,59,35
422010620,2,í∑çËés,ã‡âÆí¨,0,,,645,24,20,34,36,17,43,39,37,53,58,66,40,35,44,30,78,424,125,51,304,14,14,19,13,8,17,18,17,23,26,35,21,18,20,15,47,196,51,16,341,10,6,15,23,9,26,21,20,30,32,31,19,17,24,15,31,228,74,35
422010630,2,í∑çËés,ãªëPí¨,0,,,271,2,6,4,6,21,23,20,11,16,19,10,10,8,18,29,12,144,95,48,120,1,3,1,1,4,11,8,6,10,11,7,5,3,5,13,5,66,36,18,151,1,3,3,5,17,12,12,5,6,8,3,5,5,13,16,7,78,59,30
422010640,2,í∑çËés,ç˜í¨,0,,,370,11,17,8,16,21,25,21,26,27,34,26,28,14,25,31,36,238,81,25,167,4,11,5,5,12,10,6,10,14,19,12,15,5,7,14,20,108,31,10,203,7,6,3,11,9,15,15,16,13,15,14,13,9,18,17,16,130,50,15
422010650,2,í∑çËés,åbî¸ê{í¨,0,,,459,15,21,10,21,17,17,25,37,21,32,30,40,37,37,26,46,277,118,55,204,2,11,4,14,7,6,11,16,12,14,14,16,18,17,11,17,128,44,16,255,13,10,6,7,10,11,14,21,9,18,16,24,19,20,15,29,149,74,39
422010660,2,í∑çËés,ëÂçïí¨,1,,0670,265,2,0,6,4,13,26,16,16,25,15,19,14,15,15,19,8,163,73,39,123,2,0,0,2,4,10,8,8,16,7,11,7,7,8,7,2,80,30,15,142,0,0,6,2,9,16,8,8,9,8,8,7,8,7,12,6,83,43,24
422010670,2,í∑çËés,îˆè„í¨,2,660,,0,0,0,0,0,0,0,0,0,0,0,0,0,0,0,0,0,0,0,0,0,0,0,0,0,0,0,0,0,0,0,0,0,0,0,0,0,0,0,0,0,0,0,0,0,0,0,0,0,0,0,0,0,0,0,0,0,0,0,0
422010680,2,í∑çËés,î™êÁë„í¨,0,,,38,2,1,0,0,1,2,3,5,4,3,3,4,0,1,1,3,25,5,3,17,2,0,0,0,1,0,1,3,3,0,1,1,0,1,0,2,10,2,1,21,0,1,0,0,0,2,2,2,1,3,2,3,0,0,1,1,15,3,2
422010690,2,í∑çËés,å‰ëDë†í¨,0,,,1256,34,25,36,27,74,79,62,56,84,88,78,78,100,104,108,95,726,411,199,545,20,11,18,13,29,36,27,26,45,40,30,38,48,39,38,49,332,149,72,711,14,14,18,14,45,43,35,30,39,48,48,40,52,65,70,46,394,262,127
422010701,3,í∑çËés,ïlïΩ,0,,,808,16,16,14,20,24,23,17,33,32,55,61,68,67,66,64,46,400,360,230,369,11,7,8,9,10,12,7,14,16,28,31,34,36,27,32,26,197,145,86,439,5,9,6,11,14,11,10,19,16,27,30,34,31,39,32,20,203,215,144
42201070101,4,í∑çËés,ïlïΩàÍíöñ⁄,0,,,541,11,10,12,16,17,14,12,23,27,36,43,34,44,42,42,33,266,240,156,251,8,4,7,8,6,7,5,11,15,19,24,16,23,17,22,19,134,97,58,290,3,6,5,8,11,7,7,12,12,17,19,18,21,25,20,14,132,143,98
42201070102,4,í∑çËés,ïlïΩìÒíöñ⁄,0,,,267,5,6,2,4,7,9,5,10,5,19,18,34,23,24,22,13,134,120,74,118,3,3,1,1,4,5,2,3,1,9,7,18,13,10,10,7,63,48,28,149,2,3,1,3,3,4,3,7,4,10,11,16,10,14,12,6,71,72,46
422010702,2,í∑çËés,ïlïΩ,0,,,0,0,0,0,0,0,0,0,0,0,0,0,0,0,0,0,0,0,0,0,0,0,0,0,0,0,0,0,0,0,0,0,0,0,0,0,0,0,0,0,0,0,0,0,0,0,0,0,0,0,0,0,0,0,0,0,0,0,0,0
422010710,2,í∑çËés,êºç‚í¨,0,,,624,10,7,15,15,42,29,25,40,41,43,26,50,47,42,59,32,358,215,114,269,3,3,8,5,13,11,12,20,21,19,14,23,25,15,26,14,163,81,40,355,7,4,7,10,29,18,13,20,20,24,12,27,22,27,33,18,195,134,74
422010720,2,í∑çËés,íÜí¨,0,,,468,14,11,15,13,19,47,22,26,29,40,41,39,26,25,28,40,302,93,40,215,4,5,5,3,7,24,13,13,13,20,23,18,15,8,10,14,149,34,16,253,10,6,10,10,12,23,9,13,16,20,18,21,11,17,18,26,153,59,24
422010730,2,í∑çËés,è„í¨,0,,,475,15,22,14,20,8,11,18,24,32,35,41,28,31,38,44,51,248,170,88,220,10,8,5,8,4,6,10,13,16,17,22,13,17,17,20,23,126,67,30,255,5,14,9,12,4,5,8,11,16,18,19,15,14,21,24,28,122,103,58
422010740,2,í∑çËés,í}å„í¨,0,,,1036,49,27,41,35,30,62,81,68,84,85,89,71,63,53,48,117,668,217,116,475,19,19,20,14,12,26,34,35,48,43,48,35,26,24,24,58,321,77,29,561,30,8,21,21,18,36,47,33,36,42,41,36,37,29,24,59,347,140,87
422010750,2,í∑çËés,ã âÄí¨,0,,,455,16,29,19,14,23,17,29,29,28,38,33,31,34,19,21,64,276,101,61,202,4,17,8,7,9,12,8,17,10,20,15,15,17,7,12,29,130,35,16,253,12,12,11,7,14,5,21,12,18,18,18,16,17,12,9,35,146,66,45
422010760,2,í∑çËés,î™ïSâÆí¨,0,,,117,9,11,7,5,2,3,5,9,11,12,8,3,7,11,7,27,65,24,6,57,7,3,3,3,2,2,2,5,6,5,3,1,3,5,3,13,32,11,3,60,2,8,4,2,0,1,3,4,5,7,5,2,4,6,4,14,33,13,3
422010771,3,í∑çËés,óßéR,0,,,1961,35,54,66,73,52,48,59,72,112,151,145,144,130,188,203,155,986,806,415,907,19,31,31,32,26,24,33,35,61,76,61,64,50,94,93,81,462,352,165,1054,16,23,35,41,26,24,26,37,51,75,84,80,80,94,110,74,524,454,250
42201077101,4,í∑çËés,óßéRàÍíöñ⁄,0,,,300,2,8,12,17,9,11,6,9,20,24,16,22,21,31,42,22,155,123,50,130,1,2,5,7,5,5,5,3,11,12,5,8,7,14,23,8,68,54,17,170,1,6,7,10,4,6,1,6,9,12,11,14,14,17,19,14,87,69,33
42201077102,4,í∑çËés,óßéRìÒíöñ⁄,0,,,384,6,12,10,3,8,9,17,19,21,15,21,30,24,29,42,28,167,188,117,168,3,5,4,1,6,4,8,12,8,10,10,10,9,18,20,12,78,77,39,216,3,7,6,2,2,5,9,7,13,5,11,20,15,11,22,16,89,111,78
42201077103,4,í∑çËés,óßéRéOíöñ⁄,0,,,317,6,7,5,13,7,7,6,13,20,18,26,23,19,40,34,18,152,143,69,147,3,5,2,6,2,4,3,7,15,5,12,13,8,19,15,10,75,59,25,170,3,2,3,7,5,3,3,6,5,13,14,10,11,21,19,8,77,84,44
42201077104,4,í∑çËés,óßéRélíöñ⁄,0,,,476,15,17,25,25,15,9,17,18,23,53,44,35,35,40,32,57,274,145,73,226,8,11,15,10,7,5,9,7,11,27,14,20,14,17,17,34,124,68,34,250,7,6,10,15,8,4,8,11,12,26,30,15,21,23,15,23,150,77,39
42201077105,4,í∑çËés,óßéRå‹íöñ⁄,0,,,484,6,10,14,15,13,12,13,13,28,41,38,34,31,48,53,30,238,207,106,236,4,8,5,8,6,6,8,6,16,22,20,13,12,26,18,17,117,94,50,248,2,2,9,7,7,6,5,7,12,19,18,21,19,22,35,13,121,113,56
422010772,2,í∑çËés,óßéR,0,,,0,0,0,0,0,0,0,0,0,0,0,0,0,0,0,0,0,0,0,0,0,0,0,0,0,0,0,0,0,0,0,0,0,0,0,0,0,0,0,0,0,0,0,0,0,0,0,0,0,0,0,0,0,0,0,0,0,0,0,0
422010780,2,í∑çËés,è„êºéRí¨,0,,,508,12,21,20,26,39,29,30,23,31,37,28,33,27,31,33,53,303,140,76,219,8,14,9,12,16,14,10,11,14,19,12,14,13,11,14,31,135,47,22,289,4,7,11,14,23,15,20,12,17,18,16,19,14,20,19,22,168,93,54
422010790,2,í∑çËés,â∫êºéRí¨,0,,,427,12,21,16,16,16,16,17,23,32,32,32,28,29,31,24,49,241,132,77,184,6,12,7,8,6,6,11,11,14,14,15,8,12,10,10,25,105,52,32,243,6,9,9,8,10,10,6,12,18,18,17,20,17,21,14,24,136,80,45
422010801,3,í∑çËés,êºéR,0,,,2831,67,104,106,101,118,107,102,135,177,191,171,172,189,231,278,277,1463,1012,503,1299,30,64,51,46,73,54,49,62,77,88,73,85,86,99,118,145,693,410,193,1532,37,40,55,55,45,53,53,73,100,103,98,87,103,132,160,132,770,602,310
42201080101,4,í∑çËés,êºéRàÍíöñ⁄,0,,,806,13,28,27,21,27,26,25,27,44,53,57,66,78,70,76,68,424,310,164,368,6,20,10,6,17,11,14,12,19,30,24,31,37,32,32,36,201,127,63,438,7,8,17,15,10,15,11,15,25,23,33,35,41,38,44,32,223,183,101
42201080102,4,í∑çËés,êºéRìÒíöñ⁄,1,,080201,1048,44,43,42,36,64,51,52,64,64,67,64,56,43,79,89,129,561,313,145,486,18,22,21,16,41,27,22,28,28,22,33,30,17,33,35,61,264,133,65,562,26,21,21,20,23,24,30,36,36,45,31,26,26,46,54,68,297,180,80
42201080103,4,í∑çËés,êºéRéOíöñ⁄,0,,,977,10,33,37,44,27,30,25,44,69,71,50,50,68,82,113,80,478,389,194,445,6,22,20,24,15,16,13,22,30,36,16,24,32,34,51,48,228,150,65,532,4,11,17,20,12,14,12,22,39,35,34,26,36,48,62,32,250,239,129
422010802,3,í∑çËés,êºéR,0,,,904,25,18,21,36,29,44,48,50,56,60,79,82,67,77,81,64,551,285,127,491,12,7,11,16,17,29,30,35,29,40,44,50,36,38,43,30,326,133,52,413,13,11,10,20,12,15,18,15,27,20,35,32,31,39,38,34,225,152,75
42201080201,4,í∑çËés,êºéRàÍíöñ⁄,2,80102,,0,0,0,0,0,0,0,0,0,0,0,0,0,0,0,0,0,0,0,0,0,0,0,0,0,0,0,0,0,0,0,0,0,0,0,0,0,0,0,0,0,0,0,0,0,0,0,0,0,0,0,0,0,0,0,0,0,0,0,0
42201080202,4,í∑çËés,êºéRìÒíöñ⁄,0,,,0,0,0,0,0,0,0,0,0,0,0,0,0,0,0,0,0,0,0,0,0,0,0,0,0,0,0,0,0,0,0,0,0,0,0,0,0,0,0,0,0,0,0,0,0,0,0,0,0,0,0,0,0,0,0,0,0,0,0,0
42201080203,4,í∑çËés,êºéRéOíöñ⁄,0,,,0,0,0,0,0,0,0,0,0,0,0,0,0,0,0,0,0,0,0,0,0,0,0,0,0,0,0,0,0,0,0,0,0,0,0,0,0,0,0,0,0,0,0,0,0,0,0,0,0,0,0,0,0,0,0,0,0,0,0,0
42201080204,4,í∑çËés,êºéRélíöñ⁄,0,,,904,25,18,21,36,29,44,48,50,56,60,79,82,67,77,81,64,551,285,127,491,12,7,11,16,17,29,30,35,29,40,44,50,36,38,43,30,326,133,52,413,13,11,10,20,12,15,18,15,27,20,35,32,31,39,38,34,225,152,75
422010841,3,í∑çËés,êºéRë‰,0,,,1781,74,80,86,80,59,60,69,89,110,119,128,106,103,110,144,240,923,613,359,812,38,46,44,50,24,29,30,41,56,54,55,49,45,50,65,128,433,249,134,969,36,34,42,30,35,31,39,48,54,65,73,57,58,60,79,112,490,364,225
42201084101,4,í∑çËés,êºéRë‰àÍíöñ⁄,0,,,772,39,33,28,36,29,30,42,37,43,51,64,43,42,53,65,100,417,253,135,360,20,19,14,24,13,15,21,13,22,23,26,20,15,23,30,53,192,114,61,412,19,14,14,12,16,15,21,24,21,28,38,23,27,30,35,47,225,139,74
42201084102,4,í∑çËés,êºéRë‰ìÒíöñ⁄,0,,,1009,35,47,58,44,30,30,27,52,67,68,64,63,61,57,79,140,506,360,224,452,18,27,30,26,11,14,9,28,34,31,29,29,30,27,35,75,241,135,73,557,17,20,28,18,19,16,18,24,33,37,35,34,31,30,44,65,265,225,151
422010861,3,í∑çËés,ï–ï£,0,,,3411,89,89,109,146,158,109,134,156,166,250,244,222,249,291,307,287,1834,1217,619,1528,53,49,54,66,73,46,63,70,67,117,119,95,119,145,131,156,835,493,217,1883,36,40,55,80,85,63,71,86,99,133,125,127,130,146,176,131,999,724,402
42201086101,4,í∑çËés,ï–ï£àÍíöñ⁄,0,,,484,13,14,15,19,16,14,7,17,29,38,37,24,31,40,55,42,232,209,114,200,6,5,5,8,7,4,4,6,16,18,15,11,12,25,23,16,101,83,35,284,7,9,10,11,9,10,3,11,13,20,22,13,19,15,32,26,131,126,79
42201086102,4,í∑çËés,ï–ï£ìÒíöñ⁄,0,,,635,18,28,25,38,38,23,24,26,32,72,34,40,38,29,55,71,365,185,101,289,11,14,15,19,14,12,9,12,10,33,17,18,17,15,25,40,161,79,39,346,7,14,10,19,24,11,15,14,22,39,17,22,21,14,30,31,204,106,62
42201086103,4,í∑çËés,ï–ï£éOíöñ⁄,0,,,709,19,17,26,28,26,16,35,44,33,46,41,47,54,75,64,62,370,262,123,330,12,12,12,14,11,10,16,20,15,14,24,17,27,38,26,36,168,116,52,379,7,5,14,14,15,6,19,24,18,32,17,30,27,37,38,26,202,146,71
42201086104,4,í∑çËés,ï–ï£élíöñ⁄,0,,,763,20,16,28,32,53,32,34,30,40,37,46,43,54,70,59,64,401,268,139,351,11,8,14,11,27,14,21,12,14,25,23,20,29,33,30,33,196,107,44,412,9,8,14,21,26,18,13,18,26,12,23,23,25,37,29,31,205,161,95
42201086105,4,í∑çËés,ï–ï£å‹íöñ⁄,0,,,820,19,14,15,29,25,24,34,39,32,57,86,68,72,77,74,48,466,293,142,358,13,10,8,14,14,6,13,20,12,27,40,29,34,34,27,31,209,108,47,462,6,4,7,15,11,18,21,19,20,30,46,39,38,43,47,17,257,185,95
422010862,3,í∑çËés,ï–ï£,1,,086203;086205,93,0,0,0,0,0,0,0,1,1,1,1,0,2,3,4,0,6,84,77,22,0,0,0,0,0,0,0,1,0,1,1,0,2,1,2,0,5,15,12,71,0,0,0,0,0,0,0,0,1,0,0,0,0,2,2,0,1,69,65
42201086203,4,í∑çËés,ï–ï£éOíöñ⁄,2,862,,0,0,0,0,0,0,0,0,0,0,0,0,0,0,0,0,0,0,0,0,0,0,0,0,0,0,0,0,0,0,0,0,0,0,0,0,0,0,0,0,0,0,0,0,0,0,0,0,0,0,0,0,0,0,0,0,0,0,0,0
42201086205,4,í∑çËés,ï–ï£å‹íöñ⁄,2,862,,0,0,0,0,0,0,0,0,0,0,0,0,0,0,0,0,0,0,0,0,0,0,0,0,0,0,0,0,0,0,0,0,0,0,0,0,0,0,0,0,0,0,0,0,0,0,0,0,0,0,0,0,0,0,0,0,0,0,0,0
422010910,2,í∑çËés,ïvïwêÏí¨,0,,,535,16,11,20,18,28,27,32,25,35,35,24,34,37,50,40,47,295,192,102,219,9,3,11,7,10,12,14,9,15,15,14,11,19,23,13,23,126,69,33,316,7,8,9,11,18,15,18,16,20,20,10,23,18,27,27,24,169,123,69
422010921,3,í∑çËés,ñ¬ëÍ,0,,,1754,44,56,75,82,53,55,66,79,102,132,123,104,107,161,182,175,903,669,326,795,13,27,39,44,24,29,27,38,50,68,60,45,40,65,90,79,425,286,131,959,31,29,36,38,29,26,39,41,52,64,63,59,67,96,92,96,478,383,195
42201092101,4,í∑çËés,ñ¬ëÍàÍíöñ⁄,0,,,782,9,25,35,35,26,27,31,34,42,50,59,43,58,78,77,69,405,301,146,360,4,11,19,20,12,12,13,18,23,23,28,16,23,34,36,34,188,133,63,422,5,14,16,15,14,15,18,16,19,27,31,27,35,44,41,35,217,168,83
42201092102,4,í∑çËés,ñ¬ëÍìÒíöñ⁄,0,,,562,27,23,27,38,19,25,24,32,38,54,43,41,24,27,42,77,338,147,78,247,6,11,14,18,9,15,8,15,16,27,25,18,8,8,21,31,159,57,28,315,21,12,13,20,10,10,16,17,22,27,18,23,16,19,21,46,179,90,50
42201092103,4,í∑çËés,ñ¬ëÍéOíöñ⁄,1,,092203,410,8,8,13,9,8,3,11,13,22,28,21,20,25,56,63,29,160,221,102,188,3,5,6,6,3,2,6,5,11,18,7,11,9,23,33,14,78,96,40,222,5,3,7,3,5,1,5,8,11,10,14,9,16,33,30,15,82,125,62
422010922,3,í∑çËés,ñ¬ëÍ,0,,,0,0,0,0,0,0,0,0,0,0,0,0,0,0,0,0,0,0,0,0,0,0,0,0,0,0,0,0,0,0,0,0,0,0,0,0,0,0,0,0,0,0,0,0,0,0,0,0,0,0,0,0,0,0,0,0,0,0,0,0
42201092201,4,í∑çËés,ñ¬ëÍàÍíöñ⁄,0,,,0,0,0,0,0,0,0,0,0,0,0,0,0,0,0,0,0,0,0,0,0,0,0,0,0,0,0,0,0,0,0,0,0,0,0,0,0,0,0,0,0,0,0,0,0,0,0,0,0,0,0,0,0,0,0,0,0,0,0,0
42201092203,4,í∑çËés,ñ¬ëÍéOíöñ⁄,2,92103,,0,0,0,0,0,0,0,0,0,0,0,0,0,0,0,0,0,0,0,0,0,0,0,0,0,0,0,0,0,0,0,0,0,0,0,0,0,0,0,0,0,0,0,0,0,0,0,0,0,0,0,0,0,0,0,0,0,0,0,0
422010950,2,í∑çËés,ñÿèÍí¨,0,,,277,8,7,8,10,11,4,11,9,7,14,14,28,32,31,21,23,140,114,62,133,4,3,6,6,6,0,7,3,4,8,10,11,14,17,8,13,69,51,26,144,4,4,2,4,5,4,4,6,3,6,4,17,18,14,13,10,71,63,36
422010960,2,í∑çËés,‰äíÀí¨,0,,,758,15,17,16,21,13,22,26,27,35,46,48,59,56,80,73,48,353,354,201,353,8,10,8,8,7,10,12,14,20,27,22,26,29,42,33,26,175,150,75,405,7,7,8,13,6,12,14,13,15,19,26,33,27,38,40,22,178,204,126
422010970,2,í∑çËés,èhí¨,0,,,2923,53,78,107,205,112,91,123,127,139,203,179,190,204,246,315,238,1573,1065,504,1411,23,45,55,138,67,54,63,78,59,96,81,90,96,117,146,123,822,429,166,1512,30,33,52,67,45,37,60,49,80,107,98,100,108,129,169,115,751,636,338
422010981,3,í∑çËés,äE,0,,,2097,51,69,74,262,141,74,76,80,125,136,150,169,127,120,123,194,1340,507,264,1167,24,36,38,215,104,39,40,39,71,66,79,82,71,62,64,98,806,224,98,930,27,33,36,47,37,35,36,41,54,70,71,87,56,58,59,96,534,283,166
42201098101,4,í∑çËés,äEàÍíöñ⁄,0,,,718,14,26,31,31,25,33,32,31,53,58,59,70,51,37,51,71,443,185,97,369,7,16,16,16,18,15,19,18,32,27,33,35,25,18,24,39,238,79,37,349,7,10,15,15,7,18,13,13,21,31,26,35,26,19,27,32,205,106,60
42201098102,4,í∑çËés,äEìÒíöñ⁄,0,,,1379,37,43,43,231,116,41,44,49,72,78,91,99,76,83,72,123,897,322,167,798,17,20,22,199,86,24,21,21,39,39,46,47,46,44,40,59,568,145,61,581,20,23,21,32,30,17,23,28,33,39,45,52,30,39,32,64,329,177,106
422010982,3,í∑çËés,äE,0,,,0,0,0,0,0,0,0,0,0,0,0,0,0,0,0,0,0,0,0,0,0,0,0,0,0,0,0,0,0,0,0,0,0,0,0,0,0,0,0,0,0,0,0,0,0,0,0,0,0,0,0,0,0,0,0,0,0,0,0,0
42201098201,4,í∑çËés,äEàÍíöñ⁄,0,,,0,0,0,0,0,0,0,0,0,0,0,0,0,0,0,0,0,0,0,0,0,0,0,0,0,0,0,0,0,0,0,0,0,0,0,0,0,0,0,0,0,0,0,0,0,0,0,0,0,0,0,0,0,0,0,0,0,0,0,0
42201098202,4,í∑çËés,äEìÒíöñ⁄,0,,,0,0,0,0,0,0,0,0,0,0,0,0,0,0,0,0,0,0,0,0,0,0,0,0,0,0,0,0,0,0,0,0,0,0,0,0,0,0,0,0,0,0,0,0,0,0,0,0,0,0,0,0,0,0,0,0,0,0,0,0
422010990,2,í∑çËés,ñ‘èÍí¨,0,,,1441,51,71,51,43,56,30,50,82,82,88,70,72,65,107,111,173,638,622,404,646,28,36,34,34,35,13,23,37,41,38,39,33,28,58,44,98,321,221,119,795,23,35,17,9,21,17,27,45,41,50,31,39,37,49,67,75,317,401,285
422011000,2,í∑çËés,ètì˙í¨,0,,,171,1,4,6,4,4,3,5,8,4,4,5,12,12,13,11,11,61,99,75,67,1,1,2,2,2,2,4,5,2,3,3,5,4,9,5,4,32,31,17,104,0,3,4,2,2,1,1,3,2,1,2,7,8,4,6,7,29,68,58
422011010,2,í∑çËés,í™å©í¨,0,,,144,3,0,2,2,3,5,6,8,11,15,14,12,8,15,8,5,84,55,32,66,2,0,1,0,2,3,5,3,6,10,4,9,3,6,2,3,45,18,10,78,1,0,1,2,1,2,1,5,5,5,10,3,5,9,6,2,39,37,22
422011020,2,í∑çËés,ìcíÜí¨,0,,,6857,321,323,367,367,367,355,363,420,410,609,570,501,413,390,361,1011,4375,1401,650,3290,173,156,180,168,201,184,183,190,201,281,267,251,214,182,165,509,2140,596,249,3567,148,167,187,199,166,171,180,230,209,328,303,250,199,208,196,502,2235,805,401
422011030,2,í∑çËés,ñÓè„í¨,0,,,1872,114,112,89,81,84,88,126,128,124,154,145,101,94,98,79,315,1125,394,217,874,48,48,37,43,41,42,61,64,60,77,73,51,41,53,27,133,553,165,85,998,66,64,52,38,43,46,65,64,64,77,72,50,53,45,52,182,572,229,132
422011040,2,í∑çËés,åªêÏí¨,0,,,632,15,20,23,26,21,20,15,37,34,32,50,46,54,70,62,58,335,239,107,294,9,9,11,11,10,6,10,14,17,14,22,23,29,35,28,29,156,109,46,338,6,11,12,15,11,14,5,23,17,18,28,23,25,35,34,29,179,130,61
422011050,2,í∑çËés,ïΩä‘í¨,0,,,1817,126,129,102,82,63,98,144,157,124,137,100,97,81,92,99,357,1083,369,178,891,71,71,50,38,29,41,71,83,58,73,48,47,43,45,47,192,531,163,71,926,55,58,52,44,34,57,73,74,66,64,52,50,38,47,52,165,552,206,107
422011061,2,í∑çËés,íﬂÇÃîˆí¨,0,,,969,23,28,48,37,35,40,35,41,52,66,63,77,105,125,97,99,551,317,95,479,7,16,28,23,17,19,16,16,33,34,26,37,40,66,52,51,261,166,48,490,16,12,20,14,18,21,19,25,19,32,37,40,65,59,45,48,290,151,47
422011070,2,í∑çËés,ìåí¨,0,,,2739,140,133,156,163,116,117,143,142,190,238,239,190,120,127,171,429,1658,643,345,1304,81,69,81,69,60,51,64,70,91,120,100,102,57,60,77,231,784,282,145,1435,59,64,75,94,56,66,79,72,99,118,139,88,63,67,94,198,874,361,200
422011081,3,í∑çËés,Ç©Ç´ìπ,0,,,6921,276,329,368,353,236,246,333,340,371,462,407,536,700,676,530,973,3984,1940,734,3154,139,157,190,180,101,103,152,151,166,192,173,215,323,326,272,486,1756,897,299,3767,137,172,178,173,135,143,181,189,205,270,234,321,377,350,258,487,2228,1043,435
42201108101,4,í∑çËés,Ç©Ç´ìπàÍíöñ⁄,0,,,900,40,26,36,44,32,38,51,48,49,71,54,95,68,62,56,102,550,245,127,431,19,14,19,20,19,15,28,25,27,31,25,43,44,32,24,52,277,100,44,469,21,12,17,24,13,23,23,23,22,40,29,52,24,30,32,50,273,145,83
42201108102,4,í∑çËés,Ç©Ç´ìπìÒíöñ⁄,0,,,1528,50,80,85,67,29,33,61,105,91,97,80,76,130,186,171,215,769,543,186,700,21,35,42,35,12,20,23,45,41,49,31,36,50,87,86,98,342,259,86,828,29,45,43,32,17,13,38,60,50,48,49,40,80,99,85,117,427,284,100
42201108103,4,í∑çËés,Ç©Ç´ìπéOíöñ⁄,0,,,1388,68,82,81,72,53,62,71,71,74,101,83,78,123,123,99,231,788,367,145,630,33,45,43,37,25,24,30,34,33,44,35,25,56,54,55,121,343,164,55,758,35,37,38,35,28,38,41,37,41,57,48,53,67,69,44,110,445,203,90
42201108104,4,í∑çËés,Ç©Ç´ìπélíöñ⁄,0,,,1559,29,33,46,53,35,47,63,62,50,66,82,158,278,234,149,108,894,543,160,717,13,19,20,26,14,15,34,30,21,26,32,59,123,121,83,52,380,277,73,842,16,14,26,27,21,32,29,32,29,40,50,99,155,113,66,56,514,266,87
42201108105,4,í∑çËés,Ç©Ç´ìπå‹íöñ⁄,0,,,1384,80,97,107,112,83,61,79,48,93,116,101,119,92,65,43,284,904,192,84,596,47,38,58,57,30,27,34,15,37,37,45,47,45,28,19,143,374,77,30,788,33,59,49,55,53,34,45,33,56,79,56,72,47,37,24,141,530,115,54
42201108106,4,í∑çËés,Ç©Ç´ìπòZíöñ⁄,0,,,162,9,11,13,5,4,5,8,6,14,11,7,10,9,6,12,33,79,50,32,80,6,6,8,5,1,2,3,2,7,5,5,5,5,4,5,20,40,20,11,82,3,5,5,0,3,3,5,4,7,6,2,5,4,2,7,13,39,30,21
422011120,2,í∑çËés,èºå¥í¨,0,,,758,29,27,30,20,34,44,41,37,36,47,74,48,48,51,53,86,429,232,128,358,14,15,12,12,17,23,21,16,16,25,37,21,24,26,26,41,212,99,47,400,15,12,18,8,17,21,20,21,20,22,37,27,24,25,27,45,217,133,81
422011130,2,í∑çËés,å√âÍí¨,0,,,1456,68,71,51,58,53,91,74,83,87,78,86,90,88,99,95,190,788,460,266,671,34,37,29,29,22,48,38,34,42,42,42,45,34,48,45,100,376,185,92,785,34,34,22,29,31,43,36,49,45,36,44,45,54,51,50,90,412,275,174
422011140,2,í∑çËés,íÜó¢í¨,0,,,1734,77,80,74,61,53,82,95,105,100,94,106,108,116,123,128,231,920,556,305,825,39,46,46,34,26,47,45,51,47,42,50,55,58,60,56,131,455,220,104,909,38,34,28,27,27,35,50,54,53,52,56,53,58,63,72,100,465,336,201
422011150,2,í∑çËés,ëDêŒí¨,0,,,370,6,11,16,15,11,10,7,13,23,20,23,36,39,30,39,33,197,140,71,184,4,6,6,8,8,7,4,6,9,11,12,13,25,16,20,16,103,65,29,186,2,5,10,7,3,3,3,7,14,9,11,23,14,14,19,17,94,75,42
422011160,2,í∑çËés,è„åÀêŒí¨,0,,,1228,56,67,75,102,47,29,47,64,95,112,97,78,76,65,86,198,747,281,130,579,33,34,41,49,18,13,19,32,48,49,42,39,41,32,33,108,350,119,54,649,23,33,34,53,29,16,28,32,47,63,55,39,35,33,53,90,397,162,76
422011170,2,í∑çËés,êÏì‡í¨,0,,,163,3,4,6,4,2,4,3,3,11,13,11,15,7,10,21,13,73,77,46,83,0,4,3,2,2,3,2,2,5,9,7,7,3,6,8,7,42,34,20,80,3,0,3,2,0,1,1,1,6,4,4,8,4,4,13,6,31,43,26
422011180,2,í∑çËés,åÀêŒí¨,0,,,4425,276,374,365,276,141,154,256,361,399,408,237,186,177,165,178,1015,2595,780,437,2092,126,208,185,156,53,71,124,176,190,201,105,94,88,85,88,519,1258,296,123,2333,150,166,180,120,88,83,132,185,209,207,132,92,89,80,90,496,1337,484,314
422011190,2,í∑çËés,ñqìáí¨,0,,,759,22,34,20,34,26,23,33,41,37,38,47,49,49,77,53,76,377,305,175,341,8,18,6,16,14,10,17,23,23,12,19,22,24,38,23,32,180,128,67,418,14,16,14,18,12,13,16,18,14,26,28,27,25,39,30,44,197,177,108
422011200,2,í∑çËés,ïÛâhí¨,0,,,912,41,21,13,74,34,84,77,56,47,51,52,46,36,50,62,75,557,253,141,403,24,11,7,13,13,45,40,31,19,26,23,22,15,23,25,42,247,98,50,509,17,10,6,61,21,39,37,25,28,25,29,24,21,27,37,33,310,155,91
422011211,2,í∑çËés,ä‚å©í¨,0,,,1685,72,61,101,78,59,62,68,90,113,158,97,120,114,106,119,234,959,460,235,809,40,34,55,35,33,28,32,48,55,76,48,53,58,51,64,129,466,191,76,876,32,27,46,43,26,34,36,42,58,82,49,67,56,55,55,105,493,269,159
422011213,2,í∑çËés,ä‚å©í¨,0,,,0,0,0,0,0,0,0,0,0,0,0,0,0,0,0,0,0,0,0,0,0,0,0,0,0,0,0,0,0,0,0,0,0,0,0,0,0,0,0,0,0,0,0,0,0,0,0,0,0,0,0,0,0,0,0,0,0,0,0,0
422011221,2,í∑çËés,ètñÿí¨,0,,,1073,57,76,66,48,40,41,50,63,122,102,83,67,61,48,59,199,677,190,83,498,25,42,32,26,17,19,20,33,51,49,41,31,28,21,29,99,315,78,28,575,32,34,34,22,23,22,30,30,71,53,42,36,33,27,30,100,362,112,55
422011222,2,í∑çËés,ètñÿí¨,0,,,0,0,0,0,0,0,0,0,0,0,0,0,0,0,0,0,0,0,0,0,0,0,0,0,0,0,0,0,0,0,0,0,0,0,0,0,0,0,0,0,0,0,0,0,0,0,0,0,0,0,0,0,0,0,0,0,0,0,0,0
422011230,2,í∑çËés,í|ÇÃãvï€í¨,0,,,778,26,28,21,27,43,76,67,52,39,60,49,41,45,59,40,75,499,176,77,376,14,13,10,14,20,39,28,27,21,31,26,17,28,27,17,37,251,70,26,402,12,15,11,13,23,37,39,25,18,29,23,24,17,32,23,38,248,106,51
422011241,2,í∑çËés,ó¿êÏí¨,0,,,1133,55,54,40,49,37,60,64,66,71,98,81,87,57,73,70,149,670,286,143,587,32,33,20,24,14,37,31,30,38,49,50,59,26,34,36,85,358,123,53,546,23,21,20,25,23,23,33,36,33,49,31,28,31,39,34,64,312,163,90
422011251,2,í∑çËés,ï£í¨,0,,,545,11,11,13,9,20,28,27,29,27,32,30,34,47,52,55,35,283,213,106,266,4,8,6,6,9,11,14,16,11,16,20,15,28,28,25,18,146,92,39,279,7,3,7,3,11,17,13,13,16,16,10,19,19,24,30,17,137,121,67
422011252,2,í∑çËés,ï£í¨,0,,,0,0,0,0,0,0,0,0,0,0,0,0,0,0,0,0,0,0,0,0,0,0,0,0,0,0,0,0,0,0,0,0,0,0,0,0,0,0,0,0,0,0,0,0,0,0,0,0,0,0,0,0,0,0,0,0,0,0,0,0
422011261,2,í∑çËés,àÓç≤í¨,0,,,1308,44,41,45,30,31,52,62,67,76,75,93,94,114,108,109,130,694,478,261,617,23,29,19,10,15,23,27,37,42,45,40,49,57,55,48,71,345,196,93,691,21,12,26,20,16,29,35,30,34,30,53,45,57,53,61,59,349,282,168
422011262,2,í∑çËés,àÓç≤í¨,0,,,0,0,0,0,0,0,0,0,0,0,0,0,0,0,0,0,0,0,0,0,0,0,0,0,0,0,0,0,0,0,0,0,0,0,0,0,0,0,0,0,0,0,0,0,0,0,0,0,0,0,0,0,0,0,0,0,0,0,0,0
422011270,2,í∑çËés,åıí¨,0,,,425,9,10,16,13,11,27,21,16,25,40,33,29,21,32,36,35,236,139,71,223,5,4,9,4,7,15,11,7,18,23,23,10,10,16,17,18,128,63,30,202,4,6,7,9,4,12,10,9,7,17,10,19,11,16,19,17,108,76,41
422011281,2,í∑çËés,èåí¨,0,,,1151,34,33,41,39,48,55,43,61,68,59,54,90,105,102,105,108,622,416,209,488,11,15,18,14,16,28,24,32,32,25,25,33,41,48,45,44,270,170,77,663,23,18,23,25,32,27,19,29,36,34,29,57,64,54,60,64,352,246,132
422011290,2,í∑çËés,ïŸìVí¨,0,,,479,14,11,18,16,18,22,27,29,19,27,35,35,39,37,41,43,267,158,80,229,9,5,10,9,8,14,14,12,9,15,13,16,19,13,21,24,129,67,33,250,5,6,8,7,10,8,13,17,10,12,22,19,20,24,20,19,138,91,47
422011300,2,í∑çËés,àÆí¨,0,,,1290,46,41,57,57,37,61,50,63,79,103,91,114,105,92,113,144,760,364,159,588,22,18,33,25,21,28,26,29,33,46,45,45,55,39,48,73,353,147,60,702,24,23,24,32,16,33,24,34,46,57,46,69,50,53,65,71,407,217,99
422011311,2,í∑çËés,ç]ÇÃâYí¨,0,,,677,18,16,17,20,28,22,22,42,33,41,43,47,46,52,74,51,344,278,152,296,7,7,7,6,13,11,12,19,14,28,17,18,22,22,35,21,160,112,55,381,11,9,10,14,15,11,10,23,19,13,26,29,24,30,39,30,184,166,97
422011312,2,í∑çËés,ç]ÇÃâYí¨,0,,,0,0,0,0,0,0,0,0,0,0,0,0,0,0,0,0,0,0,0,0,0,0,0,0,0,0,0,0,0,0,0,0,0,0,0,0,0,0,0,0,0,0,0,0,0,0,0,0,0,0,0,0,0,0,0,0,0,0,0,0
422011321,2,í∑çËés,ïΩåÀè¨âÆí¨,0,,,603,12,14,12,11,18,18,25,21,26,39,45,52,49,69,62,38,304,258,127,266,2,7,8,9,13,9,10,9,14,18,21,25,24,29,24,17,152,95,42,337,10,7,4,2,5,9,15,12,12,21,24,27,25,40,38,21,152,163,85
422011322,2,í∑çËés,ïΩåÀè¨âÆí¨,0,,,0,0,0,0,0,0,0,0,0,0,0,0,0,0,0,0,0,0,0,0,0,0,0,0,0,0,0,0,0,0,0,0,0,0,0,0,0,0,0,0,0,0,0,0,0,0,0,0,0,0,0,0,0,0,0,0,0,0,0,0
422011331,2,í∑çËés,ëÂíπí¨,0,,,468,5,9,12,20,10,17,12,10,32,18,32,29,32,47,66,26,212,230,117,199,3,7,6,11,7,9,7,6,14,8,16,9,12,23,22,16,99,84,39,269,2,2,6,9,3,8,5,4,18,10,16,20,20,24,44,10,113,146,78
422011332,2,í∑çËés,ëÂíπí¨,0,,,235,1,4,2,5,3,9,5,6,10,19,20,19,12,22,40,7,108,119,57,112,1,2,0,4,1,4,2,2,6,11,9,11,5,11,20,3,55,53,22,123,0,2,2,1,2,5,3,4,4,8,11,8,7,11,20,4,53,66,35
422011340,2,í∑çËés,ä€îˆí¨,0,,,115,4,5,2,2,5,4,9,1,4,8,8,8,4,15,11,11,53,41,15,66,2,4,2,0,3,3,5,0,3,4,5,5,1,9,7,8,29,21,5,49,2,1,0,2,2,1,4,1,1,4,3,3,3,6,4,3,24,20,10
422011351,2,í∑çËés,êÖÇÃâYí¨,0,,,132,2,0,3,4,0,4,6,5,9,4,3,9,10,18,15,5,54,73,40,61,1,0,2,4,0,2,4,2,7,0,1,4,5,7,8,3,29,29,14,71,1,0,1,0,0,2,2,3,2,4,2,5,5,11,7,2,25,44,26
422011352,2,í∑çËés,êÖÇÃâYí¨,0,,,232,4,3,8,5,15,3,5,7,11,15,18,16,18,28,25,15,113,104,51,108,1,2,6,1,8,1,2,5,6,7,10,8,5,15,11,9,53,46,20,124,3,1,2,4,7,2,3,2,5,8,8,8,13,13,14,6,60,58,31
422011361,2,í∑çËés,ëÂíJí¨,0,,,249,4,2,5,10,3,5,9,12,12,14,16,18,29,20,30,11,128,110,60,122,1,2,4,6,1,2,7,7,10,8,7,9,13,10,12,7,70,45,23,127,3,0,1,4,2,3,2,5,2,6,9,9,16,10,18,4,58,65,37
422011362,2,í∑çËés,ëÂíJí¨,0,,,544,0,2,2,3,7,1,4,6,14,5,8,19,24,23,25,4,91,449,401,139,0,1,0,1,3,1,4,4,4,2,3,10,14,9,12,1,46,92,71,405,0,1,2,2,4,0,0,2,10,3,5,9,10,14,13,3,45,357,330
422011371,2,í∑çËés,ñOÇÃâYí¨,1,,1372,313,5,15,4,5,3,5,7,17,20,14,19,21,18,30,38,24,129,159,91,146,3,6,2,4,2,3,4,10,11,9,10,10,8,15,12,11,71,63,36,167,2,9,2,1,1,2,3,7,9,5,9,11,10,15,26,13,58,96,55
422011372,2,í∑çËés,ñOÇÃâYí¨,2,1371,,0,0,0,0,0,0,0,0,0,0,0,0,0,0,0,0,0,0,0,0,0,0,0,0,0,0,0,0,0,0,0,0,0,0,0,0,0,0,0,0,0,0,0,0,0,0,0,0,0,0,0,0,0,0,0,0,0,0,0,0
422011381,2,í∑çËés,èHåéí¨,0,,,374,3,6,7,7,12,10,11,11,16,18,29,26,37,50,36,16,177,181,95,177,2,3,4,5,7,5,6,5,10,7,19,13,23,22,15,9,100,68,31,197,1,3,3,2,5,5,5,6,6,11,10,13,14,28,21,7,77,113,64
422011382,2,í∑çËés,èHåéí¨,0,,,262,2,7,5,9,7,6,4,8,4,18,18,16,11,24,27,14,101,147,96,111,1,6,4,5,4,4,3,3,3,10,10,9,3,10,12,11,54,46,24,151,1,1,1,4,3,2,1,5,1,8,8,7,8,14,15,3,47,101,72
422011391,2,í∑çËés,ì¸ëDí¨,0,,,413,8,10,16,11,19,8,16,11,22,21,20,29,44,43,40,34,201,175,92,188,4,2,9,5,10,5,7,6,11,8,8,11,26,18,17,15,97,73,38,225,4,8,7,6,9,3,9,5,11,13,12,18,18,25,23,19,104,102,54
422011392,2,í∑çËés,ì¸ëDí¨,0,,,428,8,9,17,14,10,21,14,20,19,17,18,34,43,54,40,34,210,182,88,191,5,3,10,6,5,14,6,9,10,7,12,12,21,21,20,18,102,69,28,237,3,6,7,8,5,7,8,11,9,10,6,22,22,33,20,16,108,113,60
422011400,2,í∑çËés,âñïlí¨,0,,,173,0,5,6,2,2,0,8,6,7,11,7,7,23,13,29,11,73,88,46,80,0,3,2,2,2,0,5,1,4,4,4,4,13,7,9,5,39,35,19,93,0,2,4,0,0,0,3,5,3,7,3,3,10,6,20,6,34,53,27
422011411,2,í∑çËés,ä‚ê£ìπí¨,0,,,170,2,3,5,3,3,3,5,5,5,13,11,14,12,25,15,10,74,86,46,77,1,1,3,2,2,2,5,1,3,8,7,7,3,11,6,5,40,32,15,93,1,2,2,1,1,1,0,4,2,5,4,7,9,14,9,5,34,54,31
422011412,2,í∑çËés,ä‚ê£ìπí¨,0,,,0,0,0,0,0,0,0,0,0,0,0,0,0,0,0,0,0,0,0,0,0,0,0,0,0,0,0,0,0,0,0,0,0,0,0,0,0,0,0,0,0,0,0,0,0,0,0,0,0,0,0,0,0,0,0,0,0,0,0,0
422011421,2,í∑çËés,ìåóßê_í¨,0,,,382,3,6,9,13,9,2,10,15,17,28,25,17,43,50,47,18,179,185,88,167,1,1,7,5,6,0,4,10,5,20,9,6,19,24,19,9,84,74,31,215,2,5,2,8,3,2,6,5,12,8,16,11,24,26,28,9,95,111,57
422011422,2,í∑çËés,ìåóßê_í¨,0,,,0,0,0,0,0,0,0,0,0,0,0,0,0,0,0,0,0,0,0,0,0,0,0,0,0,0,0,0,0,0,0,0,0,0,0,0,0,0,0,0,0,0,0,0,0,0,0,0,0,0,0,0,0,0,0,0,0,0,0,0
422011430,2,í∑çËés,êºóßê_í¨,0,,,300,4,9,12,14,7,8,7,7,17,18,24,20,18,12,32,25,140,135,91,120,2,1,6,7,2,4,2,3,10,10,8,9,12,4,11,9,67,44,29,180,2,8,6,7,5,4,5,4,7,8,16,11,6,8,21,16,73,91,62
422011441,2,í∑çËés,êºîëí¨,0,,,280,3,4,5,9,3,3,4,11,17,20,19,20,23,27,36,12,129,139,76,130,1,2,4,6,2,0,2,5,10,9,10,7,12,10,17,7,63,60,33,150,2,2,1,3,1,3,2,6,7,11,9,13,11,17,19,5,66,79,43
422011442,2,í∑çËés,êºîëí¨,0,,,0,0,0,0,0,0,0,0,0,0,0,0,0,0,0,0,0,0,0,0,0,0,0,0,0,0,0,0,0,0,0,0,0,0,0,0,0,0,0,0,0,0,0,0,0,0,0,0,0,0,0,0,0,0,0,0,0,0,0,0
422011451,3,í∑çËés,è¨ç]å¥,0,,,7544,196,335,414,473,276,211,264,311,426,601,506,544,608,627,565,945,4220,2377,1185,3402,103,158,226,240,120,102,109,129,202,266,229,240,252,326,246,487,1889,1024,452,4142,93,177,188,233,156,109,155,182,224,335,277,304,356,301,319,458,2331,1353,733
42201145101,4,í∑çËés,è¨ç]å¥àÍíöñ⁄,0,,,1342,36,62,57,68,44,28,40,48,82,84,100,88,77,101,94,155,659,527,332,582,16,25,30,26,18,15,18,18,43,37,52,43,33,54,43,71,303,207,110,760,20,37,27,42,26,13,22,30,39,47,48,45,44,47,51,84,356,320,222
42201145102,4,í∑çËés,è¨ç]å¥ìÒíöñ⁄,0,,,1765,25,47,54,80,63,44,48,60,75,127,120,116,108,138,198,126,841,798,462,778,17,27,31,35,34,19,20,26,40,52,53,54,46,63,70,75,379,324,191,987,8,20,23,45,29,25,28,34,35,75,67,62,62,75,128,51,462,474,271
42201145103,4,í∑çËés,è¨ç]å¥éOíöñ⁄,0,,,1172,25,38,44,62,42,37,49,42,60,93,81,86,169,140,100,107,721,344,104,554,14,24,24,36,16,24,15,18,27,41,39,35,68,78,56,62,319,173,39,618,11,14,20,26,26,13,34,24,33,52,42,51,101,62,44,45,402,171,65
42201145104,4,í∑çËés,è¨ç]å¥élíöñ⁄,0,,,2326,85,132,137,113,77,78,101,127,122,139,136,201,235,229,156,354,1329,643,258,1024,43,61,73,58,22,33,47,51,55,62,51,82,95,121,69,177,556,291,101,1302,42,71,64,55,55,45,54,76,67,77,85,119,140,108,87,177,773,352,157
42201145105,4,í∑çËés,è¨ç]å¥å‹íöñ⁄,0,,,939,25,56,122,150,50,24,26,34,87,158,69,53,19,19,17,203,670,65,29,464,13,21,68,85,30,11,9,16,37,74,34,26,10,10,8,102,332,29,11,475,12,35,54,65,20,13,17,18,50,84,35,27,9,9,9,101,338,36,18
422011452,3,í∑çËés,è¨ç]å¥,0,,,0,0,0,0,0,0,0,0,0,0,0,0,0,0,0,0,0,0,0,0,0,0,0,0,0,0,0,0,0,0,0,0,0,0,0,0,0,0,0,0,0,0,0,0,0,0,0,0,0,0,0,0,0,0,0,0,0,0,0,0
42201145201,4,í∑çËés,è¨ç]å¥àÍíöñ⁄,0,,,0,0,0,0,0,0,0,0,0,0,0,0,0,0,0,0,0,0,0,0,0,0,0,0,0,0,0,0,0,0,0,0,0,0,0,0,0,0,0,0,0,0,0,0,0,0,0,0,0,0,0,0,0,0,0,0,0,0,0,0
42201145202,4,í∑çËés,è¨ç]å¥ìÒíöñ⁄,0,,,0,0,0,0,0,0,0,0,0,0,0,0,0,0,0,0,0,0,0,0,0,0,0,0,0,0,0,0,0,0,0,0,0,0,0,0,0,0,0,0,0,0,0,0,0,0,0,0,0,0,0,0,0,0,0,0,0,0,0,0
42201145205,4,í∑çËés,è¨ç]å¥å‹íöñ⁄,0,,,0,0,0,0,0,0,0,0,0,0,0,0,0,0,0,0,0,0,0,0,0,0,0,0,0,0,0,0,0,0,0,0,0,0,0,0,0,0,0,0,0,0,0,0,0,0,0,0,0,0,0,0,0,0,0,0,0,0,0,0
422011460,3,í∑çËés,ñÿî´í¨,0,,,1466,64,81,55,56,61,60,75,71,92,103,78,104,109,134,106,200,809,453,213,661,30,42,29,33,23,28,36,32,45,48,34,45,52,62,48,101,376,182,72,805,34,39,26,23,38,32,39,39,47,55,44,59,57,72,58,99,433,271,141
42201146001,4,í∑çËés,ñÿî´í¨àÍíöñ⁄,0,,,425,16,16,9,12,15,21,16,10,18,23,21,29,25,52,56,41,190,194,86,190,10,7,5,6,8,9,10,5,8,10,9,14,9,23,25,22,88,80,32,235,6,9,4,6,7,12,6,5,10,13,12,15,16,29,31,19,102,114,54
42201146002,4,í∑çËés,ñÿî´í¨ìÒíöñ⁄,0,,,1041,48,65,46,44,46,39,59,61,74,80,57,75,84,82,50,159,619,259,127,471,20,35,24,27,15,19,26,27,37,38,25,31,43,39,23,79,288,102,40,570,28,30,22,17,31,20,33,34,37,42,32,44,41,43,27,80,331,157,87
422011480,2,í∑çËés,è¨ê£åÀí¨,0,,,1144,42,33,49,49,47,64,52,54,66,82,69,79,97,100,87,124,659,347,160,547,24,18,24,23,20,31,23,28,37,42,32,36,49,55,40,66,321,148,53,597,18,15,25,26,27,33,29,26,29,40,37,43,48,45,47,58,338,199,107
422011490,3,í∑çËés,ê_Émìáí¨,0,,,858,26,37,35,33,34,32,26,52,49,68,41,57,69,87,84,98,461,294,123,400,14,18,22,16,15,14,10,21,28,33,20,28,30,42,43,54,215,129,44,458,12,19,13,17,19,18,16,31,21,35,21,29,39,45,41,44,246,165,79
42201149001,4,í∑çËés,ê_Émìáí¨àÍíöñ⁄,0,,,511,17,24,20,13,17,13,15,33,32,42,23,26,45,55,65,61,259,189,69,244,9,11,13,5,6,4,6,15,20,20,11,14,21,25,35,33,122,88,28,267,8,13,7,8,11,9,9,18,12,22,12,12,24,30,30,28,137,101,41
42201149002,4,í∑çËés,ê_Émìáí¨ìÒíöñ⁄,0,,,244,8,9,11,16,8,17,7,15,14,20,12,20,14,23,12,28,143,73,38,105,4,4,7,11,2,8,2,5,7,11,4,8,5,12,3,15,63,27,12,139,4,5,4,5,6,9,5,10,7,9,8,12,9,11,9,13,80,46,26
42201149003,4,í∑çËés,ê_Émìáí¨éOíöñ⁄,0,,,103,1,4,4,4,9,2,4,4,3,6,6,11,10,9,7,9,59,32,16,51,1,3,2,0,7,2,2,1,1,2,5,6,4,5,5,6,30,14,4,52,0,1,2,4,2,0,2,3,2,4,1,5,6,4,2,3,29,18,12
422011520,2,í∑çËés,ëÂïlí¨,0,,,3962,96,132,166,189,134,134,136,162,236,309,325,333,301,329,345,394,2259,1293,619,1854,43,66,88,87,58,59,71,79,121,139,150,153,154,153,161,197,1071,572,258,2108,53,66,78,102,76,75,65,83,115,170,175,180,147,176,184,197,1188,721,361
422011530,2,í∑çËés,è¨âYí¨,0,,,1809,85,97,100,86,64,64,89,107,107,138,94,81,114,147,157,282,944,567,263,849,47,46,49,39,27,31,43,47,60,62,44,32,56,69,80,142,441,256,107,960,38,51,51,47,37,33,46,60,47,76,50,49,58,78,77,140,503,311,156
422011540,2,í∑çËés,ïüìcñ{í¨,0,,,1548,45,63,62,70,49,50,56,56,78,113,79,105,102,153,147,170,758,614,314,697,24,28,36,27,25,24,26,24,37,53,37,47,50,69,71,88,350,256,116,851,21,35,26,43,24,26,30,32,41,60,42,58,52,84,76,82,408,358,198
422011550,2,í∑çËés,è¨ç]í¨,0,,,424,5,12,9,22,13,19,16,16,12,18,25,37,53,56,43,26,231,166,67,200,2,7,5,13,6,9,7,7,3,11,9,18,31,23,21,14,114,71,27,224,3,5,4,9,7,10,9,9,9,7,16,19,22,33,22,12,117,95,40
422011560,2,í∑çËés,ä`îëí¨,0,,,653,10,21,27,23,14,9,18,19,35,28,25,40,54,77,84,58,265,329,168,297,6,11,14,12,6,5,7,9,16,15,10,20,27,32,39,31,127,138,67,356,4,10,13,11,8,4,11,10,19,13,15,20,27,45,45,27,138,191,101
422011570,2,í∑çËés,éËåFí¨,0,,,295,9,6,8,9,6,3,12,15,12,19,8,16,27,41,38,23,127,145,66,133,6,1,5,2,3,1,6,8,6,13,2,4,14,25,15,12,59,62,22,162,3,5,3,7,3,2,6,7,6,6,6,12,13,16,23,11,68,83,44
422011580,2,í∑çËés,è„âYí¨,0,,,123,7,5,1,2,5,7,7,6,2,2,7,12,5,20,9,13,55,55,26,54,3,2,0,1,3,2,3,4,2,0,3,5,3,7,4,5,26,23,12,69,4,3,1,1,2,5,4,2,0,2,4,7,2,13,5,8,29,32,14
422011590,2,í∑çËés,âÄìcí¨,0,,,165,5,2,3,6,5,6,7,6,5,6,10,23,19,25,10,10,93,62,27,83,4,2,1,3,1,3,4,3,3,2,5,12,13,15,4,7,49,27,8,82,1,0,2,3,4,3,3,3,2,4,5,11,6,10,6,3,44,35,19
422011600,2,í∑çËés,å¸í¨,0,,,752,6,16,20,20,19,19,25,27,30,47,49,58,75,90,82,42,369,341,169,338,1,8,12,8,10,11,9,14,15,23,25,25,32,36,38,21,172,145,71,414,5,8,8,12,9,8,16,13,15,24,24,33,43,54,44,21,197,196,98
422011610,2,í∑çËés,ñqñÏí¨,0,,,108,1,0,4,0,2,0,3,4,1,3,2,6,7,13,8,5,28,75,54,40,1,0,3,0,0,0,2,1,1,2,1,3,2,8,5,4,12,24,11,68,0,0,1,0,2,0,1,3,0,1,1,3,5,5,3,1,16,51,43
422011620,2,í∑çËés,éÆå©í¨,0,,,588,9,6,15,15,20,17,25,16,16,25,41,46,54,69,71,30,275,283,143,263,3,2,8,9,10,6,12,9,6,14,22,24,20,32,41,13,132,118,45,325,6,4,7,6,10,11,13,7,10,11,19,22,34,37,30,17,143,165,98
422011630,2,í∑çËés,élèÒí¨,0,,,580,6,13,8,6,10,16,21,13,22,36,31,37,62,87,76,27,254,299,136,267,3,3,6,3,6,10,14,6,10,18,13,17,29,39,40,12,126,129,50,313,3,10,2,3,4,6,7,7,12,18,18,20,33,48,36,15,128,170,86
422011640,2,í∑çËés,ëäêÏí¨,0,,,316,5,12,7,8,4,5,10,11,13,16,16,30,34,37,35,24,147,145,73,150,3,6,2,4,2,2,3,7,7,11,8,18,17,21,15,11,79,60,24,166,2,6,5,4,2,3,7,4,6,5,8,12,17,16,20,13,68,85,49
422011650,2,í∑çËés,å©çËí¨,0,,,73,0,0,0,0,0,5,3,4,2,1,5,9,8,12,11,0,37,36,13,35,0,0,0,0,0,2,2,3,2,0,2,6,4,5,7,0,21,14,2,38,0,0,0,0,0,3,1,1,0,1,3,3,4,7,4,0,16,22,11
422011660,2,í∑çËés,èºçËí¨,0,,,172,3,4,4,0,3,5,3,6,12,8,13,24,28,20,16,11,102,59,23,95,2,3,3,0,1,0,1,4,7,6,10,9,18,13,9,8,56,31,9,77,1,1,1,0,2,5,2,2,5,2,3,15,10,7,7,3,46,28,14
422011670,2,í∑çËés,éOèdí¨,0,,,913,25,26,28,34,17,18,28,30,38,54,42,54,88,107,114,79,403,431,210,418,15,13,15,16,9,11,14,17,20,24,17,29,39,43,62,43,196,179,74,495,10,13,13,18,8,7,14,13,18,30,25,25,49,64,52,36,207,252,136
422011680,2,í∑çËés,éOèdìcí¨,0,,,168,4,6,5,6,5,2,6,8,11,6,7,12,15,24,21,15,78,75,30,81,3,4,0,4,2,1,1,6,6,2,5,4,6,18,6,7,37,37,13,87,1,2,5,2,3,1,5,2,5,4,2,8,9,6,15,8,41,38,17
422011690,2,í∑çËés,ä~éRí¨,0,,,615,19,22,22,20,17,13,20,22,20,27,20,38,50,82,64,63,247,305,159,290,7,11,9,10,12,9,12,14,7,10,10,22,27,41,32,27,133,130,57,325,12,11,13,10,5,4,8,8,13,17,10,16,23,41,32,36,114,175,102
422011700,2,í∑çËés,ålí¨,0,,,40,3,3,2,0,0,4,2,1,2,3,2,4,3,6,3,8,21,11,2,21,3,2,2,0,0,1,1,1,2,1,1,2,1,2,1,7,10,4,1,19,0,1,0,0,0,3,1,0,0,2,1,2,2,4,2,1,11,7,1
422011710,2,í∑çËés,éOãûí¨,0,,,1571,109,134,91,59,48,71,100,88,93,93,113,90,60,55,62,334,815,421,304,689,55,56,45,24,22,28,50,47,49,46,53,38,32,24,32,156,389,143,87,882,54,78,46,35,26,43,50,41,44,47,60,52,28,31,30,178,426,278,217
422011721,3,í∑çËés,ãûîë,0,,,2451,75,96,98,127,113,97,107,127,123,130,153,197,246,250,198,269,1420,747,299,1118,36,48,46,56,45,52,51,59,61,54,74,81,114,120,100,130,647,331,111,1333,39,48,52,71,68,45,56,68,62,76,79,116,132,130,98,139,773,416,188
42201172101,4,í∑çËés,ãûîëàÍíöñ⁄,0,,,809,20,23,19,37,24,27,32,48,41,32,49,69,98,109,79,62,457,290,102,376,11,9,8,17,9,15,17,23,22,12,21,30,40,56,44,28,206,142,42,433,9,14,11,20,15,12,15,25,19,20,28,39,58,53,35,34,251,148,60
42201172102,4,í∑çËés,ãûîëìÒíöñ⁄,0,,,961,36,59,48,62,55,44,43,50,57,62,55,61,90,77,61,143,579,227,89,432,18,31,19,30,19,24,22,23,26,26,27,25,36,36,26,68,258,98,36,529,18,28,29,32,36,20,21,27,31,36,28,36,54,41,35,75,321,129,53
42201172103,4,í∑çËés,ãûîëéOíöñ⁄,0,,,681,19,14,31,28,34,26,32,29,25,36,49,67,58,64,58,64,384,230,108,310,7,8,19,9,17,13,12,13,13,16,26,26,38,28,30,34,183,91,33,371,12,6,12,19,17,13,20,16,12,20,23,41,20,36,28,30,201,139,75
422011722,2,í∑çËés,ãûîë,0,,,0,0,0,0,0,0,0,0,0,0,0,0,0,0,0,0,0,0,0,0,0,0,0,0,0,0,0,0,0,0,0,0,0,0,0,0,0,0,0,0,0,0,0,0,0,0,0,0,0,0,0,0,0,0,0,0,0,0,0,0
422011730,2,í∑çËés,ê§ä†í¨,0,,,2436,126,140,146,126,150,141,146,129,120,149,184,195,201,162,139,412,1541,472,171,1127,65,76,71,60,67,70,66,54,50,56,70,91,95,90,65,212,679,229,74,1309,61,64,75,66,83,71,80,75,70,93,114,104,106,72,74,200,862,243,97
422011740,2,í∑çËés,ñ¬å©í¨,0,,,982,20,25,24,50,32,33,33,41,53,64,84,82,83,116,97,69,555,352,139,471,10,17,10,26,9,19,20,18,24,37,34,43,37,59,48,37,267,164,57,511,10,8,14,24,23,14,13,23,29,27,50,39,46,57,49,32,288,188,82
422011750,3,í∑çËés,ñ¬å©ë‰,0,,,3782,86,141,153,137,103,102,123,171,176,222,191,271,489,528,354,380,1985,1417,535,1782,44,75,76,60,46,43,63,83,79,110,90,111,219,280,189,195,904,683,214,2000,42,66,77,77,57,59,60,88,97,112,101,160,270,248,165,185,1081,734,321
42201175001,4,í∑çËés,ñ¬å©ë‰àÍíöñ⁄,0,,,1650,49,54,46,36,33,36,64,80,63,68,80,119,233,251,202,149,812,689,236,769,21,25,20,15,19,16,33,36,23,36,39,52,101,131,103,66,370,333,99,881,28,29,26,21,14,20,31,44,40,32,41,67,132,120,99,83,442,356,137
42201175002,4,í∑çËés,ñ¬å©ë‰ìÒíöñ⁄,0,,,2132,37,87,107,101,70,66,59,91,113,154,111,152,256,277,152,231,1173,728,299,1013,23,50,56,45,27,27,30,47,56,74,51,59,118,149,86,129,534,350,115,1119,14,37,51,56,43,39,29,44,57,80,60,93,138,128,66,102,639,378,184
422011770,2,í∑çËés,ëΩà»ó«í¨,0,,,1077,50,32,30,41,43,75,68,53,57,62,91,94,79,82,70,112,663,294,142,527,23,15,15,19,21,35,33,31,28,31,47,49,40,39,41,53,334,135,55,550,27,17,15,22,22,40,35,22,29,31,44,45,39,43,29,59,329,159,87
422011780,2,í∑çËés,ëDëÂçHí¨,0,,,99,3,1,0,2,12,6,4,4,4,6,4,4,2,7,8,4,48,28,13,46,1,0,0,1,8,5,2,1,3,4,1,1,2,1,2,1,28,7,4,53,2,1,0,1,4,1,2,3,1,2,3,3,0,6,6,3,20,21,9
422011790,2,í∑çËés,ñ{êŒäDí¨,0,,,150,3,6,3,7,7,4,2,7,9,12,6,9,23,14,14,12,86,40,12,65,3,3,1,2,4,2,1,2,2,7,0,4,10,7,7,7,34,16,2,85,0,3,2,5,3,2,1,5,7,5,6,5,13,7,7,5,52,24,10
422011800,2,í∑çËés,ä€éRí¨,0,,,709,30,16,10,18,42,50,65,51,54,45,54,53,23,32,59,56,455,157,66,324,19,6,6,7,15,24,28,28,25,22,31,29,10,13,22,31,219,53,18,385,11,10,4,11,27,26,37,23,29,23,23,24,13,19,37,25,236,104,48
422011810,2,í∑çËés,äÒçáí¨,0,,,573,20,14,19,16,21,19,28,30,28,44,50,35,46,49,42,53,317,156,65,262,12,9,10,7,11,7,15,12,12,19,25,16,17,20,14,31,141,63,29,311,8,5,9,9,10,12,13,18,16,25,25,19,29,29,28,22,176,93,36
422011820,3,í∑çËés,íÜè¨ìá,0,,,1307,24,27,44,34,46,55,51,58,60,93,73,90,103,152,115,95,663,524,257,586,17,11,25,18,18,26,24,30,26,41,42,34,43,77,47,53,302,215,91,721,7,16,19,16,28,29,27,28,34,52,31,56,60,75,68,42,361,309,166
42201182001,4,í∑çËés,íÜè¨ìáàÍíöñ⁄,0,,,476,13,8,25,13,25,31,23,27,15,44,30,35,22,34,30,46,265,151,87,211,7,3,15,7,5,13,13,12,6,22,23,9,13,19,10,25,123,56,27,265,6,5,10,6,20,18,10,15,9,22,7,26,9,15,20,21,142,95,60
42201182002,4,í∑çËés,íÜè¨ìáìÒíöñ⁄,0,,,831,11,19,19,21,21,24,28,31,45,49,43,55,81,118,85,49,398,373,170,375,10,8,10,11,13,13,11,18,20,19,19,25,30,58,37,28,179,159,64,456,1,11,9,10,8,11,17,13,25,30,24,30,51,60,48,21,219,214,106
422011840,3,í∑çËés,êºè¨ìá,0,,,899,21,32,26,20,23,52,39,49,58,51,45,57,63,75,82,79,457,341,184,399,10,17,14,11,9,26,15,24,33,30,21,26,31,30,29,41,226,120,61,500,11,15,12,9,14,26,24,25,25,21,24,31,32,45,53,38,231,221,123
42201184001,4,í∑çËés,êºè¨ìáàÍíöñ⁄,0,,,319,14,14,8,4,9,31,23,18,21,20,19,11,19,24,31,36,175,94,39,142,7,8,6,3,4,15,7,7,10,12,10,4,5,15,10,21,77,38,13,177,7,6,2,1,5,16,16,11,11,8,9,7,14,9,21,15,98,56,26
42201184002,4,í∑çËés,êºè¨ìáìÒíöñ⁄,0,,,580,7,18,18,16,14,21,16,31,37,31,26,46,44,51,51,43,282,247,145,257,3,9,8,8,5,11,8,17,23,18,11,22,26,15,19,20,149,82,48,323,4,9,10,8,9,10,8,14,14,13,15,24,18,36,32,23,133,165,97
422011860,2,í∑çËés,äŸì‡í¨,0,,,456,19,14,6,16,16,29,25,21,25,25,20,28,36,40,47,39,241,164,77,177,9,7,2,7,4,13,8,8,8,13,5,14,14,16,19,18,94,59,24,279,10,7,4,9,12,16,17,13,17,12,15,14,22,24,28,21,147,105,53
422011870,2,í∑çËés,àÓìcí¨,0,,,593,22,23,20,14,18,29,37,28,29,32,36,38,44,64,56,65,305,220,100,258,10,11,13,3,6,16,18,9,11,15,14,14,26,25,25,34,132,91,41,335,12,12,7,11,12,13,19,19,18,17,22,24,18,39,31,31,173,129,59
422011880,2,í∑çËés,íÜêVí¨,0,,,612,14,10,17,20,28,23,31,21,31,38,34,39,44,57,75,41,309,257,125,272,8,4,10,12,11,14,13,9,13,18,19,19,24,21,35,22,152,94,38,340,6,6,7,8,17,9,18,12,18,20,15,20,20,36,40,19,157,163,87
422011890,2,í∑çËés,è\êlí¨,0,,,582,7,9,5,17,53,48,31,26,20,25,33,41,46,48,43,21,340,198,107,227,4,4,3,5,13,22,12,10,6,10,12,15,23,20,17,11,128,75,38,355,3,5,2,12,40,26,19,16,14,15,21,26,23,28,26,10,212,123,69
422011900,2,í∑çËés,‚ƒí¨,0,,,410,15,7,7,11,13,23,26,21,32,28,28,29,19,30,39,29,230,138,69,191,10,5,5,3,5,11,16,8,11,17,11,17,11,13,10,20,110,51,28,219,5,2,2,8,8,12,10,13,21,11,17,12,8,17,29,9,120,87,41
422011910,2,í∑çËés,êVíní¨,1,,1930,396,7,4,6,8,13,25,16,12,19,22,28,28,19,49,45,17,190,187,93,140,3,2,2,3,3,8,7,3,5,13,13,13,9,17,16,7,77,54,21,256,4,2,4,5,10,17,9,9,14,9,15,15,10,32,29,10,113,133,72
422011920,2,í∑çËés,î~çÅçËí¨,0,,,176,5,2,4,8,6,8,9,12,11,13,19,15,10,13,6,11,111,45,26,77,4,0,1,3,0,6,2,6,6,5,7,6,5,7,3,5,46,21,11,99,1,2,3,5,6,2,7,6,5,8,12,9,5,6,3,6,65,24,15
422011930,2,í∑çËés,èÌî’í¨,2,1910,,0,0,0,0,0,0,0,0,0,0,0,0,0,0,0,0,0,0,0,0,0,0,0,0,0,0,0,0,0,0,0,0,0,0,0,0,0,0,0,0,0,0,0,0,0,0,0,0,0,0,0,0,0,0,0,0,0,0,0,0
422011940,2,í∑çËés,ëäê∂í¨,0,,,470,12,18,16,13,9,16,15,31,17,22,24,23,38,34,60,46,208,215,121,179,8,5,5,4,3,9,7,13,6,10,9,7,16,15,32,18,84,76,29,291,4,13,11,9,6,7,8,18,11,12,15,16,22,19,28,28,124,139,92
422011950,2,í∑çËés,ëÂâYí¨,0,,,1716,62,65,76,90,77,62,75,99,102,179,143,121,116,109,91,203,1064,421,221,715,35,37,41,28,16,23,29,45,39,75,68,54,57,55,31,113,434,151,65,1001,27,28,35,62,61,39,46,54,63,104,75,67,59,54,60,90,630,270,156
422011960,2,í∑çËés,ìåéRéËí¨,0,,,637,7,12,27,83,33,7,16,13,26,15,28,24,27,48,47,46,272,314,219,282,6,5,16,61,4,4,6,5,12,8,14,10,14,22,26,27,138,115,67,355,1,7,11,22,29,3,10,8,14,7,14,14,13,26,21,19,134,199,152
422011970,2,í∑çËés,â∫í¨,0,,,196,3,2,1,3,6,6,10,12,6,9,13,17,24,23,19,6,106,80,38,86,2,1,1,1,0,2,4,7,3,4,4,9,13,10,12,4,47,33,11,110,1,1,0,2,6,4,6,5,3,5,9,8,11,13,7,2,59,47,27
422011980,2,í∑çËés,ìåéRí¨,0,,,329,16,13,13,16,11,11,22,20,14,22,17,25,18,28,21,42,176,108,59,147,10,5,10,7,4,5,10,12,6,8,8,13,9,12,9,25,82,38,17,182,6,8,3,9,7,6,12,8,8,14,9,12,9,16,12,17,94,70,42
422011990,2,í∑çËés,ëÂâYìåí¨,0,,,215,5,6,4,8,10,11,13,9,16,14,20,13,10,15,27,15,124,73,31,96,3,1,2,4,5,3,6,5,7,8,11,7,4,6,11,6,60,29,12,119,2,5,2,4,5,8,7,4,9,6,9,6,6,9,16,9,64,44,19
422012000,2,í∑çËés,ì˙ÇÃèoí¨,0,,,549,9,20,13,20,7,13,20,22,35,31,38,41,33,61,60,42,260,236,115,250,7,13,7,10,4,7,8,11,13,12,21,20,12,32,25,27,118,99,42,299,2,7,6,10,3,6,12,11,22,19,17,21,21,29,35,15,142,137,73
422012010,2,í∑çËés,å≥í¨,0,,,244,2,1,4,4,9,4,4,6,11,15,7,26,15,31,32,7,101,135,72,113,0,0,3,3,6,3,2,2,4,10,4,13,9,15,13,3,56,53,25,131,2,1,1,1,3,1,2,4,7,5,3,13,6,16,19,4,45,82,47
422012021,2,í∑çËés,êÏè„í¨,0,,,774,15,23,27,24,20,23,29,27,44,45,63,56,42,70,79,65,373,330,181,329,11,9,9,8,10,9,13,14,18,25,32,24,18,27,37,29,171,124,60,445,4,14,18,16,10,14,16,13,26,20,31,32,24,43,42,36,202,206,121
422012023,2,í∑çËés,êÏè„í¨,0,,,0,0,0,0,0,0,0,0,0,0,0,0,0,0,0,0,0,0,0,0,0,0,0,0,0,0,0,0,0,0,0,0,0,0,0,0,0,0,0,0,0,0,0,0,0,0,0,0,0,0,0,0,0,0,0,0,0,0,0,0
422012030,2,í∑çËés,í≈ÇÃñÿí¨,0,,,746,10,12,18,27,21,23,24,20,39,50,56,45,50,62,74,40,355,336,200,348,3,6,10,8,9,17,17,10,21,28,27,22,25,30,34,19,184,134,70,398,7,6,8,19,12,6,7,10,18,22,29,23,25,32,40,21,171,202,130
422012041,3,í∑çËés,çÇãu,0,,,588,12,10,12,16,21,22,25,32,25,41,40,30,44,51,63,34,296,250,136,252,6,4,7,8,10,11,8,18,13,21,17,13,20,15,25,17,139,90,50,336,6,6,5,8,11,11,17,14,12,20,23,17,24,36,38,17,157,160,86
42201204101,4,í∑çËés,çÇãuàÍíöñ⁄,0,,,256,6,5,3,4,4,9,13,15,8,15,19,14,20,21,30,14,121,119,68,110,2,2,2,2,2,4,4,9,5,9,9,5,10,6,12,6,59,43,25,146,4,3,1,2,2,5,9,6,3,6,10,9,10,15,18,8,62,76,43
42201204102,4,í∑çËés,çÇãuìÒíöñ⁄,0,,,332,6,5,9,12,17,13,12,17,17,26,21,16,24,30,33,20,175,131,68,142,4,2,5,6,8,7,4,9,8,12,8,8,10,9,13,11,80,47,25,190,2,3,4,6,9,6,8,8,9,14,13,8,14,21,20,9,95,84,43
422012060,2,í∑çËés,ìÏí¨,0,,,373,7,11,11,8,21,26,26,9,21,22,22,24,27,35,33,29,206,128,60,184,5,7,4,4,15,16,16,7,9,14,12,13,10,11,16,16,116,47,20,189,2,4,7,4,6,10,10,2,12,8,10,11,17,24,17,13,90,81,40
422012070,2,í∑çËés,ìÏÇ™ãuí¨,0,,,571,27,20,29,33,22,16,26,17,30,53,46,23,47,41,44,76,313,178,93,254,10,13,13,17,11,7,11,9,16,21,24,10,19,22,18,36,145,70,30,317,17,7,16,16,11,9,15,8,14,32,22,13,28,19,26,40,168,108,63
422012081,2,í∑çËés,î™åií¨,0,,,651,16,16,16,20,18,22,28,18,35,33,48,51,55,78,60,48,328,269,131,312,8,10,11,9,6,12,15,7,17,15,24,25,29,39,29,29,159,120,52,339,8,6,5,11,12,10,13,11,18,18,24,26,26,39,31,19,169,149,79
422012091,3,í∑çËés,êØéÊ,0,,,672,28,21,20,23,29,24,31,23,28,44,44,50,54,48,68,69,350,248,132,313,17,11,7,14,14,9,16,14,14,19,18,26,29,21,29,35,173,100,50,359,11,10,13,9,15,15,15,9,14,25,26,24,25,27,39,34,177,148,82
42201209101,4,í∑çËés,êØéÊàÍíöñ⁄,0,,,277,10,8,7,9,9,7,8,7,18,9,21,22,24,23,33,25,134,117,61,123,4,5,1,4,4,3,3,3,11,5,8,10,15,7,17,10,66,46,22,154,6,3,6,5,5,4,5,4,7,4,13,12,9,16,16,15,68,71,39
42201209102,4,í∑çËés,êØéÊìÒíöñ⁄,0,,,395,18,13,13,14,20,17,23,16,10,35,23,28,30,25,35,44,216,131,71,190,13,6,6,10,10,6,13,11,3,14,10,16,14,14,12,25,107,54,28,205,5,7,7,4,10,11,10,5,7,21,13,12,16,11,23,19,109,77,43
422012092,2,í∑çËés,êØéÊ,0,,,0,0,0,0,0,0,0,0,0,0,0,0,0,0,0,0,0,0,0,0,0,0,0,0,0,0,0,0,0,0,0,0,0,0,0,0,0,0,0,0,0,0,0,0,0,0,0,0,0,0,0,0,0,0,0,0,0,0,0,0
422012101,3,í∑çËés,èoâ_,0,,,1402,26,48,57,48,49,47,56,80,72,81,98,107,101,116,106,131,739,520,298,646,19,19,35,28,19,23,26,42,32,41,45,51,44,54,58,73,351,215,103,756,7,29,22,20,30,24,30,38,40,40,53,56,57,62,48,58,388,305,195
42201210101,4,í∑çËés,èoâ_àÍíöñ⁄,0,,,738,10,20,24,26,33,28,29,41,49,48,64,60,56,59,48,54,434,243,136,330,6,8,15,13,15,12,12,24,23,24,26,25,23,30,27,29,197,100,43,408,4,12,9,13,18,16,17,17,26,24,38,35,33,29,21,25,237,143,93
42201210102,4,í∑çËés,èoâ_ìÒíöñ⁄,0,,,374,11,15,22,13,7,13,19,21,12,19,21,22,25,26,36,48,172,149,87,178,9,6,10,8,2,6,10,9,4,10,14,11,10,11,19,25,84,66,36,196,2,9,12,5,5,7,9,12,8,9,7,11,15,15,17,23,88,83,51
42201210103,4,í∑çËés,èoâ_éOíöñ⁄,0,,,290,5,13,11,9,9,6,8,18,11,14,13,25,20,31,22,29,133,128,75,138,4,5,10,7,2,5,4,9,5,7,5,15,11,13,12,19,70,49,24,152,1,8,1,2,7,1,4,9,6,7,8,10,9,18,10,10,63,79,51
422012103,3,í∑çËés,èoâ_,0,,,56,1,1,0,1,0,0,2,5,4,4,1,4,7,7,6,2,28,26,13,28,1,1,0,0,0,0,1,3,2,1,1,2,4,2,4,2,14,12,6,28,0,0,0,1,0,0,1,2,2,3,0,2,3,5,2,0,14,14,7
42201210302,4,í∑çËés,èoâ_ìÒíöñ⁄,0,,,42,1,0,0,1,0,0,1,3,2,4,1,3,4,6,5,1,19,22,11,20,1,0,0,0,0,0,0,1,2,1,1,2,2,2,3,1,9,10,5,22,0,0,0,1,0,0,1,2,0,3,0,1,2,4,2,0,10,12,6
42201210303,4,í∑çËés,èoâ_éOíöñ⁄,0,,,14,0,1,0,0,0,0,1,2,2,0,0,1,3,1,1,1,9,4,2,8,0,1,0,0,0,0,1,2,0,0,0,0,2,0,1,1,5,2,1,6,0,0,0,0,0,0,0,0,2,0,0,1,1,1,0,0,4,2,1
422012130,2,í∑çËés,è„ìcí¨,0,,,374,3,4,12,10,12,21,13,16,16,23,12,32,29,30,27,19,184,166,109,167,2,3,7,6,5,6,6,10,5,11,7,13,15,15,12,12,84,68,41,207,1,1,5,4,7,15,7,6,11,12,5,19,14,15,15,7,100,98,68
422012140,2,í∑çËés,ìÏéRéËí¨,0,,,498,23,22,24,31,14,24,29,28,30,30,32,22,23,24,28,69,263,130,78,232,14,14,10,11,8,15,14,13,17,13,17,11,12,8,15,38,131,45,22,266,9,8,14,20,6,9,15,15,13,17,15,11,11,16,13,31,132,85,56
422012150,2,í∑çËés,èºÇ™é}í¨,0,,,295,9,11,12,14,7,8,13,17,23,23,19,18,20,26,23,32,162,98,49,129,5,4,7,6,4,4,4,7,10,8,9,8,8,12,10,16,68,43,21,166,4,7,5,8,3,4,9,10,13,15,10,10,12,14,13,16,94,55,28
422012160,2,í∑çËés,è¨ë]ç™í¨,0,,,106,3,1,5,3,2,2,2,0,7,4,8,5,2,7,12,9,35,60,41,41,2,1,3,1,0,1,1,0,3,2,3,2,0,3,4,6,13,20,13,65,1,0,2,2,2,1,1,0,4,2,5,3,2,4,8,3,22,40,28
422012170,2,í∑çËés,òQÇÃïΩí¨,0,,,144,6,5,3,2,6,15,8,14,7,7,8,9,8,9,10,14,84,40,21,62,4,2,1,2,1,8,4,8,2,1,4,5,3,3,4,7,38,15,8,82,2,3,2,0,5,7,4,6,5,6,4,4,5,6,6,7,46,25,13
422012180,2,í∑çËés,å√âÕí¨,0,,,81,2,8,2,0,1,5,9,6,2,7,4,6,6,5,7,12,46,23,11,44,2,7,0,0,1,3,5,3,1,4,3,3,2,4,4,9,25,10,2,37,0,1,2,0,0,2,4,3,1,3,1,3,4,1,3,3,21,13,9
422012190,3,í∑çËés,ìåã’ïΩ,0,,,429,7,10,12,8,14,11,14,19,16,29,23,32,47,32,45,29,213,185,108,188,5,5,4,5,7,3,4,8,9,15,10,16,18,15,19,14,95,78,44,241,2,5,8,3,7,8,10,11,7,14,13,16,29,17,26,15,118,107,64
42201219001,4,í∑çËés,ìåã’ïΩàÍíöñ⁄,0,,,268,2,6,4,5,11,6,9,13,12,18,18,21,30,23,26,12,143,112,63,114,1,3,2,2,5,1,2,5,6,9,8,12,12,10,11,6,62,46,25,154,1,3,2,3,6,5,7,8,6,9,10,9,18,13,15,6,81,66,38
42201219002,4,í∑çËés,ìåã’ïΩìÒíöñ⁄,0,,,161,5,4,8,3,3,5,5,6,4,11,5,11,17,9,19,17,70,73,45,74,4,2,2,3,2,2,2,3,3,6,2,4,6,5,8,8,33,32,19,87,1,2,6,0,1,3,3,3,1,5,3,7,11,4,11,9,37,41,26
422012211,2,í∑çËés,êºã’ïΩí¨,0,,,286,0,4,10,6,7,7,9,7,9,27,14,22,27,24,38,14,135,132,70,145,0,1,9,2,4,2,7,3,4,14,9,13,13,10,20,10,71,60,30,141,0,3,1,4,3,5,2,4,5,13,5,9,14,14,18,4,64,72,40
422012220,2,í∑çËés,çëï™í¨,0,,,294,3,11,13,10,7,7,4,10,13,20,20,27,20,22,31,27,138,123,70,135,2,5,4,3,3,3,2,4,6,8,11,16,10,12,14,11,66,55,29,159,1,6,9,7,4,4,2,6,7,12,9,11,10,10,17,16,72,68,41
422012231,2,í∑çËés,è¨êõí¨,1,,2233,1494,74,61,82,76,50,67,71,99,119,163,96,72,73,109,99,217,886,373,165,711,49,34,42,29,19,28,36,50,56,82,43,35,34,53,44,125,412,162,65,783,25,27,40,47,31,39,35,49,63,81,53,37,39,56,55,92,474,211,100
422012233,2,í∑çËés,è¨êõí¨,2,2231,,0,0,0,0,0,0,0,0,0,0,0,0,0,0,0,0,0,0,0,0,0,0,0,0,0,0,0,0,0,0,0,0,0,0,0,0,0,0,0,0,0,0,0,0,0,0,0,0,0,0,0,0,0,0,0,0,0,0,0,0
422012241,3,í∑çËés,åÀí¨,0,,,3820,134,158,216,238,116,127,148,208,273,376,305,240,223,266,231,508,2254,1035,538,1765,65,79,114,120,48,57,85,90,128,183,147,116,103,132,106,258,1077,416,178,2055,69,79,102,118,68,70,63,118,145,193,158,124,120,134,125,250,1177,619,360
42201224101,4,í∑çËés,åÀí¨àÍíöñ⁄,0,,,1719,73,86,145,164,52,55,64,109,167,245,160,103,69,78,39,304,1188,219,102,825,37,43,79,89,22,28,33,48,73,116,85,54,28,43,16,159,576,86,27,894,36,43,66,75,30,27,31,61,94,129,75,49,41,35,23,145,612,133,75
42201224102,4,í∑çËés,åÀí¨ìÒíöñ⁄,0,,,791,25,36,23,36,26,27,36,42,43,54,59,57,55,73,77,84,435,261,111,354,10,14,12,14,8,9,21,22,21,25,25,29,24,33,39,36,198,113,41,437,15,22,11,22,18,18,15,20,22,29,34,28,31,40,38,48,237,148,70
42201224103,4,í∑çËés,åÀí¨éOíöñ⁄,0,,,657,21,26,24,15,25,30,30,33,30,34,52,39,57,68,58,71,345,237,111,290,10,14,9,7,12,14,17,13,17,16,18,16,29,35,27,33,159,95,33,367,11,12,15,8,13,16,13,20,13,18,34,23,28,33,31,38,186,142,78
42201224104,4,í∑çËés,åÀí¨élíöñ⁄,0,,,653,15,10,24,23,13,15,18,24,33,43,34,41,42,47,57,49,286,318,214,296,8,8,14,10,6,6,14,7,17,26,19,17,22,21,24,30,144,122,77,357,7,2,10,13,7,9,4,17,16,17,15,24,20,26,33,19,142,196,137
422012242,3,í∑çËés,åÀí¨,0,,,979,49,48,62,45,39,32,36,58,43,74,75,67,60,63,66,159,529,286,157,429,26,29,31,21,14,12,17,27,14,39,28,31,26,27,29,86,229,111,55,550,23,19,31,24,25,20,19,31,29,35,47,36,34,36,37,73,300,175,102
42201224202,4,í∑çËés,åÀí¨ìÒíöñ⁄,0,,,964,49,48,62,45,39,32,36,58,43,73,74,63,60,61,64,159,523,277,152,424,26,29,31,21,14,12,17,27,14,39,28,28,26,26,28,86,226,109,55,540,23,19,31,24,25,20,19,31,29,34,46,35,34,35,36,73,297,168,97
42201224203,4,í∑çËés,åÀí¨éOíöñ⁄,0,,,0,0,0,0,0,0,0,0,0,0,0,0,0,0,0,0,0,0,0,0,0,0,0,0,0,0,0,0,0,0,0,0,0,0,0,0,0,0,0,0,0,0,0,0,0,0,0,0,0,0,0,0,0,0,0,0,0,0,0,0
42201224205,4,í∑çËés,åÀí¨å‹íöñ⁄,0,,,15,0,0,0,0,0,0,0,0,0,1,1,4,0,2,2,0,6,9,5,5,0,0,0,0,0,0,0,0,0,0,0,3,0,1,1,0,3,2,0,10,0,0,0,0,0,0,0,0,0,1,1,1,0,1,1,0,3,7,5
422012271,3,í∑çËés,è„åÀí¨,0,,,2500,93,88,102,84,92,120,144,130,141,169,158,165,185,205,234,283,1388,817,378,1173,55,49,59,46,29,60,70,64,73,90,75,82,86,81,106,163,675,328,141,1327,38,39,43,38,63,60,74,66,68,79,83,83,99,124,128,120,713,489,237
42201227101,4,í∑çËés,è„åÀí¨àÍíöñ⁄,0,,,690,29,27,25,30,29,20,38,41,40,51,46,53,56,51,56,81,404,204,97,321,17,16,10,12,12,8,15,22,24,28,25,24,26,22,24,43,196,81,35,369,12,11,15,18,17,12,23,19,16,23,21,29,30,29,32,38,208,123,62
42201227102,4,í∑çËés,è„åÀí¨ìÒíöñ⁄,0,,,806,17,27,38,28,22,20,25,34,49,58,50,43,63,84,106,82,392,328,138,381,9,16,24,17,9,12,13,17,23,28,22,24,30,32,53,49,195,136,51,425,8,11,14,11,13,8,12,17,26,30,28,19,33,52,53,33,197,192,87
42201227103,4,í∑çËés,è„åÀí¨éOíöñ⁄,0,,,487,19,16,20,15,19,47,39,26,30,28,37,25,34,35,35,55,300,129,59,230,14,10,14,9,4,21,21,10,13,16,18,12,15,11,17,38,139,51,23,257,5,6,6,6,15,26,18,16,17,12,19,13,19,24,18,17,161,78,36
42201227104,4,í∑çËés,è„åÀí¨élíöñ⁄,0,,,517,28,18,19,11,22,33,42,29,22,32,25,44,32,35,37,65,292,156,84,241,15,7,11,8,4,19,21,15,13,18,10,22,15,16,12,33,145,60,32,276,13,11,8,3,18,14,21,14,9,14,15,22,17,19,25,32,147,96,52
422012272,3,í∑çËés,è„åÀí¨,1,,227200;227204,94,3,0,6,4,4,0,2,5,7,9,9,6,5,7,10,9,51,33,16,40,3,0,3,3,0,0,0,1,4,4,5,2,2,3,4,6,21,12,5,54,0,0,3,1,4,0,2,4,3,5,4,4,3,4,6,3,30,21,11
42201227200,4,í∑çËés,è„åÀí¨,2,2272,,0,0,0,0,0,0,0,0,0,0,0,0,0,0,0,0,0,0,0,0,0,0,0,0,0,0,0,0,0,0,0,0,0,0,0,0,0,0,0,0,0,0,0,0,0,0,0,0,0,0,0,0,0,0,0,0,0,0,0,0
42201227204,4,í∑çËés,è„åÀí¨élíöñ⁄,2,2272,,0,0,0,0,0,0,0,0,0,0,0,0,0,0,0,0,0,0,0,0,0,0,0,0,0,0,0,0,0,0,0,0,0,0,0,0,0,0,0,0,0,0,0,0,0,0,0,0,0,0,0,0,0,0,0,0,0,0,0,0
422012281,3,í∑çËés,êVåÀí¨,0,,,3812,218,282,190,178,114,110,189,325,274,233,253,231,206,267,271,690,2113,999,461,1756,111,148,97,86,49,62,85,151,134,112,115,114,88,111,130,356,996,397,156,2056,107,134,93,92,65,48,104,174,140,121,138,117,118,156,141,334,1117,602,305
42201228101,4,í∑çËés,êVåÀí¨àÍíöñ⁄,0,,,1049,29,31,30,58,39,20,39,49,60,50,84,75,78,94,118,90,552,403,191,477,15,19,17,30,18,9,16,24,31,21,37,38,33,40,58,51,257,167,69,572,14,12,13,28,21,11,23,25,29,29,47,37,45,54,60,39,295,236,122
42201228102,4,í∑çËés,êVåÀí¨ìÒíöñ⁄,0,,,679,22,21,28,27,16,19,28,51,35,41,58,51,41,60,59,71,367,239,120,294,12,9,13,10,7,16,12,24,18,18,27,25,17,24,26,34,174,84,34,385,10,12,15,17,9,3,16,27,17,23,31,26,24,36,33,37,193,155,86
42201228103,4,í∑çËés,êVåÀí¨éOíöñ⁄,1,,228203,1226,56,60,47,66,54,59,62,87,78,82,82,92,77,98,86,163,739,320,136,565,28,34,24,28,23,31,30,37,40,41,34,45,35,39,43,86,344,132,50,661,28,26,23,38,31,28,32,50,38,41,48,47,42,59,43,77,395,188,86
42201228104,4,í∑çËés,êVåÀí¨élíöñ⁄,0,,,858,111,170,85,27,5,12,60,138,101,60,29,13,10,15,8,366,455,37,14,420,56,86,43,18,1,6,27,66,45,32,17,6,3,8,3,185,221,14,3,438,55,84,42,9,4,6,33,72,56,28,12,7,7,7,5,181,234,23,11
422012282,3,í∑çËés,êVåÀí¨,0,,,0,0,0,0,0,0,0,0,0,0,0,0,0,0,0,0,0,0,0,0,0,0,0,0,0,0,0,0,0,0,0,0,0,0,0,0,0,0,0,0,0,0,0,0,0,0,0,0,0,0,0,0,0,0,0,0,0,0,0,0
42201228201,4,í∑çËés,êVåÀí¨àÍíöñ⁄,0,,,0,0,0,0,0,0,0,0,0,0,0,0,0,0,0,0,0,0,0,0,0,0,0,0,0,0,0,0,0,0,0,0,0,0,0,0,0,0,0,0,0,0,0,0,0,0,0,0,0,0,0,0,0,0,0,0,0,0,0,0
42201228203,4,í∑çËés,êVåÀí¨éOíöñ⁄,2,228103,,0,0,0,0,0,0,0,0,0,0,0,0,0,0,0,0,0,0,0,0,0,0,0,0,0,0,0,0,0,0,0,0,0,0,0,0,0,0,0,0,0,0,0,0,0,0,0,0,0,0,0,0,0,0,0,0,0,0,0,0
422012290,3,í∑çËés,è¨ÉPëqí¨,0,,,2711,145,139,90,109,107,131,178,169,153,189,171,190,179,190,185,374,1576,720,345,1276,77,69,46,54,50,65,92,85,67,99,77,86,87,85,86,192,762,301,130,1435,68,70,44,55,57,66,86,84,86,90,94,104,92,105,99,182,814,419,215
42201229001,4,í∑çËés,è¨ÉPëqí¨àÍíöñ⁄,0,,,421,9,7,11,13,12,13,20,17,19,37,24,28,29,45,35,27,212,181,101,186,5,2,2,9,6,7,12,8,10,17,15,12,10,18,18,9,106,71,35,235,4,5,9,4,6,6,8,9,9,20,9,16,19,27,17,18,106,110,66
42201229002,4,í∑çËés,è¨ÉPëqí¨ìÒíöñ⁄,0,,,1753,121,117,64,81,67,86,139,123,104,129,114,129,112,99,88,302,1084,329,142,848,62,61,36,38,33,44,68,67,43,69,45,60,56,47,38,159,523,146,61,905,59,56,28,43,34,42,71,56,61,60,69,69,56,52,50,143,561,183,81
42201229003,4,í∑çËés,è¨ÉPëqí¨éOíöñ⁄,0,,,537,15,15,15,15,28,32,19,29,30,23,33,33,38,46,62,45,280,210,102,242,10,6,8,7,11,14,12,10,14,13,17,14,21,20,30,24,133,84,34,295,5,9,7,8,17,18,7,19,16,10,16,19,17,26,32,21,147,126,68
422012320,2,í∑çËés,ëÂéRí¨,0,,,174,1,5,3,4,2,4,5,9,12,6,22,21,19,17,16,9,104,61,28,78,1,2,1,2,1,2,1,3,6,3,11,13,8,10,7,4,50,24,7,96,0,3,2,2,1,2,4,6,6,3,11,8,11,7,9,5,54,37,21
422012330,2,í∑çËés,àÈìπí¨,0,,,1178,38,46,55,65,36,32,45,61,69,80,83,86,97,96,108,139,654,385,181,522,20,23,28,25,16,15,21,34,34,35,31,35,45,42,53,71,291,160,65,656,18,23,27,40,20,17,24,27,35,45,52,51,52,54,55,68,363,225,116
422012340,2,í∑çËés,å√ìπí¨,1,,2350,65,2,0,3,2,1,10,2,3,4,5,1,4,6,3,6,5,38,18,9,36,0,0,2,2,1,6,0,1,2,5,1,1,5,2,1,2,24,8,5,29,2,0,1,0,0,4,2,2,2,0,0,3,1,1,5,3,14,10,4
422012350,2,í∑çËés,é≠îˆí¨,2,2340,,0,0,0,0,0,0,0,0,0,0,0,0,0,0,0,0,0,0,0,0,0,0,0,0,0,0,0,0,0,0,0,0,0,0,0,0,0,0,0,0,0,0,0,0,0,0,0,0,0,0,0,0,0,0,0,0,0,0,0,0
422012360,2,í∑çËés,ãûëæòYí¨,0,,,32,0,0,0,0,3,1,5,1,3,0,9,4,2,0,3,0,28,4,1,19,0,0,0,0,3,0,3,1,3,0,3,3,1,0,2,0,17,2,0,13,0,0,0,0,0,1,2,0,0,0,6,1,1,0,1,0,11,2,1
422012370,2,í∑çËés,éOòaí¨,0,,,956,42,35,32,28,23,28,36,41,53,44,39,61,67,91,108,109,420,427,228,449,23,17,14,15,11,13,19,20,25,21,20,33,34,43,51,54,211,184,90,507,19,18,18,13,12,15,17,21,28,23,19,28,33,48,57,55,209,243,138
422012380,2,í∑çËés,ìyà‰éÒí¨,0,,,731,52,47,63,37,28,25,41,57,40,42,37,36,48,56,47,162,391,178,75,343,28,23,33,19,14,11,17,28,18,17,17,12,26,29,17,84,179,80,34,388,24,24,30,18,14,14,24,29,22,25,20,24,22,27,30,78,212,98,41
422012390,2,í∑çËés,ñ—à‰éÒí¨,0,,,1693,34,85,122,102,56,44,61,89,125,132,107,97,128,150,152,241,941,508,206,750,17,40,55,44,29,17,26,42,57,55,42,47,50,68,69,112,409,227,90,943,17,45,67,58,27,27,35,47,68,77,65,50,78,82,83,129,532,281,116
422012400,2,í∑çËés,ïΩê£í¨,0,,,477,21,24,27,17,17,25,18,32,27,35,30,36,29,35,39,72,266,137,63,228,10,15,12,6,7,12,7,16,12,19,16,15,15,18,19,37,125,64,27,249,11,9,15,11,10,13,11,16,15,16,14,21,14,17,20,35,141,73,36
422012410,3,í∑çËés,íﬂå©ë‰,0,,,1812,41,60,58,52,51,46,60,93,92,116,95,96,140,225,266,159,841,809,318,868,23,27,31,29,27,29,27,48,44,52,50,35,66,93,137,81,407,379,149,944,18,33,27,23,24,17,33,45,48,64,45,61,74,132,129,78,434,430,169
42201241001,4,í∑çËés,íﬂå©ë‰àÍíöñ⁄,0,,,753,20,23,26,22,24,18,23,42,35,36,35,44,70,99,107,69,349,335,129,368,12,11,12,14,12,13,12,19,18,16,22,18,33,40,57,35,177,156,59,385,8,12,14,8,12,5,11,23,17,20,13,26,37,59,50,34,172,179,70
42201241002,4,í∑çËés,íﬂå©ë‰ìÒíöñ⁄,0,,,1059,21,37,32,30,27,28,37,51,57,80,60,52,70,126,159,90,492,474,189,500,11,16,19,15,15,16,15,29,26,36,28,17,33,53,80,46,230,223,90,559,10,21,13,15,12,12,22,22,31,44,32,35,37,73,79,44,262,251,99
422012430,2,í∑çËés,ïƒéRí¨,0,,,0,0,0,0,0,0,0,0,0,0,0,0,0,0,0,0,0,0,0,0,0,0,0,0,0,0,0,0,0,0,0,0,0,0,0,0,0,0,0,0,0,0,0,0,0,0,0,0,0,0,0,0,0,0,0,0,0,0,0,0
422012440,2,í∑çËés,ëêèZí¨,0,,,243,7,11,10,15,5,4,9,12,19,16,11,16,17,24,24,28,124,87,39,114,3,7,9,6,3,1,4,7,8,9,4,7,9,8,12,19,58,35,15,129,4,4,1,9,2,3,5,5,11,7,7,9,8,16,12,9,66,52,24
422012450,2,í∑çËés,ñˆìcí¨,1,,2460,189,3,13,6,16,7,9,5,8,18,8,13,7,18,19,12,22,109,50,19,106,3,8,5,13,5,3,3,7,10,4,7,2,8,11,6,16,62,23,6,83,0,5,1,3,2,6,2,1,8,4,6,5,10,8,6,6,47,27,13
422012460,2,í∑çËés,î™òYäxí¨,2,2450,,0,0,0,0,0,0,0,0,0,0,0,0,0,0,0,0,0,0,0,0,0,0,0,0,0,0,0,0,0,0,0,0,0,0,0,0,0,0,0,0,0,0,0,0,0,0,0,0,0,0,0,0,0,0,0,0,0,0,0,0
422012470,2,í∑çËés,ç]êÏí¨,0,,,1250,46,49,61,36,44,47,61,82,67,75,49,88,91,116,131,156,640,450,203,592,22,25,27,18,20,24,34,46,31,36,24,45,43,61,55,74,321,193,77,658,24,24,34,18,24,23,27,36,36,39,25,43,48,55,76,82,319,257,126
422012480,2,í∑çËés,ññêŒí¨,0,,,507,15,17,12,18,28,28,16,29,32,23,29,29,24,51,61,44,256,206,94,241,11,10,7,13,16,11,8,13,14,10,14,13,13,23,27,28,125,87,37,266,4,7,5,5,12,17,8,16,18,13,15,16,11,28,34,16,131,119,57
422012490,2,í∑çËés,ä∆âYí¨,0,,,1278,47,55,58,54,33,83,73,57,64,98,65,80,95,79,101,160,702,409,229,567,22,30,28,27,13,41,39,27,33,48,26,38,39,44,45,80,331,151,62,711,25,25,30,27,20,42,34,30,31,50,39,42,56,35,56,80,371,258,167
422012500,2,í∑çËés,ïΩéRí¨,0,,,1459,46,46,59,68,51,58,52,62,80,89,70,86,113,178,166,151,729,572,228,711,26,26,35,39,23,30,26,33,38,46,34,35,49,87,85,87,353,266,94,748,20,20,24,29,28,28,26,29,42,43,36,51,64,91,81,64,376,306,134
422012510,3,í∑çËés,ïΩéRë‰,0,,,1896,47,75,68,56,48,43,66,95,111,88,83,127,195,330,256,190,912,791,205,890,22,38,38,29,16,20,31,44,46,45,35,49,82,169,131,98,397,393,93,1006,25,37,30,27,32,23,35,51,65,43,48,78,113,161,125,92,515,398,112
42201251001,4,í∑çËés,ïΩéRë‰àÍíöñ⁄,0,,,801,16,31,17,21,16,6,22,37,51,37,30,40,73,153,146,64,333,403,104,366,6,14,8,10,6,3,10,19,20,15,15,16,26,73,72,28,140,197,52,435,10,17,9,11,10,3,12,18,31,22,15,24,47,80,74,36,193,206,52
42201251002,4,í∑çËés,ïΩéRë‰ìÒíöñ⁄,0,,,1095,31,44,51,35,32,37,44,58,60,51,53,87,122,177,110,126,579,388,101,524,16,24,30,19,10,17,21,25,26,30,20,33,56,96,59,70,257,196,41,571,15,20,21,16,22,20,23,33,34,21,33,54,66,81,51,56,322,192,60
422012530,3,í∑çËés,ê[ñxí¨,0,,,5578,287,227,190,249,210,274,323,297,327,352,299,318,384,447,519,704,3033,1823,857,2616,148,125,90,132,98,146,173,153,175,146,134,134,194,214,223,363,1485,752,315,2962,139,102,100,117,112,128,150,144,152,206,165,184,190,233,296,341,1548,1071,542
42201253001,4,í∑çËés,ê[ñxí¨àÍíöñ⁄,0,,,3275,196,145,103,152,135,200,220,163,182,201,177,186,197,235,294,444,1813,1010,481,1527,102,82,49,85,67,110,116,80,106,77,72,66,100,110,126,233,879,408,172,1748,94,63,54,67,68,90,104,83,76,124,105,120,97,125,168,211,934,602,309
42201253002,4,í∑çËés,ê[ñxí¨ìÒíöñ⁄,0,,,308,13,13,11,11,9,10,22,17,14,23,12,16,28,25,27,37,162,109,57,147,7,7,8,4,1,4,14,7,7,13,6,10,13,14,12,22,79,46,20,161,6,6,3,7,8,6,8,10,7,10,6,6,15,11,15,15,83,63,37
42201253003,4,í∑çËés,ê[ñxí¨éOíöñ⁄,0,,,448,26,18,18,23,14,17,19,31,26,24,31,29,21,41,43,62,235,151,67,220,11,10,9,14,7,10,11,17,15,10,14,17,6,18,21,30,121,69,30,228,15,8,9,9,7,7,8,14,11,14,17,12,15,23,22,32,114,82,37
42201253004,4,í∑çËés,ê[ñxí¨élíöñ⁄,0,,,476,14,11,13,10,16,11,14,22,31,29,25,30,49,58,59,38,237,200,83,233,9,8,3,5,9,7,7,12,15,12,11,17,25,31,24,20,120,92,37,243,5,3,10,5,7,4,7,10,16,17,14,13,24,27,35,18,117,108,46
42201253005,4,í∑çËés,ê[ñxí¨å‹íöñ⁄,0,,,820,32,35,37,37,33,31,45,53,59,62,35,36,64,68,72,104,455,252,112,366,14,17,18,14,12,13,23,28,26,29,19,13,34,32,29,49,211,98,37,454,18,18,19,23,21,18,22,25,33,33,16,23,30,36,43,55,244,154,75
42201253006,4,í∑çËés,ê[ñxí¨òZíöñ⁄,0,,,251,6,5,8,16,3,5,3,11,15,13,19,21,25,20,24,19,131,101,57,123,5,1,3,10,2,2,2,9,6,5,12,11,16,9,11,9,75,39,19,128,1,4,5,6,1,3,1,2,9,8,7,10,9,11,13,10,56,62,38
422012590,2,í∑çËés,ëÂ‚ƒí¨,0,,,111,3,4,3,1,1,1,3,11,6,6,1,3,6,29,10,10,39,62,23,52,2,1,1,1,0,0,2,6,3,4,0,2,2,15,5,4,20,28,8,59,1,3,2,0,1,1,1,5,3,2,1,1,4,14,5,6,19,34,15
422012600,2,í∑çËés,ëÅç‚í¨,0,,,274,1,5,6,12,3,9,8,7,11,11,11,20,18,27,17,12,110,152,108,106,0,3,4,4,2,0,4,3,5,4,7,11,8,14,10,7,48,51,27,168,1,2,2,8,1,9,4,4,6,7,4,9,10,13,7,5,62,101,81
422012610,2,í∑çËés,ìcéËå¥í¨,0,,,986,24,32,37,32,33,34,26,42,44,45,54,76,79,105,106,93,465,428,217,440,11,15,21,15,11,18,12,19,20,17,22,47,37,56,49,47,218,175,70,546,13,17,16,17,22,16,14,23,24,28,32,29,42,49,57,46,247,253,147
422012620,2,í∑çËés,ëæìcîˆí¨,0,,,339,6,8,8,13,7,10,10,15,20,18,21,32,40,35,38,22,186,131,58,167,3,5,2,8,6,3,4,7,9,11,10,20,20,15,18,10,98,59,26,172,3,3,6,5,1,7,6,8,11,7,11,12,20,20,20,12,88,72,32
422012630,2,í∑çËés,î—çÅâYí¨,0,,,533,13,12,17,15,11,15,28,18,27,28,26,54,59,59,49,42,281,210,102,246,6,4,11,6,4,7,12,9,14,13,12,26,27,27,25,21,130,95,43,287,7,8,6,9,7,8,16,9,13,15,14,28,32,32,24,21,151,115,59
422012640,2,í∑çËés,ñkâYí¨,0,,,801,16,22,27,30,23,21,24,36,39,45,58,68,72,81,81,65,416,320,158,369,8,11,18,16,10,9,12,19,17,17,27,35,42,36,33,37,204,128,59,432,8,11,9,14,13,12,12,17,22,28,31,33,30,45,48,28,212,192,99
422012651,3,í∑çËés,ìcè„,0,,,3112,104,100,104,138,118,110,128,158,143,195,196,206,222,256,277,308,1614,1182,649,1384,57,53,53,69,60,47,59,75,60,98,77,101,109,129,114,163,755,462,219,1728,47,47,51,69,58,63,69,83,83,97,119,105,113,127,163,145,859,720,430
42201265101,4,í∑çËés,ìcè„àÍíöñ⁄,0,,,750,16,21,16,31,35,24,27,41,23,57,54,61,73,55,83,53,426,271,133,335,7,14,12,15,19,11,13,21,10,23,20,23,40,25,34,33,195,107,48,415,9,7,4,16,16,13,14,20,13,34,34,38,33,30,49,20,231,164,85
42201265102,4,í∑çËés,ìcè„ìÒíöñ⁄,0,,,804,47,25,30,25,27,39,41,46,33,47,30,50,39,48,47,102,377,317,222,340,25,11,13,15,15,16,17,22,12,31,12,25,21,26,21,49,186,101,54,464,22,14,17,10,12,23,24,24,21,16,18,25,18,22,26,53,191,216,168
42201265103,4,í∑çËés,ìcè„éOíöñ⁄,0,,,869,22,27,29,46,29,30,33,32,47,44,53,52,69,83,83,78,435,356,190,392,14,17,16,24,11,12,17,15,17,16,23,30,31,41,33,47,196,149,75,477,8,10,13,22,18,18,16,17,30,28,30,22,38,42,50,31,239,207,115
42201265104,4,í∑çËés,ìcè„élíöñ⁄,0,,,689,19,27,29,36,27,17,27,39,40,47,59,43,41,70,64,75,376,238,104,317,11,11,12,15,15,8,12,17,21,28,22,23,17,37,26,34,178,105,42,372,8,16,17,21,12,9,15,22,19,19,37,20,24,33,38,41,198,133,62
422012652,3,í∑çËés,ìcè„,0,,,51,0,0,0,0,3,0,2,3,1,2,1,4,4,8,7,0,20,31,16,22,0,0,0,0,2,0,2,0,0,2,0,1,3,3,3,0,10,12,6,29,0,0,0,0,1,0,0,3,1,0,1,3,1,5,4,0,10,19,10
42201265201,4,í∑çËés,ìcè„àÍíöñ⁄,0,,,0,0,0,0,0,0,0,0,0,0,0,0,0,0,0,0,0,0,0,0,0,0,0,0,0,0,0,0,0,0,0,0,0,0,0,0,0,0,0,0,0,0,0,0,0,0,0,0,0,0,0,0,0,0,0,0,0,0,0,0
42201265203,4,í∑çËés,ìcè„éOíöñ⁄,0,,,51,0,0,0,0,3,0,2,3,1,2,1,4,4,8,7,0,20,31,16,22,0,0,0,0,2,0,2,0,0,2,0,1,3,3,3,0,10,12,6,29,0,0,0,0,1,0,0,3,1,0,1,3,1,5,4,0,10,19,10
42201265204,4,í∑çËés,ìcè„élíöñ⁄,0,,,0,0,0,0,0,0,0,0,0,0,0,0,0,0,0,0,0,0,0,0,0,0,0,0,0,0,0,0,0,0,0,0,0,0,0,0,0,0,0,0,0,0,0,0,0,0,0,0,0,0,0,0,0,0,0,0,0,0,0,0
422012660,2,í∑çËés,ñŒñÿí¨,0,,,3098,70,87,106,120,86,95,114,124,141,169,199,255,267,296,288,263,1570,1260,676,1399,34,46,56,62,42,44,61,55,67,75,95,129,127,154,131,136,757,504,219,1699,36,41,50,58,44,51,53,69,74,94,104,126,140,142,157,127,813,756,457
422012670,2,í∑çËés,ã{ê†í¨,0,,,141,2,1,0,5,5,2,2,1,3,6,11,13,18,13,17,3,66,72,42,63,2,1,0,1,3,1,1,0,1,2,5,6,9,8,7,3,29,31,16,78,0,0,0,4,2,1,1,1,2,4,6,7,9,5,10,0,37,41,26
422012680,2,í∑çËés,ëÂçËí¨,0,,,235,0,5,5,7,5,4,3,7,6,10,18,17,20,29,21,10,97,128,78,122,0,2,4,2,2,1,1,3,2,7,13,11,12,12,15,6,54,62,35,113,0,3,1,5,3,3,2,4,4,3,5,6,8,17,6,4,43,66,43
422012690,2,í∑çËés,êÁÅXí¨,0,,,227,1,2,3,17,7,1,4,3,12,18,14,13,13,32,29,6,102,119,58,103,0,1,1,8,3,0,3,2,6,9,6,8,5,16,17,2,50,51,18,124,1,1,2,9,4,1,1,1,6,9,8,5,8,16,12,4,52,68,40
422012700,2,í∑çËés,ïÛí¨,0,,,628,17,10,15,13,55,82,53,37,33,49,35,41,46,36,26,42,444,101,39,283,13,6,7,4,22,31,27,16,17,22,14,18,19,17,11,26,190,39,11,345,4,4,8,9,33,51,26,21,16,27,21,23,27,19,15,16,254,62,28
422012710,2,í∑çËés,çKí¨,0,,,95,9,5,1,2,1,4,11,15,13,8,4,3,6,1,2,15,67,13,10,42,6,1,0,1,1,0,5,9,6,5,1,0,3,0,0,7,31,4,4,53,3,4,1,1,0,4,6,6,7,3,3,3,3,1,2,8,36,9,6
422012720,2,í∑çËés,ìVê_í¨,0,,,462,5,13,6,9,18,25,21,21,17,24,28,35,37,47,49,24,235,195,99,193,2,7,1,3,9,12,8,7,5,9,16,17,18,20,23,10,104,76,33,269,3,6,5,6,9,13,13,14,12,15,12,18,19,27,26,14,131,119,66
422012730,2,í∑çËés,ëKç¿í¨,0,,,796,24,15,23,17,39,47,43,46,43,47,49,57,51,64,88,62,439,278,126,372,10,2,13,11,15,26,23,18,27,25,18,29,32,24,46,25,224,112,42,424,14,13,10,6,24,21,20,28,16,22,31,28,19,40,42,37,215,166,84
422012740,2,í∑çËés,óŒí¨,0,,,393,9,11,6,30,20,24,32,23,20,19,28,24,23,24,38,26,243,118,56,193,7,6,4,22,9,11,17,12,8,10,15,12,12,11,16,17,128,44,17,200,2,5,2,8,11,13,15,11,12,9,13,12,11,13,22,9,115,74,39
422012750,2,í∑çËés,ñŒó¢í¨,0,,,444,11,19,31,23,12,9,12,14,45,45,31,36,38,22,16,61,265,111,73,196,4,8,15,12,8,2,8,6,18,21,13,17,21,12,6,27,126,39,21,248,7,11,16,11,4,7,4,8,27,24,18,19,17,10,10,34,139,72,52
422012760,2,í∑çËés,ñ⁄äoí¨,0,,,1092,42,23,25,32,62,93,99,73,63,63,52,67,44,75,62,90,648,266,129,489,24,10,10,9,24,39,50,36,23,31,19,29,27,36,27,44,287,113,50,603,18,13,15,23,38,54,49,37,40,32,33,38,17,39,35,46,361,153,79
422012770,2,í∑çËés,ä‚êÏí¨,0,,,1041,26,18,25,29,71,105,87,62,55,62,44,52,41,53,59,69,608,248,136,481,16,7,10,13,35,43,32,29,28,33,26,29,18,22,30,33,286,102,50,560,10,11,15,16,36,62,55,33,27,29,18,23,23,31,29,36,322,146,86
422012780,2,í∑çËés,êÏå˚í¨,0,,,1317,136,113,38,35,66,89,132,128,77,64,67,60,49,53,63,287,767,224,108,588,63,59,22,13,23,44,62,64,37,27,32,24,20,23,21,144,346,77,33,729,73,54,16,22,43,45,70,64,40,37,35,36,29,30,42,143,421,147,75
422012790,2,í∑çËés,ïlå˚í¨,0,,,1073,25,18,17,28,125,145,88,82,54,58,53,58,53,47,47,60,744,161,67,471,16,9,10,7,43,53,42,41,26,28,25,29,22,27,22,35,316,64,15,602,9,9,7,21,82,92,46,41,28,30,28,29,31,20,25,25,428,97,52
422012800,2,í∑çËés,ïΩñÏí¨,0,,,1803,71,66,92,124,135,117,89,99,105,166,122,131,99,89,81,229,1187,293,123,841,30,29,49,60,58,59,47,37,59,69,59,67,40,42,44,108,555,124,38,962,41,37,43,64,77,58,42,62,46,97,63,64,59,47,37,121,632,169,85
422012810,2,í∑çËés,ïΩòaí¨,0,,,1825,63,70,79,88,137,157,121,112,107,103,102,109,89,93,94,212,1125,394,207,849,27,26,43,43,55,86,66,50,46,51,49,52,44,49,44,96,542,160,67,976,36,44,36,45,82,71,55,62,61,52,53,57,45,44,50,116,583,234,140
422012821,3,í∑çËés,ç‚ñ{,0,,,2067,44,45,46,74,213,151,127,112,111,116,82,94,142,191,161,135,1222,600,248,961,24,22,23,34,89,77,62,61,56,51,39,45,67,91,67,69,581,253,95,1106,20,23,23,40,124,74,65,51,55,65,43,49,75,100,94,66,641,347,153
42201282101,4,í∑çËés,ç‚ñ{àÍíöñ⁄,0,,,884,28,19,13,35,127,94,81,51,51,43,24,37,52,54,62,60,595,187,71,393,15,11,8,15,47,39,40,25,25,17,9,20,25,24,26,34,262,76,26,491,13,8,5,20,80,55,41,26,26,26,15,17,27,30,36,26,333,111,45
42201282102,4,í∑çËés,ç‚ñ{ìÒíöñ⁄,0,,,742,8,16,19,27,52,39,26,45,45,42,35,32,56,96,73,43,399,266,97,341,5,5,12,12,24,24,11,27,19,19,18,10,27,40,32,22,191,109,37,401,3,11,7,15,28,15,15,18,26,23,17,22,29,56,41,21,208,157,60
42201282103,4,í∑çËés,ç‚ñ{éOíöñ⁄,0,,,441,8,10,14,12,34,18,20,16,15,31,23,25,34,41,26,32,228,147,80,227,4,6,3,7,18,14,11,9,12,15,12,15,15,27,9,13,128,68,32,214,4,4,11,5,16,4,9,7,3,16,11,10,19,14,17,19,100,79,48
422012822,3,í∑çËés,ç‚ñ{,0,,,0,0,0,0,0,0,0,0,0,0,0,0,0,0,0,0,0,0,0,0,0,0,0,0,0,0,0,0,0,0,0,0,0,0,0,0,0,0,0,0,0,0,0,0,0,0,0,0,0,0,0,0,0,0,0,0,0,0,0,0
42201282202,4,í∑çËés,ç‚ñ{ìÒíöñ⁄,0,,,0,0,0,0,0,0,0,0,0,0,0,0,0,0,0,0,0,0,0,0,0,0,0,0,0,0,0,0,0,0,0,0,0,0,0,0,0,0,0,0,0,0,0,0,0,0,0,0,0,0,0,0,0,0,0,0,0,0,0,0
42201282203,4,í∑çËés,ç‚ñ{éOíöñ⁄,0,,,0,0,0,0,0,0,0,0,0,0,0,0,0,0,0,0,0,0,0,0,0,0,0,0,0,0,0,0,0,0,0,0,0,0,0,0,0,0,0,0,0,0,0,0,0,0,0,0,0,0,0,0,0,0,0,0,0,0,0,0
422012830,2,í∑çËés,èºéRí¨,0,,,321,12,9,5,21,35,20,14,15,15,26,29,16,16,24,18,26,207,66,24,139,4,4,3,7,17,9,5,9,4,12,10,9,7,9,11,11,89,28,8,182,8,5,2,14,18,11,9,6,11,14,19,7,9,15,7,15,118,38,16
422012840,2,í∑çËés,â™í¨,0,,,605,15,24,18,33,72,50,43,31,37,35,32,32,43,27,27,57,408,108,54,289,8,15,9,14,35,20,19,15,18,17,17,19,18,13,10,32,192,46,23,316,7,9,9,19,37,30,24,16,19,18,15,13,25,14,17,25,216,62,31
422012850,2,í∑çËés,ã¥å˚í¨,0,,,1185,51,54,59,73,110,53,64,57,81,62,74,54,79,77,75,164,707,254,102,597,29,29,28,52,73,29,32,27,43,20,37,24,38,32,31,86,375,98,35,588,22,25,31,21,37,24,32,30,38,42,37,30,41,45,44,78,332,156,67
422012860,2,í∑çËés,è„ñÏí¨,0,,,1088,48,53,57,116,52,51,61,70,57,66,68,55,70,64,56,158,666,244,124,554,31,26,34,94,32,28,30,26,28,26,38,27,36,25,28,91,365,85,32,534,17,27,23,22,20,23,31,44,29,40,30,28,34,39,28,67,301,159,92
422012870,2,í∑çËés,ñ{å¥í¨,0,,,2226,87,128,119,153,200,91,94,134,145,199,123,112,102,132,130,334,1353,450,188,1075,43,61,63,85,124,51,42,57,68,91,49,53,50,52,59,167,670,181,70,1151,44,67,56,68,76,40,52,77,77,108,74,59,52,80,71,167,683,269,118
422012880,2,í∑çËés,êÓí¨,0,,,1722,65,69,71,132,238,89,74,88,86,119,94,86,89,85,86,205,1095,311,140,822,29,38,42,58,118,42,34,39,38,53,42,46,51,34,44,109,521,132,54,900,36,31,29,74,120,47,40,49,48,66,52,40,38,51,42,96,574,179,86
422012890,2,í∑çËés,êŒê_í¨,0,,,2082,72,89,99,124,187,76,71,96,120,122,144,128,127,126,107,260,1195,540,307,1007,33,39,52,72,110,44,34,49,63,60,64,58,61,59,43,124,615,216,114,1075,39,50,47,52,77,32,37,47,57,62,80,70,66,67,64,136,580,324,193
422012900,2,í∑çËés,í“í¨,0,,,1396,34,51,53,81,56,55,74,81,87,96,108,87,98,110,106,138,823,414,198,666,16,33,29,47,26,24,40,43,33,51,58,34,37,54,50,78,393,181,77,730,18,18,24,34,30,31,34,38,54,45,50,53,61,56,56,60,430,233,121
422012910,2,í∑çËés,è¨ïÙí¨,0,,,1948,67,101,127,112,86,47,62,102,103,159,133,130,100,138,153,295,1034,588,297,788,33,47,70,54,34,18,27,41,46,59,50,51,46,54,58,150,426,197,85,1160,34,54,57,58,52,29,35,61,57,100,83,79,54,84,95,145,608,391,212
422012921,3,í∑çËés,éOå¥,0,,,5008,173,169,156,179,189,196,221,250,274,284,344,335,361,425,418,498,2633,1804,961,2364,91,89,76,99,104,100,117,120,139,135,163,155,161,205,211,256,1293,769,353,2644,82,80,80,80,85,96,104,130,135,149,181,180,200,220,207,242,1340,1035,608
42201292101,4,í∑çËés,éOå¥àÍíöñ⁄,0,,,2794,117,82,79,96,116,126,143,143,153,138,188,191,198,230,189,278,1492,972,553,1321,57,42,37,54,67,66,75,71,72,65,92,92,91,116,100,136,745,408,192,1473,60,40,42,42,49,60,68,72,81,73,96,99,107,114,89,142,747,564,361
42201292102,4,í∑çËés,éOå¥ìÒíöñ⁄,0,,,2214,56,87,77,83,73,70,78,107,121,146,156,144,163,195,229,220,1141,832,408,1043,34,47,39,45,37,34,42,49,67,70,71,63,70,89,111,120,548,361,161,1171,22,40,38,38,36,36,36,58,54,76,85,81,93,106,118,100,593,471,247
422012922,2,í∑çËés,éOå¥,0,,,590,4,11,25,26,9,2,8,12,30,45,43,46,50,60,73,40,271,274,141,337,4,4,16,17,3,1,4,8,16,26,23,35,31,43,40,24,164,146,63,253,0,7,9,9,6,1,4,4,14,19,20,11,19,17,33,16,107,128,78
422012931,2,í∑çËés,çÇîˆí¨,0,,,1506,47,51,59,46,61,72,78,79,77,97,68,96,102,130,142,157,776,539,267,697,24,19,27,20,39,40,37,35,41,41,34,44,51,51,69,70,382,222,102,809,23,32,32,26,22,32,41,44,36,56,34,52,51,79,73,87,394,317,165
422012932,2,í∑çËés,çÇîˆí¨,0,,,0,0,0,0,0,0,0,0,0,0,0,0,0,0,0,0,0,0,0,0,0,0,0,0,0,0,0,0,0,0,0,0,0,0,0,0,0,0,0,0,0,0,0,0,0,0,0,0,0,0,0,0,0,0,0,0,0,0,0,0
422012940,2,í∑çËés,ñ{îˆí¨,0,,,1267,38,47,31,48,93,48,57,73,49,73,70,61,97,110,128,116,669,434,196,609,22,24,13,20,58,26,33,34,21,38,28,30,46,53,56,59,334,188,79,658,16,23,18,28,35,22,24,39,28,35,42,31,51,57,72,57,335,246,117
422012951,3,í∑çËés,ç]ïΩ,0,,,1760,35,41,42,48,42,60,68,86,89,112,112,118,144,186,166,118,879,698,346,860,21,24,14,24,21,24,40,53,45,56,64,58,62,98,80,59,447,305,127,900,14,17,28,24,21,36,28,33,44,56,48,60,82,88,86,59,432,393,219
42201295101,4,í∑çËés,ç]ïΩàÍíöñ⁄,0,,,798,20,24,21,29,24,22,34,42,48,47,39,47,63,93,82,65,395,320,145,360,12,12,7,15,10,8,20,27,22,23,20,19,23,45,39,31,187,130,46,438,8,12,14,14,14,14,14,15,26,24,19,28,40,48,43,34,208,190,99
42201295102,4,í∑çËés,ç]ïΩìÒíöñ⁄,0,,,478,6,8,9,6,8,14,10,23,21,29,46,35,38,46,39,23,230,204,119,241,3,7,3,3,4,5,7,12,14,15,28,18,13,25,20,13,119,91,46,237,3,1,6,3,4,9,3,11,7,14,18,17,25,21,19,10,111,113,73
42201295103,4,í∑çËés,ç]ïΩéOíöñ⁄,0,,,484,9,9,12,13,10,24,24,21,20,36,27,36,43,47,45,30,254,174,82,259,6,5,4,6,7,11,13,14,9,18,16,21,26,28,21,15,141,84,35,225,3,4,8,7,3,13,11,7,11,18,11,15,17,19,24,15,113,90,47
422012952,3,í∑çËés,ç]ïΩ,0,,,0,0,0,0,0,0,0,0,0,0,0,0,0,0,0,0,0,0,0,0,0,0,0,0,0,0,0,0,0,0,0,0,0,0,0,0,0,0,0,0,0,0,0,0,0,0,0,0,0,0,0,0,0,0,0,0,0,0,0,0
42201295201,4,í∑çËés,ç]ïΩàÍíöñ⁄,0,,,0,0,0,0,0,0,0,0,0,0,0,0,0,0,0,0,0,0,0,0,0,0,0,0,0,0,0,0,0,0,0,0,0,0,0,0,0,0,0,0,0,0,0,0,0,0,0,0,0,0,0,0,0,0,0,0,0,0,0,0
42201295203,4,í∑çËés,ç]ïΩéOíöñ⁄,0,,,0,0,0,0,0,0,0,0,0,0,0,0,0,0,0,0,0,0,0,0,0,0,0,0,0,0,0,0,0,0,0,0,0,0,0,0,0,0,0,0,0,0,0,0,0,0,0,0,0,0,0,0,0,0,0,0,0,0,0,0
422012960,2,í∑çËés,ëÂã¥í¨,0,,,2042,39,52,66,118,275,142,98,90,106,118,125,114,112,119,115,157,1298,446,212,965,18,25,37,52,139,87,46,48,49,56,52,50,53,53,45,80,632,176,78,1077,21,27,29,66,136,55,52,42,57,62,73,64,59,66,70,77,666,270,134
422012970,2,í∑çËés,èÈâhí¨,0,,,1617,70,63,53,59,48,77,97,100,90,101,105,113,109,109,111,186,899,511,291,738,42,40,29,23,28,35,49,48,47,38,46,58,44,53,49,111,416,197,95,879,28,23,24,36,20,42,48,52,43,63,59,55,65,56,62,75,483,314,196
422012981,2,í∑çËés,ê¬éRí¨,0,,,1079,21,30,37,33,30,31,47,45,48,62,67,76,90,116,134,88,529,460,210,488,10,19,14,21,15,11,25,28,21,25,29,41,46,52,56,43,262,181,73,591,11,11,23,12,15,20,22,17,27,37,38,35,44,64,78,45,267,279,137
422012982,2,í∑çËés,ê¬éRí¨,0,,,958,37,25,44,31,31,51,43,49,49,57,61,70,76,86,73,106,518,326,167,451,20,12,24,19,19,21,20,23,27,27,30,36,33,41,31,56,255,132,60,507,17,13,20,12,12,30,23,26,22,30,31,34,43,45,42,50,263,194,107
422012990,2,í∑çËés,é·ëêí¨,0,,,1091,79,53,36,38,34,50,76,69,88,56,62,70,89,77,76,168,632,284,131,506,41,30,23,20,13,24,33,31,37,23,32,39,39,34,33,94,291,115,48,585,38,23,13,18,21,26,43,38,51,33,30,31,50,43,43,74,341,169,83
422013001,2,í∑çËés,ã‡ñxí¨,0,,,1500,59,51,58,49,38,47,49,82,84,104,94,95,98,126,153,168,740,587,308,683,31,28,29,25,18,24,24,37,39,48,36,49,40,56,71,88,340,250,123,817,28,23,29,24,20,23,25,45,45,56,58,46,58,70,82,80,400,337,185
422013002,2,í∑çËés,ã‡ñxí¨,0,,,0,0,0,0,0,0,0,0,0,0,0,0,0,0,0,0,0,0,0,0,0,0,0,0,0,0,0,0,0,0,0,0,0,0,0,0,0,0,0,0,0,0,0,0,0,0,0,0,0,0,0,0,0,0,0,0,0,0,0,0
422013011,3,í∑çËés,èÈéRë‰,0,,,2610,73,97,103,86,68,69,81,120,150,164,166,201,215,299,326,273,1320,1012,387,1209,34,44,53,37,34,29,32,64,68,80,72,92,99,129,157,131,607,467,181,1401,39,53,50,49,34,40,49,56,82,84,94,109,116,170,169,142,713,545,206
42201301101,4,í∑çËés,èÈéRë‰àÍíöñ⁄,0,,,1661,46,66,69,61,53,57,48,75,101,99,121,142,136,186,199,181,893,582,197,778,22,28,38,25,26,23,18,42,47,54,52,64,62,83,91,88,413,273,99,883,24,38,31,36,27,34,30,33,54,45,69,78,74,103,108,93,480,309,98
42201301102,4,í∑çËés,èÈéRë‰ìÒíöñ⁄,0,,,949,27,31,34,25,15,12,33,45,49,65,45,59,79,113,127,92,427,430,190,431,12,16,15,12,8,6,14,22,21,26,20,28,37,46,66,43,194,194,82,518,15,15,19,13,7,6,19,23,28,39,25,31,42,67,61,49,233,236,108
422013012,2,í∑çËés,èÈéRë‰,0,,,0,0,0,0,0,0,0,0,0,0,0,0,0,0,0,0,0,0,0,0,0,0,0,0,0,0,0,0,0,0,0,0,0,0,0,0,0,0,0,0,0,0,0,0,0,0,0,0,0,0,0,0,0,0,0,0,0,0,0,0
422013030,2,í∑çËés,â‘âÄí¨,0,,,1066,75,59,59,33,28,46,79,82,67,78,45,77,58,68,73,193,593,267,126,503,43,35,23,17,8,25,37,39,33,37,23,32,24,34,32,101,275,118,52,563,32,24,36,16,20,21,42,43,34,41,22,45,34,34,41,92,318,149,74
422013041,2,í∑çËés,óßä‚í¨,0,,,1319,48,41,55,36,27,42,73,81,75,73,77,81,92,99,109,144,657,512,304,595,23,22,25,13,11,22,34,41,36,43,40,37,47,40,52,70,324,197,105,724,25,19,30,23,16,20,39,40,39,30,37,44,45,59,57,74,333,315,199
422013042,2,í∑çËés,óßä‚í¨,0,,,0,0,0,0,0,0,0,0,0,0,0,0,0,0,0,0,0,0,0,0,0,0,0,0,0,0,0,0,0,0,0,0,0,0,0,0,0,0,0,0,0,0,0,0,0,0,0,0,0,0,0,0,0,0,0,0,0,0,0,0
422013050,2,í∑çËés,ïxémå©í¨,0,,,1702,75,81,72,82,67,75,87,99,122,142,103,105,94,103,97,228,976,488,288,755,36,44,40,41,29,40,45,41,59,71,42,54,41,47,45,120,463,164,72,947,39,37,32,41,38,35,42,58,63,71,61,51,53,56,52,108,513,324,216
422013060,2,í∑çËés,èÈéRí¨,0,,,1573,75,89,93,70,55,46,78,123,95,130,79,95,96,123,114,257,867,439,202,697,34,44,41,36,25,22,33,51,46,56,36,39,45,50,54,119,389,182,78,876,41,45,52,34,30,24,45,72,49,74,43,56,51,73,60,138,478,257,124
422013070,2,í∑çËés,â∆ñÏí¨,0,,,1578,35,36,43,130,327,56,64,49,53,86,99,81,97,89,73,114,1042,289,127,808,18,22,20,72,198,29,34,28,22,41,43,36,48,41,28,60,551,116,47,770,17,14,23,58,129,27,30,21,31,45,56,45,49,48,45,54,491,173,80
422013080,2,í∑çËés,ï∂ã≥í¨,0,,,1486,55,50,44,112,202,186,110,64,82,103,106,70,40,68,46,149,1075,228,114,822,34,25,21,48,120,150,87,32,42,59,60,34,17,28,11,80,649,76,37,664,21,25,23,64,82,36,23,32,40,44,46,36,23,40,35,69,426,152,77
422013090,2,í∑çËés,êÁçŒí¨,0,,,1760,51,56,30,96,176,91,101,85,86,109,99,125,106,125,117,137,1074,509,267,772,20,30,14,53,91,47,52,38,46,46,37,54,43,51,51,64,507,181,79,988,31,26,16,43,85,44,49,47,40,63,62,71,63,74,66,73,567,328,188
422013100,2,í∑çËés,é·ótí¨,0,,,626,10,6,10,44,123,34,19,17,23,29,33,37,30,36,40,26,389,156,80,272,6,5,3,19,52,17,10,9,7,13,18,15,15,19,14,14,175,54,21,354,4,1,7,25,71,17,9,8,16,16,15,22,15,17,26,12,214,102,59
422013110,2,í∑çËés,íÜâÄí¨,0,,,1038,45,37,29,38,88,53,67,73,84,57,66,59,54,65,57,111,639,218,96,451,21,18,16,17,40,27,27,33,28,29,23,26,26,27,23,55,276,83,33,587,24,19,13,21,48,26,40,40,56,28,43,33,28,38,34,56,363,135,63
422013121,2,í∑çËés,èZãgí¨,0,,,1478,68,50,45,45,68,67,110,77,54,103,113,107,81,98,107,163,825,429,224,629,33,29,21,17,20,30,55,26,26,51,38,44,44,47,45,83,351,161,69,849,35,21,24,28,48,37,55,51,28,52,75,63,37,51,62,80,474,268,155
422013131,3,í∑çËés,ê‘îó,0,,,3846,176,189,168,166,196,191,216,260,277,310,242,236,249,244,223,533,2343,893,426,1795,101,105,92,81,100,84,102,128,123,144,111,120,111,114,97,298,1104,350,139,2051,75,84,76,85,96,107,114,132,154,166,131,116,138,130,126,235,1239,543,287
42201313101,4,í∑çËés,ê‘îóàÍíöñ⁄,0,,,1570,81,80,61,56,104,85,88,105,124,123,93,112,115,107,99,222,1005,313,107,722,48,38,33,24,46,36,36,55,54,61,41,56,50,49,40,119,459,126,37,848,33,42,28,32,58,49,52,50,70,62,52,56,65,58,59,103,546,187,70
42201313102,4,í∑çËés,ê‘îóìÒíöñ⁄,0,,,1168,47,46,47,63,51,64,60,81,71,95,78,70,73,86,80,140,706,304,138,549,29,26,27,30,28,30,33,38,36,37,29,39,29,40,36,82,329,127,51,619,18,20,20,33,23,34,27,43,35,58,49,31,44,46,44,58,377,177,87
42201313103,4,í∑çËés,ê‘îóéOíöñ⁄,0,,,1108,48,63,60,47,41,42,68,74,82,92,71,54,61,51,44,171,632,276,181,524,24,41,32,27,26,18,33,35,33,46,41,25,32,25,21,97,316,97,51,584,24,22,28,20,15,24,35,39,49,46,30,29,29,26,23,74,316,179,130
422013132,2,í∑çËés,ê‘îó,0,,,0,0,0,0,0,0,0,0,0,0,0,0,0,0,0,0,0,0,0,0,0,0,0,0,0,0,0,0,0,0,0,0,0,0,0,0,0,0,0,0,0,0,0,0,0,0,0,0,0,0,0,0,0,0,0,0,0,0,0,0
422013141,3,í∑çËés,êÚ,0,,,4128,146,238,344,260,228,156,158,234,325,416,280,251,231,216,215,728,2539,784,353,2027,73,117,170,149,133,77,73,114,139,205,132,123,112,111,99,360,1257,351,141,2101,73,121,174,111,95,79,85,120,186,211,148,128,119,105,116,368,1282,433,212
42201314101,4,í∑çËés,êÚàÍíöñ⁄,0,,,1593,58,133,194,137,69,32,42,90,155,208,87,89,66,61,49,385,975,189,79,806,29,65,100,84,39,14,20,39,70,100,41,49,34,31,25,194,490,88,32,787,29,68,94,53,30,18,22,51,85,108,46,40,32,30,24,191,485,101,47
42201314102,4,í∑çËés,êÚìÒíöñ⁄,0,,,1789,71,80,117,81,84,95,77,98,125,152,139,117,124,105,112,268,1092,404,187,842,33,37,58,35,50,46,37,48,50,76,65,54,58,53,49,128,519,177,75,947,38,43,59,46,34,49,40,50,75,76,74,63,66,52,63,140,573,227,112
42201314103,4,í∑çËés,êÚéOíöñ⁄,0,,,746,17,25,33,42,75,29,39,46,45,56,54,45,41,50,54,75,472,191,87,379,11,15,12,30,44,17,16,27,19,29,26,20,20,27,25,38,248,86,34,367,6,10,21,12,31,12,23,19,26,27,28,25,21,23,29,37,224,105,53
422013142,3,í∑çËés,í¨íöéöÉRÅ[Éh3142ÇÃåv,0,,,35,0,0,1,1,1,1,0,0,2,1,5,6,2,0,5,1,19,15,10,16,0,0,1,1,0,1,0,0,1,0,3,2,2,0,2,1,10,5,3,19,0,0,0,0,1,0,0,0,1,1,2,4,0,0,3,0,9,10,7
42201314200,4,í∑çËés,êÚí¨,0,,,35,0,0,1,1,1,1,0,0,2,1,5,6,2,0,5,1,19,15,10,16,0,0,1,1,0,1,0,0,1,0,3,2,2,0,2,1,10,5,3,19,0,0,0,0,1,0,0,0,1,1,2,4,0,0,3,0,9,10,7
42201314202,4,í∑çËés,êÚìÒíöñ⁄,0,,,0,0,0,0,0,0,0,0,0,0,0,0,0,0,0,0,0,0,0,0,0,0,0,0,0,0,0,0,0,0,0,0,0,0,0,0,0,0,0,0,0,0,0,0,0,0,0,0,0,0,0,0,0,0,0,0,0,0,0,0
42201314203,4,í∑çËés,êÚéOíöñ⁄,0,,,0,0,0,0,0,0,0,0,0,0,0,0,0,0,0,0,0,0,0,0,0,0,0,0,0,0,0,0,0,0,0,0,0,0,0,0,0,0,0,0,0,0,0,0,0,0,0,0,0,0,0,0,0,0,0,0,0,0,0,0
422013150,2,í∑çËés,â‘ãuí¨,0,,,1528,59,55,50,72,143,94,110,99,78,90,112,58,67,81,76,164,923,308,151,723,32,28,28,43,60,42,53,46,37,42,50,34,28,33,42,88,435,127,52,805,27,27,22,29,83,52,57,53,41,48,62,24,39,48,34,76,488,181,99
422013161,3,í∑çËés,è∫òa,0,,,1662,34,51,69,92,190,57,66,69,90,110,87,133,116,115,127,154,1010,456,214,743,19,30,28,39,97,24,36,30,39,51,37,56,53,50,51,77,462,182,81,919,15,21,41,53,93,33,30,39,51,59,50,77,63,65,76,77,548,274,133
42201316101,4,í∑çËés,è∫òaàÍíöñ⁄,0,,,688,15,22,36,49,110,23,21,29,38,51,37,50,33,29,43,73,441,140,68,310,8,13,17,19,45,9,13,12,19,27,14,23,16,13,19,38,197,59,27,378,7,9,19,30,65,14,8,17,19,24,23,27,17,16,24,35,244,81,41
42201316102,4,í∑çËés,è∫òaìÒíöñ⁄,0,,,751,17,21,27,35,65,22,39,29,45,44,36,65,60,66,61,65,440,240,113,327,9,11,10,15,40,10,19,13,16,19,17,22,29,32,23,30,200,93,38,424,8,10,17,20,25,12,20,16,29,25,19,43,31,34,38,35,240,147,75
42201316103,4,í∑çËés,è∫òaéOíöñ⁄,0,,,223,2,8,6,8,15,12,6,11,7,15,14,18,23,20,23,16,129,76,33,106,2,6,1,5,12,5,4,5,4,5,6,11,8,5,9,9,65,30,16,117,0,2,5,3,3,7,2,6,3,10,8,7,15,15,14,7,64,46,17
422013162,3,í∑çËés,è∫òa,0,,,704,30,28,28,38,35,39,45,39,56,47,33,33,40,36,37,86,405,183,110,314,9,15,12,15,20,13,22,15,25,24,17,17,16,17,16,36,184,75,42,390,21,13,16,23,15,26,23,24,31,23,16,16,24,19,21,50,221,108,68
42201316202,4,í∑çËés,è∫òaìÒíöñ⁄,0,,,0,0,0,0,0,0,0,0,0,0,0,0,0,0,0,0,0,0,0,0,0,0,0,0,0,0,0,0,0,0,0,0,0,0,0,0,0,0,0,0,0,0,0,0,0,0,0,0,0,0,0,0,0,0,0,0,0,0,0,0
42201316203,4,í∑çËés,è∫òaéOíöñ⁄,0,,,704,30,28,28,38,35,39,45,39,56,47,33,33,40,36,37,86,405,183,110,314,9,15,12,15,20,13,22,15,25,24,17,17,16,17,16,36,184,75,42,390,21,13,16,23,15,26,23,24,31,23,16,16,24,19,21,50,221,108,68
422013171,3,í∑çËés,èóÇÃìs,0,,,3546,106,98,149,162,144,95,109,137,189,228,260,236,217,318,378,353,1777,1395,699,1615,47,45,79,84,55,43,57,59,82,105,111,119,98,147,168,171,813,625,310,1931,59,53,70,78,89,52,52,78,107,123,149,117,119,171,210,182,964,770,389
42201317102,4,í∑çËés,èóÇÃìsìÒíöñ⁄,0,,,1221,33,32,46,56,52,43,46,40,56,63,93,109,93,98,109,111,651,453,246,562,16,12,26,27,13,20,23,19,21,30,42,59,50,39,53,54,304,203,111,659,17,20,20,29,39,23,23,21,35,33,51,50,43,59,56,57,347,250,135
42201317103,4,í∑çËés,èóÇÃìséOíöñ⁄,0,,,954,24,32,34,45,32,13,24,36,57,67,75,54,42,81,107,90,445,411,223,408,10,14,17,20,13,8,11,12,25,30,36,23,15,38,45,41,193,173,90,546,14,18,17,25,19,5,13,24,32,37,39,31,27,43,62,49,252,238,133
42201317104,4,í∑çËés,èóÇÃìsélíöñ⁄,0,,,1371,49,34,69,61,60,39,39,61,76,98,92,73,82,139,162,152,681,531,230,645,21,19,36,37,29,15,23,28,36,45,33,37,33,70,70,76,316,249,109,726,28,15,33,24,31,24,16,33,40,53,59,36,49,69,92,76,365,282,121
422013172,2,í∑çËés,èóÇÃìs,0,,,580,16,6,27,23,19,17,15,22,26,31,21,28,40,55,54,49,242,287,178,259,9,4,18,11,13,7,8,12,14,16,10,16,22,21,22,31,129,98,55,321,7,2,9,12,6,10,7,10,12,15,11,12,18,34,32,18,113,189,123
422013211,3,í∑çËés,ëÂéË,0,,,2952,63,79,89,121,212,79,110,127,146,163,171,163,208,262,288,231,1500,1114,564,1456,34,42,44,71,138,39,60,62,78,79,90,79,97,123,131,120,793,482,228,1496,29,37,45,50,74,40,50,65,68,84,81,84,111,139,157,111,707,632,336
42201321101,4,í∑çËés,ëÂéËàÍíöñ⁄,0,,,1199,28,37,30,53,131,27,44,52,50,59,65,58,82,85,85,95,621,407,237,566,18,20,13,32,73,11,19,28,30,20,33,30,36,43,35,51,312,163,85,633,10,17,17,21,58,16,25,24,20,39,32,28,46,42,50,44,309,244,152
42201321102,4,í∑çËés,ëÂéËìÒíöñ⁄,0,,,1236,29,30,42,39,41,36,46,53,68,69,77,68,84,125,147,101,581,534,262,598,13,14,24,17,29,17,28,23,31,39,44,31,36,59,68,51,295,239,112,638,16,16,18,22,12,19,18,30,37,30,33,37,48,66,79,50,286,295,150
42201321103,4,í∑çËés,ëÂéËéOíöñ⁄,0,,,517,6,12,17,29,40,16,20,22,28,35,29,37,42,52,56,35,298,173,65,292,3,8,7,22,36,11,13,11,17,20,13,18,25,21,28,18,186,80,31,225,3,4,10,7,4,5,7,11,11,15,16,19,17,31,28,17,112,93,34
422013212,3,í∑çËés,ëÂéË,0,,,0,0,0,0,0,0,0,0,0,0,0,0,0,0,0,0,0,0,0,0,0,0,0,0,0,0,0,0,0,0,0,0,0,0,0,0,0,0,0,0,0,0,0,0,0,0,0,0,0,0,0,0,0,0,0,0,0,0,0,0
42201321202,4,í∑çËés,ëÂéËìÒíöñ⁄,0,,,0,0,0,0,0,0,0,0,0,0,0,0,0,0,0,0,0,0,0,0,0,0,0,0,0,0,0,0,0,0,0,0,0,0,0,0,0,0,0,0,0,0,0,0,0,0,0,0,0,0,0,0,0,0,0,0,0,0,0,0
42201321203,4,í∑çËés,ëÂéËéOíöñ⁄,0,,,0,0,0,0,0,0,0,0,0,0,0,0,0,0,0,0,0,0,0,0,0,0,0,0,0,0,0,0,0,0,0,0,0,0,0,0,0,0,0,0,0,0,0,0,0,0,0,0,0,0,0,0,0,0,0,0,0,0,0,0
422013220,2,í∑çËés,êÏïΩí¨,0,,,2337,61,57,89,98,110,86,81,77,132,193,175,203,166,219,196,207,1321,794,379,1079,34,24,39,44,56,42,36,39,65,85,81,94,78,103,93,97,620,351,155,1258,27,33,50,54,54,44,45,38,67,108,94,109,88,116,103,110,701,443,224
422013230,2,í∑çËés,éOêÏí¨,0,,,1806,58,55,71,75,61,71,86,77,91,130,111,108,114,164,162,184,924,690,364,873,31,30,37,42,24,33,51,36,42,73,55,49,60,78,74,98,465,306,154,933,27,25,34,33,37,38,35,41,49,57,56,59,54,86,88,86,459,384,210
422013240,2,í∑çËés,éOÉcéRí¨,0,,,910,3,7,10,25,19,12,6,12,18,18,26,25,27,46,64,20,188,702,592,207,1,3,5,4,2,5,3,3,3,9,14,13,12,16,13,9,68,130,101,703,2,4,5,21,17,7,3,9,15,9,12,12,15,30,51,11,120,572,491
422013250,2,í∑çËés,ålï ìñí¨,0,,,50,1,1,2,0,0,2,4,3,0,1,1,6,6,5,5,4,23,23,13,24,0,1,1,0,0,0,3,2,0,0,1,3,3,3,1,2,12,10,6,26,1,0,1,0,0,2,1,1,0,1,0,3,3,2,4,2,11,13,7
422013261,3,í∑çËés,ääêŒ,0,,,12295,487,528,506,558,450,478,524,576,717,873,847,847,875,895,978,1521,6745,3946,2073,5478,242,263,262,274,186,237,249,281,315,383,378,377,406,405,419,767,3086,1579,755,6817,245,265,244,284,264,241,275,295,402,490,469,470,469,490,559,754,3659,2367,1318
42201326101,4,í∑çËés,ääêŒàÍíöñ⁄,0,,,1733,54,65,44,68,67,74,83,81,95,109,98,130,159,160,144,163,964,581,277,781,27,38,23,36,21,35,43,47,40,45,46,52,74,70,69,88,439,241,102,952,27,27,21,32,46,39,40,34,55,64,52,78,85,90,75,75,525,340,175
42201326102,4,í∑çËés,ääêŒìÒíöñ⁄,0,,,2067,77,61,80,102,95,117,100,111,124,160,167,155,143,135,161,218,1274,564,268,948,41,27,45,45,39,50,46,63,53,68,76,78,69,59,67,113,587,240,114,1119,36,34,35,57,56,67,54,48,71,92,91,77,74,76,94,105,687,324,154
42201326103,4,í∑çËés,ääêŒéOíöñ⁄,0,,,2642,116,123,101,116,90,116,114,119,137,174,206,192,188,197,201,340,1452,831,433,1221,61,61,61,58,44,62,52,53,64,75,88,96,85,96,87,183,677,352,169,1421,55,62,40,58,46,54,62,66,73,99,118,96,103,101,114,157,775,479,264
42201326104,4,í∑çËés,ääêŒélíöñ⁄,0,,,2102,84,95,118,84,58,50,65,79,141,144,126,128,122,167,197,297,997,802,438,904,36,47,48,42,23,31,28,34,59,66,59,53,55,75,81,131,450,320,164,1198,48,48,70,42,35,19,37,45,82,78,67,75,67,92,116,166,547,482,274
42201326105,4,í∑çËés,ääêŒå‹íöñ⁄,0,,,1880,76,105,82,88,65,63,81,96,110,148,128,134,135,113,123,263,1048,556,320,841,37,51,43,44,32,33,43,47,50,77,52,61,65,47,54,131,504,198,97,1039,39,54,39,44,33,30,38,49,60,71,76,73,70,66,69,132,544,358,223
42201326106,4,í∑çËés,ääêŒòZíöñ⁄,0,,,1871,80,79,81,100,75,58,81,90,110,138,122,108,128,123,152,240,1010,612,337,783,40,39,42,49,27,26,37,37,49,52,57,37,58,58,61,121,429,228,109,1088,40,40,39,51,48,32,44,53,61,86,65,71,70,65,91,119,581,384,228
422013262,2,í∑çËés,ääêŒ,0,,,11,0,0,0,0,0,3,0,0,0,0,3,1,1,0,1,0,8,3,2,5,0,0,0,0,0,1,0,0,0,0,1,1,0,0,1,0,3,2,1,6,0,0,0,0,0,2,0,0,0,0,2,0,1,0,0,0,5,1,1
422013321,2,í∑çËés,ëÂâÄí¨,0,,,2635,89,133,121,124,71,87,116,114,146,180,196,198,214,222,241,343,1446,843,380,1174,45,71,62,66,32,39,47,52,65,80,86,85,102,101,97,178,654,340,142,1461,44,62,59,58,39,48,69,62,81,100,110,113,112,121,144,165,792,503,238
422013331,2,í∑çËés,ëÂã{í¨,0,,,841,33,25,31,44,31,31,25,28,44,75,53,61,60,63,59,89,452,298,176,374,16,10,14,17,17,14,9,11,24,39,28,27,27,24,25,40,213,120,71,467,17,15,17,27,14,17,16,17,20,36,25,34,33,39,34,49,239,178,105
422013332,2,í∑çËés,ëÂã{í¨,0,,,0,0,0,0,0,0,0,0,0,0,0,0,0,0,0,0,0,0,0,0,0,0,0,0,0,0,0,0,0,0,0,0,0,0,0,0,0,0,0,0,0,0,0,0,0,0,0,0,0,0,0,0,0,0,0,0,0,0,0,0
422013341,2,í∑çËés,ñkâhí¨,0,,,1089,43,60,56,42,40,36,47,47,68,53,66,78,84,75,93,159,561,367,199,483,14,29,32,19,20,18,16,23,36,23,24,36,36,39,41,75,251,156,76,606,29,31,24,23,20,18,31,24,32,30,42,42,48,36,52,84,310,211,123
422013342,2,í∑çËés,ñkâhí¨,0,,,0,0,0,0,0,0,0,0,0,0,0,0,0,0,0,0,0,0,0,0,0,0,0,0,0,0,0,0,0,0,0,0,0,0,0,0,0,0,0,0,0,0,0,0,0,0,0,0,0,0,0,0,0,0,0,0,0,0,0,0
422013351,2,í∑çËés,ñkózí¨,0,,,1104,16,61,41,28,22,28,43,37,83,64,76,73,62,101,92,118,516,468,275,516,9,39,26,16,11,13,21,17,44,29,30,36,26,51,39,74,243,198,108,588,7,22,15,12,11,15,22,20,39,35,46,37,36,50,53,44,273,270,167
422013352,2,í∑çËés,ñkózí¨,0,,,0,0,0,0,0,0,0,0,0,0,0,0,0,0,0,0,0,0,0,0,0,0,0,0,0,0,0,0,0,0,0,0,0,0,0,0,0,0,0,0,0,0,0,0,0,0,0,0,0,0,0,0,0,0,0,0,0,0,0,0
422013361,2,í∑çËés,ì¯Ç™ãuí¨,0,,,1769,26,40,32,37,43,42,55,52,58,92,112,124,160,175,179,98,775,892,538,820,10,22,15,22,21,24,23,26,27,54,50,58,82,95,85,47,387,384,204,949,16,18,17,15,22,18,32,26,31,38,62,66,78,80,94,51,388,508,334
422013362,2,í∑çËés,ì¯Ç™ãuí¨,0,,,97,2,3,6,4,8,2,0,0,8,13,8,10,7,6,4,11,60,26,16,45,1,2,3,1,4,0,0,0,4,6,5,4,4,4,3,6,28,11,4,52,1,1,3,3,4,2,0,0,4,7,3,6,3,2,1,5,32,15,12
422013371,3,í∑çËés,â°îˆ,0,,,5355,160,209,229,219,202,170,181,260,287,330,304,297,351,468,516,598,2601,2138,1154,2387,78,107,124,112,109,71,91,122,128,155,129,129,157,207,231,309,1203,864,426,2968,82,102,105,107,93,99,90,138,159,175,175,168,194,261,285,289,1398,1274,728
42201337101,4,í∑çËés,â°îˆàÍíöñ⁄,0,,,602,25,20,14,19,54,40,24,30,29,28,31,31,31,41,48,59,317,224,135,294,10,12,5,12,38,22,14,14,17,16,11,14,15,20,18,27,173,93,55,308,15,8,9,7,16,18,10,16,12,12,20,17,16,21,30,32,144,131,80
42201337102,4,í∑çËés,â°îˆìÒíöñ⁄,0,,,1120,28,49,43,44,32,22,34,50,61,72,70,53,62,108,134,120,500,499,257,508,15,24,26,22,20,9,16,23,24,32,36,21,27,43,61,65,230,213,109,612,13,25,17,22,12,13,18,27,37,40,34,32,35,65,73,55,270,286,148
42201337103,4,í∑çËés,â°îˆéOíöñ⁄,0,,,1786,63,71,80,64,54,59,65,87,97,108,113,103,116,121,121,214,866,692,450,797,36,36,50,33,24,22,34,42,42,53,49,48,57,68,55,122,404,261,138,989,27,35,30,31,30,37,31,45,55,55,64,55,59,53,66,92,462,431,312
42201337104,4,í∑çËés,â°îˆélíöñ⁄,0,,,575,7,15,23,16,14,12,8,27,26,38,32,37,28,48,93,45,238,292,151,260,4,5,13,8,9,5,3,13,10,19,10,21,15,17,45,22,113,125,63,315,3,10,10,8,5,7,5,14,16,19,22,16,13,31,48,23,125,167,88
42201337105,4,í∑çËés,â°îˆå‹íöñ⁄,1,,337205,1272,37,54,69,76,48,37,50,66,74,84,58,73,114,150,120,160,680,431,161,528,13,30,30,37,18,13,24,30,35,35,23,25,43,59,52,73,283,172,61,744,24,24,39,39,30,24,26,36,39,49,35,48,71,91,68,87,397,259,100
422013372,3,í∑çËés,â°îˆ,0,,,0,0,0,0,0,0,0,0,0,0,0,0,0,0,0,0,0,0,0,0,0,0,0,0,0,0,0,0,0,0,0,0,0,0,0,0,0,0,0,0,0,0,0,0,0,0,0,0,0,0,0,0,0,0,0,0,0,0,0,0
42201337202,4,í∑çËés,â°îˆìÒíöñ⁄,0,,,0,0,0,0,0,0,0,0,0,0,0,0,0,0,0,0,0,0,0,0,0,0,0,0,0,0,0,0,0,0,0,0,0,0,0,0,0,0,0,0,0,0,0,0,0,0,0,0,0,0,0,0,0,0,0,0,0,0,0,0
42201337205,4,í∑çËés,â°îˆå‹íöñ⁄,2,337105,,0,0,0,0,0,0,0,0,0,0,0,0,0,0,0,0,0,0,0,0,0,0,0,0,0,0,0,0,0,0,0,0,0,0,0,0,0,0,0,0,0,0,0,0,0,0,0,0,0,0,0,0,0,0,0,0,0,0,0,0
422013420,3,í∑çËés,ótéR,0,,,3559,151,156,147,146,105,140,155,201,225,243,235,246,233,283,294,454,1929,1149,572,1680,79,89,83,65,53,70,68,103,95,113,119,105,125,126,140,251,916,494,228,1879,72,67,64,81,52,70,87,98,130,130,116,141,108,157,154,203,1013,655,344
42201342001,4,í∑çËés,ótéRàÍíöñ⁄,0,,,2131,112,98,72,87,60,96,103,134,132,147,127,165,149,164,156,282,1200,625,305,988,58,58,43,37,28,45,47,66,54,68,64,66,81,70,74,159,556,257,113,1143,54,40,29,50,32,51,56,68,78,79,63,99,68,94,82,123,644,368,192
42201342002,4,í∑çËés,ótéRìÒíöñ⁄,0,,,1428,39,58,75,59,45,44,52,67,93,96,108,81,84,119,138,172,729,524,267,692,21,31,40,28,25,25,21,37,41,45,55,39,44,56,66,92,360,237,115,736,18,27,35,31,20,19,31,30,52,51,53,42,40,63,72,80,369,287,152
422013440,2,í∑çËés,ÉGÉ~ÉlÉìÉgótéRí¨,0,,,856,12,19,35,22,20,18,29,29,33,47,43,65,98,151,107,66,404,386,128,389,8,9,16,11,11,10,10,13,12,19,23,23,45,69,56,33,177,179,54,467,4,10,19,11,9,8,19,16,21,28,20,42,53,82,51,33,227,207,74
422013451,2,í∑çËés,ä‚âÆí¨,0,,,2339,93,87,95,93,66,78,96,132,129,189,161,150,203,178,166,275,1297,761,417,1056,50,38,49,41,30,39,46,62,63,87,81,67,92,95,80,137,608,307,132,1283,43,49,46,52,36,39,50,70,66,102,80,83,111,83,86,138,689,454,285
422013452,2,í∑çËés,ä‚âÆí¨,0,,,109,0,0,0,1,0,1,0,0,1,5,5,8,13,11,11,0,34,75,53,39,0,0,0,0,0,1,0,0,1,4,2,6,6,6,5,0,20,19,8,70,0,0,0,1,0,0,0,0,0,1,3,2,7,5,6,0,14,56,45
422013460,2,í∑çËés,êºñkí¨,0,,,1910,47,76,72,73,65,77,69,103,109,118,119,178,183,160,139,195,1094,587,288,904,31,37,31,39,36,41,36,44,52,59,46,86,85,80,63,99,524,260,117,1006,16,39,41,34,29,36,33,59,57,59,73,92,98,80,76,96,570,327,171
422013471,2,í∑çËés,é·í|í¨,0,,,1424,28,44,54,60,58,42,73,78,70,82,79,111,124,144,127,126,777,499,228,644,10,21,32,28,31,27,38,33,34,35,41,44,59,62,56,63,370,198,80,780,18,23,22,32,27,15,35,45,36,47,38,67,65,82,71,63,407,301,148
422013472,2,í∑çËés,é·í|í¨,0,,,0,0,0,0,0,0,0,0,0,0,0,0,0,0,0,0,0,0,0,0,0,0,0,0,0,0,0,0,0,0,0,0,0,0,0,0,0,0,0,0,0,0,0,0,0,0,0,0,0,0,0,0,0,0,0,0,0,0,0,0
422013480,2,í∑çËés,ñˆíJí¨,0,,,1118,31,30,33,38,54,45,59,57,56,60,74,88,85,99,102,94,616,389,188,537,16,14,20,18,23,17,25,28,36,29,36,45,40,54,50,50,297,176,72,581,15,16,13,20,31,28,34,29,20,31,38,43,45,45,52,44,319,213,116
422013491,3,í∑çËés,ã—,0,,,2115,35,54,68,89,89,74,55,79,103,133,123,183,196,188,195,157,1124,811,428,925,17,22,26,44,44,38,27,45,51,62,47,87,98,75,88,65,543,304,141,1190,18,32,42,45,45,36,28,34,52,71,76,96,98,113,107,92,581,507,287
42201349101,4,í∑çËés,ã—àÍíöñ⁄,0,,,479,11,9,17,20,31,24,15,26,32,40,29,31,36,33,43,37,284,154,78,216,6,6,7,9,15,13,8,14,19,16,12,14,22,14,12,19,142,53,27,263,5,3,10,11,16,11,7,12,13,24,17,17,14,19,31,18,142,101,51
42201349102,4,í∑çËés,ã—ìÒíöñ⁄,0,,,992,13,29,20,21,25,26,25,34,40,52,43,73,90,95,109,62,429,483,279,416,7,13,4,10,14,12,13,20,20,27,18,36,39,35,53,24,209,173,85,576,6,16,16,11,11,14,12,14,20,25,25,37,51,60,56,38,220,310,194
42201349103,4,í∑çËés,ã—éOíöñ⁄,0,,,644,11,16,31,48,33,24,15,19,31,41,51,79,70,60,43,58,411,174,71,293,4,3,15,25,15,13,6,11,12,19,17,37,37,26,23,22,192,78,29,351,7,13,16,23,18,11,9,8,19,22,34,42,33,34,20,36,219,96,42
422013492,2,í∑çËés,ã—,0,,,0,0,0,0,0,0,0,0,0,0,0,0,0,0,0,0,0,0,0,0,0,0,0,0,0,0,0,0,0,0,0,0,0,0,0,0,0,0,0,0,0,0,0,0,0,0,0,0,0,0,0,0,0,0,0,0,0,0,0,0
422013500,2,í∑çËés,âπñ≥í¨,0,,,1130,33,21,24,90,106,56,50,42,51,71,60,63,65,74,89,78,654,349,186,559,20,12,15,56,71,36,20,18,27,34,30,26,27,32,41,47,345,138,65,571,13,9,9,34,35,20,30,24,24,37,30,37,38,42,48,31,309,211,121
422013511,2,í∑çËés,êºí¨,0,,,1308,44,48,34,50,65,52,76,70,66,85,77,110,101,113,108,126,752,425,204,660,26,22,13,25,46,26,48,41,30,41,44,56,44,62,53,61,401,194,79,648,18,26,21,25,19,26,28,29,36,44,33,54,57,51,55,65,351,231,125
422013512,2,í∑çËés,êºí¨,0,,,0,0,0,0,0,0,0,0,0,0,0,0,0,0,0,0,0,0,0,0,0,0,0,0,0,0,0,0,0,0,0,0,0,0,0,0,0,0,0,0,0,0,0,0,0,0,0,0,0,0,0,0,0,0,0,0,0,0,0,0
422013520,2,í∑çËés,îííπí¨,0,,,996,37,37,37,121,62,48,67,53,74,79,70,60,41,36,43,111,675,189,110,500,21,17,18,34,40,24,35,25,48,48,48,34,22,20,21,56,358,70,29,496,16,20,19,87,22,24,32,28,26,31,22,26,19,16,22,55,317,119,81
422013530,2,í∑çËés,ê¥êÖí¨,0,,,1708,44,41,29,98,219,84,84,73,72,91,82,85,97,123,132,114,985,502,247,861,27,23,18,64,151,39,40,39,39,48,43,30,42,52,49,68,535,191,90,847,17,18,11,34,68,45,44,34,33,43,39,55,55,71,83,46,450,311,157
422013540,2,í∑çËés,óŒÇ™ãuí¨,0,,,547,17,7,13,30,26,17,30,16,22,32,20,43,45,51,58,37,281,212,103,263,5,5,4,21,16,8,14,7,13,13,7,25,21,21,29,14,145,90,40,284,12,2,9,9,10,9,16,9,9,19,13,18,24,30,29,23,136,122,63
422013550,2,í∑çËés,ç]ó¢í¨,0,,,1478,42,45,40,63,135,83,81,74,64,89,86,74,83,126,107,127,832,477,244,738,21,25,18,37,86,40,40,38,34,46,37,46,30,72,56,64,434,206,78,740,21,20,22,26,49,43,41,36,30,43,49,28,53,54,51,63,398,271,166
422013560,2,í∑çËés,éOñFí¨,0,,,1609,91,85,74,80,149,128,120,104,126,120,91,68,65,78,56,250,1051,243,109,836,54,46,38,45,103,68,61,55,59,65,48,31,27,34,27,138,562,95,34,773,37,39,36,35,46,60,59,49,67,55,43,37,38,44,29,112,489,148,75
422013571,2,í∑çËés,ñ˚ñÿí¨,0,,,1322,51,38,37,43,55,80,99,84,42,94,72,85,96,112,102,126,750,426,212,623,28,22,12,22,30,36,55,44,22,49,28,39,46,58,46,62,371,176,72,699,23,16,25,21,25,44,44,40,20,45,44,46,50,54,56,64,379,250,140
422013572,2,í∑çËés,ñ˚ñÿí¨,0,,,1521,58,54,55,75,52,48,52,76,90,103,125,107,115,118,104,167,843,501,279,667,29,29,25,39,27,17,24,34,42,47,53,45,56,62,44,83,384,195,89,854,29,25,30,36,25,31,28,42,48,56,72,62,59,56,60,84,459,306,190
422013581,3,í∑çËés,êVè¨Ç™ëq,0,,,797,25,34,25,22,25,32,29,43,37,67,58,68,50,39,51,84,431,253,163,390,12,21,9,9,11,17,15,24,20,32,31,35,25,19,24,42,219,107,64,407,13,13,16,13,14,15,14,19,17,35,27,33,25,20,27,42,212,146,99
42201358101,4,í∑çËés,êVè¨Ç™ëqàÍíöñ⁄,0,,,408,18,20,18,9,14,19,11,24,27,40,24,31,24,22,28,56,223,126,76,195,7,12,8,4,7,8,6,14,11,22,15,14,12,10,17,27,113,53,26,213,11,8,10,5,7,11,5,10,16,18,9,17,12,12,11,29,110,73,50
42201358102,4,í∑çËés,êVè¨Ç™ëqìÒíöñ⁄,0,,,389,7,14,7,13,11,13,18,19,10,27,34,37,26,17,23,28,208,127,87,195,5,9,1,5,4,9,9,10,9,10,16,21,13,9,7,15,106,54,38,194,2,5,6,8,7,4,9,9,1,17,18,16,13,8,16,13,102,73,49
422013582,2,í∑çËés,êVè¨Ç™ëq,0,,,0,0,0,0,0,0,0,0,0,0,0,0,0,0,0,0,0,0,0,0,0,0,0,0,0,0,0,0,0,0,0,0,0,0,0,0,0,0,0,0,0,0,0,0,0,0,0,0,0,0,0,0,0,0,0,0,0,0,0,0
422013590,3,í∑çËés,É_ÉCÉÑÉâÉìÉh,0,,,4659,141,157,187,191,133,109,183,208,205,255,237,321,431,595,522,485,2273,1893,776,2091,79,76,106,93,57,48,86,81,94,119,99,119,180,267,281,261,976,849,301,2568,62,81,81,98,76,61,97,127,111,136,138,202,251,328,241,224,1297,1044,475
42201359001,4,í∑çËés,É_ÉCÉÑÉâÉìÉhàÍíöñ⁄,0,,,960,30,32,37,37,21,12,44,39,39,63,34,66,78,122,144,99,433,428,162,432,19,13,20,15,7,4,22,14,20,30,18,24,31,51,79,52,185,195,65,528,11,19,17,22,14,8,22,25,19,33,16,42,47,71,65,47,248,233,97
42201359002,4,í∑çËés,É_ÉCÉÑÉâÉìÉhìÒíöñ⁄,0,,,1268,35,43,37,46,33,26,35,60,63,65,72,76,111,158,158,115,587,566,250,565,17,24,22,22,14,8,18,25,29,30,31,25,49,62,84,63,251,251,105,703,18,19,15,24,19,18,17,35,34,35,41,51,62,96,74,52,336,315,145
42201359003,4,í∑çËés,É_ÉCÉÑÉâÉìÉhéOíöñ⁄,0,,,1428,32,44,42,48,34,34,69,62,45,67,67,114,156,211,147,118,696,609,251,644,18,25,28,27,17,14,33,25,22,29,28,42,73,99,81,71,310,260,80,784,14,19,14,21,17,20,36,37,23,38,39,72,83,112,66,47,386,349,171
42201359004,4,í∑çËés,É_ÉCÉÑÉâÉìÉhélíöñ⁄,0,,,1003,44,38,71,60,45,37,35,47,58,60,64,65,86,104,73,153,557,290,113,450,25,14,36,29,19,22,13,17,23,30,22,28,27,55,37,75,230,143,51,553,19,24,35,31,26,15,22,30,35,30,42,37,59,49,36,78,327,147,62
422013600,2,í∑çËés,è„ëKç¿í¨,0,,,471,18,10,19,18,31,14,16,25,21,32,21,25,19,43,35,47,222,194,116,210,10,5,13,7,17,5,8,11,9,14,14,11,8,13,17,28,104,73,43,261,8,5,6,11,14,9,8,14,12,18,7,14,11,30,18,19,118,121,73
422013610,2,í∑çËés,êºéRñ{í¨,0,,,990,25,32,23,34,47,44,38,59,67,60,62,58,57,73,102,80,526,355,180,456,14,20,11,15,25,18,19,29,37,26,34,20,23,29,44,45,246,144,71,534,11,12,12,19,22,26,19,30,30,34,28,38,34,44,58,35,280,211,109
422013620,3,í∑çËés,Ç¬Ç¬Ç∂Ç™ãu,0,,,2444,83,109,83,90,62,77,84,123,134,142,147,159,167,200,216,275,1185,978,562,1118,39,54,37,44,32,33,38,57,74,61,70,75,71,103,94,130,555,428,231,1326,44,55,46,46,30,44,46,66,60,81,77,84,96,97,122,145,630,550,331
42201362001,4,í∑çËés,Ç¬Ç¬Ç∂Ç™ãuàÍíöñ⁄,0,,,558,20,21,18,20,15,16,23,31,23,44,20,32,40,46,58,59,264,233,129,255,9,11,7,9,8,9,11,16,13,19,9,16,16,20,23,27,126,100,57,303,11,10,11,11,7,7,12,15,10,25,11,16,24,26,35,32,138,133,72
42201362002,4,í∑çËés,Ç¬Ç¬Ç∂Ç™ãuìÒíöñ⁄,0,,,445,13,14,7,17,10,13,17,17,21,27,31,37,30,37,44,34,220,191,110,209,6,7,5,7,5,7,7,7,11,13,14,19,14,16,22,18,104,87,49,236,7,7,2,10,5,6,10,10,10,14,17,18,16,21,22,16,116,104,61
42201362003,4,í∑çËés,Ç¬Ç¬Ç∂Ç™ãuéOíöñ⁄,0,,,390,13,17,16,19,11,14,9,21,24,21,27,26,20,34,32,46,192,151,85,185,7,10,5,13,7,5,5,10,13,12,14,11,7,19,14,22,97,65,32,205,6,7,11,6,4,9,4,11,11,9,13,15,13,15,18,24,95,86,53
42201362004,4,í∑çËés,Ç¬Ç¬Ç∂Ç™ãuélíöñ⁄,0,,,668,30,30,30,21,19,18,23,33,42,39,51,37,41,49,51,90,324,251,151,288,13,10,12,11,9,7,11,13,23,14,25,16,19,27,23,35,148,103,53,380,17,20,18,10,10,11,12,20,19,25,26,21,22,22,28,55,176,148,98
42201362005,4,í∑çËés,Ç¬Ç¬Ç∂Ç™ãuå‹íöñ⁄,0,,,383,7,27,12,13,7,16,12,21,24,11,18,27,36,34,31,46,185,152,87,181,4,16,8,4,3,5,4,11,14,3,8,13,15,21,12,28,80,73,40,202,3,11,4,9,4,11,8,10,10,8,10,14,21,13,19,18,105,79,47
422013630,2,í∑çËés,èZãgë‰í¨,0,,,340,8,11,12,14,10,7,12,24,18,23,24,14,30,43,38,31,176,130,49,149,6,6,9,2,5,2,3,12,5,10,11,7,12,16,21,21,69,57,20,191,2,5,3,12,5,5,9,12,13,13,13,7,18,27,17,10,107,73,29
422013641,3,í∑çËés,Ç≥Ç≠ÇÁÇÃó¢,0,,,3618,206,415,409,260,114,87,184,303,405,384,215,147,108,100,78,1030,2207,372,194,1745,105,208,208,124,55,36,83,146,201,192,118,71,48,48,44,521,1074,144,52,1873,101,207,201,136,59,51,101,157,204,192,97,76,60,52,34,509,1133,228,142
42201364101,4,í∑çËés,Ç≥Ç≠ÇÁÇÃó¢àÍíöñ⁄,0,,,1523,64,111,142,138,70,51,56,83,144,219,128,104,60,50,41,317,1053,146,55,742,33,56,68,64,35,21,26,41,67,106,73,51,28,23,24,157,512,69,22,781,31,55,74,74,35,30,30,42,77,113,55,53,32,27,17,160,541,77,33
42201364102,4,í∑çËés,Ç≥Ç≠ÇÁÇÃó¢ìÒíöñ⁄,0,,,2095,142,304,267,122,44,36,128,220,261,165,87,43,48,50,37,713,1154,226,139,1003,72,152,140,60,20,15,57,105,134,86,45,20,20,25,20,364,562,75,30,1092,70,152,127,62,24,21,71,115,127,79,42,23,28,25,17,349,592,151,109
422013642,3,í∑çËés,Ç≥Ç≠ÇÁÇÃó¢,0,,,18,1,0,0,0,0,1,1,2,1,0,1,1,2,5,2,1,9,8,1,10,1,0,0,0,0,0,0,2,1,0,0,1,0,2,2,1,4,5,1,8,0,0,0,0,0,1,1,0,0,0,1,0,2,3,0,0,5,3,0
42201364201,4,í∑çËés,Ç≥Ç≠ÇÁÇÃó¢àÍíöñ⁄,0,,,0,0,0,0,0,0,0,0,0,0,0,0,0,0,0,0,0,0,0,0,0,0,0,0,0,0,0,0,0,0,0,0,0,0,0,0,0,0,0,0,0,0,0,0,0,0,0,0,0,0,0,0,0,0,0,0,0,0,0,0
42201364202,4,í∑çËés,Ç≥Ç≠ÇÁÇÃó¢ìÒíöñ⁄,0,,,0,0,0,0,0,0,0,0,0,0,0,0,0,0,0,0,0,0,0,0,0,0,0,0,0,0,0,0,0,0,0,0,0,0,0,0,0,0,0,0,0,0,0,0,0,0,0,0,0,0,0,0,0,0,0,0,0,0,0,0
42201364203,4,í∑çËés,Ç≥Ç≠ÇÁÇÃó¢éOíöñ⁄,0,,,18,1,0,0,0,0,1,1,2,1,0,1,1,2,5,2,1,9,8,1,10,1,0,0,0,0,0,0,2,1,0,0,1,0,2,2,1,4,5,1,8,0,0,0,0,0,1,1,0,0,0,1,0,2,3,0,0,5,3,0
422013650,3,í∑çËés,çÇèÈë‰,0,,,2426,47,135,329,372,109,38,32,64,251,443,268,149,66,33,40,511,1792,119,46,1189,32,76,169,190,44,17,12,31,110,198,135,74,44,16,17,277,855,54,21,1237,15,59,160,182,65,21,20,33,141,245,133,75,22,17,23,234,937,65,25
42201365001,4,í∑çËés,çÇèÈë‰àÍíöñ⁄,0,,,1363,22,67,177,198,69,27,20,25,117,239,184,102,46,13,21,266,1027,66,32,675,16,36,98,111,28,12,7,10,53,101,92,54,27,6,9,150,495,27,12,688,6,31,79,87,41,15,13,15,64,138,92,48,19,7,12,116,532,39,20
42201365002,4,í∑çËés,çÇèÈë‰ìÒíöñ⁄,0,,,1063,25,68,152,174,40,11,12,39,134,204,84,47,20,20,19,245,765,53,14,514,16,40,71,79,16,5,5,21,57,97,43,20,17,10,8,127,360,27,9,549,9,28,81,95,24,6,7,18,77,107,41,27,3,10,11,118,405,26,5
422013660,3,í∑çËés,Ç›Ç»Ç∆ç‚,0,,,3155,391,404,306,188,50,101,340,292,309,297,148,87,62,58,45,1101,1874,179,76,1538,192,202,172,82,20,45,163,134,154,149,74,50,28,29,21,566,899,72,22,1617,199,202,134,106,30,56,177,158,155,148,74,37,34,29,24,535,975,107,54
42201366001,4,í∑çËés,Ç›Ç»Ç∆ç‚àÍíöñ⁄,0,,,1584,215,145,120,112,30,69,194,113,123,146,105,52,34,28,34,480,978,125,63,757,101,72,64,47,15,32,98,47,65,70,52,29,17,14,16,237,472,47,17,827,114,73,56,65,15,37,96,66,58,76,53,23,17,14,18,243,506,78,46
42201366002,4,í∑çËés,Ç›Ç»Ç∆ç‚ìÒíöñ⁄,0,,,1571,176,259,186,76,20,32,146,179,186,151,43,35,28,30,11,621,896,54,13,781,91,130,108,35,5,13,65,87,89,79,22,21,11,15,5,329,427,25,5,790,85,129,78,41,15,19,81,92,97,72,21,14,17,15,6,292,469,29,8
422013671,3,í∑çËés,ñLómë‰,0,,,2007,323,225,145,83,43,172,240,219,147,124,81,44,31,29,15,693,1184,130,86,997,177,122,65,41,22,85,110,110,86,66,31,23,16,12,7,364,590,43,24,1010,146,103,80,42,21,87,130,109,61,58,50,21,15,17,8,329,594,87,62
42201367101,4,í∑çËés,ñLómë‰àÍíöñ⁄,0,,,1544,215,184,120,75,32,93,168,163,122,107,73,41,28,25,14,519,902,123,84,761,118,102,54,38,17,45,76,80,70,58,27,23,14,9,7,274,448,39,23,783,97,82,66,37,15,48,92,83,52,49,46,18,14,16,7,245,454,84,61
42201367102,4,í∑çËés,ñLómë‰ìÒíöñ⁄,0,,,463,108,41,25,8,11,79,72,56,25,17,8,3,3,4,1,174,282,7,2,236,59,20,11,3,5,40,34,30,16,8,4,0,2,3,0,90,142,4,1,227,49,21,14,5,6,39,38,26,9,9,4,3,1,1,1,84,140,3,1
422013680,2,í∑çËés,çÅèƒí¨,0,,,3201,95,117,138,132,101,93,103,136,197,224,175,167,223,355,381,350,1551,1294,558,1477,48,55,71,66,56,44,59,63,82,109,75,70,99,168,181,174,723,577,228,1724,47,62,67,66,45,49,44,73,115,115,100,97,124,187,200,176,828,717,330
422013690,2,í∑çËés,à…â§ìáí¨,0,,,196,4,5,9,7,0,1,2,4,8,8,12,10,10,22,27,18,62,116,67,87,1,3,6,3,0,0,2,2,3,3,5,8,6,10,13,10,32,45,22,109,3,2,3,4,0,1,0,2,5,5,7,2,4,12,14,8,30,71,45
422013700,2,í∑çËés,à…â§ìáí¨,0,,,421,4,8,9,12,9,11,11,8,15,21,26,27,21,40,52,21,161,233,141,188,2,3,1,5,6,8,5,6,6,9,13,12,11,21,24,6,81,95,50,233,2,5,8,7,3,3,6,2,9,12,13,15,10,19,28,15,80,138,91
422013710,2,í∑çËés,çÇìáí¨,0,,,324,8,12,10,4,1,10,7,16,15,23,17,21,19,36,29,30,133,159,94,153,1,9,5,2,1,5,4,6,7,14,7,13,10,17,16,15,69,68,35,171,7,3,5,2,0,5,3,10,8,9,10,8,9,19,13,15,64,91,59
422013720,3,í∑çËés,â·èƒí¨,0,,,1995,47,56,76,67,40,50,73,82,89,106,99,137,164,224,234,179,907,907,449,888,25,29,41,31,21,22,33,42,34,48,49,58,76,95,122,95,414,377,160,1107,22,27,35,36,19,28,40,40,55,58,50,79,88,129,112,84,493,530,289
42201372001,4,í∑çËés,â·èƒí¨,0,,,102,6,6,4,2,3,3,5,2,8,3,1,10,9,3,15,16,46,40,22,48,3,4,2,1,2,2,3,1,2,1,1,4,5,0,7,9,22,17,10,54,3,2,2,1,1,1,2,1,6,2,0,6,4,3,8,7,24,23,12
42201372002,4,í∑çËés,â·èƒí¨,0,,,81,4,7,4,1,0,1,6,5,2,3,1,2,5,8,7,15,26,39,24,37,3,2,2,1,0,1,1,4,1,2,0,1,1,5,3,7,12,17,9,44,1,5,2,0,0,0,5,1,1,1,1,1,4,3,4,8,14,22,15
42201372003,4,í∑çËés,â·èƒí¨,0,,,89,1,0,4,7,3,0,3,1,2,3,11,10,5,10,8,5,45,38,20,40,1,0,4,3,1,0,1,1,1,1,5,5,3,2,5,5,21,13,6,49,0,0,0,4,2,0,2,0,1,2,6,5,2,8,3,0,24,25,14
42201372004,4,í∑çËés,â·èƒí¨,0,,,91,1,0,7,0,3,2,1,2,2,9,7,7,6,15,14,8,39,44,15,43,0,0,3,0,2,1,1,1,0,4,5,4,3,6,7,3,21,19,6,48,1,0,4,0,1,1,0,1,2,5,2,3,3,9,7,5,18,25,9
42201372005,4,í∑çËés,â·èƒí¨,0,,,91,0,0,0,0,1,4,3,2,1,5,6,10,9,10,10,0,41,50,30,34,0,0,0,0,1,1,2,0,1,2,3,2,4,6,4,0,16,18,8,57,0,0,0,0,0,3,1,2,0,3,3,8,5,4,6,0,25,32,22
42201372006,4,í∑çËés,â·èƒí¨,0,,,634,9,16,33,30,14,14,19,24,45,40,18,41,51,54,78,58,296,280,148,277,2,8,17,19,9,6,7,10,18,17,9,17,25,27,39,27,137,113,47,357,7,8,16,11,5,8,12,14,27,23,9,24,26,27,39,31,159,167,101
42201372007,4,í∑çËés,â·èƒí¨,0,,,58,0,2,1,2,0,1,7,1,2,1,3,4,2,10,7,3,23,32,15,28,0,2,0,0,0,0,3,1,1,1,2,1,1,5,4,2,10,16,7,30,0,0,1,2,0,1,4,0,1,0,1,3,1,5,3,1,13,16,8
42201372008,4,í∑çËés,â·èƒí¨,0,,,424,15,20,10,9,7,11,14,33,15,23,29,23,36,56,42,45,200,179,81,200,9,10,7,3,1,5,6,17,7,11,16,14,12,22,24,26,92,82,36,224,6,10,3,6,6,6,8,16,8,12,13,9,24,34,18,19,108,97,45
42201372009,4,í∑çËés,â·èƒí¨,0,,,74,1,1,0,4,3,1,2,3,3,5,2,3,7,8,10,2,33,39,21,34,1,0,0,1,3,0,1,2,2,3,1,1,2,3,5,1,16,17,9,40,0,1,0,3,0,1,1,1,1,2,1,2,5,5,5,1,17,22,12
42201372010,4,í∑çËés,â·èƒí¨,0,,,135,5,2,6,7,4,3,6,1,3,4,9,13,12,18,10,13,62,60,32,48,3,2,3,2,1,2,2,0,1,2,2,6,5,5,7,8,23,17,5,87,2,0,3,5,3,1,4,1,2,2,7,7,7,13,3,5,39,43,27
42201372011,4,í∑çËés,â·èƒí¨,0,,,55,3,0,2,0,0,7,2,3,2,0,3,5,5,4,6,5,27,23,13,25,2,0,2,0,0,4,2,1,0,0,0,1,3,2,3,4,11,10,5,30,1,0,0,0,0,3,0,2,2,0,3,4,2,2,3,1,16,13,8
42201372012,4,í∑çËés,â·èƒí¨,0,,,145,1,2,5,4,1,2,2,5,3,10,9,6,16,26,27,8,58,79,26,67,1,1,1,1,1,0,2,4,0,4,5,1,11,11,14,3,29,35,10,78,0,1,4,3,0,2,0,1,3,6,4,5,5,15,13,5,29,44,16
42201372013,4,í∑çËés,â·èƒí¨,0,,,16,1,0,0,1,1,1,3,0,1,0,0,3,1,2,0,1,11,4,2,7,0,0,0,0,0,0,2,0,0,0,0,1,1,1,0,0,4,3,2,9,1,0,0,1,1,1,1,0,1,0,0,2,0,1,0,1,7,1,0
422013730,3,í∑çËés,êÏå¥í¨,0,,,629,15,32,17,15,10,17,21,27,29,38,28,35,61,89,65,64,281,282,128,306,12,14,7,5,8,10,9,16,11,21,16,15,31,47,30,33,142,129,52,323,3,18,10,10,2,7,12,11,18,17,12,20,30,42,35,31,139,153,76
42201373001,4,í∑çËés,êÏå¥í¨,0,,,136,1,5,3,3,2,4,4,7,6,4,7,13,15,18,14,9,65,60,28,68,1,3,1,2,2,2,2,4,3,3,3,6,8,9,6,5,35,26,11,68,0,2,2,1,0,2,2,3,3,1,4,7,7,9,8,4,30,34,17
42201373002,4,í∑çËés,êÏå¥í¨,0,,,113,4,6,7,6,0,3,5,7,4,9,4,4,11,18,12,17,53,43,13,56,3,4,2,1,0,2,2,4,2,5,3,3,5,7,7,9,27,20,6,57,1,2,5,5,0,1,3,3,2,4,1,1,6,11,5,8,26,23,7
42201373003,4,í∑çËés,êÏå¥í¨,0,,,124,4,5,4,2,4,6,3,4,6,9,9,4,11,18,9,13,58,53,26,67,4,4,3,0,4,4,1,2,2,6,4,1,6,9,5,11,30,26,12,57,0,1,1,2,0,2,2,2,4,3,5,3,5,9,4,2,28,27,14
42201373004,4,í∑çËés,êÏå¥í¨,0,,,166,3,14,3,4,4,3,6,6,10,9,6,9,16,16,22,20,73,73,35,71,2,3,1,2,2,2,2,4,3,3,5,4,7,9,9,6,34,31,13,95,1,11,2,2,2,1,4,2,7,6,1,5,9,7,13,14,39,42,22
42201373005,4,í∑çËés,êÏå¥í¨,0,,,90,3,2,0,0,0,1,3,3,3,7,2,5,8,19,8,5,32,53,26,44,2,0,0,0,0,0,2,2,1,4,1,1,5,13,3,2,16,26,10,46,1,2,0,0,0,1,1,1,2,3,1,4,3,6,5,3,16,27,16
422013740,3,í∑çËés,à◊êŒí¨,0,,,1451,46,53,64,57,32,53,39,62,94,82,99,71,115,122,160,163,704,580,298,656,19,19,34,32,16,24,23,28,54,39,44,32,56,57,66,72,348,233,110,795,27,34,30,25,16,29,16,34,40,43,55,39,59,65,94,91,356,347,188
42201374001,4,í∑çËés,à◊êŒí¨,0,,,94,1,3,6,2,1,1,4,3,5,7,0,3,15,11,16,10,41,43,16,42,1,2,3,1,1,0,3,0,3,3,0,1,6,5,7,6,18,18,6,52,0,1,3,1,0,1,1,3,2,4,0,2,9,6,9,4,23,25,10
42201374002,4,í∑çËés,à◊êŒí¨,0,,,151,2,5,7,3,2,1,2,7,9,3,17,7,13,21,19,14,64,73,33,67,1,1,3,2,1,0,0,4,5,3,7,2,7,10,8,5,31,31,13,84,1,4,4,1,1,1,2,3,4,0,10,5,6,11,11,9,33,42,20
42201374003,4,í∑çËés,à◊êŒí¨,0,,,41,0,0,1,0,1,2,1,0,2,1,6,2,5,1,5,1,20,20,14,21,0,0,1,0,1,1,1,0,1,1,2,1,4,0,1,1,12,8,7,20,0,0,0,0,0,1,0,0,1,0,4,1,1,1,4,0,8,12,7
42201374004,4,í∑çËés,à◊êŒí¨,0,,,76,0,0,3,1,0,0,1,1,5,7,4,6,9,6,13,3,34,39,20,40,0,0,2,1,0,0,1,1,2,5,2,4,4,4,7,2,20,18,7,36,0,0,1,0,0,0,0,0,3,2,2,2,5,2,6,1,14,21,13
42201374005,4,í∑çËés,à◊êŒí¨,0,,,62,4,4,0,1,1,1,1,6,5,1,5,3,7,1,6,8,31,23,16,24,1,1,0,1,0,0,0,3,2,0,3,1,3,1,1,2,13,9,7,38,3,3,0,0,1,1,1,3,3,1,2,2,4,0,5,6,18,14,9
42201374006,4,í∑çËés,à◊êŒí¨,0,,,83,0,0,1,3,1,3,2,1,6,4,4,6,8,6,11,1,38,44,27,42,0,0,1,1,1,2,2,1,4,2,2,5,4,1,6,1,24,17,10,41,0,0,0,2,0,1,0,0,2,2,2,1,4,5,5,0,14,27,17
42201374007,4,í∑çËés,à◊êŒí¨,0,,,47,0,0,0,0,0,2,1,4,2,2,1,3,5,11,7,0,20,27,9,24,0,0,0,0,0,1,1,3,2,0,1,0,3,6,3,0,11,13,4,23,0,0,0,0,0,1,0,1,0,2,0,3,2,5,4,0,9,14,5
42201374008,4,í∑çËés,à◊êŒí¨,0,,,423,24,24,28,24,10,25,13,23,30,32,23,9,20,29,38,76,209,136,69,192,11,9,15,10,4,10,7,9,16,15,12,5,9,12,17,35,97,59,30,231,13,15,13,14,6,15,6,14,14,17,11,4,11,17,21,41,112,77,39
42201374009,4,í∑çËés,à◊êŒí¨,0,,,183,10,13,13,16,7,6,5,6,20,12,21,11,8,5,7,36,112,35,23,81,3,4,5,10,4,3,3,3,13,4,10,4,4,2,3,12,58,11,6,102,7,9,8,6,3,3,2,3,7,8,11,7,4,3,4,24,54,24,17
42201374010,4,í∑çËés,à◊êŒí¨,0,,,97,3,0,2,1,2,4,5,1,1,3,3,11,9,16,10,5,40,52,26,43,2,0,2,1,1,2,2,0,1,2,1,4,6,9,4,4,20,19,6,54,1,0,0,0,1,2,3,1,0,1,2,7,3,7,6,1,20,33,20
42201374011,4,í∑çËés,à◊êŒí¨,0,,,194,2,4,3,6,7,8,4,10,9,10,15,10,16,15,28,9,95,88,45,80,0,2,2,5,3,5,3,4,5,4,4,5,6,7,9,4,44,30,14,114,2,2,1,1,4,3,1,6,4,6,11,5,10,8,19,5,51,58,31
422013750,2,í∑çËés,í÷Ç™ãuí¨,0,,,892,26,38,33,33,18,21,26,39,48,71,46,38,43,100,167,97,383,411,144,417,9,23,13,15,11,13,15,15,26,36,24,18,21,40,79,45,194,177,58,475,17,15,20,18,7,8,11,24,22,35,22,20,22,60,88,52,189,234,86
422013760,2,í∑çËés,ì°ìcîˆí¨,0,,,55,0,0,2,0,0,0,1,1,1,1,4,4,9,4,9,2,21,32,19,27,0,0,2,0,0,0,1,0,1,1,2,2,5,3,3,2,12,13,7,28,0,0,0,0,0,0,0,1,0,0,2,2,4,1,6,0,9,19,12
422013770,3,í∑çËés,ïzä™í¨,0,,,1515,17,16,16,9,27,13,31,46,65,81,60,85,115,167,134,49,532,930,629,681,7,10,9,8,13,4,20,27,43,37,30,49,65,89,77,26,296,356,190,834,10,6,7,1,14,9,11,19,22,44,30,36,50,78,57,23,236,574,439
42201377001,4,í∑çËés,ïzä™í¨,0,,,515,17,16,16,9,9,9,19,19,25,28,20,32,43,52,49,49,213,249,148,224,7,10,9,8,2,4,12,7,16,13,8,15,24,22,24,26,109,86,40,291,10,6,7,1,7,5,7,12,9,15,12,17,19,30,25,23,104,163,108
42201377002,4,í∑çËés,ïzä™í¨,0,,,305,0,0,0,0,17,4,11,19,34,44,24,30,46,43,15,0,229,76,18,178,0,0,0,0,11,0,8,15,24,21,14,18,25,23,9,0,136,42,10,127,0,0,0,0,6,4,3,4,10,23,10,12,21,20,6,0,93,34,8
42201377003,4,í∑çËés,ïzä™í¨,0,,,48,0,0,0,0,0,0,0,0,0,0,0,0,0,4,11,0,0,48,33,15,0,0,0,0,0,0,0,0,0,0,0,0,0,2,6,0,0,15,7,33,0,0,0,0,0,0,0,0,0,0,0,0,0,2,5,0,0,33,26
42201377004,4,í∑çËés,ïzä™í¨,0,,,647,0,0,0,0,1,0,1,8,6,9,16,23,26,68,59,0,90,557,430,264,0,0,0,0,0,0,0,5,3,3,8,16,16,42,38,0,51,213,133,383,0,0,0,0,1,0,1,3,3,6,8,7,10,26,21,0,39,344,297
422013780,2,í∑çËés,ê∞äCë‰í¨,0,,,2671,77,136,107,95,78,61,80,172,147,141,134,198,271,407,300,320,1377,969,262,1264,39,67,50,41,42,27,40,80,65,66,60,86,122,198,161,156,629,476,117,1407,38,69,57,54,36,34,40,92,82,75,74,112,149,209,139,164,748,493,145
422013790,3,í∑çËés,ã{çËí¨,0,,,698,9,27,36,30,12,13,15,37,37,41,51,42,60,84,77,72,338,285,124,337,5,18,17,20,5,5,7,13,24,22,18,20,28,41,38,40,162,133,54,361,4,9,19,10,7,8,8,24,13,19,33,22,32,43,39,32,176,152,70
42201379001,4,í∑çËés,ã{çËí¨,0,,,9,0,0,0,0,0,0,0,0,1,0,0,0,1,2,1,0,2,7,4,4,0,0,0,0,0,0,0,0,1,0,0,0,0,1,1,0,1,3,1,5,0,0,0,0,0,0,0,0,0,0,0,0,1,1,0,0,1,4,3
42201379002,4,í∑çËés,ã{çËí¨,0,,,101,0,2,3,4,1,0,2,5,7,4,4,9,12,11,18,5,48,47,18,50,0,1,1,4,1,0,1,0,2,4,0,5,6,4,9,2,23,24,11,51,0,1,2,0,0,0,1,5,5,0,4,4,6,7,9,3,25,23,7
42201379003,4,í∑çËés,ã{çËí¨,0,,,324,2,12,14,15,4,11,8,11,16,24,24,19,30,41,33,28,162,132,58,157,1,9,6,10,1,4,4,4,13,11,9,7,15,21,17,16,78,62,24,167,1,3,8,5,3,7,4,7,3,13,15,12,15,20,16,12,84,70,34
42201379004,4,í∑çËés,ã{çËí¨,0,,,264,7,13,19,11,7,2,5,21,13,13,23,14,17,30,25,39,126,99,44,126,4,8,10,6,3,1,2,9,8,7,9,8,7,15,11,22,60,44,18,138,3,5,9,5,4,1,3,12,5,6,14,6,10,15,14,17,66,55,26
422013800,2,í∑çËés,à»â∫èhí¨,0,,,209,1,1,6,3,2,6,0,4,6,6,8,15,18,29,18,8,68,133,86,75,1,0,2,2,1,1,0,3,2,4,3,9,10,14,8,3,35,37,15,134,0,1,4,1,1,5,0,1,4,2,5,6,8,15,10,5,33,96,71
422013810,2,í∑çËés,ñÏïÍçËäíìáí¨,0,,,422,4,6,4,8,7,8,11,10,7,25,21,31,39,82,43,14,167,241,116,195,1,5,1,3,5,4,6,6,3,12,14,14,18,47,15,7,85,103,41,227,3,1,3,5,2,4,5,4,4,13,7,17,21,35,28,7,82,138,75
422013820,2,í∑çËés,çïïlí¨,0,,,163,0,5,1,3,2,2,3,4,7,5,6,15,18,30,16,6,65,92,46,74,0,2,0,1,0,1,0,2,6,3,2,6,9,15,8,2,30,42,19,89,0,3,1,2,2,1,3,2,1,2,4,9,9,15,8,4,35,50,27
422013830,2,í∑çËés,çÇïlí¨,0,,,994,27,37,32,25,32,36,30,36,55,56,43,71,83,126,107,96,467,429,196,479,14,21,19,13,17,18,16,15,22,31,24,30,47,64,56,54,233,191,71,515,13,16,13,12,15,18,14,21,33,25,19,41,36,62,51,42,234,238,125
422013840,2,í∑çËés,ìÏâzí¨,0,,,133,0,0,5,2,3,2,1,5,3,13,6,9,16,20,18,5,60,68,30,69,0,0,3,2,1,1,0,5,1,7,4,4,9,10,11,3,34,32,11,64,0,0,2,0,2,1,1,0,2,6,2,5,7,10,7,2,26,36,19
422013850,2,í∑çËés,ñÏïÍí¨,0,,,1437,13,29,24,30,32,28,41,43,35,74,70,87,124,179,202,66,564,807,426,654,6,15,13,20,13,10,16,23,18,40,27,39,65,87,111,34,271,349,151,783,7,14,11,10,19,18,25,20,17,34,43,48,59,92,91,32,293,458,275
422013860,2,í∑çËés,òeñ¶í¨,0,,,1220,21,15,30,42,26,27,32,45,50,46,63,84,119,164,153,66,534,619,302,557,10,8,19,21,11,12,15,22,25,23,31,41,53,80,83,37,254,265,102,663,11,7,11,21,15,15,17,23,25,23,32,43,66,84,70,29,280,354,200
422013870,2,í∑çËés,âiìcí¨,0,,,392,8,13,16,14,8,14,15,11,25,27,21,35,33,45,34,37,203,151,72,186,5,6,9,10,2,6,8,7,9,16,9,17,16,22,17,20,100,65,26,206,3,7,7,4,6,8,7,4,16,11,12,18,17,23,17,17,103,86,46
422013880,2,í∑çËés,è„çïçËí¨,0,,,238,2,1,0,4,3,3,2,2,3,3,6,8,16,24,12,3,50,178,142,73,2,0,0,1,2,1,0,2,2,1,2,5,8,14,5,2,24,44,25,165,0,1,0,3,1,2,2,0,1,2,4,3,8,10,7,1,26,134,117
422013890,2,í∑çËés,â∫çïçËí¨,0,,,621,10,10,5,21,20,13,15,16,24,28,40,31,50,58,61,25,258,335,216,261,5,7,2,9,13,5,12,6,10,13,20,17,18,35,25,14,123,122,62,360,5,3,3,12,7,8,3,10,14,15,20,14,32,23,36,11,135,213,154
422013900,2,í∑çËés,êºèoí√í¨,0,,,444,3,8,2,23,13,13,6,11,25,32,17,36,45,37,39,13,221,210,134,185,3,2,1,10,4,6,0,5,11,16,8,16,25,17,21,6,101,78,40,259,0,6,1,13,9,7,6,6,14,16,9,20,20,20,18,7,120,132,94
422013910,2,í∑çËés,ìåèoí√í¨,0,,,168,2,1,1,2,10,2,5,1,5,10,10,19,20,14,18,4,84,80,48,78,0,1,0,1,5,1,3,1,2,5,2,11,10,5,9,1,41,36,22,90,2,0,1,1,5,1,2,0,3,5,8,8,10,9,9,3,43,44,26
422013920,2,í∑çËés,êVñqñÏí¨,0,,,321,3,3,5,5,4,6,3,10,6,15,14,27,27,28,33,11,117,193,132,115,3,2,2,3,1,2,1,6,3,8,5,14,14,12,15,7,57,51,24,206,0,1,3,2,3,4,2,4,3,7,9,13,13,16,18,4,60,142,108
422013930,2,í∑çËés,ê‘éÒí¨,0,,,73,2,0,0,0,2,3,2,4,2,5,5,7,4,9,10,2,34,37,18,36,1,0,0,0,1,1,2,3,2,1,4,4,2,4,3,1,20,15,8,37,1,0,0,0,1,2,0,1,0,4,1,3,2,5,7,1,14,22,10
422013940,2,í∑çËés,ê_âYêÓéRí¨,0,,,69,1,1,1,0,1,2,2,0,0,5,4,6,6,7,6,3,26,40,27,32,1,0,0,0,0,1,2,0,0,2,2,4,3,5,3,1,14,17,9,37,0,1,1,0,1,1,0,0,0,3,2,2,3,2,3,2,12,23,18
422013950,2,í∑çËés,ê_âYñkëÂíÜîˆí¨,0,,,0,0,0,0,0,0,0,0,0,0,0,0,0,0,0,0,0,0,0,0,0,0,0,0,0,0,0,0,0,0,0,0,0,0,0,0,0,0,0,0,0,0,0,0,0,0,0,0,0,0,0,0,0,0,0,0,0,0,0,0
422013960,2,í∑çËés,ê_âYè„ëÂíÜîˆí¨,0,,,0,0,0,0,0,0,0,0,0,0,0,0,0,0,0,0,0,0,0,0,0,0,0,0,0,0,0,0,0,0,0,0,0,0,0,0,0,0,0,0,0,0,0,0,0,0,0,0,0,0,0,0,0,0,0,0,0,0,0,0
422013970,2,í∑çËés,ê_âYâ∫ëÂíÜîˆí¨,0,,,149,3,3,4,5,1,3,0,5,8,8,4,6,16,13,20,10,56,83,50,71,0,3,3,1,1,2,0,2,4,6,3,0,8,8,8,6,27,38,22,78,3,0,1,4,0,1,0,3,4,2,1,6,8,5,12,4,29,45,28
422013980,2,í∑çËés,ê_âYä€îˆí¨,0,,,104,0,0,0,0,0,0,0,0,0,0,0,0,0,2,4,0,0,104,98,27,0,0,0,0,0,0,0,0,0,0,0,0,0,2,2,0,0,27,23,77,0,0,0,0,0,0,0,0,0,0,0,0,0,0,2,0,0,77,75
422013990,2,í∑çËés,ê_âYç]êÏí¨,0,,,314,1,4,11,6,3,8,6,8,13,4,15,20,32,37,36,16,115,183,110,149,0,1,7,5,2,7,4,4,5,1,9,9,18,19,18,8,64,77,40,165,1,3,4,1,1,1,2,4,8,3,6,11,14,18,18,8,51,106,70
422014000,2,í∑çËés,ê_âYè„ìπìøí¨,0,,,64,0,0,0,0,1,4,3,0,1,0,3,10,8,7,7,0,30,34,20,27,0,0,0,0,0,1,1,0,1,0,1,7,3,3,4,0,14,13,6,37,0,0,0,0,1,3,2,0,0,0,2,3,5,4,3,0,16,21,14
422014010,2,í∑çËés,ê_âYâ∫ìπìøí¨,0,,,0,0,0,0,0,0,0,0,0,0,0,0,0,0,0,0,0,0,0,0,0,0,0,0,0,0,0,0,0,0,0,0,0,0,0,0,0,0,0,0,0,0,0,0,0,0,0,0,0,0,0,0,0,0,0,0,0,0,0,0
422014020,2,í∑çËés,ê_âYå˚ïüí¨,0,,,17,0,0,0,0,0,1,0,0,0,0,1,2,0,1,3,0,4,13,9,8,0,0,0,0,0,0,0,0,0,0,0,2,0,1,1,0,2,6,4,9,0,0,0,0,0,1,0,0,0,0,1,0,0,0,2,0,2,7,5
422014030,2,í∑çËés,ê_âYå¸í¨,0,,,96,2,5,9,3,2,1,1,0,9,9,1,3,4,11,8,16,33,47,28,33,1,2,2,0,0,0,0,0,5,4,1,1,1,6,3,5,12,16,7,63,1,3,7,3,2,1,1,0,4,5,0,2,3,5,5,11,21,31,21
422014040,2,í∑çËés,ê_âYâƒà‰í¨,0,,,70,0,2,1,3,0,3,1,3,3,4,3,8,6,6,7,3,34,32,19,34,0,1,1,1,0,1,0,1,2,3,3,4,3,2,3,2,18,13,8,36,0,1,0,2,0,2,1,2,1,1,0,4,3,4,4,1,16,19,11
422014050,2,í∑çËés,è„ëÂñÏí¨,0,,,68,0,0,1,0,0,0,2,1,0,2,4,3,11,7,10,1,23,44,27,32,0,0,0,0,0,0,1,1,0,1,2,2,6,4,5,0,13,19,10,36,0,0,1,0,0,0,1,0,0,1,2,1,5,3,5,1,10,25,17
422014060,2,í∑çËés,â∫ëÂñÏí¨,0,,,104,0,0,3,3,1,1,2,6,7,4,9,8,10,11,12,3,51,50,27,50,0,0,2,0,1,1,1,3,4,2,5,5,6,8,4,2,28,20,8,54,0,0,1,3,0,0,1,3,3,2,4,3,4,3,8,1,23,30,19
422014070,2,í∑çËés,írìáí¨,0,,,106,0,0,2,0,1,2,2,3,5,7,3,5,12,16,24,2,40,62,22,64,0,0,2,0,0,1,0,2,2,5,2,2,10,10,18,2,24,37,9,42,0,0,0,0,1,1,2,1,3,2,1,3,2,6,6,0,16,25,13
422014160,2,í∑çËés,í∑çËç`,0,,,0,0,0,0,0,0,0,0,0,0,0,0,0,0,0,0,0,0,0,0,0,0,0,0,0,0,0,0,0,0,0,0,0,0,0,0,0,0,0,0,0,0,0,0,0,0,0,0,0,0,0,0,0,0,0,0,0,0,0,0
422014170,2,í∑çËés,ã’äCîˆåÀí¨,0,,,519,6,12,17,16,14,10,19,11,23,20,14,54,65,54,61,35,246,238,123,248,3,5,8,6,11,6,12,5,10,12,5,24,35,27,33,16,126,106,46,271,3,7,9,10,3,4,7,6,13,8,9,30,30,27,28,19,120,132,77
422014180,2,í∑çËés,ã’äCëÂïΩí¨,0,,,966,28,31,41,37,17,34,33,52,47,49,75,71,89,80,72,100,504,327,175,465,18,17,24,16,8,18,17,27,14,23,39,34,46,42,36,59,242,145,67,501,10,14,17,21,9,16,16,25,33,26,36,37,43,38,36,41,262,182,108
422014190,2,í∑çËés,ã’äCå`è„í¨,0,,,663,13,16,16,18,21,16,24,23,26,45,47,60,56,49,76,45,336,281,156,315,5,6,6,11,9,9,12,12,13,24,17,32,29,25,41,17,168,129,63,348,8,10,10,7,12,7,12,11,13,21,30,28,27,24,35,28,168,152,93
422014200,2,í∑çËés,í∑âYí¨,0,,,707,22,21,28,20,28,22,35,27,37,32,45,53,56,60,58,71,355,278,160,321,10,9,13,11,14,10,17,17,18,14,22,18,31,29,26,32,172,115,60,386,12,12,15,9,14,12,18,10,19,18,23,35,25,31,32,39,183,163,100
422014210,2,í∑çËés,ã’äCåÀç™å¥í¨,0,,,380,10,7,11,32,23,9,10,23,24,30,25,17,22,29,40,28,215,137,68,187,5,5,7,11,12,4,5,12,13,14,13,9,10,14,22,17,103,67,31,193,5,2,4,21,11,5,5,11,11,16,12,8,12,15,18,11,112,70,37
422014220,2,í∑çËés,ã’äCåÀç™í¨,0,,,1584,53,89,91,82,40,53,72,79,98,113,78,115,124,115,133,233,854,491,243,763,28,42,52,32,19,27,37,42,48,56,40,47,63,62,55,122,411,226,109,821,25,47,39,50,21,26,35,37,50,57,38,68,61,53,78,111,443,265,134
422014230,2,í∑çËés,ã’äCë∫èºí¨,0,,,1539,72,65,68,59,42,67,83,95,70,82,60,101,99,102,105,205,758,564,357,716,30,39,33,32,15,37,34,53,35,39,25,48,54,52,48,102,372,234,134,823,42,26,35,27,27,30,49,42,35,43,35,53,45,50,57,103,386,330,223
422014240,3,í∑çËés,êºäCí¨,0,,,5130,187,215,209,209,205,189,248,243,284,359,318,306,358,480,546,611,2719,1756,730,2429,96,104,116,96,93,92,117,127,128,188,138,138,160,229,268,316,1277,806,309,2701,91,111,93,113,112,97,131,116,156,171,180,168,198,251,278,295,1442,950,421
42201424001,4,í∑çËés,êºäCí¨,0,,,2638,113,103,96,113,116,132,155,132,152,174,177,172,184,231,235,312,1507,810,344,1268,59,47,53,56,51,62,71,74,73,91,82,82,81,113,119,159,723,377,145,1370,54,56,43,57,65,70,84,58,79,83,95,90,103,118,116,153,784,433,199
42201424002,4,í∑çËés,êºäCí¨,0,,,2492,74,112,113,96,89,57,93,111,132,185,141,134,174,249,311,299,1212,946,386,1161,37,57,63,40,42,30,46,53,55,97,56,56,79,116,149,157,554,429,164,1331,37,55,50,56,47,27,47,58,77,88,85,78,95,133,162,142,658,517,222
422014250,2,í∑çËés,ìåå√êÏí¨,0,,,191,3,6,15,9,4,5,5,12,16,15,8,10,11,14,18,24,95,64,32,70,1,2,8,1,0,0,2,4,5,7,3,3,9,6,5,11,34,21,10,121,2,4,7,8,4,5,3,8,11,8,5,7,2,8,13,13,61,43,22
422014260,2,í∑çËés,ã‚âÆí¨,0,,,386,7,10,13,14,10,30,23,24,30,26,29,23,20,20,32,30,229,113,61,186,5,7,7,7,4,13,11,12,15,12,16,12,9,10,17,19,111,49,22,200,2,3,6,7,6,17,12,12,15,14,13,11,11,10,15,11,118,64,39
422014270,2,í∑çËés,ÇØÇ‚Ç´ë‰í¨,0,,,763,22,68,118,89,28,6,15,47,94,112,63,46,10,14,17,208,510,45,14,367,13,33,61,37,16,4,11,20,37,52,31,26,4,9,5,107,238,22,8,396,9,35,57,52,12,2,4,27,57,60,32,20,6,5,12,101,272,23,6
42202,1,ç≤ê¢ï€és,,0,,,243223,9497,10842,11168,11282,10019,9948,11669,13621,14784,16167,14704,14144,15372,18622,19288,31507,131710,77173,39263,115131,4881,5468,5686,5889,5189,5184,6007,6889,7270,7918,6974,6730,7380,8880,8982,16035,65430,32069,14207,128092,4616,5374,5482,5393,4830,4764,5662,6732,7514,8249,7730,7414,7992,9742,10306,15472,66280,45104,25056
422020010,2,ç≤ê¢ï€és,ìcë„í¨,0,,,72,1,2,1,2,3,1,1,2,6,0,8,5,3,5,5,4,31,36,26,38,0,2,0,1,2,1,1,2,4,0,2,3,3,1,3,2,19,16,12,34,1,0,1,1,1,0,0,0,2,0,6,2,0,4,2,2,12,20,14
422020020,2,ç≤ê¢ï€és,ê‘ñÿí¨,0,,,123,0,4,4,1,1,1,1,5,7,7,17,16,22,13,8,8,78,37,16,64,0,2,2,1,1,0,1,3,5,5,6,9,13,6,5,4,44,16,5,59,0,2,2,0,0,1,0,2,2,2,11,7,9,7,3,4,34,21,11
422020030,2,ç≤ê¢ï€és,âGñXéqí¨,0,,,65,1,3,3,3,6,3,4,0,4,4,5,7,7,1,1,7,43,15,13,30,0,1,2,2,2,1,1,0,1,3,2,4,4,1,0,3,20,7,6,35,1,2,1,1,4,2,3,0,3,1,3,3,3,0,1,4,23,8,7
422020040,3,ç≤ê¢ï€és,ç˜ñÿí¨,0,,,1804,95,72,81,66,44,59,77,95,124,129,119,86,118,153,165,248,917,628,310,827,48,37,42,29,24,35,31,45,55,67,61,39,56,63,79,127,442,251,109,977,47,35,39,37,20,24,46,50,69,62,58,47,62,90,86,121,475,377,201
42202004000,4,ç≤ê¢ï€és,ç˜ñÿí¨,0,,,847,47,32,50,38,13,29,35,50,60,69,53,45,58,73,67,129,450,262,122,388,26,19,27,16,8,15,13,23,23,35,26,21,29,27,34,72,209,104,43,459,21,13,23,22,5,14,22,27,37,34,27,24,29,46,33,57,241,158,79
42202004001,4,ç≤ê¢ï€és,ç˜ñÿí¨,0,,,957,48,40,31,28,31,30,42,45,64,60,66,41,60,80,98,119,467,366,188,439,22,18,15,13,16,20,18,22,32,32,35,18,27,36,45,55,233,147,66,518,26,22,16,15,15,10,24,23,32,28,31,23,33,44,53,64,234,219,122
422020050,3,ç≤ê¢ï€és,ètì˙í¨,0,,,1453,54,48,38,37,51,59,69,58,81,91,103,100,110,125,129,140,759,541,287,656,33,29,16,18,24,26,29,27,40,44,47,46,53,55,61,78,354,216,100,797,21,19,22,19,27,33,40,31,41,47,56,54,57,70,68,62,405,325,187
42202005000,4,ç≤ê¢ï€és,ètì˙í¨,0,,,1343,54,43,34,36,50,55,65,57,76,82,97,93,105,115,117,131,716,483,251,610,33,27,13,18,23,24,27,26,37,39,45,42,52,51,56,73,333,196,89,733,21,16,21,18,27,31,38,31,39,43,52,51,53,64,61,58,383,287,162
42202005001,4,ç≤ê¢ï€és,ètì˙í¨,0,,,110,0,5,4,1,1,4,4,1,5,9,6,7,5,10,12,9,43,58,36,46,0,2,3,0,1,2,2,1,3,5,2,4,1,4,5,5,21,20,11,64,0,3,1,1,0,2,2,0,2,4,4,3,4,6,7,4,22,38,25
422020060,2,ç≤ê¢ï€és,â°îˆí¨,0,,,2408,82,83,98,80,76,72,103,133,134,155,140,143,174,193,233,263,1210,920,494,1085,39,44,51,41,31,29,45,61,60,76,70,65,81,95,100,134,559,383,188,1323,43,39,47,39,45,43,58,72,74,79,70,78,93,98,133,129,651,537,306
422020070,3,ç≤ê¢ï€és,î~ìcí¨,0,,,870,37,41,35,27,28,34,38,40,52,44,57,51,79,76,70,113,450,299,153,403,22,23,20,12,15,18,19,18,25,20,24,16,38,47,30,65,205,129,52,467,15,18,15,15,13,16,19,22,27,24,33,35,41,29,40,48,245,170,101
42202007000,4,ç≤ê¢ï€és,î~ìcí¨,0,,,384,14,14,7,9,14,22,19,14,25,20,25,28,35,27,29,35,211,130,74,167,7,7,3,4,5,12,11,6,13,9,8,9,21,14,12,17,98,48,22,217,7,7,4,5,9,10,8,8,12,11,17,19,14,13,17,18,113,82,52
42202007001,4,ç≤ê¢ï€és,î~ìcí¨,0,,,486,23,27,28,18,14,12,19,26,27,24,32,23,44,49,41,78,239,169,79,236,15,16,17,8,10,6,8,12,12,11,16,7,17,33,18,48,107,81,30,250,8,11,11,10,4,6,11,14,15,13,16,16,27,16,23,30,132,88,49
422020080,2,ç≤ê¢ï€és,ïUí¨,0,,,834,18,26,25,27,17,30,44,51,40,42,51,36,50,86,67,69,388,331,178,357,9,14,14,10,9,12,22,22,19,21,20,14,19,44,34,37,168,130,52,477,9,12,11,17,8,18,22,29,21,21,31,22,31,42,33,32,220,201,126
422020090,2,ç≤ê¢ï€és,ã{ìcí¨,0,,,248,3,13,7,2,4,10,18,14,9,13,13,20,15,25,27,23,118,105,53,117,1,8,4,1,1,4,8,7,4,6,5,13,5,14,13,13,54,48,21,131,2,5,3,1,3,6,10,7,5,7,8,7,10,11,14,10,64,57,32
422020100,2,ç≤ê¢ï€és,èÈéRí¨,0,,,366,17,18,16,22,9,12,14,20,36,25,25,29,17,21,17,51,209,106,68,151,4,12,8,5,4,6,7,8,19,11,7,16,5,8,10,24,88,39,21,215,13,6,8,17,5,6,7,12,17,14,18,13,12,13,7,27,121,67,47
422020110,3,ç≤ê¢ï€és,î™î¶í¨,0,,,703,47,38,21,22,23,37,46,61,45,43,38,33,40,45,50,106,388,194,99,299,14,18,12,6,16,13,19,29,20,21,19,16,17,21,23,44,176,73,29,404,33,20,9,16,7,24,27,32,25,22,19,17,23,24,27,62,212,121,70
42202011000,4,ç≤ê¢ï€és,î™î¶í¨,0,,,628,40,28,20,21,22,34,39,56,43,38,35,33,39,44,47,88,360,165,74,278,12,16,11,6,15,12,15,27,19,19,18,16,17,20,22,39,164,69,27,350,28,12,9,15,7,22,24,29,24,19,17,17,22,24,25,49,196,96,47
42202011001,4,ç≤ê¢ï€és,î™î¶í¨,0,,,75,7,10,1,1,1,3,7,5,2,5,3,0,1,1,3,18,28,29,25,21,2,2,1,0,1,1,4,2,1,2,1,0,0,1,1,5,12,4,2,54,5,8,0,1,0,2,3,3,1,3,2,0,1,0,2,13,16,25,23
422020120,2,ç≤ê¢ï€és,íÜí í¨,0,,,380,8,15,22,10,8,6,21,16,20,17,25,21,21,36,42,45,165,170,92,179,6,7,10,4,3,2,10,10,11,5,17,9,11,14,22,23,82,74,38,201,2,8,12,6,5,4,11,6,9,12,8,12,10,22,20,22,83,96,54
422020130,3,ç≤ê¢ï€és,ï€óßí¨,0,,,741,26,37,40,23,20,21,36,38,41,43,35,37,62,64,77,103,356,277,136,327,13,20,23,14,9,5,20,16,15,20,18,15,32,30,33,56,164,104,41,414,13,17,17,9,11,16,16,22,26,23,17,22,30,34,44,47,192,173,95
42202013000,4,ç≤ê¢ï€és,ï€óßí¨,0,,,579,17,26,30,19,17,18,36,33,26,25,27,32,53,50,57,73,286,215,108,255,8,15,15,13,7,4,20,14,11,11,13,14,28,23,25,38,135,79,31,324,9,11,15,6,10,14,16,19,15,14,14,18,25,27,32,35,151,136,77
42202013001,4,ç≤ê¢ï€és,ï€óßí¨,0,,,162,9,11,10,4,3,3,0,5,15,18,8,5,9,14,20,30,70,62,28,72,5,5,8,1,2,1,0,2,4,9,5,1,4,7,8,18,29,25,10,90,4,6,2,3,1,2,0,3,11,9,3,4,5,7,12,12,41,37,18
422020140,3,ç≤ê¢ï€és,êŒç‚í¨,0,,,689,24,36,46,18,17,30,32,35,52,49,47,63,56,48,52,106,399,179,79,314,14,18,25,7,4,13,15,17,23,25,18,28,26,25,23,57,176,79,31,375,10,18,21,11,13,17,17,18,29,24,29,35,30,23,29,49,223,100,48
42202014000,4,ç≤ê¢ï€és,êŒç‚í¨,0,,,230,8,16,14,2,6,12,13,13,18,14,11,18,17,15,20,38,124,66,31,104,5,10,10,0,2,3,8,8,6,9,3,9,7,4,8,25,55,24,12,126,3,6,4,2,4,9,5,5,12,5,8,9,10,11,12,13,69,42,19
42202014001,4,ç≤ê¢ï€és,êŒç‚í¨,0,,,459,16,20,32,16,11,18,19,22,34,35,36,45,39,33,32,68,275,113,48,210,9,8,15,7,2,10,7,9,17,16,15,19,19,21,15,32,121,55,19,249,7,12,17,9,9,8,12,13,17,19,21,26,20,12,17,36,154,58,29
422020150,3,ç≤ê¢ï€és,ê¥êÖí¨,0,,,337,15,12,11,8,12,16,11,13,19,19,22,18,18,38,41,38,156,141,62,155,9,6,8,3,5,5,6,7,7,13,7,9,8,23,14,23,70,61,24,182,6,6,3,5,7,11,5,6,12,6,15,9,10,15,27,15,86,80,38
42202015000,4,ç≤ê¢ï€és,ê¥êÖí¨,0,,,205,12,5,8,6,8,9,6,7,8,14,11,10,12,16,26,25,91,87,45,95,8,3,5,2,3,3,4,4,2,10,3,5,5,11,9,16,41,37,17,110,4,2,3,4,5,6,2,3,6,4,8,5,7,5,17,9,50,50,28
42202015001,4,ç≤ê¢ï€és,ê¥êÖí¨,0,,,132,3,7,3,2,4,7,5,6,11,5,11,8,6,22,15,13,65,54,17,60,1,3,3,1,2,2,2,3,5,3,4,4,3,12,5,7,29,24,7,72,2,4,0,1,2,5,3,3,6,2,7,4,3,10,10,6,36,30,10
422020160,3,ç≤ê¢ï€és,ïüìcí¨,0,,,429,13,9,10,14,10,8,11,13,21,19,29,22,21,36,49,32,168,228,143,195,5,5,5,10,6,3,6,9,8,10,14,11,11,20,22,15,88,91,49,234,8,4,5,4,4,5,5,4,13,9,15,11,10,16,27,17,80,137,94
42202016000,4,ç≤ê¢ï€és,ïüìcí¨,0,,,276,8,8,8,9,8,7,6,9,19,13,23,15,14,28,31,24,123,128,69,123,2,4,4,6,4,2,4,6,8,6,10,8,6,16,14,10,60,52,22,153,6,4,4,3,4,5,2,3,11,7,13,7,8,12,17,14,63,76,47
42202016001,4,ç≤ê¢ï€és,ïüìcí¨,0,,,153,5,1,2,5,2,1,5,4,2,6,6,7,7,8,18,8,45,100,74,72,3,1,1,4,2,1,2,3,0,4,4,3,5,4,8,5,28,39,27,81,2,0,1,1,0,0,3,1,2,2,2,4,2,4,10,3,17,61,47
422020170,3,ç≤ê¢ï€és,î‰ó«í¨,0,,,516,14,22,28,17,16,20,23,22,40,31,28,34,39,48,46,64,270,182,88,228,7,13,10,11,4,9,13,8,22,17,14,13,13,20,20,30,124,74,34,288,7,9,18,6,12,11,10,14,18,14,14,21,26,28,26,34,146,108,54
42202017000,4,ç≤ê¢ï€és,î‰ó«í¨,0,,,516,14,22,28,17,16,20,23,22,40,31,28,34,39,48,46,64,270,182,88,228,7,13,10,11,4,9,13,8,22,17,14,13,13,20,20,30,124,74,34,288,7,9,18,6,12,11,10,14,18,14,14,21,26,28,26,34,146,108,54
42202017001,4,ç≤ê¢ï€és,î‰ó«í¨,0,,,0,0,0,0,0,0,0,0,0,0,0,0,0,0,0,0,0,0,0,0,0,0,0,0,0,0,0,0,0,0,0,0,0,0,0,0,0,0,0,0,0,0,0,0,0,0,0,0,0,0,0,0,0,0,0,0,0,0,0,0
422020180,2,ç≤ê¢ï€és,ñúìøí¨,0,,,304,4,13,14,12,13,15,18,22,16,23,21,18,20,16,23,31,178,94,55,139,2,7,8,6,4,8,7,9,12,10,10,10,10,7,10,17,86,35,18,165,2,6,6,6,9,7,11,13,4,13,11,8,10,9,13,14,92,59,37
422020190,2,ç≤ê¢ï€és,ñÿèÍìcí¨,0,,,292,4,12,21,12,7,10,20,15,19,31,27,28,16,19,14,37,185,64,31,128,3,8,12,4,3,6,10,9,7,11,12,12,6,8,6,23,80,22,8,164,1,4,9,8,4,4,10,6,12,20,15,16,10,11,8,14,105,42,23
422020200,2,ç≤ê¢ï€és,çÇçªí¨,0,,,124,6,3,1,0,11,14,17,8,6,16,6,6,3,6,0,10,87,14,8,58,3,1,1,0,1,6,9,2,2,14,1,4,1,3,0,5,40,7,4,66,3,2,0,0,10,8,8,6,4,2,5,2,2,3,0,5,47,7,4
422020210,2,ç≤ê¢ï€és,ìVñûí¨,0,,,202,7,10,5,9,1,5,8,13,15,26,13,12,12,9,19,22,114,55,27,89,4,3,1,5,1,2,3,6,6,9,5,8,6,6,8,8,51,25,11,113,3,7,4,4,0,3,5,7,9,17,8,4,6,3,11,14,63,30,16
422020220,2,ç≤ê¢ï€és,ëäê∂í¨,0,,,89,3,2,6,7,1,1,2,6,6,9,15,9,2,5,5,11,58,20,10,37,0,2,2,3,0,0,0,3,5,4,7,3,0,2,3,4,25,8,3,52,3,0,4,4,1,1,2,3,1,5,8,6,2,3,2,7,33,12,7
422020230,2,ç≤ê¢ï€és,íJãΩí¨,1,,054001;0550,473,23,22,15,20,20,19,29,32,33,41,27,35,39,27,21,60,295,92,44,221,14,4,10,11,12,12,14,17,11,14,13,13,20,15,7,28,137,40,18,252,9,18,5,9,8,7,15,15,22,27,14,22,19,12,14,32,158,52,26
422020240,2,ç≤ê¢ï€és,ïlìcí¨,0,,,251,10,7,8,5,8,18,17,15,17,24,26,11,12,14,22,25,153,55,19,115,7,2,4,2,4,6,8,9,9,13,11,6,6,3,9,13,74,18,6,136,3,5,4,3,4,12,9,6,8,11,15,5,6,11,13,12,79,37,13
422020250,3,ç≤ê¢ï€és,è„í¨,0,,,261,7,6,11,7,10,15,12,10,15,15,14,22,19,23,17,24,139,96,56,114,5,4,6,4,6,7,7,5,6,5,6,8,9,9,6,15,63,34,19,147,2,2,5,3,4,8,5,5,9,10,8,14,10,14,11,9,76,62,37
42202025000,4,ç≤ê¢ï€és,è„í¨,0,,,261,7,6,11,7,10,15,12,10,15,15,14,22,19,23,17,24,139,96,56,114,5,4,6,4,6,7,7,5,6,5,6,8,9,9,6,15,63,34,19,147,2,2,5,3,4,8,5,5,9,10,8,14,10,14,11,9,76,62,37
42202025001,4,ç≤ê¢ï€és,è„í¨,0,,,0,0,0,0,0,0,0,0,0,0,0,0,0,0,0,0,0,0,0,0,0,0,0,0,0,0,0,0,0,0,0,0,0,0,0,0,0,0,0,0,0,0,0,0,0,0,0,0,0,0,0,0,0,0,0,0,0,0,0,0
422020260,2,ç≤ê¢ï€és,å≥í¨,0,,,254,12,7,6,11,8,7,17,18,16,27,13,28,20,18,12,25,165,49,19,114,5,5,3,5,4,1,6,7,9,13,8,13,8,6,6,13,74,18,6,140,7,2,3,6,4,6,11,11,7,14,5,15,12,12,6,12,91,31,13
422020270,2,ç≤ê¢ï€és,êÚí¨,0,,,171,8,11,9,2,6,7,7,10,14,16,7,4,10,15,16,28,83,54,23,69,1,4,4,1,3,4,2,4,5,10,3,1,5,6,6,9,38,19,7,102,7,7,5,1,3,3,5,6,9,6,4,3,5,9,10,19,45,35,16
422020280,2,ç≤ê¢ï€és,í∑îˆí¨,0,,,105,2,3,3,5,1,4,3,3,10,5,7,3,7,9,19,8,48,49,21,41,0,1,2,2,0,2,2,0,4,3,2,3,4,3,7,3,22,16,6,64,2,2,1,3,1,2,1,3,6,2,5,0,3,6,12,5,26,33,15
422020290,2,ç≤ê¢ï€és,âÄìcí¨,0,,,61,4,6,2,4,0,0,2,5,3,5,2,3,4,4,7,12,28,21,10,25,1,1,2,2,0,0,1,1,2,2,1,2,2,1,3,4,13,8,4,36,3,5,0,2,0,0,1,4,1,3,1,1,2,3,4,8,15,13,6
422020300,3,ç≤ê¢ï€és,ìåëÂãvï€í¨,0,,,346,5,4,10,8,10,25,10,16,18,19,21,28,30,35,31,19,185,135,69,161,3,3,6,3,5,13,3,7,10,10,10,14,15,17,12,12,90,54,25,185,2,1,4,5,5,12,7,9,8,9,11,14,15,18,19,7,95,81,44
42202030000,4,ç≤ê¢ï€és,ìåëÂãvï€í¨,0,,,210,3,4,8,6,3,16,9,11,12,11,12,16,20,18,14,15,116,74,42,97,1,3,5,2,1,7,3,3,8,5,5,9,9,10,5,9,52,32,17,113,2,1,3,4,2,9,6,8,4,6,7,7,11,8,9,6,64,42,25
42202030001,4,ç≤ê¢ï€és,ìåëÂãvï€í¨,0,,,136,2,0,2,2,7,9,1,5,6,8,9,12,10,17,17,4,69,61,27,64,2,0,1,1,4,6,0,4,2,5,5,5,6,7,7,3,38,22,8,72,0,0,1,1,3,3,1,1,4,3,4,7,4,10,10,1,31,39,19
422020310,2,ç≤ê¢ï€és,êºëÂãvï€í¨,0,,,182,1,7,8,5,5,5,6,2,11,15,18,14,10,9,17,16,91,75,49,79,0,4,2,3,1,1,3,2,6,6,7,8,5,6,8,6,42,31,17,103,1,3,6,2,4,4,3,0,5,9,11,6,5,3,9,10,49,44,32
422020320,3,ç≤ê¢ï€és,ñÓäxí¨,0,,,618,12,14,13,16,18,13,23,27,31,45,38,32,57,56,72,39,300,276,148,281,6,8,6,8,12,7,14,17,14,23,21,13,28,20,29,20,157,101,52,337,6,6,7,8,6,6,9,10,17,22,17,19,29,36,43,19,143,175,96
42202032000,4,ç≤ê¢ï€és,ñÓäxí¨,0,,,429,7,8,8,12,12,8,14,14,26,34,21,25,49,34,46,23,215,189,109,191,5,5,4,6,10,5,9,8,12,17,9,9,25,12,17,14,110,65,36,238,2,3,4,6,2,3,5,6,14,17,12,16,24,22,29,9,105,124,73
42202032001,4,ç≤ê¢ï€és,ñÓäxí¨,0,,,189,5,6,5,4,6,5,9,13,5,11,17,7,8,22,26,16,85,87,39,90,1,3,2,2,2,2,5,9,2,6,12,4,3,8,12,6,47,36,16,99,4,3,3,2,4,3,4,4,3,5,5,3,5,14,14,10,38,51,23
422020330,2,ç≤ê¢ï€és,ïΩê£í¨,0,,,3706,7,1,3,262,659,649,562,560,424,345,219,3,0,0,4,11,3683,10,6,3502,2,0,1,223,578,612,543,552,420,342,219,3,0,0,2,3,3492,5,3,204,5,1,2,39,81,37,19,8,4,3,0,0,0,0,2,8,191,5,3
422020340,2,ç≤ê¢ï€és,óßê_í¨,0,,,0,0,0,0,0,0,0,0,0,0,0,0,0,0,0,0,0,0,0,0,0,0,0,0,0,0,0,0,0,0,0,0,0,0,0,0,0,0,0,0,0,0,0,0,0,0,0,0,0,0,0,0,0,0,0,0,0,0,0,0
422020350,2,ç≤ê¢ï€és,âLìnâzí¨,0,,,248,5,3,5,6,6,4,6,8,12,11,9,17,15,34,31,13,94,141,76,115,3,2,2,4,3,3,3,4,6,4,4,9,6,17,17,7,46,62,28,133,2,1,3,2,3,1,3,4,6,7,5,8,9,17,14,6,48,79,48
422020360,3,ç≤ê¢ï€és,ç°ïüí¨,0,,,742,19,15,21,30,23,13,15,33,43,58,47,56,50,59,87,55,368,311,165,338,11,7,12,17,11,5,7,13,16,32,26,25,23,29,34,30,175,126,63,404,8,8,9,13,12,8,8,20,27,26,21,31,27,30,53,25,193,185,102
42202036000,4,ç≤ê¢ï€és,ç°ïüí¨,0,,,444,11,6,8,13,13,7,10,16,26,26,31,29,24,31,57,25,195,216,128,215,7,3,5,8,7,3,5,7,11,16,19,14,8,17,25,15,98,95,53,229,4,3,3,5,6,4,5,9,15,10,12,15,16,14,32,10,97,121,75
42202036001,4,ç≤ê¢ï€és,ç°ïüí¨,0,,,298,8,9,13,17,10,6,5,17,17,32,16,27,26,28,30,30,173,95,37,123,4,4,7,9,4,2,2,6,5,16,7,11,15,12,9,15,77,31,10,175,4,5,6,8,6,4,3,11,12,16,9,16,11,16,21,15,96,64,27
422020370,2,ç≤ê¢ï€és,ã‡î‰ó«í¨,0,,,425,7,11,18,18,11,21,3,16,20,27,20,17,28,37,53,36,181,199,109,194,4,7,10,7,4,7,1,5,8,14,10,8,18,20,22,21,82,82,40,231,3,4,8,11,7,14,2,11,12,13,10,9,10,17,31,15,99,117,69
422020380,2,ç≤ê¢ï€és,å‰ëDí¨,0,,,710,10,27,28,18,20,27,23,44,32,52,47,45,40,55,77,65,348,290,158,313,5,14,10,10,8,14,16,19,17,26,19,18,16,25,43,29,163,115,47,397,5,13,18,8,12,13,7,25,15,26,28,27,24,30,34,36,185,175,111
422020390,3,ç≤ê¢ï€és,ê_ìáí¨,0,,,593,15,21,18,16,12,19,27,27,29,42,34,32,44,81,62,54,282,251,108,271,6,9,8,7,8,9,14,11,15,18,20,14,15,44,29,23,131,112,39,322,9,12,10,9,4,10,13,16,14,24,14,18,29,37,33,31,151,139,69
42202039000,4,ç≤ê¢ï€és,ê_ìáí¨,0,,,422,9,16,13,14,6,16,15,15,24,30,25,26,24,59,47,38,195,184,78,198,5,6,7,6,4,7,7,6,13,11,16,13,8,32,21,18,91,84,31,224,4,10,6,8,2,9,8,9,11,19,9,13,16,27,26,20,104,100,47
42202039001,4,ç≤ê¢ï€és,ê_ìáí¨,0,,,171,6,5,5,2,6,3,12,12,5,12,9,6,20,22,15,16,87,67,30,73,1,3,1,1,4,2,7,5,2,7,4,1,7,12,8,5,40,28,8,98,5,2,4,1,2,1,5,7,3,5,5,5,13,10,7,11,47,39,22
422020400,3,ç≤ê¢ï€és,è¨ìáí¨,0,,,791,22,18,16,12,15,18,24,47,40,33,32,50,57,104,111,56,328,403,188,367,13,12,8,4,3,11,14,26,19,21,17,26,30,48,51,33,171,160,61,424,9,6,8,8,12,7,10,21,21,12,15,24,27,56,60,23,157,243,127
42202040000,4,ç≤ê¢ï€és,è¨ìáí¨,0,,,482,15,17,11,9,12,12,17,26,25,22,22,31,30,63,58,43,206,232,111,225,7,11,6,4,2,6,9,15,12,13,13,15,17,28,31,24,106,94,35,257,8,6,5,5,10,6,8,11,13,9,9,16,13,35,27,19,100,138,76
42202040001,4,ç≤ê¢ï€és,è¨ìáí¨,0,,,309,7,1,5,3,3,6,7,21,15,11,10,19,27,41,53,13,122,171,77,142,6,1,2,0,1,5,5,11,7,8,4,11,13,20,20,9,65,66,26,167,1,0,3,3,2,1,2,10,8,3,6,8,14,21,33,4,57,105,51
422020410,2,ç≤ê¢ï€és,í∑ç‚í¨,0,,,1082,52,77,75,45,21,29,60,72,70,64,48,56,48,80,85,204,513,362,197,505,33,39,40,29,8,13,30,36,39,27,22,23,23,36,34,112,250,142,72,577,19,38,35,16,13,16,30,36,31,37,26,33,25,44,51,92,263,220,125
422020420,2,ç≤ê¢ï€és,ê‘çËí¨,0,,,2888,89,127,108,102,75,110,155,167,143,148,129,139,214,260,247,324,1382,1171,664,1351,39,63,66,51,43,73,85,90,73,72,57,57,101,123,116,168,702,474,235,1537,50,64,42,51,32,37,70,77,70,76,72,82,113,137,131,156,680,697,429
422020430,2,ç≤ê¢ï€és,é≠éqëOí¨,0,,,3155,141,186,142,146,64,112,128,174,192,160,212,190,180,215,258,469,1558,1111,638,1438,70,94,74,73,36,51,58,87,90,78,93,98,88,97,129,238,752,438,212,1717,71,92,68,73,28,61,70,87,102,82,119,92,92,118,129,231,806,673,426
422020440,2,ç≤ê¢ï€és,ëDâzí¨,0,,,2039,68,91,100,74,56,67,83,97,120,131,106,130,159,193,215,259,1023,755,347,957,27,45,55,33,24,29,39,46,58,63,43,67,76,93,109,127,478,351,149,1082,41,46,45,41,32,38,44,51,62,68,63,63,83,100,106,132,545,404,198
422020450,2,ç≤ê¢ï€és,â∫ëDâzí¨,0,,,205,5,10,9,4,3,5,3,4,23,14,10,10,15,27,22,24,91,87,38,100,1,7,3,3,0,1,2,3,13,8,4,5,8,14,11,11,47,40,15,105,4,3,6,1,3,4,1,1,10,6,6,5,7,13,11,13,44,47,23
422020460,2,ç≤ê¢ï€és,à¡âYí¨,0,,,267,0,3,8,5,6,1,5,5,14,17,16,18,27,33,33,11,114,142,76,118,0,1,3,1,2,1,2,2,8,6,10,6,12,21,14,4,50,64,29,149,0,2,5,4,4,0,3,3,6,11,6,12,15,12,19,7,64,78,47
422020470,2,ç≤ê¢ï€és,ñÏçËí¨,0,,,165,3,4,7,6,2,2,3,12,10,8,9,7,17,31,18,14,76,75,26,76,1,1,2,4,1,0,2,6,5,3,4,3,8,19,7,4,36,36,10,89,2,3,5,2,1,2,1,6,5,5,5,4,9,12,11,10,40,39,16
422020480,2,ç≤ê¢ï€és,ïUÉñâYí¨,0,,,344,11,3,7,10,7,8,7,14,11,16,14,17,35,30,40,21,139,184,114,160,10,2,4,6,4,6,3,7,6,7,7,8,16,17,22,16,70,74,35,184,1,1,3,4,3,2,4,7,5,9,7,9,19,13,18,5,69,110,79
422020490,3,ç≤ê¢ï€és,èºéRí¨,0,,,827,23,29,37,54,13,22,32,40,44,43,46,55,69,74,90,89,418,310,146,365,9,19,15,9,5,10,15,18,24,20,23,29,32,35,43,43,185,134,56,462,14,10,22,45,8,12,17,22,20,23,23,26,37,39,47,46,233,176,90
42202049000,4,ç≤ê¢ï€és,èºéRí¨,0,,,337,6,8,12,14,5,8,11,7,21,19,22,23,31,33,41,26,161,142,68,146,2,6,4,6,2,1,5,3,10,7,9,13,17,16,20,12,73,58,22,191,4,2,8,8,3,7,6,4,11,12,13,10,14,17,21,14,88,84,46
42202049001,4,ç≤ê¢ï€és,èºéRí¨,0,,,490,17,21,25,40,8,14,21,33,23,24,24,32,38,41,49,63,257,168,78,219,7,13,11,3,3,9,10,15,14,13,14,16,15,19,23,31,112,76,34,271,10,8,14,37,5,5,11,18,9,11,10,16,23,22,26,32,145,92,44
422020500,3,ç≤ê¢ï€és,ê‹ã¥í¨,0,,,1827,88,82,73,74,52,65,103,98,113,123,102,137,102,129,131,243,969,613,353,813,47,36,34,39,27,24,48,46,52,53,46,63,48,63,62,117,446,248,123,1014,41,46,39,35,25,41,55,52,61,70,56,74,54,66,69,126,523,365,230
42202050000,4,ç≤ê¢ï€és,ê‹ã¥í¨,0,,,953,33,33,29,28,26,25,49,39,47,67,53,78,60,79,87,95,472,384,218,427,22,12,14,15,12,9,19,21,22,30,22,36,28,40,43,48,214,163,80,526,11,21,15,13,14,16,30,18,25,37,31,42,32,39,44,47,258,221,138
42202050001,4,ç≤ê¢ï€és,ê‹ã¥í¨,0,,,874,55,49,44,46,26,40,54,59,66,56,49,59,42,50,44,148,497,229,135,386,25,24,20,24,15,15,29,25,30,23,24,27,20,23,19,69,232,85,43,488,30,25,24,22,11,25,25,34,36,33,25,32,22,27,25,79,265,144,92
422020510,3,ç≤ê¢ï€és,éRéËí¨,0,,,1113,23,33,35,37,13,49,46,56,51,57,56,58,55,104,116,91,478,542,322,529,10,18,21,19,5,39,35,32,24,28,23,26,21,47,54,49,252,227,126,584,13,15,14,18,8,10,11,24,27,29,33,32,34,57,62,42,226,315,196
42202051000,4,ç≤ê¢ï€és,éRéËí¨,0,,,667,17,27,26,26,10,30,34,45,38,46,40,40,30,57,67,70,339,256,132,313,6,14,17,13,2,24,26,26,17,22,15,20,10,24,30,37,175,100,46,354,11,13,9,13,8,6,8,19,21,24,25,20,20,33,37,33,164,156,86
42202051001,4,ç≤ê¢ï€és,éRéËí¨,0,,,446,6,6,9,11,3,19,12,11,13,11,16,18,25,47,49,21,139,286,190,216,4,4,4,6,3,15,9,6,7,6,8,6,11,23,24,12,77,127,80,230,2,2,5,5,0,4,3,5,6,5,8,12,14,24,25,9,62,159,110
422020520,3,ç≤ê¢ï€és,ñºêÿí¨,0,,,597,16,16,14,19,16,40,22,25,29,40,41,31,51,74,60,46,314,235,101,272,9,8,9,10,6,26,9,15,14,18,19,16,24,29,27,26,157,88,32,325,7,8,5,9,10,14,13,10,15,22,22,15,27,45,33,20,157,147,69
42202052000,4,ç≤ê¢ï€és,ñºêÿí¨,0,,,346,7,5,9,11,6,26,10,13,19,24,25,20,28,52,35,21,182,142,55,158,3,4,6,6,3,17,5,7,9,10,12,10,15,16,15,13,94,51,20,188,4,1,3,5,3,9,5,6,10,14,13,10,13,36,20,8,88,91,35
42202052001,4,ç≤ê¢ï€és,ñºêÿí¨,0,,,251,9,11,5,8,10,14,12,12,10,16,16,11,23,22,25,25,132,93,46,114,6,4,3,4,3,9,4,8,5,8,7,6,9,13,12,13,63,37,12,137,3,7,2,4,7,5,8,4,5,8,9,5,14,9,13,12,69,56,34
422020530,3,ç≤ê¢ï€és,â‘âÄí¨,0,,,824,33,35,35,22,20,21,26,41,43,40,52,32,35,46,64,103,332,384,274,305,17,14,12,10,10,10,10,21,24,18,18,16,17,18,23,43,154,105,64,519,16,21,23,12,10,11,16,20,19,22,34,16,18,28,41,60,178,279,210
42202053000,4,ç≤ê¢ï€és,â‘âÄí¨,0,,,561,9,10,12,16,12,9,10,14,23,18,40,17,24,32,56,31,183,347,259,187,4,3,4,7,4,4,2,10,13,7,16,9,13,12,20,11,85,91,59,374,5,7,8,9,8,5,8,4,10,11,24,8,11,20,36,20,98,256,200
42202053001,4,ç≤ê¢ï€és,â‘âÄí¨,0,,,263,24,25,23,6,8,12,16,27,20,22,12,15,11,14,8,72,149,37,15,118,13,11,8,3,6,6,8,11,11,11,2,7,4,6,3,32,69,14,5,145,11,14,15,3,2,6,8,16,9,11,10,8,7,8,5,40,80,23,10
422020540,3,ç≤ê¢ï€és,åFñÏí¨,0,,,188,1,3,9,7,8,6,6,8,8,16,10,7,19,24,24,13,95,76,28,91,1,2,5,3,3,4,2,5,3,6,5,4,7,14,12,8,42,38,12,97,0,1,4,4,5,2,4,3,5,10,5,3,12,10,12,5,53,38,16
42202054000,4,ç≤ê¢ï€és,åFñÏí¨,0,,,188,1,3,9,7,8,6,6,8,8,16,10,7,19,24,24,13,95,76,28,91,1,2,5,3,3,4,2,5,3,6,5,4,7,14,12,8,42,38,12,97,0,1,4,4,5,2,4,3,5,10,5,3,12,10,12,5,53,38,16
42202054001,4,ç≤ê¢ï€és,åFñÏí¨,2,230,,0,0,0,0,0,0,0,0,0,0,0,0,0,0,0,0,0,0,0,0,0,0,0,0,0,0,0,0,0,0,0,0,0,0,0,0,0,0,0,0,0,0,0,0,0,0,0,0,0,0,0,0,0,0,0,0,0,0,0,0
422020550,2,ç≤ê¢ï€és,ã{íní¨,2,230,,0,0,0,0,0,0,0,0,0,0,0,0,0,0,0,0,0,0,0,0,0,0,0,0,0,0,0,0,0,0,0,0,0,0,0,0,0,0,0,0,0,0,0,0,0,0,0,0,0,0,0,0,0,0,0,0,0,0,0,0
422020560,2,ç≤ê¢ï€és,èºâYí¨,0,,,91,4,2,2,3,4,3,3,7,2,8,7,5,5,8,3,8,47,19,8,43,1,1,1,1,3,0,1,5,0,2,5,4,2,5,1,3,23,8,2,48,3,1,1,2,1,3,2,2,2,6,2,1,3,3,2,5,24,11,6
422020570,2,ç≤ê¢ï€és,èÌî’í¨,0,,,261,18,18,10,4,2,8,11,21,18,32,20,15,21,17,16,46,152,61,28,110,8,7,3,2,0,1,6,8,6,15,9,5,13,8,6,18,65,25,11,151,10,11,7,2,2,7,5,13,12,17,11,10,8,9,10,28,87,36,17
422020580,2,ç≤ê¢ï€és,ñ©í¨,0,,,310,14,8,9,3,9,15,17,24,25,14,8,10,16,12,9,31,141,79,58,124,8,3,1,1,3,6,7,14,9,5,4,4,4,7,3,12,57,24,14,186,6,5,8,2,6,9,10,10,16,9,4,6,12,5,6,19,84,55,44
422020590,2,ç≤ê¢ï€és,âhí¨,0,,,261,8,12,13,7,7,7,9,7,27,17,18,18,13,20,18,33,130,96,58,100,4,7,5,3,5,2,3,4,10,5,6,9,4,7,10,16,51,32,15,161,4,5,8,4,2,5,6,3,17,12,12,9,9,13,8,17,79,64,43
422020600,2,ç≤ê¢ï€és,ìáê£í¨,0,,,817,24,29,42,38,38,61,46,44,72,51,73,73,45,41,35,95,541,115,39,393,15,15,26,17,12,30,28,16,35,26,34,39,24,21,10,56,261,43,12,424,9,14,16,21,26,31,18,28,37,25,39,34,21,20,25,39,280,72,27
422020610,2,ç≤ê¢ï€és,ñ{ìáí¨,0,,,83,0,1,4,1,0,2,2,1,6,4,9,3,8,5,14,5,36,40,21,29,0,0,1,0,0,0,1,0,4,2,3,0,5,1,8,1,15,13,4,54,0,1,3,1,0,2,1,1,2,2,6,3,3,4,6,4,21,27,17
422020620,2,ç≤ê¢ï€és,è„ãûí¨,0,,,45,0,2,2,0,2,1,2,0,1,2,3,3,4,4,5,4,18,23,14,21,0,1,1,0,1,1,1,0,1,1,1,1,2,2,3,2,9,10,5,24,0,1,1,0,1,0,1,0,0,1,2,2,2,2,2,2,9,13,9
422020630,2,ç≤ê¢ï€és,â∫ãûí¨,0,,,162,6,6,8,5,12,8,5,12,10,9,9,8,8,8,10,20,86,34,16,66,5,3,5,4,4,2,1,4,4,4,2,5,0,4,2,13,30,11,5,96,1,3,3,1,8,6,4,8,6,5,7,3,8,4,8,7,56,23,11
422020640,2,ç≤ê¢ï€és,éRåßí¨,0,,,168,13,7,0,7,5,15,10,13,10,7,12,7,10,9,3,20,96,25,13,83,8,4,0,4,3,4,8,7,2,5,5,2,7,3,2,12,47,10,5,85,5,3,0,3,2,11,2,6,8,2,7,5,3,6,1,8,49,15,8
422020650,2,ç≤ê¢ï€és,âñïlí¨,0,,,247,11,1,0,5,11,24,22,11,16,19,20,19,16,19,17,12,163,55,19,103,4,1,0,1,4,11,8,7,6,7,9,6,8,11,4,5,67,23,8,144,7,0,0,4,7,13,14,4,10,12,11,13,8,8,13,7,96,32,11
422020660,2,ç≤ê¢ï€és,ñúí√í¨,0,,,350,20,10,4,11,15,20,19,24,26,25,29,23,15,15,13,34,207,54,26,167,13,6,2,5,3,11,11,13,14,10,14,10,10,7,3,21,101,16,6,183,7,4,2,6,12,9,8,11,12,15,15,13,5,8,10,13,106,38,20
422020670,2,ç≤ê¢ï€és,ìáíní¨,0,,,439,14,36,24,17,12,33,17,30,32,43,32,23,32,25,24,74,271,80,31,204,8,15,14,8,6,17,8,16,11,19,17,9,17,13,10,37,128,31,8,235,6,21,10,9,6,16,9,14,21,24,15,14,15,12,14,37,143,49,23
422020680,3,ç≤ê¢ï€és,è¨ç≤ê¢ï€í¨,0,,,1544,55,57,70,56,36,65,70,66,80,117,82,86,96,113,137,182,754,587,337,682,30,28,41,28,16,31,35,28,35,56,50,35,41,59,55,99,355,220,106,862,25,29,29,28,20,34,35,38,45,61,32,51,55,54,82,83,399,367,231
42202068000,4,ç≤ê¢ï€és,è¨ç≤ê¢ï€í¨,0,,,1068,34,39,46,39,25,33,43,42,50,86,56,58,77,78,106,119,509,424,240,469,22,18,28,21,11,16,20,20,22,42,36,20,35,42,41,68,243,152,69,599,12,21,18,18,14,17,23,22,28,44,20,38,42,36,65,51,266,272,171
42202068001,4,ç≤ê¢ï€és,è¨ç≤ê¢ï€í¨,0,,,476,21,18,24,17,11,32,27,24,30,31,26,28,19,35,31,63,245,163,97,213,8,10,13,7,5,15,15,8,13,14,14,15,6,17,14,31,112,68,37,263,13,8,11,10,6,17,12,16,17,17,12,13,13,18,17,32,133,95,60
422020690,3,ç≤ê¢ï€és,ê{ç≤í¨,0,,,1287,53,76,67,49,41,47,57,83,80,98,80,81,78,97,96,196,694,384,191,566,24,32,36,22,18,20,27,44,32,44,36,33,36,45,42,92,312,154,67,721,29,44,31,27,23,27,30,39,48,54,44,48,42,52,54,104,382,230,124
42202069000,4,ç≤ê¢ï€és,ê{ç≤í¨,0,,,1144,47,66,62,40,39,45,50,74,71,87,72,71,68,85,82,175,617,339,172,505,21,29,33,19,17,19,24,40,28,39,33,27,32,42,35,83,278,136,59,639,26,37,29,21,22,26,26,34,43,48,39,44,36,43,47,92,339,203,113
42202069001,4,ç≤ê¢ï€és,ê{ç≤í¨,0,,,143,6,10,5,9,2,2,7,9,9,11,8,10,10,12,14,21,77,45,19,61,3,3,3,3,1,1,3,4,4,5,3,6,4,3,7,9,34,18,8,82,3,7,2,6,1,1,4,5,5,6,5,4,6,9,7,12,43,27,11
422020700,3,ç≤ê¢ï€és,çÇóúí¨,0,,,1215,39,47,58,41,36,48,51,82,81,78,71,73,90,114,94,144,651,399,191,575,23,27,35,22,16,18,23,41,36,41,39,35,43,54,49,85,314,169,66,640,16,20,23,19,20,30,28,41,45,37,32,38,47,60,45,59,337,230,125
42202070000,4,ç≤ê¢ï€és,çÇóúí¨,0,,,1133,37,42,51,38,34,46,51,76,75,75,69,70,82,100,87,130,616,366,179,538,21,23,34,22,16,17,23,38,34,40,39,32,40,45,45,78,301,152,62,595,16,19,17,16,18,29,28,38,41,35,30,38,42,55,42,52,315,214,117
42202070001,4,ç≤ê¢ï€és,çÇóúí¨,0,,,82,2,5,7,3,2,2,0,6,6,3,2,3,8,14,7,14,35,33,12,37,2,4,1,0,0,1,0,3,2,1,0,3,3,9,4,7,13,17,4,45,0,1,6,3,2,1,0,3,4,2,2,0,5,5,3,7,22,16,8
422020710,3,ç≤ê¢ï€és,îíñÿí¨,0,,,951,47,50,38,24,35,47,64,58,68,47,54,48,50,73,59,135,495,310,178,448,24,27,19,15,20,19,32,30,36,27,24,27,25,29,32,70,255,115,54,503,23,23,19,9,15,28,32,28,32,20,30,21,25,44,27,65,240,195,124
42202071000,4,ç≤ê¢ï€és,îíñÿí¨,0,,,150,7,3,1,3,4,5,9,3,14,5,5,6,16,17,13,11,70,68,38,61,1,1,1,2,2,1,5,2,7,2,2,3,8,3,8,3,34,23,12,89,6,2,0,1,2,4,4,1,7,3,3,3,8,14,5,8,36,45,26
42202071001,4,ç≤ê¢ï€és,îíñÿí¨,0,,,801,40,47,37,21,31,42,55,55,54,42,49,42,34,56,46,124,425,242,140,387,23,26,18,13,18,18,27,28,29,25,22,24,17,26,24,67,221,92,42,414,17,21,19,8,13,24,28,27,25,17,27,18,17,30,22,57,204,150,98
422020720,2,ç≤ê¢ï€és,èüïxí¨,0,,,466,21,20,14,10,18,31,29,35,32,41,21,19,26,45,39,55,262,125,41,240,11,10,11,4,9,16,15,20,16,20,13,10,14,21,23,32,137,55,11,226,10,10,3,6,9,15,14,15,16,21,8,9,12,24,16,23,125,70,30
422020730,2,ç≤ê¢ï€és,èºêÏí¨,0,,,668,17,31,23,17,23,27,35,36,52,54,65,37,33,48,49,71,379,180,83,341,9,18,14,7,11,9,16,16,22,32,36,22,21,25,28,41,192,89,36,327,8,13,9,10,12,18,19,20,30,22,29,15,12,23,21,30,187,91,47
422020740,3,ç≤ê¢ï€és,ïÙç‚í¨,0,,,470,11,6,17,15,15,8,12,16,22,32,33,30,26,56,50,34,209,224,118,213,4,3,11,8,7,4,4,7,10,13,15,19,14,25,24,18,101,92,43,257,7,3,6,7,8,4,8,9,12,19,18,11,12,31,26,16,108,132,75
42202074000,4,ç≤ê¢ï€és,ïÙç‚í¨,0,,,388,10,4,14,14,14,7,11,13,17,26,30,25,25,45,39,28,182,175,91,177,4,3,9,7,7,3,4,7,7,12,12,16,13,23,18,16,88,71,30,211,6,1,5,7,7,4,7,6,10,14,18,9,12,22,21,12,94,104,61
42202074001,4,ç≤ê¢ï€és,ïÙç‚í¨,0,,,82,1,2,3,1,1,1,1,3,5,6,3,5,1,11,11,6,27,49,27,36,0,0,2,1,0,1,0,0,3,1,3,3,1,2,6,2,13,21,13,46,1,2,1,0,1,0,1,3,2,5,0,2,0,9,5,4,14,28,14
422020750,2,ç≤ê¢ï€és,ãûíÿí¨,0,,,480,6,28,39,22,9,9,12,22,42,45,49,37,26,34,25,73,273,115,56,197,4,12,18,12,5,4,4,9,15,20,17,20,9,16,11,34,115,41,14,283,2,16,21,10,4,5,8,13,27,25,32,17,17,18,14,39,158,74,42
422020760,2,ç≤ê¢ï€és,ã{çËí¨,0,,,37,0,0,2,3,0,1,0,2,2,2,1,2,3,4,7,2,16,19,8,14,0,0,0,1,0,0,0,2,1,1,0,0,1,1,3,0,6,8,4,23,0,0,2,2,0,1,0,0,1,1,1,2,2,3,4,2,10,11,4
422020770,2,ç≤ê¢ï€és,åıåéí¨,0,,,375,17,17,23,10,8,7,14,25,33,32,35,28,22,22,25,57,214,91,44,186,8,9,12,5,4,2,8,11,13,23,25,19,12,9,12,29,122,31,10,189,9,8,11,5,4,5,6,14,20,9,10,9,10,13,13,28,92,60,34
422020780,2,ç≤ê¢ï€és,çÇìVí¨,0,,,380,5,8,10,16,15,18,13,11,26,29,35,25,37,35,33,23,225,119,51,176,3,3,7,6,7,12,3,6,11,13,21,13,18,16,9,13,110,45,20,204,2,5,3,10,8,6,10,5,15,16,14,12,19,19,24,10,115,74,31
422020790,3,ç≤ê¢ï€és,‚LâÄí¨,0,,,1240,49,53,52,48,66,41,59,55,54,88,104,81,54,69,76,154,650,363,218,508,19,19,25,25,28,22,33,18,24,35,50,39,25,28,23,63,299,110,59,732,30,34,27,23,38,19,26,37,30,53,54,42,29,41,53,91,351,253,159
42202079000,4,ç≤ê¢ï€és,‚LâÄí¨,0,,,1023,42,45,37,36,59,39,51,51,44,59,73,51,44,53,66,124,507,328,209,421,16,17,17,21,26,21,31,18,19,23,36,25,21,22,21,50,241,98,55,602,26,28,20,15,33,18,20,33,25,36,37,26,23,31,45,74,266,230,154
42202079001,4,ç≤ê¢ï€és,‚LâÄí¨,0,,,217,7,8,15,12,7,2,8,4,10,29,31,30,10,16,10,30,143,35,9,87,3,2,8,4,2,1,2,0,5,12,14,14,4,6,2,13,58,12,4,130,4,6,7,8,5,1,6,4,5,17,17,16,6,10,8,17,85,23,5
422020800,2,ç≤ê¢ï€és,åÀîˆí¨,0,,,869,26,30,20,22,43,47,54,33,57,67,62,49,56,58,51,76,490,277,168,354,15,16,14,5,15,23,29,12,24,32,27,15,20,21,23,45,202,95,51,515,11,14,6,17,28,24,25,21,33,35,35,34,36,37,28,31,288,182,117
422020810,2,ç≤ê¢ï€és,éOâYí¨,0,,,1392,97,69,52,28,36,70,83,99,107,131,110,86,89,96,92,218,839,323,135,637,56,33,27,16,17,36,37,45,46,66,52,39,35,46,43,116,389,126,37,755,41,36,25,12,19,34,46,54,61,65,58,47,54,50,49,102,450,197,98
422020820,2,ç≤ê¢ï€és,îíìÏïóí¨,0,,,975,24,33,44,28,56,60,42,63,63,79,70,59,58,73,73,101,578,285,139,439,13,16,21,18,28,28,20,22,27,36,32,30,24,28,32,50,265,115,55,536,11,17,23,10,28,32,22,41,36,43,38,29,34,45,41,51,313,170,84
422020830,3,ç≤ê¢ï€és,éR‚Lí¨,0,,,1436,45,44,44,47,50,51,53,71,61,85,75,94,98,112,125,133,685,592,355,648,30,32,24,21,23,22,21,35,23,36,45,47,49,53,57,86,322,225,115,788,15,12,20,26,27,29,32,36,38,49,30,47,49,59,68,47,363,367,240
42202083000,4,ç≤ê¢ï€és,éR‚Lí¨,0,,,657,21,16,16,20,26,27,27,23,27,39,27,46,56,57,71,53,318,267,139,305,14,12,8,7,12,12,12,10,9,19,17,23,31,25,31,34,152,107,51,352,7,4,8,13,14,15,15,13,18,20,10,23,25,32,40,19,166,160,88
42202083001,4,ç≤ê¢ï€és,éR‚Lí¨,0,,,779,24,28,28,27,24,24,26,48,34,46,48,48,42,55,54,80,367,325,216,343,16,20,16,14,11,10,9,25,14,17,28,24,18,28,26,52,170,118,64,436,8,8,12,13,13,14,17,23,20,29,20,24,24,27,28,28,197,207,152
422020840,3,ç≤ê¢ï€és,ê{ìcîˆí¨,0,,,1636,51,67,81,70,33,52,72,69,96,89,97,118,123,140,167,199,819,601,294,758,31,33,39,34,15,27,31,36,50,38,39,65,58,67,81,103,393,249,101,878,20,34,42,36,18,25,41,33,46,51,58,53,65,73,86,96,426,352,193
42202084000,4,ç≤ê¢ï€és,ê{ìcîˆí¨,0,,,684,13,25,29,22,15,19,27,29,34,39,42,47,49,61,70,67,323,284,153,312,7,13,14,11,8,11,10,16,18,16,18,26,26,27,36,34,160,110,47,372,6,12,15,11,7,8,17,13,16,23,24,21,23,34,34,33,163,174,106
42202084001,4,ç≤ê¢ï€és,ê{ìcîˆí¨,0,,,952,38,42,52,48,18,33,45,40,62,50,55,71,74,79,97,132,496,317,141,446,24,20,25,23,7,16,21,20,32,22,21,39,32,40,45,69,233,139,54,506,14,22,27,25,11,17,24,20,30,28,34,32,42,39,52,63,263,178,87
422020850,2,ç≤ê¢ï€és,é·ótí¨,0,,,949,29,22,23,26,38,33,39,39,54,56,62,58,67,99,108,74,472,400,193,426,16,10,7,12,18,15,21,19,23,33,32,27,30,45,51,33,230,161,65,523,13,12,16,14,20,18,18,20,31,23,30,31,37,54,57,41,242,239,128
422020860,2,ç≤ê¢ï€és,í™å©í¨,0,,,1636,45,69,77,67,44,54,65,90,99,146,108,90,120,148,168,191,883,551,235,730,24,36,37,33,19,23,30,38,46,69,53,50,46,67,73,97,407,220,80,906,21,33,40,34,25,31,35,52,53,77,55,40,74,81,95,94,476,331,155
422020870,2,ç≤ê¢ï€és,ïüêŒí¨,0,,,579,16,21,13,19,15,34,28,29,37,38,38,35,35,55,57,50,308,205,93,282,9,8,8,10,12,18,13,13,17,17,20,22,15,28,28,25,157,92,36,297,7,13,5,9,3,16,15,16,20,21,18,13,20,27,29,25,151,113,57
422020880,3,ç≤ê¢ï€és,ä±êsí¨,0,,,442,19,16,18,27,8,21,23,21,33,54,46,31,37,34,26,53,301,85,25,234,13,7,13,14,6,13,13,13,16,29,26,15,20,14,11,33,165,33,8,208,6,9,5,13,2,8,10,8,17,25,20,16,17,20,15,20,136,52,17
42202088000,4,ç≤ê¢ï€és,ä±êsí¨,0,,,128,11,6,6,5,7,14,15,7,7,14,15,5,5,3,1,23,94,8,4,86,8,1,5,3,6,10,9,5,3,10,12,4,5,1,0,14,67,2,1,42,3,5,1,2,1,4,6,2,4,4,3,1,0,2,1,9,27,6,3
42202088001,4,ç≤ê¢ï€és,ä±êsí¨,0,,,314,8,10,12,22,1,7,8,14,26,40,31,26,32,31,25,30,207,77,21,148,5,6,8,11,0,3,4,8,13,19,14,11,15,13,11,19,98,31,7,166,3,4,4,11,1,4,4,6,13,21,17,15,17,18,14,11,109,46,14
422020890,2,ç≤ê¢ï€és,àÓâ◊í¨,0,,,1111,29,19,29,35,37,51,51,42,51,62,84,79,72,103,95,77,564,416,218,489,11,9,15,16,11,25,21,28,23,29,40,38,37,43,36,35,268,160,81,622,18,10,14,19,26,26,30,14,28,33,44,41,35,60,59,42,296,256,137
422020900,2,ç≤ê¢ï€és,ì°å¥í¨,0,,,1756,54,61,76,52,61,61,64,78,114,116,110,109,106,144,162,191,871,667,361,770,23,32,36,19,23,28,26,37,61,57,50,51,49,64,75,91,401,258,119,986,31,29,40,33,38,33,38,41,53,59,60,58,57,80,87,100,470,409,242
422020910,3,ç≤ê¢ï€és,ñÿïóí¨,0,,,2039,115,107,98,83,79,112,115,149,120,139,125,122,116,137,141,320,1160,545,267,967,58,50,45,38,40,49,56,80,55,68,55,65,58,62,64,153,564,239,113,1072,57,57,53,45,39,63,59,69,65,71,70,57,58,75,77,167,596,306,154
42202091000,4,ç≤ê¢ï€és,ñÿïóí¨,0,,,328,16,19,21,17,17,12,16,20,22,24,21,10,10,25,27,56,169,103,51,144,8,10,7,7,7,5,5,11,10,12,7,7,5,8,14,25,76,43,21,184,8,9,14,10,10,7,11,9,12,12,14,3,5,17,13,31,93,60,30
42202091001,4,ç≤ê¢ï€és,ñÿïóí¨,0,,,1711,99,88,77,66,62,100,99,129,98,115,104,112,106,112,114,264,991,442,216,823,50,40,38,31,33,44,51,69,45,56,48,58,53,54,50,128,488,196,92,888,49,48,39,35,29,56,48,60,53,59,56,54,53,58,64,136,503,246,124
422020920,2,ç≤ê¢ï€és,ëÂã{í¨,0,,,1318,36,41,36,34,43,47,59,54,68,83,87,69,100,121,139,113,644,547,287,592,17,25,21,15,18,19,30,28,33,37,47,39,48,51,66,63,314,209,92,726,19,16,15,19,25,28,29,26,35,46,40,30,52,70,73,50,330,338,195
422020930,3,ç≤ê¢ï€és,ëÂçïí¨,0,,,1895,53,86,83,69,43,48,59,91,116,130,112,138,110,156,210,222,916,747,381,858,29,46,35,40,18,24,32,42,48,61,53,72,53,69,88,110,443,299,142,1037,24,40,48,29,25,24,27,49,68,69,59,66,57,87,122,112,473,448,239
42202093000,4,ç≤ê¢ï€és,ëÂçïí¨,0,,,1302,29,51,57,45,22,34,37,54,71,81,75,101,78,115,161,137,598,566,290,580,18,26,26,25,4,17,20,22,25,39,36,56,40,48,67,70,284,225,110,722,11,25,31,20,18,17,17,32,46,42,39,45,38,67,94,67,314,341,180
42202093001,4,ç≤ê¢ï€és,ëÂçïí¨,0,,,593,24,35,26,24,21,14,22,37,45,49,37,37,32,41,49,85,318,181,91,278,11,20,9,15,14,7,12,20,23,22,17,16,13,21,21,40,159,74,32,315,13,15,17,9,7,7,10,17,22,27,20,21,19,20,28,45,159,107,59
422020940,3,ç≤ê¢ï€és,ìåéRí¨,0,,,856,22,29,35,29,30,29,30,37,48,50,45,43,63,86,86,86,404,359,187,368,15,17,15,15,13,14,10,18,16,23,15,19,29,42,40,47,172,146,64,488,7,12,20,14,17,15,20,19,32,27,30,24,34,44,46,39,232,213,123
42202094000,4,ç≤ê¢ï€és,ìåéRí¨,0,,,786,21,27,34,28,27,26,27,34,42,49,38,41,51,80,82,82,363,334,172,334,15,16,15,14,12,13,8,17,14,22,11,18,22,39,39,46,151,134,56,452,6,11,19,14,15,13,19,17,28,27,27,23,29,41,43,36,212,200,116
42202094001,4,ç≤ê¢ï€és,ìåéRí¨,0,,,70,1,2,1,1,3,3,3,3,6,1,7,2,12,6,4,4,41,25,15,34,0,1,0,1,1,1,2,1,2,1,4,1,7,3,1,1,21,12,8,36,1,1,1,0,2,2,1,2,4,0,3,1,5,3,3,3,20,13,7
422020951,3,ç≤ê¢ï€és,ìVê_,0,,,1632,67,65,107,69,70,88,73,82,129,100,106,99,94,101,156,239,910,477,220,757,29,31,52,35,38,41,27,41,60,49,52,53,43,33,83,112,439,203,87,875,38,34,55,34,32,47,46,41,69,51,54,46,51,68,73,127,471,274,133
42202095101,4,ç≤ê¢ï€és,ìVê_àÍíöñ⁄,0,,,64,2,2,6,3,1,3,3,3,6,2,2,5,7,3,8,10,35,19,8,29,1,1,2,1,0,1,1,2,4,1,1,2,4,2,3,4,17,8,3,35,1,1,4,2,1,2,2,1,2,1,1,3,3,1,5,6,18,11,5
42202095102,4,ç≤ê¢ï€és,ìVê_ìÒíöñ⁄,0,,,636,18,21,36,31,25,32,17,26,52,52,40,45,36,39,73,75,356,203,91,287,11,12,18,14,10,11,7,10,24,25,17,23,17,11,41,41,158,87,35,349,7,9,18,17,15,21,10,16,28,27,23,22,19,28,32,34,198,116,56
42202095103,4,ç≤ê¢ï€és,ìVê_éOíöñ⁄,0,,,388,17,23,29,15,30,17,27,25,24,23,36,17,21,23,22,69,235,84,39,199,8,10,15,8,22,10,12,11,13,12,20,12,10,8,11,33,130,36,17,189,9,13,14,7,8,7,15,14,11,11,16,5,11,15,11,36,105,48,22
42202095104,4,ç≤ê¢ï€és,ìVê_élíöñ⁄,0,,,527,29,19,34,20,14,36,25,27,44,23,28,32,29,34,50,82,278,163,79,236,8,8,17,12,6,19,7,17,19,11,14,16,12,11,26,33,133,68,31,291,21,11,17,8,8,17,18,10,25,12,14,16,17,23,24,49,145,95,48
42202095105,4,ç≤ê¢ï€és,ìVê_å‹íöñ⁄,0,,,17,1,0,2,0,0,0,1,1,3,0,0,0,1,2,3,3,6,8,3,6,1,0,0,0,0,0,0,1,0,0,0,0,0,1,2,1,1,4,1,11,0,0,2,0,0,0,1,0,3,0,0,0,1,1,1,2,5,4,2
422020952,3,ç≤ê¢ï€és,ìVê_,0,,,4749,181,187,196,184,154,184,209,233,222,304,300,300,301,365,405,564,2391,1777,1007,2236,113,96,97,92,70,87,106,121,107,141,152,143,139,187,180,306,1158,761,394,2513,68,91,99,92,84,97,103,112,115,163,148,157,162,178,225,258,1233,1016,613
42202095201,4,ç≤ê¢ï€és,ìVê_àÍíöñ⁄,0,,,214,7,7,4,7,3,2,11,16,4,11,13,22,22,25,20,18,111,85,40,98,4,1,0,3,1,0,7,8,3,7,6,11,9,14,8,5,55,38,16,116,3,6,4,4,2,2,4,8,1,4,7,11,13,11,12,13,56,47,24
42202095202,4,ç≤ê¢ï€és,ìVê_ìÒíöñ⁄,0,,,899,47,37,34,29,39,32,47,44,40,63,45,50,69,58,78,118,458,320,184,461,28,26,21,15,19,20,26,28,17,26,22,27,40,33,37,75,240,144,74,438,19,11,13,14,20,12,21,16,23,37,23,23,29,25,41,43,218,176,110
42202095203,4,ç≤ê¢ï€és,ìVê_éOíöñ⁄,0,,,746,33,25,35,31,25,31,34,40,30,50,45,48,40,49,63,93,374,278,166,364,21,13,16,16,13,16,16,22,17,26,22,24,19,24,29,50,191,122,69,382,12,12,19,15,12,15,18,18,13,24,23,24,21,25,34,43,183,156,97
42202095204,4,ç≤ê¢ï€és,ìVê_élíöñ⁄,0,,,1444,48,53,67,72,52,64,65,69,68,100,101,84,71,93,102,168,746,517,322,655,32,19,28,38,22,28,35,33,30,45,51,41,30,42,45,79,353,215,128,789,16,34,39,34,30,36,30,36,38,55,50,43,41,51,57,89,393,302,194
42202095205,4,ç≤ê¢ï€és,ìVê_å‹íöñ⁄,0,,,1446,46,65,56,45,35,55,52,64,80,80,96,96,99,140,142,167,702,577,295,658,28,37,32,20,15,23,22,30,40,37,51,40,41,74,61,97,319,242,107,788,18,28,24,25,20,32,30,34,40,43,45,56,58,66,81,70,383,335,188
422021000,2,ç≤ê¢ï€és,ìVê_í¨,0,,,1497,58,64,78,51,49,62,59,69,91,101,79,95,111,159,120,200,767,523,244,687,25,26,39,28,23,33,32,31,41,45,39,40,55,74,61,90,367,227,92,810,33,38,39,23,26,29,27,38,50,56,40,55,56,85,59,110,400,296,152
422021010,3,ç≤ê¢ï€és,è\òYêVí¨,0,,,1147,43,62,56,50,27,33,43,59,58,73,71,41,57,108,131,161,512,471,232,484,21,34,30,22,10,12,16,21,27,34,32,18,22,50,57,85,214,184,77,663,22,28,26,28,17,21,27,38,31,39,39,23,35,58,74,76,298,287,155
42202101000,4,ç≤ê¢ï€és,è\òYêVí¨,0,,,961,36,49,47,40,18,27,37,49,46,62,48,32,51,94,115,132,410,418,209,400,17,26,23,16,7,11,12,18,22,30,21,13,20,43,49,66,170,164,72,561,19,23,24,24,11,16,25,31,24,32,27,19,31,51,66,66,240,254,137
42202101001,4,ç≤ê¢ï€és,è\òYêVí¨,0,,,186,7,13,9,10,9,6,6,10,12,11,23,9,6,14,16,29,102,53,23,84,4,8,7,6,3,1,4,3,5,4,11,5,2,7,8,19,44,20,5,102,3,5,2,4,6,5,2,7,7,7,12,4,4,7,8,10,58,33,18
422021020,2,ç≤ê¢ï€és,ìåïlí¨,0,,,1524,55,41,63,59,62,60,59,66,78,93,89,98,117,137,116,159,781,577,324,700,31,23,33,22,34,34,33,33,38,47,42,43,64,65,52,87,390,218,101,824,24,18,30,37,28,26,26,33,40,46,47,55,53,72,64,72,391,359,223
422021030,2,ç≤ê¢ï€és,çËï”í¨,0,,,118,0,0,0,9,44,25,13,14,6,5,2,0,0,0,0,0,118,0,0,114,0,0,0,9,42,25,11,14,6,5,2,0,0,0,0,0,114,0,0,4,0,0,0,0,2,0,2,0,0,0,0,0,0,0,0,0,4,0,0
422021040,2,ç≤ê¢ï€és,ëOî®í¨,0,,,0,0,0,0,0,0,0,0,0,0,0,0,0,0,0,0,0,0,0,0,0,0,0,0,0,0,0,0,0,0,0,0,0,0,0,0,0,0,0,0,0,0,0,0,0,0,0,0,0,0,0,0,0,0,0,0,0,0,0,0
422021050,2,ç≤ê¢ï€és,ëÂìÉí¨,0,,,2683,201,181,117,93,92,136,179,224,181,211,152,134,121,163,178,499,1523,625,284,1284,106,88,63,53,44,68,81,107,80,120,66,66,57,83,87,257,742,269,99,1399,95,93,54,40,48,68,98,117,101,91,86,68,64,80,91,242,781,356,185
422021060,3,ç≤ê¢ï€és,çïîØí¨,0,,,7891,343,376,393,332,242,290,320,422,431,528,517,417,463,578,660,1112,3962,2783,1545,3616,182,191,198,180,119,136,153,193,194,246,245,187,227,277,285,571,1880,1145,583,4275,161,185,195,152,123,154,167,229,237,282,272,230,236,301,375,541,2082,1638,962
42202106000,4,ç≤ê¢ï€és,çïîØí¨,0,,,3040,140,178,188,145,101,109,142,190,190,216,180,159,180,234,226,506,1612,903,443,1366,82,83,86,72,51,47,73,83,81,99,83,68,87,114,100,251,744,360,146,1674,58,95,102,73,50,62,69,107,109,117,97,91,93,120,126,255,868,543,297
42202106001,4,ç≤ê¢ï€és,çïîØí¨,0,,,4851,203,198,205,187,141,181,178,232,241,312,337,258,283,344,434,606,2350,1880,1102,2250,100,108,112,108,68,89,80,110,113,147,162,119,140,163,185,320,1136,785,437,2601,103,90,93,79,73,92,98,122,128,165,175,139,143,181,249,286,1214,1095,665
422021070,2,ç≤ê¢ï€és,ì˙âFí¨,0,,,4176,164,174,147,132,136,208,219,233,229,259,221,207,289,354,366,485,2133,1522,802,1971,100,92,75,63,66,102,111,108,110,113,106,105,146,166,176,267,1030,656,314,2205,64,82,72,69,70,106,108,125,119,146,115,102,143,188,190,218,1103,866,488
422021080,2,ç≤ê¢ï€és,ëÂòaí¨,0,,,4467,193,185,243,201,200,215,224,229,312,343,265,243,242,267,326,621,2474,1346,753,2063,100,96,124,116,90,100,102,107,154,164,112,112,115,139,157,320,1172,552,256,2404,93,89,119,85,110,115,122,122,158,179,153,131,127,128,169,301,1302,794,497
422021090,2,ç≤ê¢ï€és,îíäxí¨,1,,1110,3101,188,140,110,473,127,178,198,234,182,172,156,149,127,148,154,438,1996,634,332,1648,100,68,63,360,81,90,103,110,90,84,83,79,61,74,75,231,1141,258,109,1453,88,72,47,113,46,88,95,124,92,88,73,70,66,74,79,207,855,376,223
422021100,2,ç≤ê¢ï€és,ëÂäxë‰í¨,0,,,1534,30,46,46,53,44,47,63,77,96,72,94,121,105,170,199,122,772,638,269,730,14,24,24,35,21,28,31,44,51,33,34,62,39,81,94,62,378,289,114,804,16,22,22,18,23,19,32,33,45,39,60,59,66,89,105,60,394,349,155
422021110,2,ç≤ê¢ï€és,â´êVí¨,2,1090,,0,0,0,0,0,0,0,0,0,0,0,0,0,0,0,0,0,0,0,0,0,0,0,0,0,0,0,0,0,0,0,0,0,0,0,0,0,0,0,0,0,0,0,0,0,0,0,0,0,0,0,0,0,0,0,0,0,0,0,0
422021120,3,ç≤ê¢ï€és,âµñ{í¨,0,,,756,48,38,27,20,52,54,59,69,60,55,50,35,28,39,46,113,482,157,72,375,24,21,12,11,34,29,26,34,32,27,22,20,12,17,22,57,247,69,30,381,24,17,15,9,18,25,33,35,28,28,28,15,16,22,24,56,235,88,42
42202112000,4,ç≤ê¢ï€és,âµñ{í¨,0,,,667,48,36,24,14,46,52,57,68,54,49,39,24,21,33,37,108,424,131,61,339,24,21,11,8,33,27,26,33,30,26,17,16,8,16,17,56,224,57,24,328,24,15,13,6,13,25,31,35,24,23,22,8,13,17,20,52,200,74,37
42202112001,4,ç≤ê¢ï€és,âµñ{í¨,0,,,89,0,2,3,6,6,2,2,1,6,6,11,11,7,6,9,5,58,26,11,36,0,0,1,3,1,2,0,1,2,1,5,4,4,1,5,1,23,12,6,53,0,2,2,3,5,0,2,0,4,5,6,7,3,5,4,4,35,14,5
422021130,2,ç≤ê¢ï€és,çÇìáí¨,0,,,162,5,8,4,7,0,2,5,8,7,10,14,16,17,10,16,17,86,59,33,86,1,7,4,1,0,1,3,6,2,5,8,10,7,6,8,12,43,31,17,76,4,1,0,6,0,1,2,2,5,5,6,6,10,4,8,5,43,28,16
422021140,2,ç≤ê¢ï€és,êÛéqí¨,0,,,319,5,20,15,13,9,10,12,19,18,18,20,24,31,31,32,40,174,105,42,150,2,7,7,9,6,4,6,10,8,11,9,10,18,16,15,16,91,43,12,169,3,13,8,4,3,6,6,9,10,7,11,14,13,15,17,24,83,62,30
422021150,2,ç≤ê¢ï€és,åıí¨,0,,,272,14,8,7,8,10,21,14,11,14,12,14,13,8,17,16,29,125,116,83,123,6,5,2,2,5,13,9,6,5,6,8,7,4,7,9,13,65,43,27,149,8,3,5,6,5,8,5,5,9,6,6,6,4,10,7,16,60,73,56
422021160,2,ç≤ê¢ï€és,íIï˚í¨,0,,,2591,97,140,132,100,65,86,138,157,163,158,134,141,203,324,256,369,1345,874,294,1254,45,68,69,45,38,45,61,87,88,76,67,59,90,156,127,182,656,413,130,1337,52,72,63,55,27,41,77,70,75,82,67,82,113,168,129,187,689,461,164
422021170,2,ç≤ê¢ï€és,ëäâYí¨,0,,,2291,80,89,116,122,111,75,87,143,138,156,132,111,152,202,186,285,1227,761,373,1082,48,42,49,70,62,36,48,67,65,78,57,49,84,97,97,139,616,317,123,1209,32,47,67,52,49,39,39,76,73,78,75,62,68,105,89,146,611,444,250
422021180,2,ç≤ê¢ï€és,à§ìÜí¨,0,,,656,26,34,33,28,40,26,39,46,44,41,43,32,45,42,53,93,384,166,71,311,14,22,13,15,18,8,21,20,19,19,22,17,23,23,20,49,182,71,28,345,12,12,20,13,22,18,18,26,25,22,21,15,22,19,33,44,202,95,43
422021190,2,ç≤ê¢ï€és,ñÿã{í¨,0,,,378,20,28,26,22,20,13,14,26,37,25,27,24,20,19,19,74,228,76,38,197,11,14,17,11,12,6,10,12,20,17,11,12,12,11,9,42,123,32,12,181,9,14,9,11,8,7,4,14,17,8,16,12,8,8,10,32,105,44,26
422021200,2,ç≤ê¢ï€és,è„ëäâYí¨,0,,,560,27,30,30,39,76,27,24,26,30,39,32,26,35,23,26,87,354,95,46,256,14,10,10,20,38,16,11,11,15,14,11,17,15,13,9,34,168,40,18,304,13,20,20,19,38,11,13,15,15,25,21,9,20,10,17,53,186,55,28
422021210,2,ç≤ê¢ï€és,êÏâ∫í¨,0,,,936,31,27,35,108,155,37,35,27,45,46,40,52,32,43,59,93,577,216,114,472,15,15,24,51,79,21,19,15,26,20,15,24,16,23,29,54,286,98,46,464,16,12,11,57,76,16,16,12,19,26,25,28,16,20,30,39,291,118,68
422021220,2,ç≤ê¢ï€és,ëÂäÉí¨,0,,,6394,396,345,245,447,643,421,586,458,356,316,333,330,350,288,270,986,4240,967,409,3696,191,182,121,314,473,294,388,304,206,172,164,163,177,151,137,494,2655,440,152,2698,205,163,124,133,170,127,198,154,150,144,169,167,173,137,133,492,1585,527,257
422021230,2,ç≤ê¢ï€és,í|ï”í¨,0,,,666,45,35,33,28,22,20,59,48,47,45,31,27,49,48,53,113,376,175,74,310,20,18,17,11,7,11,27,21,26,23,12,13,25,23,26,55,176,78,29,356,25,17,16,17,15,9,32,27,21,22,19,14,24,25,27,58,200,97,45
422021240,2,ç≤ê¢ï€és,è¨ñÏí¨,0,,,984,44,31,43,51,58,49,44,40,50,66,79,82,83,79,78,118,602,256,99,492,20,17,23,29,34,25,22,17,28,27,37,44,46,38,36,60,309,119,45,492,24,14,20,22,24,24,22,23,22,39,42,38,37,41,42,58,293,137,54
422021250,2,ç≤ê¢ï€és,êVìcí¨,0,,,2666,129,150,192,179,110,91,120,140,172,216,184,146,148,186,208,471,1506,673,279,1182,55,83,89,84,53,43,52,67,72,92,70,70,64,85,98,227,667,284,101,1484,74,67,103,95,57,48,68,73,100,124,114,76,84,101,110,244,839,389,178
422021260,2,ç≤ê¢ï€és,ïÍÉñâYí¨,0,,,1450,59,72,97,113,69,55,81,96,117,126,85,61,69,94,96,228,872,326,136,722,35,33,49,54,36,28,48,47,58,68,41,33,34,41,52,117,447,145,52,728,24,39,48,59,33,27,33,49,59,58,44,28,35,53,44,111,425,181,84
422021270,2,ç≤ê¢ï€és,í≈ñÿí¨,0,,,2100,87,98,75,251,256,85,111,93,136,99,94,100,100,112,129,260,1325,467,226,985,42,52,38,78,150,42,53,49,73,46,42,47,53,53,58,132,633,186,75,1115,45,46,37,173,106,43,58,44,63,53,52,53,47,59,71,128,692,281,151
422021280,2,ç≤ê¢ï€és,ì˙ñÏí¨,0,,,4915,263,295,269,312,212,232,301,304,297,333,336,288,240,262,295,827,2855,1151,594,2353,135,144,118,178,102,107,154,147,139,156,154,144,134,122,151,397,1415,488,215,2562,128,151,151,134,110,125,147,157,158,177,182,144,106,140,144,430,1440,663,379
422021290,2,ç≤ê¢ï€és,ïΩèºí¨,0,,,162,4,4,4,5,9,1,10,5,5,11,8,15,4,20,22,12,73,77,35,82,3,2,3,1,6,0,4,0,4,8,2,8,2,8,13,8,35,39,18,80,1,2,1,4,3,1,6,5,1,3,6,7,2,12,9,4,38,38,17
422021300,2,ç≤ê¢ï€és,è„å¥í¨,0,,,1551,78,79,72,62,78,86,77,88,84,104,109,119,105,80,88,229,912,401,233,704,35,36,42,32,34,34,42,41,37,51,50,59,51,39,41,113,431,157,77,847,43,43,30,30,44,52,35,47,47,53,59,60,54,41,47,116,481,244,156
422021310,2,ç≤ê¢ï€és,ëÅïcí¨,0,,,2240,98,98,86,102,98,92,80,131,138,147,157,130,161,159,167,282,1236,719,393,1067,48,52,49,51,48,41,43,62,70,71,71,59,90,75,78,149,606,311,158,1173,50,46,37,51,50,51,37,69,68,76,86,71,71,84,89,133,630,408,235
422021320,2,ç≤ê¢ï€és,êwÇÃì‡í¨,0,,,1064,30,28,40,61,44,47,48,63,61,69,69,58,76,82,82,98,596,346,182,541,19,18,20,34,24,29,25,38,29,36,31,29,43,30,41,57,318,149,78,523,11,10,20,27,20,18,23,25,32,33,38,29,33,52,41,41,278,197,104
422021330,2,ç≤ê¢ï€és,ìcÇÃâYí¨,0,,,1307,57,40,93,96,64,57,53,61,105,109,120,88,79,62,51,190,832,259,146,609,28,16,42,56,33,23,26,27,42,57,54,49,43,33,15,86,410,101,53,698,29,24,51,40,31,34,27,34,63,52,66,39,36,29,36,104,422,158,93
422021340,2,ç≤ê¢ï€és,èüäCí¨,0,,,840,60,92,58,26,18,25,50,79,81,56,24,36,48,49,33,210,443,177,95,378,29,41,31,12,7,15,27,32,40,29,7,15,22,26,14,101,206,68,28,462,31,51,27,14,11,10,23,47,41,27,17,21,26,23,19,109,237,109,67
422021360,2,ç≤ê¢ï€és,å†èÌéõí¨,0,,,4538,178,224,219,192,149,167,215,262,274,301,280,271,307,386,357,621,2418,1479,736,2108,92,111,122,108,76,91,92,123,126,141,133,124,132,184,175,325,1146,625,266,2430,86,113,97,84,73,76,123,139,148,160,147,147,175,202,182,296,1272,854,470
422021370,3,ç≤ê¢ï€és,íÜå¥í¨,0,,,561,18,23,32,22,20,23,23,32,44,47,37,36,41,39,58,73,325,163,66,256,8,8,17,11,10,11,10,16,23,20,17,19,21,16,26,33,158,65,23,305,10,15,15,11,10,12,13,16,21,27,20,17,20,23,32,40,167,98,43
42202137000,4,ç≤ê¢ï€és,íÜå¥í¨,0,,,484,17,22,28,20,17,19,21,26,37,41,35,29,34,36,46,67,279,138,56,223,8,7,14,11,8,11,10,12,20,17,16,17,18,14,20,29,140,54,20,261,9,15,14,9,9,8,11,14,17,24,19,12,16,22,26,38,139,84,36
42202137001,4,ç≤ê¢ï€és,íÜå¥í¨,0,,,77,1,1,4,2,3,4,2,6,7,6,2,7,7,3,12,6,46,25,10,33,0,1,3,0,2,0,0,4,3,3,1,2,3,2,6,4,18,11,3,44,1,0,1,2,1,4,2,2,4,3,1,5,4,1,6,2,28,14,7
422021380,2,ç≤ê¢ï€és,çLìcí¨,0,,,830,26,54,77,66,44,38,18,46,52,97,76,59,30,41,29,157,526,122,52,387,17,26,37,35,12,21,4,18,19,45,32,38,14,17,14,80,238,52,21,443,9,28,40,31,32,17,14,28,33,52,44,21,16,24,15,77,288,70,31
422021390,2,ç≤ê¢ï€és,èdîˆí¨,0,,,2268,122,233,237,171,88,67,135,175,220,212,136,108,78,92,74,592,1390,285,119,1115,54,134,127,93,28,36,63,70,105,111,70,58,38,42,36,315,672,127,49,1153,68,99,110,78,60,31,72,105,115,101,66,50,40,50,38,277,718,158,70
422021400,2,ç≤ê¢ï€és,âYêÏì‡í¨,0,,,621,38,36,47,30,40,21,45,39,51,38,27,38,45,34,37,121,374,123,52,304,22,16,28,11,22,7,20,23,25,19,12,18,26,18,16,66,183,52,18,317,16,20,19,19,18,14,25,16,26,19,15,20,19,16,21,55,191,71,34
422021410,2,ç≤ê¢ï€és,çËâ™í¨,0,,,2363,85,90,104,189,386,126,123,114,99,153,116,118,84,90,112,279,1508,368,166,1116,43,49,54,92,177,57,62,50,46,70,54,54,39,40,53,146,701,165,72,1247,42,41,50,97,209,69,61,64,53,83,62,64,45,50,59,133,807,203,94
422021421,3,ç≤ê¢ï€és,â‘çÇ,0,,,346,49,36,24,15,9,19,41,38,20,20,10,12,7,16,15,109,191,42,11,177,24,20,16,12,2,10,17,17,10,13,4,5,5,6,8,60,95,20,6,169,25,16,8,3,7,9,24,21,10,7,6,7,2,10,7,49,96,22,5
42202142101,4,ç≤ê¢ï€és,â‘çÇàÍíöñ⁄,0,,,26,2,1,0,0,0,1,6,3,4,3,3,1,1,0,0,3,22,1,1,14,2,0,0,0,0,0,2,2,2,2,2,1,1,0,0,2,12,0,0,12,0,1,0,0,0,1,4,1,2,1,1,0,0,0,0,1,10,1,1
42202142103,4,ç≤ê¢ï€és,â‘çÇéOíöñ⁄,0,,,304,47,35,23,13,8,18,35,34,16,13,7,10,6,14,11,105,160,35,10,158,22,20,16,11,2,10,15,15,8,9,2,4,4,6,6,58,80,18,6,146,25,15,7,2,6,8,20,19,8,4,5,6,2,8,5,47,80,17,4
42202142104,4,ç≤ê¢ï€és,â‘çÇélíöñ⁄,0,,,16,0,0,1,2,1,0,0,1,0,4,0,1,0,2,4,1,9,6,0,5,0,0,0,1,0,0,0,0,0,2,0,0,0,0,2,0,3,2,0,11,0,0,1,1,1,0,0,1,0,2,0,1,0,2,2,1,6,4,0
42202142110,4,ç≤ê¢ï€és,â‘çÇàÍíöñ⁄,2,142201,,0,0,0,0,0,0,0,0,0,0,0,0,0,0,0,0,0,0,0,0,0,0,0,0,0,0,0,0,0,0,0,0,0,0,0,0,0,0,0,0,0,0,0,0,0,0,0,0,0,0,0,0,0,0,0,0,0,0,0,0
422021422,3,ç≤ê¢ï€és,â‘çÇ,0,,,4425,131,191,219,220,132,122,169,209,268,334,271,231,262,350,455,541,2218,1648,843,1947,68,85,111,107,55,53,79,90,120,159,116,92,109,150,194,264,980,694,350,2478,63,106,108,113,77,69,90,119,148,175,155,139,153,200,261,277,1238,954,493
42202142201,4,ç≤ê¢ï€és,â‘çÇàÍíöñ⁄,1,,142110,1170,41,44,47,44,35,33,50,62,69,85,69,55,80,78,111,132,582,446,257,516,19,16,24,20,16,15,24,26,38,41,33,19,32,39,46,59,264,189,104,654,22,28,23,24,19,18,26,36,31,44,36,36,48,39,65,73,318,257,153
42202142202,4,ç≤ê¢ï€és,â‘çÇìÒíöñ⁄,0,,,1023,22,47,47,59,36,27,34,37,58,77,69,80,61,77,97,116,538,367,193,445,10,16,18,32,15,13,16,16,21,41,23,36,28,38,37,44,241,159,84,578,12,31,29,27,21,14,18,21,37,36,46,44,33,39,60,72,297,208,109
42202142203,4,ç≤ê¢ï€és,â‘çÇéOíöñ⁄,0,,,1455,49,67,99,85,45,48,62,85,94,106,96,64,96,144,155,215,781,454,155,637,30,39,54,41,20,19,29,36,40,44,37,18,41,53,72,123,325,186,61,818,19,28,45,44,25,29,33,49,54,62,59,46,55,91,83,92,456,268,94
42202142204,4,ç≤ê¢ï€és,â‘çÇélíöñ⁄,0,,,777,19,33,26,32,16,14,23,25,47,66,37,32,25,51,92,78,317,381,238,349,9,14,15,14,4,6,10,12,21,33,23,19,8,20,39,38,150,160,101,428,10,19,11,18,12,8,13,13,26,33,14,13,17,31,53,40,167,221,137
422021460,2,ç≤ê¢ï€és,ímå©éõí¨,0,,,144,3,4,3,6,1,4,3,2,4,4,19,13,13,13,13,10,69,63,37,73,0,3,2,1,0,3,1,1,2,1,11,8,7,6,5,5,35,32,21,71,3,1,1,5,1,1,2,1,2,3,8,5,6,7,8,5,34,31,16
422021470,2,ç≤ê¢ï€és,èºê£í¨,0,,,2397,96,106,102,95,67,82,89,149,145,155,131,146,129,197,183,304,1188,899,519,1118,52,59,44,52,29,46,41,73,77,77,56,62,67,94,84,155,580,378,200,1279,44,47,58,43,38,36,48,76,68,78,75,84,62,103,99,149,608,521,319
422021480,2,ç≤ê¢ï€és,ëÂñÏí¨,0,,,1983,60,97,119,132,60,58,79,95,136,171,160,104,137,144,142,276,1132,563,277,905,27,49,61,71,29,26,37,46,70,75,71,51,64,59,65,137,540,222,98,1078,33,48,58,61,31,32,42,49,66,96,89,53,73,85,77,139,592,341,179
422021490,2,ç≤ê¢ï€és,å¥ï™í¨,0,,,3320,127,148,147,156,114,129,149,167,200,209,182,206,219,279,300,422,1731,1152,573,1513,68,74,79,70,47,57,67,82,89,90,78,93,113,121,130,221,786,496,245,1807,59,74,68,86,67,72,82,85,111,119,104,113,106,158,170,201,945,656,328
422021500,3,ç≤ê¢ï€és,ìcå¥í¨,0,,,957,34,42,64,57,34,35,42,50,70,78,72,52,45,59,70,140,535,281,152,442,18,26,36,34,16,12,20,22,31,33,32,25,23,24,31,80,248,113,58,515,16,16,28,23,18,23,22,28,39,45,40,27,22,35,39,60,287,168,94
42202150000,4,ç≤ê¢ï€és,ìcå¥í¨,0,,,619,19,29,36,33,25,29,27,34,47,51,47,43,30,44,45,84,366,169,80,283,11,17,22,16,12,9,11,18,19,23,16,22,16,18,21,50,162,71,32,336,8,12,14,17,13,20,16,16,28,28,31,21,14,26,24,34,204,98,48
42202150001,4,ç≤ê¢ï€és,ìcå¥í¨,0,,,338,15,13,28,24,9,6,15,16,23,27,25,9,15,15,25,56,169,112,72,159,7,9,14,18,4,3,9,4,12,10,16,3,7,6,10,30,86,42,26,179,8,4,14,6,5,3,6,12,11,17,9,6,8,9,15,26,83,70,46
422021510,2,ç≤ê¢ï€és,ñÓïÙí¨,0,,,1475,69,76,68,55,42,59,70,99,105,107,94,86,89,113,109,213,806,433,211,684,37,42,43,29,18,25,27,52,50,51,48,36,43,54,46,122,379,173,73,791,32,34,25,26,24,34,43,47,55,56,46,50,46,59,63,91,427,260,138
422021520,2,ç≤ê¢ï€és,èºå¥í¨,0,,,1127,45,73,62,52,44,33,42,67,85,55,54,63,66,105,102,180,561,384,177,490,20,37,35,25,25,12,18,30,42,19,26,28,28,41,44,92,253,144,59,637,25,36,27,27,19,21,24,37,43,36,28,35,38,64,58,88,308,240,118
422021530,2,ç≤ê¢ï€és,ê£åÀâzí¨,0,,,581,14,25,18,30,13,20,26,31,23,41,37,26,40,58,67,57,287,235,110,267,5,14,8,17,10,4,15,11,11,22,17,12,18,27,32,27,137,101,42,314,9,11,10,13,3,16,11,20,12,19,20,14,22,31,35,30,150,134,68
422021540,2,ç≤ê¢ï€és,äxñÏí¨,0,,,132,1,0,1,3,5,0,2,4,1,5,6,2,10,15,10,2,38,92,67,49,0,0,1,0,3,0,2,2,1,2,3,1,5,11,2,1,19,29,16,83,1,0,0,3,2,0,0,2,0,3,3,1,5,4,8,1,19,63,51
422021550,2,ç≤ê¢ï€és,î™ÇÃãvï€í¨,0,,,123,2,4,8,4,3,0,3,6,8,7,7,7,10,15,18,14,55,54,21,65,2,3,5,3,3,0,2,2,5,4,1,3,6,7,8,10,29,26,11,58,0,1,3,1,0,0,1,4,3,3,6,4,4,8,10,4,26,28,10
422021560,2,ç≤ê¢ï€és,è„ñ{éRí¨,0,,,1998,117,219,220,119,63,55,86,176,205,153,125,96,84,78,78,556,1162,278,122,936,57,116,122,49,34,16,39,84,97,62,63,49,43,32,38,295,536,104,34,1062,60,103,98,70,29,39,47,92,108,91,62,47,41,46,40,261,626,174,88
422021570,2,ç≤ê¢ï€és,â∫ñ{éRí¨,0,,,1240,57,46,59,59,24,42,61,67,64,90,85,59,96,116,112,162,647,427,199,599,24,25,33,31,12,21,33,35,32,42,46,26,41,59,59,82,319,195,77,641,33,21,26,28,12,21,28,32,32,48,39,33,55,57,53,80,328,232,122
422021580,2,ç≤ê¢ï€és,ãgâ™í¨,0,,,2337,112,90,94,95,76,96,118,109,115,160,162,148,169,189,202,296,1248,790,399,1086,65,43,48,63,35,43,63,53,48,82,66,65,87,83,88,156,605,323,152,1251,47,47,46,32,41,53,55,56,67,78,96,83,82,106,114,140,643,467,247
422021590,2,ç≤ê¢ï€és,íÜó¢í¨,0,,,1701,128,118,111,65,59,93,119,128,113,114,110,98,65,85,101,357,964,376,190,825,77,58,58,31,31,45,52,58,57,65,49,53,34,42,36,193,475,154,76,876,51,60,53,34,28,48,67,70,56,49,61,45,31,43,65,164,489,222,114
422021600,2,ç≤ê¢ï€és,óxêŒí¨,0,,,260,9,8,3,6,5,5,8,13,15,9,12,12,17,35,18,20,102,138,85,107,2,2,2,3,3,0,3,5,8,6,9,6,6,15,11,6,49,52,26,153,7,6,1,3,2,5,5,8,7,3,3,6,11,20,7,14,53,86,59
422021610,2,ç≤ê¢ï€és,ñqÇÃíní¨,0,,,423,12,17,13,14,15,12,21,20,28,24,19,24,30,32,56,42,207,172,84,198,7,12,4,6,4,7,11,10,15,13,7,9,15,18,22,23,97,76,36,225,5,5,9,8,11,5,10,10,13,11,12,15,15,14,34,19,110,96,48
422021620,2,ç≤ê¢ï€és,è¨êÏì‡í¨,0,,,116,1,0,4,4,6,0,3,2,5,11,5,11,9,15,16,5,56,55,24,51,1,0,3,1,1,0,1,1,2,3,3,5,5,7,7,4,22,25,11,65,0,0,1,3,5,0,2,1,3,8,2,6,4,8,9,1,34,30,13
422021630,2,ç≤ê¢ï€és,å‘ìcí¨,0,,,101,1,3,4,3,5,2,4,4,3,3,7,8,12,10,8,8,51,42,24,46,1,2,1,1,1,1,3,3,1,0,3,4,7,4,4,4,24,18,10,55,0,1,3,2,4,1,1,1,2,3,4,4,5,6,4,4,27,24,14
422021640,2,ç≤ê¢ï€és,îíêmìcí¨,0,,,176,3,4,5,3,4,11,4,5,6,5,12,20,19,23,20,12,89,75,32,88,3,3,2,1,0,9,2,3,3,1,5,7,13,15,12,8,44,36,9,88,0,1,3,2,4,2,2,2,3,4,7,13,6,8,8,4,45,39,23
422021650,2,ç≤ê¢ï€és,è\ï∂ñÏí¨,0,,,110,2,1,5,9,4,1,2,3,4,10,6,5,6,18,17,8,50,52,17,53,1,1,5,3,1,1,1,1,1,3,4,3,2,12,8,7,20,26,6,57,1,0,0,6,3,0,1,2,3,7,2,2,4,6,9,1,30,26,11
422021660,2,ç≤ê¢ï€és,äFê£í¨,0,,,1395,60,95,91,58,44,33,64,83,101,133,87,90,66,103,107,246,759,389,179,611,30,44,44,27,23,15,30,38,46,56,33,40,32,43,39,118,340,153,71,784,30,51,47,31,21,18,34,45,55,77,54,50,34,60,68,128,419,236,108
422021670,2,ç≤ê¢ï€és,ñÏíÜí¨,0,,,1398,67,46,51,52,28,63,76,72,67,96,65,77,98,124,105,164,694,532,303,621,36,22,23,24,12,24,33,31,33,39,31,34,46,65,48,81,307,226,113,777,31,24,28,28,16,39,43,41,34,57,34,43,52,59,57,83,387,306,190
422021680,2,ç≤ê¢ï€és,ìÌñÿí¨,0,,,244,8,9,11,6,9,5,11,9,13,16,16,19,18,24,25,28,122,94,45,119,5,3,10,3,8,1,5,4,5,6,8,9,8,12,14,18,57,44,18,125,3,6,1,3,1,4,6,5,8,10,8,10,10,12,11,10,65,50,27
422021690,2,ç≤ê¢ï€és,çïìáí¨,0,,,384,10,10,9,5,5,6,6,12,11,25,29,22,32,35,36,29,153,202,131,177,3,8,5,2,2,4,4,5,2,15,17,14,12,22,15,16,77,84,47,207,7,2,4,3,3,2,2,7,9,10,12,8,20,13,21,13,76,118,84
422021700,2,ç≤ê¢ï€és,ç]è„í¨,0,,,1270,24,35,46,32,34,37,47,50,56,57,57,65,60,90,119,105,495,670,461,539,8,17,21,7,19,20,23,22,33,26,34,37,29,52,60,46,250,243,131,731,16,18,25,25,15,17,24,28,23,31,23,28,31,38,59,59,245,427,330
422021710,2,ç≤ê¢ï€és,éwï˚í¨,0,,,1220,53,63,43,38,56,58,93,73,71,69,60,58,67,78,86,159,643,371,207,585,27,28,26,20,31,32,41,40,38,34,30,28,35,37,48,81,329,149,64,635,26,35,17,18,25,26,52,33,33,35,30,30,32,41,38,78,314,222,143
422021720,2,ç≤ê¢ï€és,óLïüí¨,0,,,3851,191,165,164,161,160,205,218,252,213,219,211,271,311,313,290,520,2221,1059,456,1832,107,79,80,82,68,106,89,133,101,107,96,130,153,154,137,266,1065,473,182,2019,84,86,84,79,92,99,129,119,112,112,115,141,158,159,153,254,1156,586,274
422021730,2,ç≤ê¢ï€és,êjîˆìåí¨,0,,,794,29,29,38,32,24,31,26,26,43,53,41,56,66,70,62,96,398,300,168,369,13,14,22,21,10,14,13,14,24,23,26,27,27,35,31,49,199,121,55,425,16,15,16,11,14,17,13,12,19,30,15,29,39,35,31,47,199,179,113
422021740,2,ç≤ê¢ï€és,êjîˆíÜí¨,0,,,610,22,35,30,24,15,18,24,24,25,38,28,45,68,42,50,87,309,213,121,282,11,15,14,9,9,9,12,13,11,21,10,20,36,22,23,40,150,91,46,328,11,20,16,15,6,9,12,11,14,17,18,25,32,20,27,47,159,122,75
422021750,2,ç≤ê¢ï€és,êjîˆêºí¨,0,,,605,14,22,25,21,14,17,19,27,27,35,30,38,54,47,57,61,282,262,158,274,6,12,14,12,6,11,10,16,10,18,14,18,26,31,26,32,141,101,44,331,8,10,11,9,8,6,9,11,17,17,16,20,28,16,31,29,141,161,114
422021760,2,ç≤ê¢ï€és,êjîˆñkí¨,0,,,356,9,15,27,10,13,9,7,15,19,23,14,23,20,41,37,51,153,152,74,178,4,6,17,8,6,5,2,8,11,7,8,14,13,18,22,27,82,69,29,178,5,9,10,2,7,4,5,7,8,16,6,9,7,23,15,24,71,83,45
422021770,2,ç≤ê¢ï€és,óMñÿå≥í¨,0,,,740,41,28,29,23,17,32,40,41,51,50,36,30,63,87,69,98,383,244,88,358,26,16,15,12,5,12,14,21,23,27,17,16,28,43,37,57,175,117,37,382,15,12,14,11,12,20,26,20,28,23,19,14,35,44,32,41,208,127,51
422021780,2,ç≤ê¢ï€és,è¨èMí¨,0,,,609,18,22,14,16,18,19,31,34,38,43,41,43,52,63,56,54,335,220,101,297,7,12,5,7,8,8,20,15,23,23,20,21,26,33,32,24,171,102,37,312,11,10,9,9,10,11,11,19,15,20,21,22,26,30,24,30,164,118,64
422021790,2,ç≤ê¢ï€és,ìõà‰í¨,0,,,216,6,9,7,8,5,7,14,11,12,8,17,13,23,27,17,22,118,76,32,107,4,5,2,5,3,5,6,5,5,4,6,5,12,13,11,11,56,40,16,109,2,4,5,3,2,2,8,6,7,4,11,8,11,14,6,11,62,36,16
422021800,2,ç≤ê¢ï€és,óMñÿí¨,0,,,1312,35,48,69,59,32,32,37,52,80,70,64,92,97,124,150,152,615,544,270,602,16,27,40,23,16,23,21,29,39,34,30,44,40,62,68,83,299,219,89,710,19,21,29,36,16,9,16,23,41,36,34,48,57,62,82,69,316,325,181
422021810,2,ç≤ê¢ï€és,è„óMñÿí¨,0,,,578,17,24,26,11,7,11,18,19,32,20,24,36,42,47,43,67,220,290,200,229,7,9,11,8,4,4,9,9,14,9,14,14,25,22,20,27,110,91,49,349,10,15,15,3,3,7,9,10,18,11,10,22,17,25,23,40,110,199,151
422021820,2,ç≤ê¢ï€és,êˆñÿí¨,0,,,146,7,9,7,6,0,6,2,6,12,9,8,8,8,20,13,23,65,58,25,73,4,6,3,3,0,2,2,3,6,5,5,4,4,11,5,13,34,26,10,73,3,3,4,3,0,4,0,3,6,4,3,4,4,9,8,10,31,32,15
422021830,2,ç≤ê¢ï€és,çÇâ‘í¨,0,,,134,6,9,6,6,1,1,7,7,9,5,6,7,11,16,15,21,60,53,22,59,4,4,1,1,0,0,3,3,4,3,4,5,2,9,10,9,25,25,6,75,2,5,5,5,1,1,4,4,5,2,2,2,9,7,5,12,35,28,16
422021840,2,ç≤ê¢ï€és,åÀÉñëqí¨,0,,,15,0,0,0,0,0,0,0,0,0,1,1,3,2,0,2,0,7,8,6,7,0,0,0,0,0,0,0,0,0,0,0,1,1,0,2,0,2,5,3,8,0,0,0,0,0,0,0,0,0,1,1,2,1,0,0,0,5,3,3
422021850,2,ç≤ê¢ï€és,ó¢î¸í¨,0,,,114,1,3,3,4,2,4,2,5,4,7,8,7,11,18,2,7,54,53,33,52,0,2,0,1,1,1,1,4,3,1,6,3,4,10,1,2,25,25,14,62,1,1,3,3,1,3,1,1,1,6,2,4,7,8,1,5,29,28,19
422021860,2,ç≤ê¢ï€és,êÏíJí¨,0,,,27,0,0,0,1,0,0,1,0,3,1,1,1,3,4,3,0,11,16,9,14,0,0,0,1,0,0,1,0,1,0,1,1,2,2,1,0,7,7,4,13,0,0,0,0,0,0,0,0,2,1,0,0,1,2,2,0,4,9,5
422021870,2,ç≤ê¢ï€és,â∫âFåÀí¨,0,,,50,0,1,1,0,0,2,1,1,2,3,0,6,8,6,8,2,23,25,11,26,0,1,0,0,0,0,1,0,2,3,0,3,4,5,3,1,13,12,4,24,0,0,1,0,0,2,0,1,0,0,0,3,4,1,5,1,10,13,7
422021880,2,ç≤ê¢ï€és,êSñÏí¨,0,,,110,1,6,8,5,3,5,2,3,7,10,7,10,2,11,13,15,54,41,17,50,1,3,6,2,1,2,2,2,2,4,5,5,1,3,6,10,26,14,5,60,0,3,2,3,2,3,0,1,5,6,2,5,1,8,7,5,28,27,12
422021890,2,ç≤ê¢ï€és,â°éËí¨,0,,,153,3,6,7,8,2,2,6,15,7,13,5,8,10,13,17,16,76,57,27,76,1,4,4,3,0,0,3,8,5,6,3,3,6,6,8,9,37,27,13,77,2,2,3,5,2,2,3,7,2,7,2,5,4,7,9,7,39,30,14
422021900,2,ç≤ê¢ï€és,ñÿå¥í¨,0,,,395,9,10,13,13,9,10,12,15,25,25,34,36,27,37,35,32,206,157,85,201,5,6,8,8,5,8,6,8,15,12,20,18,18,15,21,19,118,64,28,194,4,4,5,5,4,2,6,7,10,13,14,18,9,22,14,13,88,93,57
422021910,2,ç≤ê¢ï€és,ç]âií¨,0,,,208,7,12,5,9,2,2,8,15,15,10,10,11,11,17,21,24,93,91,53,103,4,7,4,4,0,1,5,7,8,5,4,7,4,10,9,15,45,43,24,105,3,5,1,5,2,1,3,8,7,5,6,4,7,7,12,9,48,48,29
422021920,2,ç≤ê¢ï€és,ãgïüí¨,0,,,126,0,6,4,7,6,2,3,4,6,5,10,11,11,12,14,10,65,51,25,54,0,3,2,1,4,2,1,1,2,2,4,8,1,7,7,5,26,23,9,72,0,3,2,6,2,0,2,3,4,3,6,3,10,5,7,5,39,28,16
422021930,2,ç≤ê¢ï€és,å˚ÇÃîˆí¨,0,,,312,12,18,23,10,9,11,15,15,23,15,21,11,23,27,24,53,153,98,47,150,6,7,14,3,2,6,9,4,15,8,13,4,11,13,12,27,75,43,18,162,6,11,9,7,7,5,6,11,8,7,8,7,12,14,12,26,78,55,29
422021940,2,ç≤ê¢ï€és,êVçsç]í¨,0,,,382,7,14,17,12,6,6,10,18,18,23,19,23,26,34,33,38,161,183,116,165,4,4,6,4,3,2,3,8,10,10,8,9,18,20,15,14,75,76,41,217,3,10,11,8,3,4,7,10,8,13,11,14,8,14,18,24,86,107,75
422021950,2,ç≤ê¢ï€és,éOêÏì‡ñ{í¨,0,,,553,30,34,35,21,18,31,37,39,41,41,25,19,26,37,44,99,298,156,75,254,15,17,16,14,6,15,16,15,15,24,13,9,13,17,21,48,140,66,28,299,15,17,19,7,12,16,21,24,26,17,12,10,13,20,23,51,158,90,47
422021960,2,ç≤ê¢ï€és,âñêZí¨,0,,,216,10,8,6,8,8,5,13,10,13,19,11,10,14,25,23,24,111,81,33,106,5,4,5,3,3,3,5,5,5,11,10,5,5,15,9,14,55,37,13,110,5,4,1,5,5,2,8,5,8,8,1,5,9,10,14,10,56,44,20
422021970,2,ç≤ê¢ï€és,êVë÷í¨,0,,,42,0,0,0,1,0,1,0,0,2,3,3,4,7,4,4,0,21,21,13,18,0,0,0,0,0,0,0,0,1,1,2,2,4,2,3,0,10,8,3,24,0,0,0,1,0,1,0,0,1,2,1,2,3,2,1,0,11,13,10
422021980,2,ç≤ê¢ï€és,éOêÏì‡í¨,0,,,464,8,10,22,15,9,15,14,15,21,26,30,26,36,59,51,40,207,217,107,231,5,6,15,7,4,8,11,5,6,18,17,13,16,34,27,26,105,100,39,233,3,4,7,8,5,7,3,10,15,8,13,13,20,25,24,14,102,117,68
422021990,2,ç≤ê¢ï€és,â∫ÇÃå¥í¨,0,,,107,2,3,1,4,1,3,8,1,4,5,9,9,6,14,8,6,50,51,29,47,0,3,0,1,1,2,5,0,2,3,4,4,2,5,5,3,24,20,10,60,2,0,1,3,0,1,3,1,2,2,5,5,4,9,3,3,26,31,19
422022000,2,ç≤ê¢ï€és,åKñÿèÍí¨,0,,,658,13,25,19,19,27,25,14,23,29,37,51,32,35,49,75,57,292,305,181,298,9,11,9,9,16,9,6,14,14,14,26,15,18,22,37,29,141,125,66,360,4,14,10,10,11,16,8,9,15,23,25,17,17,27,38,28,151,180,115
422022010,2,ç≤ê¢ï€és,ìÏïóçËí¨,0,,,1019,17,25,28,65,137,65,28,41,53,45,24,47,43,57,63,70,548,240,120,494,6,13,18,32,62,31,17,18,27,22,9,21,21,27,30,37,260,102,45,525,11,12,10,33,75,34,11,23,26,23,15,26,22,30,33,33,288,138,75
422022020,2,ç≤ê¢ï€és,èÈä‘í¨,0,,,359,10,15,11,10,5,9,11,22,8,29,16,18,27,29,47,36,155,168,92,169,4,8,4,4,4,5,6,11,1,16,5,10,14,17,21,16,76,77,39,190,6,7,7,6,1,4,5,11,7,13,11,8,13,12,26,20,79,91,53
422022030,2,ç≤ê¢ï€és,ê£ìπí¨,0,,,280,4,9,10,8,9,4,19,15,8,12,16,18,28,33,35,23,137,120,52,132,2,3,3,2,7,2,10,9,4,6,8,8,12,17,19,8,68,56,20,148,2,6,7,6,2,2,9,6,4,6,8,10,16,16,16,15,69,64,32
422022040,2,ç≤ê¢ï€és,îãç‚í¨,0,,,321,28,22,5,4,2,9,26,26,13,8,16,13,23,13,31,55,140,126,82,159,20,14,4,1,1,4,13,14,7,3,8,8,9,8,16,38,68,53,29,162,8,8,1,3,1,5,13,12,6,5,8,5,14,5,15,17,72,73,53
422022050,2,ç≤ê¢ï€és,âúéRí¨,0,,,238,5,11,7,9,10,9,9,6,14,5,19,24,15,24,24,23,120,95,47,117,3,5,4,5,5,6,6,4,7,2,8,7,9,15,12,12,59,46,19,121,2,6,3,4,5,3,3,2,7,3,11,17,6,9,12,11,61,49,28
422022060,2,ç≤ê¢ï€és,ã{í√í¨,0,,,448,4,13,14,26,9,8,11,23,20,37,41,19,41,43,56,31,235,182,83,227,2,5,4,14,4,6,9,17,9,18,25,9,24,22,27,11,135,81,32,221,2,8,10,12,5,2,2,6,11,19,16,10,17,21,29,20,100,101,51
422022070,2,ç≤ê¢ï€és,í∑î®í¨,0,,,394,5,14,15,22,4,8,5,18,28,19,29,25,34,28,49,34,192,168,91,189,3,10,9,10,3,6,3,8,14,11,14,14,18,14,19,22,101,66,33,205,2,4,6,12,1,2,2,10,14,8,15,11,16,14,30,12,91,102,58
422022080,2,ç≤ê¢ï€és,ç≤ê¢ï€ç`,0,,,0,0,0,0,0,0,0,0,0,0,0,0,0,0,0,0,0,0,0,0,0,0,0,0,0,0,0,0,0,0,0,0,0,0,0,0,0,0,0,0,0,0,0,0,0,0,0,0,0,0,0,0,0,0,0,0,0,0,0,0
422022091,3,ç≤ê¢ï€és,ê£åÀâz,0,,,2591,98,166,243,156,72,80,99,160,207,260,196,174,148,138,124,507,1552,525,263,1210,48,87,123,87,34,37,47,79,93,120,96,86,55,75,52,258,734,214,87,1381,50,79,120,69,38,43,52,81,114,140,100,88,93,63,72,249,818,311,176
42202209101,4,ç≤ê¢ï€és,ê£åÀâzàÍíöñ⁄,0,,,1491,56,111,175,110,33,41,51,109,145,169,86,73,47,53,61,342,864,278,164,697,27,58,91,56,18,20,22,55,63,80,48,39,14,26,24,176,415,102,52,794,29,53,84,54,15,21,29,54,82,89,38,34,33,27,37,166,449,176,112
42202209103,4,ç≤ê¢ï€és,ê£åÀâzéOíöñ⁄,0,,,112,9,3,4,4,6,5,8,8,4,8,10,9,9,10,4,16,71,25,11,50,4,1,1,3,1,2,4,5,2,4,4,6,2,6,1,6,33,11,4,62,5,2,3,1,5,3,4,3,2,4,6,3,7,4,3,10,38,14,7
42202209104,4,ç≤ê¢ï€és,ê£åÀâzélíöñ⁄,0,,,988,33,52,64,42,33,34,40,43,58,83,100,92,92,75,59,149,617,222,88,463,17,28,31,28,15,15,21,19,28,36,44,41,39,43,27,76,286,101,31,525,16,24,33,14,18,19,19,24,30,47,56,51,53,32,32,73,331,121,57
422022092,3,ç≤ê¢ï€és,ê£åÀâz,0,,,2990,99,132,114,128,100,93,108,142,180,192,173,176,208,266,285,345,1500,1125,574,1302,54,70,44,46,43,42,52,62,95,82,71,85,101,117,122,168,679,440,201,1688,45,62,70,82,57,51,56,80,85,110,102,91,107,149,163,177,821,685,373
42202209202,4,ç≤ê¢ï€és,ê£åÀâzìÒíöñ⁄,0,,,1389,43,55,67,67,45,32,43,54,78,90,85,66,78,121,154,165,638,580,305,565,23,30,27,26,16,15,19,23,35,33,28,35,38,44,65,80,268,215,106,824,20,25,40,41,29,17,24,31,43,57,57,31,40,77,89,85,370,365,199
42202209203,4,ç≤ê¢ï€és,ê£åÀâzéOíöñ⁄,0,,,925,38,55,34,31,34,43,49,59,60,55,47,77,79,71,67,127,534,255,117,423,21,30,11,12,14,20,21,29,33,26,21,37,35,33,28,62,248,104,43,502,17,25,23,19,20,23,28,30,27,29,26,40,44,38,39,65,286,151,74
42202209204,4,ç≤ê¢ï€és,ê£åÀâzélíöñ⁄,0,,,676,18,22,13,30,21,18,16,29,42,47,41,33,51,74,64,53,328,290,152,314,10,10,6,8,13,7,12,10,27,23,22,13,28,40,29,26,163,121,52,362,8,12,7,22,8,11,4,19,15,24,19,20,23,34,35,27,165,169,100
422022131,2,ç≤ê¢ï€és,ëÅäÚ,0,,,0,0,0,0,0,0,0,0,0,0,0,0,0,0,0,0,0,0,0,0,0,0,0,0,0,0,0,0,0,0,0,0,0,0,0,0,0,0,0,0,0,0,0,0,0,0,0,0,0,0,0,0,0,0,0,0,0,0,0,0
422022132,3,ç≤ê¢ï€és,ëÅäÚ,0,,,1681,79,94,66,69,72,65,67,89,132,142,123,97,83,106,111,239,939,493,276,743,47,48,24,25,31,28,33,33,60,69,58,46,41,47,44,119,424,197,106,938,32,46,42,44,41,37,34,56,72,73,65,51,42,59,67,120,515,296,170
42202213201,4,ç≤ê¢ï€és,ëÅäÚàÍíöñ⁄,0,,,756,40,54,37,31,30,21,40,49,71,67,57,45,34,37,42,131,445,176,97,326,19,30,14,11,10,7,22,18,31,32,29,19,17,16,17,63,196,67,34,430,21,24,23,20,20,14,18,31,40,35,28,26,17,21,25,68,249,109,63
42202213202,4,ç≤ê¢ï€és,ëÅäÚìÒíöñ⁄,0,,,721,34,32,24,29,34,35,22,32,51,59,51,32,32,51,57,90,377,248,140,321,24,13,8,10,17,16,10,12,24,28,22,18,15,23,20,45,172,101,58,400,10,19,16,19,17,19,12,20,27,31,29,14,17,28,37,45,205,147,82
42202213203,4,ç≤ê¢ï€és,ëÅäÚéOíöñ⁄,0,,,204,5,8,5,9,8,9,5,8,10,16,15,20,17,18,12,18,117,69,39,96,4,5,2,4,4,5,1,3,5,9,7,9,9,8,7,11,56,29,14,108,1,3,3,5,4,4,4,5,5,7,8,11,8,10,5,7,61,40,25
422022160,2,ç≤ê¢ï€és,å†èÌéõ,0,,,548,20,23,31,27,36,23,24,29,33,43,54,37,32,32,28,74,338,130,70,247,12,12,10,13,13,10,10,15,13,18,26,20,17,16,16,34,155,55,23,301,8,11,21,14,23,13,14,14,20,25,28,17,15,16,12,40,183,75,47
422022171,2,ç≤ê¢ï€és,çLìc,0,,,693,67,45,44,32,33,49,67,70,77,41,35,39,18,29,12,156,461,58,17,320,27,20,26,13,19,19,34,28,39,17,18,19,6,15,6,73,212,28,7,373,40,25,18,19,14,30,33,42,38,24,17,20,12,14,6,83,249,30,10
422022172,3,ç≤ê¢ï€és,çLìc,0,,,4751,224,257,281,283,333,255,279,284,315,371,289,277,279,283,256,762,2965,885,346,2245,116,135,131,142,152,106,137,128,138,179,136,133,133,128,122,382,1384,390,140,2506,108,122,150,141,181,149,142,156,177,192,153,144,146,155,134,380,1581,495,206
42202217201,4,ç≤ê¢ï€és,çLìcàÍíöñ⁄,0,,,1538,55,71,80,87,102,81,78,86,102,112,95,99,87,108,107,206,929,371,156,709,27,38,34,42,44,29,40,39,46,50,52,49,38,51,54,99,429,165,60,829,28,33,46,45,58,52,38,47,56,62,43,50,49,57,53,107,500,206,96
42202217202,4,ç≤ê¢ï€és,çLìcìÒíöñ⁄,0,,,159,3,6,9,11,7,6,6,12,11,12,9,4,5,12,15,18,83,52,25,77,3,4,3,5,2,4,5,7,5,5,3,2,2,5,7,10,40,24,12,82,0,2,6,6,5,2,1,5,6,7,6,2,3,7,8,8,43,28,13
42202217203,4,ç≤ê¢ï€és,çLìcéOíöñ⁄,0,,,2515,132,157,171,158,164,118,170,161,168,205,149,143,162,145,107,460,1598,365,113,1197,73,80,82,78,73,46,84,70,72,101,63,68,79,65,48,235,734,162,49,1318,59,77,89,80,91,72,86,91,96,104,86,75,83,80,59,225,864,203,64
42202217204,4,ç≤ê¢ï€és,çLìcélíöñ⁄,0,,,539,34,23,21,27,60,50,25,25,34,42,36,31,25,18,27,78,355,97,52,262,13,13,12,17,33,27,8,12,15,23,18,14,14,7,13,38,181,39,19,277,21,10,9,10,27,23,17,13,19,19,18,17,11,11,14,40,174,58,33
422022210,2,ç≤ê¢ï€és,é·í|ë‰í¨,0,,,1648,51,82,103,61,32,63,70,86,97,107,85,117,162,209,147,236,880,516,160,775,25,38,55,31,14,30,32,41,49,51,42,46,72,104,70,118,408,240,66,873,26,44,48,30,18,33,38,45,48,56,43,71,90,105,77,118,472,276,94
422022220,2,ç≤ê¢ï€és,êØòaë‰í¨,0,,,768,21,22,30,24,17,18,24,37,33,53,41,32,49,82,116,73,328,367,169,351,10,10,10,14,5,8,9,19,17,22,14,22,20,34,55,30,150,171,82,417,11,12,20,10,12,10,15,18,16,31,27,10,29,48,61,43,178,196,87
422022230,2,ç≤ê¢ï€és,ÉnÉEÉXÉeÉìÉ{ÉXí¨,0,,,764,19,15,15,98,161,12,21,16,37,47,65,64,42,46,43,49,563,134,45,239,10,5,6,10,12,1,9,7,17,19,29,26,20,21,17,21,150,59,21,525,9,10,9,88,149,11,12,9,20,28,36,38,22,25,26,28,413,75,24
422022240,2,ç≤ê¢ï€és,éOêÏì‡êVí¨,0,,,0,0,0,0,0,0,0,0,0,0,0,0,0,0,0,0,0,0,0,0,0,0,0,0,0,0,0,0,0,0,0,0,0,0,0,0,0,0,0,0,0,0,0,0,0,0,0,0,0,0,0,0,0,0,0,0,0,0,0,0
422022250,2,ç≤ê¢ï€és,Ç‡Ç›Ç∂Ç™ãuí¨,0,,,2390,116,116,139,142,119,109,89,105,128,151,239,272,192,149,118,371,1546,465,198,1072,53,65,64,71,57,61,40,43,53,62,89,126,97,67,53,182,699,187,67,1318,63,51,75,71,62,48,49,62,75,89,150,146,95,82,65,189,847,278,131
422022260,2,ç≤ê¢ï€és,êVç`í¨,0,,,295,26,29,14,10,1,2,16,28,29,36,13,17,16,15,18,69,168,52,19,129,15,10,8,5,0,1,6,11,11,18,3,7,7,6,8,33,69,23,9,166,11,19,6,5,1,1,10,17,18,18,10,10,9,9,10,36,99,29,10
422022270,2,ç≤ê¢ï€és,ãgà‰í¨ëêÉmîˆ,0,,,39,2,2,1,1,0,0,0,7,2,2,0,1,5,6,6,5,18,16,4,21,1,0,1,1,0,0,0,3,2,1,0,1,2,4,3,2,10,9,2,18,1,2,0,0,0,0,0,4,0,1,0,0,3,2,3,3,8,7,2
422022280,2,ç≤ê¢ï€és,ãgà‰í¨ïüà‰,0,,,169,5,4,7,10,5,9,10,4,5,12,13,10,21,11,17,16,99,54,26,86,4,3,4,6,4,5,4,1,3,9,7,4,12,4,8,11,55,20,8,83,1,1,3,4,1,4,6,3,2,3,6,6,9,7,9,5,44,34,18
422022290,2,ç≤ê¢ï€és,ãgà‰í¨î¬îÛ,0,,,36,0,0,1,1,2,0,1,1,0,3,3,0,3,6,4,1,14,21,11,18,0,0,0,1,1,0,1,0,0,1,2,0,2,1,3,0,8,10,6,18,0,0,1,0,1,0,0,1,0,2,1,0,1,5,1,1,6,11,5
422022300,2,ç≤ê¢ï€és,ãgà‰í¨äÅñÿèÍ,0,,,100,0,4,5,6,1,0,3,6,3,7,4,6,11,12,13,9,47,44,19,47,0,2,3,1,0,0,2,3,2,4,2,2,6,6,5,5,22,20,9,53,0,2,2,5,1,0,1,3,1,3,2,4,5,6,8,4,25,24,10
422022310,3,ç≤ê¢ï€és,ãgà‰í¨íºíJ,0,,,1286,34,58,55,45,36,45,41,67,73,90,71,63,84,152,106,147,615,513,255,557,14,31,28,23,20,22,17,35,32,38,35,23,38,72,50,73,283,197,75,729,20,27,27,22,16,23,24,32,41,52,36,40,46,80,56,74,332,316,180
42202231005,4,ç≤ê¢ï€és,ãgà‰í¨íºíJ,0,,,56,2,3,1,2,0,2,3,3,1,5,3,2,4,9,5,6,25,20,6,24,1,2,1,0,0,0,2,1,0,2,2,0,1,4,3,4,8,10,3,32,1,1,0,2,0,2,1,2,1,3,1,2,3,5,2,2,17,10,3
42202231006,4,ç≤ê¢ï€és,ãgà‰í¨íºíJ,0,,,233,3,11,10,9,7,6,3,7,14,20,9,6,12,20,26,24,93,113,67,91,0,7,5,3,4,4,2,2,6,11,4,1,5,10,12,12,42,36,14,142,3,4,5,6,3,2,1,5,8,9,5,5,7,10,14,12,51,77,53
42202231007,4,ç≤ê¢ï€és,ãgà‰í¨íºíJ,0,,,596,20,28,31,24,20,20,20,38,42,50,24,33,38,61,43,79,309,205,101,256,9,14,15,13,15,8,8,23,18,18,9,13,21,26,19,38,146,71,26,340,11,14,16,11,5,12,12,15,24,32,15,20,17,35,24,41,163,134,75
42202231008,4,ç≤ê¢ï€és,ãgà‰í¨íºíJ,0,,,201,6,10,9,6,4,6,6,11,8,10,19,6,12,30,14,25,88,88,44,92,2,7,5,5,0,3,2,5,4,5,12,2,4,17,5,14,42,36,14,109,4,3,4,1,4,3,4,6,4,5,7,4,8,13,9,11,46,52,30
42202231024,4,ç≤ê¢ï€és,ãgà‰í¨íºíJ,0,,,200,3,6,4,4,5,11,9,8,8,5,16,16,18,32,18,13,100,87,37,94,2,1,2,2,1,7,3,4,4,2,8,7,7,15,11,5,45,44,18,106,1,5,2,2,4,4,6,4,4,3,8,9,11,17,7,8,55,43,19
422022320,3,ç≤ê¢ï€és,ãgà‰í¨óßêŒ,0,,,1004,27,37,61,45,51,26,33,59,51,74,63,75,77,87,82,125,554,322,153,457,14,16,36,20,18,17,19,28,24,34,29,30,35,50,33,66,254,134,51,547,13,21,25,25,33,9,14,31,27,40,34,45,42,37,49,59,300,188,102
42202232009,4,ç≤ê¢ï€és,ãgà‰í¨óßêŒ,0,,,660,11,20,46,32,32,14,16,29,36,56,43,54,48,55,59,77,360,223,109,296,5,8,27,15,12,10,10,12,16,27,21,21,20,33,21,40,164,92,38,364,6,12,19,17,20,4,6,17,20,29,22,33,28,22,38,37,196,131,71
42202232010,4,ç≤ê¢ï€és,ãgà‰í¨óßêŒ,0,,,20,0,0,1,1,1,0,1,2,0,2,2,0,1,3,3,1,10,9,3,10,0,0,1,0,0,0,1,1,0,0,2,0,1,1,2,1,5,4,1,10,0,0,0,1,1,0,0,1,0,2,0,0,0,2,1,0,5,5,2
42202232011,4,ç≤ê¢ï€és,ãgà‰í¨óßêŒ,0,,,201,13,8,6,6,11,8,13,13,9,13,15,13,18,21,12,27,119,52,19,92,7,5,1,2,2,5,6,7,5,6,5,6,9,12,7,13,53,23,4,109,6,3,5,4,9,3,7,6,4,7,10,7,9,9,5,14,66,29,15
42202232012,4,ç≤ê¢ï€és,ãgà‰í¨óßêŒ,0,,,123,3,9,8,6,7,4,3,15,6,3,3,8,10,8,8,20,65,38,22,59,2,3,7,3,4,2,2,8,3,1,1,3,5,4,3,12,32,15,8,64,1,6,1,3,3,2,1,7,3,2,2,5,5,4,5,8,33,23,14
422022330,3,ç≤ê¢ï€és,ãgà‰í¨ëÂìn,0,,,271,2,5,8,10,6,9,8,10,14,18,17,22,27,28,28,15,141,113,57,130,1,5,4,3,5,5,4,4,6,10,10,14,10,16,12,10,71,47,19,141,1,0,4,7,1,4,4,6,8,8,7,8,17,12,16,5,70,66,38
42202233012,4,ç≤ê¢ï€és,ãgà‰í¨ëÂìn,0,,,146,0,4,7,7,1,1,2,4,9,10,6,11,8,16,18,11,59,74,40,67,0,4,4,2,0,1,1,0,4,5,4,7,3,10,7,8,27,30,13,79,0,0,3,5,1,0,1,4,5,5,2,4,5,6,11,3,32,44,27
42202233013,4,ç≤ê¢ï€és,ãgà‰í¨ëÂìn,0,,,125,2,1,1,3,5,8,6,6,5,8,11,11,19,12,10,4,82,39,17,63,1,1,0,1,5,4,3,4,2,5,6,7,7,6,5,2,44,17,6,62,1,0,1,2,0,4,3,2,3,3,5,4,12,6,5,2,38,22,11
422022340,2,ç≤ê¢ï€és,ãgà‰í¨ëOäx,0,,,93,4,3,5,8,1,3,3,3,5,9,6,4,8,6,6,12,50,31,19,44,1,1,4,3,1,1,1,2,3,3,4,2,5,3,2,6,25,13,8,49,3,2,1,5,0,2,2,1,2,6,2,2,3,3,4,6,25,18,11
422022350,3,ç≤ê¢ï€és,ãgà‰í¨ètñæ,0,,,326,17,13,12,12,13,16,16,18,14,22,13,22,30,26,36,42,176,108,46,150,7,4,2,5,7,8,7,12,6,15,4,8,16,15,17,13,88,49,17,176,10,9,10,7,6,8,9,6,8,7,9,14,14,11,19,29,88,59,29
42202235014,4,ç≤ê¢ï€és,ãgà‰í¨ètñæ,0,,,186,12,11,5,4,8,12,11,9,10,11,10,15,17,12,17,28,107,51,22,88,5,3,1,2,6,6,4,7,5,8,4,5,8,7,9,9,55,24,8,98,7,8,4,2,2,6,7,2,5,3,6,10,9,5,8,19,52,27,14
42202235015,4,ç≤ê¢ï€és,ãgà‰í¨ètñæ,0,,,140,5,2,7,8,5,4,5,9,4,11,3,7,13,14,19,14,69,57,24,62,2,1,1,3,1,2,3,5,1,7,0,3,8,8,8,4,33,25,9,78,3,1,6,5,4,2,2,4,3,4,3,4,5,6,11,10,36,32,15
422022360,2,ç≤ê¢ï€és,ãgà‰í¨óxê£,0,,,118,3,7,5,5,2,4,5,6,8,1,2,11,13,19,8,15,57,46,19,52,1,1,3,0,2,3,1,3,6,1,1,3,5,10,5,5,25,22,7,66,2,6,2,5,0,1,4,3,2,0,1,8,8,9,3,10,32,24,12
422022370,2,ç≤ê¢ï€és,ãgà‰í¨ã¥êÏì‡,0,,,260,6,11,10,18,8,5,8,10,15,15,10,14,16,31,36,27,119,114,47,130,5,8,7,10,6,4,3,7,7,7,4,8,10,15,19,20,66,44,10,130,1,3,3,8,2,1,5,3,8,8,6,6,6,16,17,7,53,70,37
422022380,2,ç≤ê¢ï€és,ãgà‰í¨ã¥å˚,0,,,84,2,1,3,3,1,3,1,2,3,4,7,4,11,14,7,6,39,39,18,43,1,0,2,1,1,1,0,2,1,3,3,1,8,9,3,3,21,19,7,41,1,1,1,2,0,2,1,0,2,1,4,3,3,5,4,3,18,20,11
422022390,2,ç≤ê¢ï€és,ãgà‰í¨è„ãgìc,0,,,70,3,0,1,2,1,3,4,3,2,1,3,13,9,5,8,4,41,25,12,32,3,0,1,0,0,1,3,1,0,0,1,6,4,3,4,4,16,12,5,38,0,0,0,2,1,2,1,2,2,1,2,7,5,2,4,0,25,13,7
422022400,3,ç≤ê¢ï€és,ãgà‰í¨ìcå¥,0,,,128,8,1,6,7,0,2,7,7,7,7,3,10,10,15,8,15,60,53,30,50,3,0,0,2,0,1,4,5,3,3,1,6,3,9,4,3,28,19,6,78,5,1,6,5,0,1,3,2,4,4,2,4,7,6,4,12,32,34,24
42202240018,4,ç≤ê¢ï€és,ãgà‰í¨ìcå¥,0,,,49,2,1,3,2,0,1,0,3,2,5,1,6,4,9,4,6,24,19,6,20,1,0,0,0,0,0,0,2,0,2,0,4,1,5,3,1,9,10,2,29,1,1,3,2,0,1,0,1,2,3,1,2,3,4,1,5,15,9,4
42202240019,4,ç≤ê¢ï€és,ãgà‰í¨ìcå¥,0,,,79,6,0,3,5,0,1,7,4,5,2,2,4,6,6,4,9,36,34,24,30,2,0,0,2,0,1,4,3,3,1,1,2,2,4,1,2,19,9,4,49,4,0,3,3,0,0,3,1,2,1,1,2,4,2,3,7,17,25,20
422022410,3,ç≤ê¢ï€és,ãgà‰í¨ãgå≥,0,,,802,59,48,49,43,43,29,39,46,46,71,71,53,45,49,49,156,486,159,61,366,30,24,20,21,18,17,18,22,24,29,29,24,18,27,22,74,220,72,23,436,29,24,29,22,25,12,21,24,22,42,42,29,27,22,27,82,266,87,38
42202241012,4,ç≤ê¢ï€és,ãgà‰í¨ãgå≥,0,,,31,0,0,0,0,0,0,1,0,1,2,1,1,5,3,6,0,11,19,10,11,0,0,0,0,0,0,1,0,1,0,0,0,1,1,2,0,3,8,5,20,0,0,0,0,0,0,0,0,0,2,1,1,4,2,4,0,8,11,5
42202241020,4,ç≤ê¢ï€és,ãgà‰í¨ãgå≥,0,,,474,28,21,30,22,24,15,22,27,25,46,31,36,33,34,36,79,281,114,44,218,16,9,12,9,11,8,13,13,14,19,13,16,14,18,17,37,130,51,16,256,12,12,18,13,13,7,9,14,11,27,18,20,19,16,19,42,151,63,28
42202241025,4,ç≤ê¢ï€és,ãgà‰í¨ãgå≥,0,,,297,31,27,19,21,19,14,16,19,20,23,39,16,7,12,7,77,194,26,7,137,14,15,8,12,7,9,4,9,9,10,16,8,3,8,3,37,87,13,2,160,17,12,11,9,12,5,12,10,11,13,23,8,4,4,4,40,107,13,5
422022420,2,ç≤ê¢ï€és,ãgà‰í¨â≥êŒîˆ,0,,,186,8,17,9,7,6,12,8,9,5,10,16,17,11,14,8,34,101,51,29,87,6,10,1,4,4,6,3,4,2,4,7,8,5,6,5,17,47,23,12,99,2,7,8,3,2,6,5,5,3,6,9,9,6,8,3,17,54,28,17
422022430,3,ç≤ê¢ï€és,ãgà‰í¨çÇïÙ,0,,,85,1,8,1,3,3,4,2,3,10,3,6,2,9,14,6,10,45,30,10,40,0,5,0,0,2,0,1,2,5,1,2,2,4,8,4,5,19,16,4,45,1,3,1,3,1,4,1,1,5,2,4,0,5,6,2,5,26,14,6
42202243022,4,ç≤ê¢ï€és,ãgà‰í¨çÇïÙ,0,,,45,1,2,0,2,1,3,2,2,2,1,6,2,5,6,2,3,26,16,8,19,0,2,0,0,0,0,1,1,1,0,2,2,2,3,2,2,9,8,3,26,1,0,0,2,1,3,1,1,1,1,4,0,3,3,0,1,17,8,5
42202243023,4,ç≤ê¢ï€és,ãgà‰í¨çÇïÙ,0,,,40,0,6,1,1,2,1,0,1,8,2,0,0,4,8,4,7,19,14,2,21,0,3,0,0,2,0,0,1,4,1,0,0,2,5,2,3,10,8,1,19,0,3,1,1,0,1,0,0,4,1,0,0,2,3,2,4,9,6,1
422022440,2,ç≤ê¢ï€és,ê¢ímå¥í¨äJçÏ,0,,,83,2,2,0,0,2,4,4,2,2,5,4,7,6,4,15,4,36,43,24,36,0,2,0,0,1,0,3,2,2,1,2,2,5,1,6,2,18,16,9,47,2,0,0,0,1,4,1,0,0,4,2,5,1,3,9,2,18,27,15
422022450,2,ç≤ê¢ï€és,ê¢ímå¥í¨è„ñÏå¥,0,,,199,12,5,6,15,4,11,11,6,10,17,5,10,20,15,20,23,109,67,32,90,5,3,4,5,1,8,4,2,5,8,1,7,10,6,11,12,51,27,10,109,7,2,2,10,3,3,7,4,5,9,4,3,10,9,9,11,58,40,22
422022460,2,ç≤ê¢ï€és,ê¢ímå¥í¨ëÑä™,0,,,245,5,6,12,11,7,3,3,7,8,15,19,15,16,15,36,23,104,115,64,114,1,3,8,5,3,1,3,2,3,10,10,6,8,7,13,12,51,49,29,131,4,3,4,6,4,2,0,5,5,5,9,9,8,8,23,11,53,66,35
422022470,2,ç≤ê¢ï€és,ê¢ímå¥í¨ñkêÏì‡,0,,,127,0,2,9,5,3,1,4,1,6,7,11,12,6,17,13,11,56,60,30,64,0,1,4,3,1,1,2,1,4,3,6,6,4,9,8,5,31,28,11,63,0,1,5,2,2,0,2,0,2,4,5,6,2,8,5,6,25,32,19
422022480,2,ç≤ê¢ï€és,ê¢ímå¥í¨íÜí ,0,,,276,8,11,12,17,4,9,10,9,19,12,15,8,26,25,28,31,129,116,63,120,3,1,7,11,2,4,5,5,9,4,7,5,13,12,11,11,65,44,21,156,5,10,5,6,2,5,5,4,10,8,8,3,13,13,17,20,64,72,42
422022490,2,ç≤ê¢ï€és,ê¢ímå¥í¨í∑ìcë„,0,,,65,0,0,1,1,0,2,3,2,1,3,4,10,6,8,10,1,32,32,14,34,0,0,0,1,0,0,2,2,1,3,1,5,4,4,5,0,19,15,6,31,0,0,1,0,0,2,1,0,0,0,3,5,2,4,5,1,13,17,8
422022500,2,ç≤ê¢ï€és,ê¢ímå¥í¨ëæìc,0,,,169,4,10,16,4,2,1,5,8,12,11,3,11,7,21,29,30,64,75,25,83,4,5,11,2,0,0,3,4,7,7,1,3,3,11,12,20,30,33,10,86,0,5,5,2,2,1,2,4,5,4,2,8,4,10,17,10,34,42,15
422022510,2,ç≤ê¢ï€és,ê¢ímå¥í¨ñÿâYå¥,0,,,67,1,2,4,1,2,3,2,6,4,0,1,3,10,6,6,7,32,28,16,30,0,2,2,0,1,2,1,1,3,0,1,1,5,3,4,4,15,11,4,37,1,0,2,1,1,1,1,5,1,0,0,2,5,3,2,3,17,17,12
422022520,2,ç≤ê¢ï€és,ê¢ímå¥í¨êyê£,0,,,259,8,9,15,10,7,8,10,13,17,14,13,15,19,22,28,32,126,101,51,123,3,3,11,6,4,5,6,6,7,4,5,9,8,10,13,17,60,46,23,136,5,6,4,4,3,3,4,7,10,10,8,6,11,12,15,15,66,55,28
422022530,2,ç≤ê¢ï€és,ê¢ímå¥í¨ä‚íJå˚,0,,,189,0,4,12,13,6,1,7,11,12,9,12,9,17,26,13,16,97,76,37,95,0,4,8,5,3,0,4,7,6,5,5,5,7,13,9,12,47,36,14,94,0,0,4,8,3,1,3,4,6,4,7,4,10,13,4,4,50,40,23
422022540,2,ç≤ê¢ï€és,ê¢ímå¥í¨åIå},0,,,1179,20,36,58,49,15,15,31,39,64,76,56,65,70,109,136,114,480,582,337,526,11,14,28,24,9,7,15,19,29,39,34,33,37,50,71,53,246,225,104,653,9,22,30,25,6,8,16,20,35,37,22,32,33,59,65,61,234,357,233
422022550,2,ç≤ê¢ï€és,ê¢ímå¥í¨ñÓüC,0,,,186,3,5,2,3,5,7,11,6,7,10,10,18,18,14,21,10,95,81,46,83,2,2,0,0,4,5,6,3,2,3,4,11,8,5,14,4,46,33,14,103,1,3,2,3,1,2,5,3,5,7,6,7,10,9,7,6,49,48,32
422022560,3,ç≤ê¢ï€és,âFãví¨ïΩ,0,,,1157,25,29,23,16,5,20,34,38,45,53,56,91,106,158,113,77,464,616,345,521,14,14,7,6,4,10,15,17,21,32,34,34,48,84,65,35,221,265,116,636,11,15,16,10,1,10,19,21,24,21,22,57,58,74,48,42,243,351,229
42202256001,4,ç≤ê¢ï€és,âFãví¨ïΩ,0,,,72,4,3,1,0,0,2,1,3,3,4,4,6,12,6,4,8,35,29,19,34,3,1,0,0,0,1,0,1,2,2,3,2,7,4,2,4,18,12,6,38,1,2,1,0,0,1,1,2,1,2,1,4,5,2,2,4,17,17,13
42202256002,4,ç≤ê¢ï€és,âFãví¨ïΩ,0,,,66,3,3,1,0,1,2,1,6,1,3,4,5,4,5,7,7,27,32,20,31,3,1,0,0,1,0,1,4,0,1,3,4,2,3,3,4,16,11,5,35,0,2,1,0,0,2,0,2,1,2,1,1,2,2,4,3,11,21,15
42202256003,4,ç≤ê¢ï€és,âFãví¨ïΩ,0,,,66,0,0,0,0,1,2,2,0,1,3,2,6,5,14,8,0,22,44,22,32,0,0,0,0,1,1,2,0,1,2,0,1,3,9,4,0,11,21,8,34,0,0,0,0,0,1,0,0,0,1,2,5,2,5,4,0,11,23,14
42202256004,4,ç≤ê¢ï€és,âFãví¨ïΩ,0,,,36,1,3,0,1,0,0,0,0,4,2,0,2,3,4,6,4,12,20,10,18,1,2,0,0,0,0,0,0,2,2,0,0,2,2,4,3,6,9,3,18,0,1,0,1,0,0,0,0,2,0,0,2,1,2,2,1,6,11,7
42202256005,4,ç≤ê¢ï€és,âFãví¨ïΩ,0,,,151,3,0,2,0,1,3,5,6,10,7,9,17,20,14,13,5,78,68,41,67,2,0,0,0,1,1,2,2,6,4,6,7,8,6,7,2,37,28,15,84,1,0,2,0,0,2,3,4,4,3,3,10,12,8,6,3,41,40,26
42202256006,4,ç≤ê¢ï€és,âFãví¨ïΩ,0,,,99,0,1,4,3,0,2,4,5,1,5,6,7,11,19,13,5,44,50,18,42,0,0,1,0,0,2,2,2,0,1,5,3,5,9,7,1,20,21,5,57,0,1,3,3,0,0,2,3,1,4,1,4,6,10,6,4,24,29,13
42202256007,4,ç≤ê¢ï€és,âFãví¨ïΩ,0,,,173,2,4,6,7,0,1,3,6,6,7,10,13,10,24,17,12,63,98,57,84,2,2,1,5,0,1,1,3,3,4,6,4,5,13,11,5,32,47,23,89,0,2,5,2,0,0,2,3,3,3,4,9,5,11,6,7,31,51,34
42202256008,4,ç≤ê¢ï€és,âFãví¨ïΩ,0,,,75,1,2,2,1,0,1,4,1,2,3,1,7,12,16,8,5,32,38,14,33,0,1,1,0,0,1,0,1,1,2,1,2,5,11,3,2,13,18,4,42,1,1,1,1,0,0,4,0,1,1,0,5,7,5,5,3,19,20,10
42202256009,4,ç≤ê¢ï€és,âFãví¨ïΩ,0,,,147,1,1,1,1,0,3,0,2,3,6,4,12,12,17,13,3,43,101,71,57,0,1,1,0,0,1,0,0,0,5,1,5,4,9,10,2,16,39,20,90,1,0,0,1,0,2,0,2,3,1,3,7,8,8,3,1,27,62,51
42202256010,4,ç≤ê¢ï€és,âFãví¨ïΩ,0,,,91,1,6,1,2,0,0,3,3,3,4,4,4,11,15,5,8,34,49,29,39,0,4,1,1,0,0,2,1,2,2,3,1,4,8,3,5,16,18,7,52,1,2,0,1,0,0,1,2,1,2,1,3,7,7,2,3,18,31,22
42202256011,4,ç≤ê¢ï€és,âFãví¨ïΩ,0,,,181,9,6,5,1,2,4,11,6,11,9,12,12,6,24,19,20,74,87,44,84,3,2,2,0,1,2,5,3,4,7,6,5,3,10,11,7,36,41,20,97,6,4,3,1,1,2,6,3,7,2,6,7,3,14,8,13,38,46,24
422022570,3,ç≤ê¢ï€és,âFãví¨è¨ïl,0,,,83,0,0,0,0,0,0,1,2,2,4,2,4,5,13,16,0,20,63,34,43,0,0,0,0,0,0,0,2,1,1,0,3,4,7,9,0,11,32,16,40,0,0,0,0,0,0,1,0,1,3,2,1,1,6,7,0,9,31,18
42202257017,4,ç≤ê¢ï€és,âFãví¨è¨ïl,0,,,26,0,0,0,0,0,0,1,1,1,1,1,1,1,3,5,0,7,19,11,13,0,0,0,0,0,0,0,1,0,0,0,1,0,1,2,0,2,11,8,13,0,0,0,0,0,0,1,0,1,1,1,0,1,2,3,0,5,8,3
42202257018,4,ç≤ê¢ï€és,âFãví¨è¨ïl,0,,,12,0,0,0,0,0,0,0,0,1,3,0,1,1,0,2,0,6,6,4,5,0,0,0,0,0,0,0,0,1,1,0,1,1,0,0,0,4,1,1,7,0,0,0,0,0,0,0,0,0,2,0,0,0,0,2,0,2,5,3
42202257019,4,ç≤ê¢ï€és,âFãví¨è¨ïl,0,,,13,0,0,0,0,0,0,0,1,0,0,0,1,2,3,2,0,4,9,4,9,0,0,0,0,0,0,0,1,0,0,0,1,2,1,2,0,4,5,2,4,0,0,0,0,0,0,0,0,0,0,0,0,0,2,0,0,0,4,2
42202257020,4,ç≤ê¢ï€és,âFãví¨è¨ïl,0,,,32,0,0,0,0,0,0,0,0,0,0,1,1,1,7,7,0,3,29,15,16,0,0,0,0,0,0,0,0,0,0,0,0,1,5,5,0,1,15,5,16,0,0,0,0,0,0,0,0,0,0,1,1,0,2,2,0,2,14,10
422022580,2,ç≤ê¢ï€és,âFãví¨ñ{î—ó«,0,,,93,0,0,2,2,3,0,0,1,3,3,8,3,11,16,16,2,34,57,25,42,0,0,1,1,3,0,0,0,2,1,2,3,4,9,9,1,16,25,7,51,0,0,1,1,0,0,0,1,1,2,6,0,7,7,7,1,18,32,18
422022590,2,ç≤ê¢ï€és,âFãví¨î—ó«,0,,,85,2,3,1,1,0,0,3,0,3,2,2,7,14,17,9,6,32,47,21,42,0,2,1,1,0,0,1,0,2,2,2,3,10,6,6,3,21,18,6,43,2,1,0,0,0,0,2,0,1,0,0,4,4,11,3,3,11,29,15
422022600,3,ç≤ê¢ï€és,âFãví¨ê_âY,0,,,225,1,2,3,4,2,0,1,3,8,1,4,15,20,41,38,6,58,161,82,104,0,1,3,1,2,0,1,2,5,0,1,7,11,21,18,4,30,70,31,121,1,1,0,3,0,0,0,1,3,1,3,8,9,20,20,2,28,91,51
42202260021,4,ç≤ê¢ï€és,âFãví¨ê_âY,0,,,26,0,0,0,0,0,0,0,0,0,0,1,2,3,5,3,0,6,20,12,11,0,0,0,0,0,0,0,0,0,0,0,0,2,4,1,0,2,9,4,15,0,0,0,0,0,0,0,0,0,0,1,2,1,1,2,0,4,11,8
42202260022,4,ç≤ê¢ï€és,âFãví¨ê_âY,0,,,55,1,2,2,2,0,0,0,0,4,0,0,1,3,12,13,5,10,40,15,24,0,1,2,0,0,0,0,0,2,0,0,0,1,6,8,3,3,18,4,31,1,1,0,2,0,0,0,0,2,0,0,1,2,6,5,2,7,22,11
42202260023,4,ç≤ê¢ï€és,âFãví¨ê_âY,0,,,27,0,0,0,2,1,0,0,2,0,1,0,2,1,4,4,0,9,18,10,14,0,0,0,1,1,0,0,1,0,0,0,1,1,2,2,0,5,9,5,13,0,0,0,1,0,0,0,1,0,1,0,1,0,2,2,0,4,9,5
42202260024,4,ç≤ê¢ï€és,âFãví¨ê_âY,0,,,33,0,0,0,0,1,0,0,1,1,0,1,5,4,6,5,0,13,20,9,16,0,0,0,0,1,0,0,1,1,0,0,3,2,3,2,0,8,8,3,17,0,0,0,0,0,0,0,0,0,0,1,2,2,3,3,0,5,12,6
42202260025,4,ç≤ê¢ï€és,âFãví¨ê_âY,0,,,32,0,0,1,0,0,0,0,0,3,0,0,2,4,3,4,1,9,22,15,12,0,0,1,0,0,0,0,0,2,0,0,1,2,0,0,1,5,6,6,20,0,0,0,0,0,0,0,0,1,0,0,1,2,3,4,0,4,16,9
42202260026,4,ç≤ê¢ï€és,âFãví¨ê_âY,1,,2610,52,0,0,0,0,0,0,1,0,0,0,2,3,5,11,9,0,11,41,21,27,0,0,0,0,0,0,1,0,0,0,1,2,3,6,5,0,7,20,9,25,0,0,0,0,0,0,0,0,0,0,1,1,2,5,4,0,4,21,12
422022610,2,ç≤ê¢ï€és,âFãví¨éõìá,2,260026,,0,0,0,0,0,0,0,0,0,0,0,0,0,0,0,0,0,0,0,0,0,0,0,0,0,0,0,0,0,0,0,0,0,0,0,0,0,0,0,0,0,0,0,0,0,0,0,0,0,0,0,0,0,0,0,0,0,0,0,0
422022620,2,ç≤ê¢ï€és,âFãví¨ëÂãvï€,0,,,46,0,0,0,2,2,0,0,1,0,3,2,3,5,4,7,0,18,28,17,22,0,0,0,1,0,0,0,1,0,1,0,2,3,3,3,0,8,14,8,24,0,0,0,1,2,0,0,0,0,2,2,1,2,1,4,0,10,14,9
422022630,3,ç≤ê¢ï€és,âFãví¨ñÿèÍ,0,,,55,0,0,0,0,0,2,1,0,0,0,0,5,12,11,5,0,20,35,19,28,0,0,0,0,0,2,1,0,0,0,0,2,6,6,4,0,11,17,7,27,0,0,0,0,0,0,0,0,0,0,0,3,6,5,1,0,9,18,12
42202263014,4,ç≤ê¢ï€és,âFãví¨ñÿèÍ,0,,,17,0,0,0,0,0,0,0,0,0,0,0,0,5,5,2,0,5,12,5,8,0,0,0,0,0,0,0,0,0,0,0,0,2,2,2,0,2,6,2,9,0,0,0,0,0,0,0,0,0,0,0,0,3,3,0,0,3,6,3
42202263015,4,ç≤ê¢ï€és,âFãví¨ñÿèÍ,0,,,38,0,0,0,0,0,2,1,0,0,0,0,5,7,6,3,0,15,23,14,20,0,0,0,0,0,2,1,0,0,0,0,2,4,4,2,0,9,11,5,18,0,0,0,0,0,0,0,0,0,0,0,3,3,2,1,0,6,12,9
422022640,2,ç≤ê¢ï€és,âFãví¨ëæìcç],0,,,69,0,0,0,0,0,0,1,0,5,2,4,1,4,16,8,0,17,52,28,33,0,0,0,0,0,0,1,0,4,0,2,1,0,8,6,0,8,25,11,36,0,0,0,0,0,0,0,0,1,2,2,0,4,8,2,0,9,27,17
422022650,2,ç≤ê¢ï€és,âFãví¨ñÏï˚,0,,,75,0,0,0,1,0,0,1,0,1,4,3,5,18,12,8,0,33,42,22,34,0,0,0,0,0,0,0,0,0,2,2,2,7,7,4,0,13,21,10,41,0,0,0,1,0,0,1,0,1,2,1,3,11,5,4,0,20,21,12
422022660,2,ç≤ê¢ï€és,è¨ç≤ÅXí¨çïêŒ,1,,2690,1301,70,69,70,47,55,68,64,75,90,88,52,64,96,119,103,209,699,391,169,621,34,30,31,21,32,38,31,42,41,39,27,31,44,63,48,95,346,179,68,680,36,39,39,26,23,30,33,33,49,49,25,33,52,56,55,114,353,212,101
422022670,2,ç≤ê¢ï€és,è¨ç≤ÅXí¨è¨ç‚,0,,,454,19,22,32,13,8,13,19,27,32,32,17,21,37,35,45,73,219,162,82,215,12,11,17,6,4,6,9,11,19,15,8,10,19,15,20,40,107,68,33,239,7,11,15,7,4,7,10,16,13,17,9,11,18,20,25,33,112,94,49
422022680,2,ç≤ê¢ï€és,è¨ç≤ÅXí¨âPÉmâY,0,,,422,16,15,20,11,13,16,21,25,33,25,22,23,34,46,40,51,223,145,59,193,9,4,14,4,5,7,9,14,15,11,10,8,20,20,20,27,103,62,22,229,7,11,6,7,8,9,12,11,18,14,12,15,14,26,20,24,120,83,37
422022690,2,ç≤ê¢ï€és,è¨ç≤ÅXí¨äãòU,2,2660,,0,0,0,0,0,0,0,0,0,0,0,0,0,0,0,0,0,0,0,0,0,0,0,0,0,0,0,0,0,0,0,0,0,0,0,0,0,0,0,0,0,0,0,0,0,0,0,0,0,0,0,0,0,0,0,0,0,0,0,0
422022700,2,ç≤ê¢ï€és,è¨ç≤ÅXí¨ìcå¥,0,,,311,21,19,14,11,8,8,15,18,21,12,18,22,18,16,36,54,151,106,54,146,15,8,6,5,5,4,8,9,11,2,9,9,11,6,16,29,73,44,22,165,6,11,8,6,3,4,7,9,10,10,9,13,7,10,20,25,78,62,32
422022710,2,ç≤ê¢ï€és,è¨ç≤ÅXí¨ïΩå¥,0,,,143,6,9,4,2,6,4,1,15,11,6,1,9,11,23,22,19,66,58,13,72,3,2,0,1,2,2,0,9,7,4,0,6,6,12,13,5,37,30,5,71,3,7,4,1,4,2,1,6,4,2,1,3,5,11,9,14,29,28,8
422022720,2,ç≤ê¢ï€és,è¨ç≤ÅXí¨äxÉmñÿèÍ,0,,,82,3,1,1,4,5,5,3,1,2,4,5,7,9,6,10,5,45,32,16,35,2,1,1,1,2,1,1,1,1,1,2,3,5,4,4,4,18,13,5,47,1,0,0,3,3,4,2,0,1,3,3,4,4,2,6,1,27,19,11
422022730,2,ç≤ê¢ï€és,è¨ç≤ÅXí¨êºêÏì‡,0,,,723,33,31,44,39,9,18,19,53,37,43,35,21,54,74,67,108,328,287,146,328,18,13,25,19,3,7,10,25,18,24,21,8,23,32,35,56,158,114,47,395,15,18,19,20,6,11,9,28,19,19,14,13,31,42,32,52,170,173,99
422022740,2,ç≤ê¢ï€és,è¨ç≤ÅXí¨ìÌîë,0,,,1335,40,63,83,68,60,41,44,80,69,99,87,78,107,103,98,186,733,416,215,652,23,30,42,40,24,20,24,41,41,48,42,37,65,54,44,95,382,175,77,683,17,33,41,28,36,21,20,39,28,51,45,41,42,49,54,91,351,241,138
422022750,2,ç≤ê¢ï€és,è¨ç≤ÅXí¨ñÓäx,0,,,1022,29,51,48,33,34,32,62,52,61,63,47,84,96,83,84,128,564,330,163,503,9,24,26,16,18,16,33,24,33,41,24,44,47,44,42,59,296,148,62,519,20,27,22,17,16,16,29,28,28,22,23,40,49,39,42,69,268,182,101
422022760,2,ç≤ê¢ï€és,ç]å}í¨äÅÉmë∫,0,,,62,1,2,6,7,1,3,1,1,4,3,4,6,4,2,7,9,34,19,10,29,0,1,3,4,1,2,0,0,2,1,2,3,2,0,4,4,17,8,4,33,1,1,3,3,0,1,1,1,2,2,2,3,2,2,3,5,17,11,6
422022770,2,ç≤ê¢ï€és,ç]å}í¨ñkìc,0,,,50,2,0,2,2,1,1,2,3,1,2,3,4,4,7,8,4,23,23,8,22,1,0,1,0,1,1,0,1,0,1,1,3,2,4,5,2,10,10,1,28,1,0,1,2,0,0,2,2,1,1,2,1,2,3,3,2,13,13,7
422022780,2,ç≤ê¢ï€és,ç]å}í¨î—ó«ç‚,0,,,77,1,4,0,2,2,3,1,5,2,0,5,6,8,11,7,5,34,38,20,34,1,1,0,0,1,1,1,3,1,0,1,3,2,6,4,2,13,19,9,43,0,3,0,2,1,2,0,2,1,0,4,3,6,5,3,3,21,19,11
422022800,2,ç≤ê¢ï€és,ç]å}í¨åIâz,0,,,162,5,3,2,4,4,7,4,6,4,4,8,7,14,13,7,10,62,90,70,74,3,2,1,3,1,5,3,2,3,2,3,2,9,6,6,6,33,35,23,88,2,1,1,1,3,2,1,4,1,2,5,5,5,7,1,4,29,55,47
422022810,2,ç≤ê¢ï€és,ç]å}í¨‚∑îˆ,0,,,67,3,4,3,3,1,0,3,8,3,4,5,3,3,11,4,10,33,24,9,31,2,0,1,1,0,0,1,5,2,2,2,2,1,5,2,3,16,12,5,36,1,4,2,2,1,0,2,3,1,2,3,1,2,6,2,7,17,12,4
422022820,2,ç≤ê¢ï€és,ç]å}í¨íÜîˆ,0,,,271,14,21,19,4,9,8,12,20,15,21,17,18,14,20,15,54,138,78,43,130,7,11,7,3,6,5,5,8,9,10,5,11,9,10,8,25,71,33,15,141,7,10,12,1,3,3,7,12,6,11,12,7,5,10,7,29,67,45,28
422022830,3,ç≤ê¢ï€és,ç]å}í¨âúêÏì‡,0,,,116,3,2,5,5,5,3,6,5,5,6,4,8,15,10,18,10,62,44,16,58,1,0,2,3,1,3,2,5,2,3,2,3,8,8,7,3,32,23,8,58,2,2,3,2,4,0,4,0,3,3,2,5,7,2,11,7,30,21,8
42202283015,4,ç≤ê¢ï€és,ç]å}í¨âúêÏì‡,0,,,51,0,1,1,1,0,2,2,0,1,2,0,6,7,5,11,2,21,28,12,26,0,0,0,1,0,2,1,0,1,0,0,3,3,4,5,0,11,15,6,25,0,1,1,0,0,0,1,0,0,2,0,3,4,1,6,2,10,13,6
42202283030,4,ç≤ê¢ï€és,ç]å}í¨âúêÏì‡,0,,,65,3,1,4,4,5,1,4,5,4,4,4,2,8,5,7,8,41,16,4,32,1,0,2,2,1,1,1,5,1,3,2,0,5,4,2,3,21,8,2,33,2,1,2,2,4,0,3,0,3,1,2,2,3,1,5,5,20,8,2
422022840,3,ç≤ê¢ï€és,ç]å}í¨í∑ç‚,0,,,485,9,22,26,19,8,11,14,23,25,48,28,31,38,35,47,57,245,183,101,220,3,9,13,7,5,7,6,11,11,27,13,14,21,16,22,25,122,73,35,265,6,13,13,12,3,4,8,12,14,21,15,17,17,19,25,32,123,110,66
42202284016,4,ç≤ê¢ï€és,ç]å}í¨í∑ç‚,0,,,88,2,4,1,1,2,3,4,6,3,5,2,7,12,11,8,7,45,36,17,38,1,2,1,1,2,1,1,3,1,3,0,3,7,5,3,4,22,12,4,50,1,2,0,0,0,2,3,3,2,2,2,4,5,6,5,3,23,24,13
42202284019,4,ç≤ê¢ï€és,ç]å}í¨í∑ç‚,0,,,48,1,4,1,2,0,0,1,4,4,3,4,3,3,3,2,6,24,18,13,25,0,2,0,2,0,0,1,2,2,1,3,1,1,3,1,2,13,10,6,23,1,2,1,0,0,0,0,2,2,2,1,2,2,0,1,4,11,8,7
42202284020,4,ç≤ê¢ï€és,ç]å}í¨í∑ç‚,0,,,234,3,11,12,10,4,5,6,8,10,24,17,14,17,16,22,26,115,93,55,104,1,5,6,2,2,3,3,3,5,14,8,7,10,6,11,12,57,35,18,130,2,6,6,8,2,2,3,5,5,10,9,7,7,10,11,14,58,58,37
42202284021,4,ç≤ê¢ï€és,ç]å}í¨í∑ç‚,0,,,115,3,3,12,6,2,3,3,5,8,16,5,7,6,5,15,18,61,36,16,53,1,0,6,2,1,3,1,3,3,9,2,3,3,2,7,7,30,16,7,62,2,3,6,4,1,0,2,2,5,7,3,4,3,3,8,11,31,20,9
422022850,3,ç≤ê¢ï€és,ç]å}í¨è„êÏì‡,1,,285016;285019,69,2,0,1,2,4,6,2,3,0,2,2,8,4,11,8,3,33,33,14,40,0,0,1,2,4,6,1,2,0,1,1,3,2,7,4,1,22,17,6,29,2,0,0,0,0,0,1,1,0,1,1,5,2,4,4,2,11,16,8
42202285016,4,ç≤ê¢ï€és,ç]å}í¨è„êÏì‡,2,2850,,0,0,0,0,0,0,0,0,0,0,0,0,0,0,0,0,0,0,0,0,0,0,0,0,0,0,0,0,0,0,0,0,0,0,0,0,0,0,0,0,0,0,0,0,0,0,0,0,0,0,0,0,0,0,0,0,0,0,0,0
42202285019,4,ç≤ê¢ï€és,ç]å}í¨è„êÏì‡,2,2850,,0,0,0,0,0,0,0,0,0,0,0,0,0,0,0,0,0,0,0,0,0,0,0,0,0,0,0,0,0,0,0,0,0,0,0,0,0,0,0,0,0,0,0,0,0,0,0,0,0,0,0,0,0,0,0,0,0,0,0,0
422022860,3,ç≤ê¢ï€és,ç]å}í¨ññãk,0,,,221,10,9,7,7,5,17,7,12,8,5,13,18,16,19,24,26,108,87,44,102,5,5,2,2,3,10,3,3,3,2,8,7,10,9,11,12,51,39,19,119,5,4,5,5,2,7,4,9,5,3,5,11,6,10,13,14,57,48,25
42202286017,4,ç≤ê¢ï€és,ç]å}í¨ññãk,0,,,159,7,4,3,3,2,13,6,6,4,3,9,14,14,16,19,14,74,71,36,81,4,2,0,1,2,9,3,2,1,2,7,6,9,8,10,6,42,33,15,78,3,2,3,2,0,4,3,4,3,1,2,8,5,8,9,8,32,38,21
42202286018,4,ç≤ê¢ï€és,ç]å}í¨ññãk,0,,,62,3,5,4,4,3,4,1,6,4,2,4,4,2,3,5,12,34,16,8,21,1,3,2,1,1,1,0,1,2,0,1,1,1,1,1,6,9,6,4,41,2,2,2,3,2,3,1,5,2,2,3,3,1,2,4,6,25,10,4
422022870,3,ç≤ê¢ï€és,ç]å}í¨éOâY,0,,,400,13,24,23,13,9,12,17,29,29,26,32,19,25,36,30,60,211,129,63,168,4,10,14,6,3,5,8,14,16,11,15,6,11,13,11,28,95,45,21,232,9,14,9,7,6,7,9,15,13,15,17,13,14,23,19,32,116,84,42
42202287022,4,ç≤ê¢ï€és,ç]å}í¨éOâY,0,,,340,12,22,21,12,9,8,15,24,27,23,28,19,22,33,26,55,187,98,39,138,3,8,13,6,3,3,7,11,14,9,12,6,9,13,9,24,80,34,12,202,9,14,8,6,6,5,8,13,13,14,16,13,13,20,17,31,107,64,27
42202287023,4,ç≤ê¢ï€és,ç]å}í¨éOâY,0,,,60,1,2,2,1,0,4,2,5,2,3,4,0,3,3,4,5,24,31,24,30,1,2,1,0,0,2,1,3,2,2,3,0,2,0,2,4,15,11,9,30,0,0,1,1,0,2,1,2,0,1,1,0,1,3,2,1,9,20,15
422022880,2,ç≤ê¢ï€és,ç]å}í¨ñkïΩ,0,,,171,16,10,10,4,4,13,11,15,14,3,3,9,4,16,4,36,80,54,34,76,8,4,4,2,2,4,5,10,7,3,0,7,1,8,2,16,41,18,8,95,8,6,6,2,2,9,6,5,7,0,3,2,3,8,2,20,39,36,26
422022890,2,ç≤ê¢ï€és,ç]å}í¨óêã¥,0,,,223,4,10,11,11,7,3,12,11,10,19,9,8,21,32,23,25,111,87,32,113,2,4,6,8,2,2,6,4,5,12,4,2,11,17,13,12,56,45,15,110,2,6,5,3,5,1,6,7,5,7,5,6,10,15,10,13,55,42,17
422022900,3,ç≤ê¢ï€és,ç]å}í¨è¨êÏì‡,0,,,272,10,12,13,9,5,8,8,12,13,22,12,13,19,26,29,35,121,116,61,126,6,5,9,3,3,4,2,6,5,15,4,7,10,13,11,20,59,47,23,146,4,7,4,6,2,4,6,6,8,7,8,6,9,13,18,15,62,69,38
42202290024,4,ç≤ê¢ï€és,ç]å}í¨è¨êÏì‡,0,,,88,6,5,1,0,2,5,3,7,4,5,3,3,7,4,10,12,39,37,23,41,2,3,1,0,2,2,2,4,1,3,0,1,4,3,4,6,19,16,9,47,4,2,0,0,0,3,1,3,3,2,3,2,3,1,6,6,20,21,14
42202290025,4,ç≤ê¢ï€és,ç]å}í¨è¨êÏì‡,0,,,97,2,2,10,7,1,2,2,4,4,13,5,5,3,8,11,14,46,37,18,46,2,1,7,3,1,1,0,1,1,9,2,4,3,2,2,10,25,11,7,51,0,1,3,4,0,1,2,3,3,4,3,1,0,6,9,4,21,26,11
42202290026,4,ç≤ê¢ï€és,ç]å}í¨è¨êÏì‡,0,,,87,2,5,2,2,2,1,3,1,5,4,4,5,9,14,8,9,36,42,20,39,2,1,1,0,0,1,0,1,3,3,2,2,3,8,5,4,15,20,7,48,0,4,1,2,2,0,3,0,2,1,2,3,6,6,3,5,21,22,13
422022910,2,ç≤ê¢ï€és,ç]å}í¨ê‘ç‚,0,,,269,1,9,10,9,4,3,4,7,18,12,12,11,16,18,16,20,96,153,119,107,0,3,4,5,3,1,3,4,9,6,7,7,6,9,9,7,51,49,31,162,1,6,6,4,1,2,1,3,9,6,5,4,10,9,7,13,45,104,88
422022920,3,ç≤ê¢ï€és,ç]å}í¨éuåÀéÅ,0,,,248,7,9,11,13,5,7,11,11,16,14,16,7,14,32,25,27,114,106,49,111,5,3,7,6,3,3,5,4,10,4,5,3,5,12,13,15,48,47,22,137,2,6,4,7,2,4,6,7,6,10,11,4,9,20,12,12,66,59,27
42202292028,4,ç≤ê¢ï€és,ç]å}í¨éuåÀéÅ,0,,,149,6,6,5,8,3,5,9,5,11,7,12,7,8,14,15,17,75,57,28,64,4,2,2,5,2,3,4,2,7,2,3,3,3,4,7,8,34,22,11,85,2,4,3,3,1,2,5,3,4,5,9,4,5,10,8,9,41,35,17
42202292029,4,ç≤ê¢ï€és,ç]å}í¨éuåÀéÅ,0,,,99,1,3,6,5,2,2,2,6,5,7,4,0,6,18,10,10,39,49,21,47,1,1,5,1,1,0,1,2,3,2,2,0,2,8,6,7,14,25,11,52,0,2,1,4,1,2,1,4,2,5,2,0,4,10,4,3,25,24,10
422022940,3,ç≤ê¢ï€és,ç]å}í¨íñí≤,0,,,777,50,46,44,33,23,25,43,37,43,46,25,53,55,62,58,140,383,253,133,359,26,24,28,15,12,10,27,13,23,20,7,26,26,27,26,78,179,102,49,418,24,22,16,18,11,15,16,24,20,26,18,27,29,35,32,62,204,151,84
42202294031,4,ç≤ê¢ï€és,ç]å}í¨íñí≤,0,,,420,14,16,19,16,11,8,25,11,24,24,8,32,40,33,34,49,199,171,104,190,6,9,12,8,4,4,14,3,15,11,2,13,20,16,14,27,94,69,39,230,8,7,7,8,7,4,11,8,9,13,6,19,20,17,20,22,105,102,65
42202294032,4,ç≤ê¢ï€és,ç]å}í¨íñí≤,0,,,14,2,0,1,2,0,0,1,2,0,0,1,2,0,2,0,3,8,3,1,9,2,0,0,2,0,0,1,0,0,0,0,2,0,1,0,2,5,2,1,5,0,0,1,0,0,0,0,2,0,0,1,0,0,1,0,1,3,1,0
42202294033,4,ç≤ê¢ï€és,ç]å}í¨íñí≤,0,,,304,33,30,24,14,11,17,17,21,19,20,14,17,12,17,16,87,162,55,22,142,17,15,16,5,7,6,12,8,8,7,5,11,5,6,6,48,74,20,8,162,16,15,8,9,4,11,5,13,11,13,9,6,7,11,10,39,88,35,14
42202294034,4,ç≤ê¢ï€és,ç]å}í¨íñí≤,0,,,39,1,0,0,1,1,0,0,3,0,2,2,2,3,10,8,1,14,24,6,18,1,0,0,0,1,0,0,2,0,2,0,0,1,4,6,1,6,11,1,21,0,0,0,1,0,0,0,1,0,0,2,2,2,6,2,0,8,13,5
422022950,3,ç≤ê¢ï€és,ç]å}í¨ìcÉmå≥,0,,,999,23,32,38,63,31,24,28,53,44,75,71,64,55,87,109,93,508,397,201,448,14,17,20,25,15,15,18,25,16,33,33,31,18,41,43,51,229,167,83,551,9,15,18,38,16,9,10,28,28,42,38,33,37,46,66,42,279,230,118
42202295035,4,ç≤ê¢ï€és,ç]å}í¨ìcÉmå≥,0,,,153,1,2,2,15,4,3,1,6,4,10,17,6,10,16,17,5,76,72,39,70,0,2,1,9,2,1,1,3,1,3,9,2,2,8,9,3,33,34,17,83,1,0,1,6,2,2,0,3,3,7,8,4,8,8,8,2,43,38,22
42202295036,4,ç≤ê¢ï€és,ç]å}í¨ìcÉmå≥,0,,,337,7,11,15,17,9,9,15,13,18,26,19,18,18,31,26,33,162,142,85,152,5,6,8,5,4,7,7,9,9,10,9,9,5,17,11,19,74,59,31,185,2,5,7,12,5,2,8,4,9,16,10,9,13,14,15,14,88,83,54
42202295037,4,ç≤ê¢ï€és,ç]å}í¨ìcÉmå≥,0,,,297,8,11,10,15,10,7,4,20,12,18,10,23,12,30,55,29,131,137,52,124,5,5,3,4,6,3,4,8,4,9,3,11,4,13,19,13,56,55,23,173,3,6,7,11,4,4,0,12,8,9,7,12,8,17,36,16,75,82,29
42202295038,4,ç≤ê¢ï€és,ç]å}í¨ìcÉmå≥,0,,,60,1,2,1,2,3,0,2,3,0,5,8,5,5,3,4,4,33,22,15,25,0,2,1,1,1,0,2,0,0,2,2,2,3,0,1,3,13,8,7,35,1,0,0,1,2,0,0,3,0,3,6,3,2,3,3,1,20,14,8
42202295040,4,ç≤ê¢ï€és,ç]å}í¨ìcÉmå≥,0,,,152,6,6,10,14,5,5,6,11,10,16,17,12,10,7,7,22,106,24,10,77,4,2,7,6,2,4,4,5,2,9,10,7,4,3,3,13,53,11,5,75,2,4,3,8,3,1,2,6,8,7,7,5,6,4,4,9,53,13,5
422022960,2,ç≤ê¢ï€és,ç]å}í¨ñÑóß,0,,,65,1,4,7,5,0,3,6,3,2,3,6,5,5,3,4,12,38,15,8,37,1,3,3,4,0,2,3,1,2,2,3,4,1,2,2,7,22,8,4,28,0,1,4,1,0,1,3,2,0,1,3,1,4,1,2,5,16,7,4
422022970,3,ç≤ê¢ï€és,é≠í¨í¨ê[ç],0,,,593,21,19,30,23,13,16,22,44,29,37,21,47,52,50,57,70,304,214,107,285,10,9,13,12,6,9,12,21,17,24,8,21,22,27,25,32,152,98,46,308,11,10,17,11,7,7,10,23,12,13,13,26,30,23,32,38,152,116,61
42202297001,4,ç≤ê¢ï€és,é≠í¨í¨ê[ç],0,,,363,16,15,22,14,9,10,15,33,15,26,12,27,35,24,34,53,196,110,52,174,7,8,9,8,5,6,7,14,10,16,4,13,13,16,15,24,96,52,21,189,9,7,13,6,4,4,8,19,5,10,8,14,22,8,19,29,100,58,31
42202297002,4,ç≤ê¢ï€és,é≠í¨í¨ê[ç],0,,,157,5,3,7,7,4,3,7,8,7,10,8,15,10,13,15,15,79,62,34,75,3,1,3,4,1,3,5,5,2,7,4,6,5,3,8,7,42,25,14,82,2,2,4,3,3,0,2,3,5,3,4,9,5,10,7,8,37,37,20
42202297004,4,ç≤ê¢ï€és,é≠í¨í¨ê[ç],0,,,73,0,1,1,2,0,3,0,3,7,1,1,5,7,13,8,2,29,42,21,36,0,0,1,0,0,0,0,2,5,1,0,2,4,8,2,1,14,21,11,37,0,1,0,2,0,3,0,1,2,0,1,3,3,5,6,1,15,21,10
422022980,2,ç≤ê¢ï€és,é≠í¨í¨êVê[ç],0,,,50,1,5,4,4,0,2,5,4,2,1,0,5,2,4,3,10,25,15,8,27,1,4,2,0,0,0,4,2,1,0,0,3,2,3,2,7,12,8,3,23,0,1,2,4,0,2,1,2,1,1,0,2,0,1,1,3,13,7,5
422022990,2,ç≤ê¢ï€és,é≠í¨í¨ê[ç]äÉ,0,,,347,16,17,26,20,14,10,11,18,29,32,27,13,17,24,31,59,191,97,42,149,8,5,11,11,5,4,3,4,12,20,12,6,6,13,12,24,83,42,17,198,8,12,15,9,9,6,8,14,17,12,15,7,11,11,19,35,108,55,25
422023000,3,ç≤ê¢ï€és,é≠í¨í¨ìyîÏÉmâY,0,,,584,29,36,30,124,19,13,18,32,35,24,34,29,28,35,42,95,356,132,55,333,16,20,15,115,9,6,9,16,16,12,18,9,17,12,24,51,227,54,18,251,13,16,15,9,10,7,9,16,19,12,16,20,11,23,18,44,129,78,37
42202300002,4,ç≤ê¢ï€és,é≠í¨í¨ìyîÏÉmâY,0,,,365,23,25,21,15,19,13,16,24,28,16,28,24,21,26,31,69,204,91,34,176,13,15,12,8,9,6,8,12,13,8,14,6,13,8,18,40,97,38,12,189,10,10,9,7,10,7,8,12,15,8,14,18,8,18,13,29,107,53,22
42202300003,4,ç≤ê¢ï€és,é≠í¨í¨ìyîÏÉmâY,0,,,104,0,0,0,104,0,0,0,0,0,0,0,0,0,0,0,0,104,0,0,104,0,0,0,104,0,0,0,0,0,0,0,0,0,0,0,0,104,0,0,0,0,0,0,0,0,0,0,0,0,0,0,0,0,0,0,0,0,0,0
42202300004,4,ç≤ê¢ï€és,é≠í¨í¨ìyîÏÉmâY,0,,,115,6,11,9,5,0,0,2,8,7,8,6,5,7,9,11,26,48,41,21,53,3,5,3,3,0,0,1,4,3,4,4,3,4,4,6,11,26,16,6,62,3,6,6,2,0,0,1,4,4,4,2,2,3,5,5,15,22,25,15
422023010,3,ç≤ê¢ï€és,é≠í¨í¨é≠í¨,0,,,368,6,6,7,11,13,3,5,13,20,14,25,31,28,63,46,19,163,185,76,184,2,4,5,5,10,2,4,6,14,9,11,15,15,32,21,11,91,81,28,184,4,2,2,6,3,1,1,7,6,5,14,16,13,31,25,8,72,104,48
42202301004,4,ç≤ê¢ï€és,é≠í¨í¨é≠í¨,0,,,87,2,2,2,2,1,1,1,0,6,2,8,12,6,13,7,6,39,42,22,42,0,2,1,2,1,0,1,0,2,2,3,6,4,6,4,3,21,18,8,45,2,0,1,0,0,1,0,0,4,0,5,6,2,7,3,3,18,24,14
42202301005,4,ç≤ê¢ï€és,é≠í¨í¨é≠í¨,0,,,281,4,4,5,9,12,2,4,13,14,12,17,19,22,50,39,13,124,143,54,142,2,2,4,3,9,2,3,6,12,7,8,9,11,26,17,8,70,63,20,139,2,2,1,6,3,0,1,7,2,5,9,10,11,24,22,5,54,80,34
42202301006,4,ç≤ê¢ï€és,é≠í¨í¨é≠í¨,0,,,0,0,0,0,0,0,0,0,0,0,0,0,0,0,0,0,0,0,0,0,0,0,0,0,0,0,0,0,0,0,0,0,0,0,0,0,0,0,0,0,0,0,0,0,0,0,0,0,0,0,0,0,0,0,0,0,0,0,0,0
422023020,2,ç≤ê¢ï€és,é≠í¨í¨ëDÉmë∫,0,,,157,3,10,9,4,3,4,9,9,5,4,10,6,17,17,14,22,71,64,33,76,0,7,6,1,3,1,4,4,2,3,7,3,5,10,6,13,33,30,14,81,3,3,3,3,0,3,5,5,3,1,3,3,12,7,8,9,38,34,19
422023030,2,ç≤ê¢ï€és,é≠í¨í¨íÜñÏ,0,,,42,0,0,0,1,3,1,1,0,1,1,4,6,6,5,4,0,24,18,9,23,0,0,0,0,3,0,1,0,0,0,2,4,3,3,3,0,13,10,4,19,0,0,0,1,0,1,0,0,1,1,2,2,3,2,1,0,11,8,5
422023040,3,ç≤ê¢ï€és,é≠í¨í¨í∑ã¯,0,,,506,25,16,17,27,30,23,28,25,22,33,26,32,58,39,39,58,304,144,66,244,13,9,8,12,16,16,16,12,12,16,13,12,29,14,22,30,154,60,24,262,12,7,9,15,14,7,12,13,10,17,13,20,29,25,17,28,150,84,42
42202304009,4,ç≤ê¢ï€és,é≠í¨í¨í∑ã¯,0,,,28,3,1,0,0,0,1,2,3,0,1,1,2,5,3,2,4,15,9,4,14,2,0,0,0,0,0,1,2,0,0,1,1,2,2,0,2,7,5,3,14,1,1,0,0,0,1,1,1,0,1,0,1,3,1,2,2,8,4,1
42202304010,4,ç≤ê¢ï€és,é≠í¨í¨í∑ã¯,0,,,168,2,4,7,7,10,6,8,8,6,11,10,10,21,10,19,13,97,58,29,85,1,2,4,4,4,5,6,4,4,5,6,4,8,3,14,7,50,28,11,83,1,2,3,3,6,1,2,4,2,6,4,6,13,7,5,6,47,30,18
42202304011,4,ç≤ê¢ï€és,é≠í¨í¨í∑ã¯,0,,,310,20,11,10,20,20,16,18,14,16,21,15,20,32,26,18,41,192,77,33,145,10,7,4,8,12,11,9,6,8,11,6,7,19,9,8,21,97,27,10,165,10,4,6,12,8,5,9,8,8,10,9,13,13,17,10,20,95,50,23
422023050,3,ç≤ê¢ï€és,é≠í¨í¨â∫âÃÉñâY,0,,,159,1,2,8,6,1,1,1,6,5,7,6,4,3,20,24,11,40,108,64,76,1,2,6,4,1,0,1,2,5,2,3,1,0,12,15,9,19,48,21,83,0,0,2,2,0,1,0,4,0,5,3,3,3,8,9,2,21,60,43
42202305008,4,ç≤ê¢ï€és,é≠í¨í¨â∫âÃÉñâY,0,,,73,0,1,6,5,0,1,1,4,1,6,5,4,2,14,8,7,29,37,15,36,0,1,4,3,0,0,1,2,1,2,3,1,0,8,5,5,13,18,5,37,0,0,2,2,0,1,0,2,0,4,2,3,2,6,3,2,16,19,10
42202305014,4,ç≤ê¢ï€és,é≠í¨í¨â∫âÃÉñâY,0,,,86,1,1,2,1,1,0,0,2,4,1,1,0,1,6,16,4,11,71,49,40,1,1,2,1,1,0,0,0,4,0,0,0,0,4,10,4,6,30,16,46,0,0,0,0,0,0,0,2,0,1,1,0,1,2,6,0,5,41,33
422023060,3,ç≤ê¢ï€és,é≠í¨í¨â∫âÃÉñâY,0,,,1123,14,42,35,42,23,16,29,43,51,55,47,59,91,112,124,91,456,576,340,513,4,21,19,25,15,9,11,23,29,27,25,23,46,58,64,44,233,236,114,610,10,21,16,17,8,7,18,20,22,28,22,36,45,54,60,47,223,340,226
42202306012,4,ç≤ê¢ï€és,é≠í¨í¨â∫âÃÉñâY,0,,,31,0,0,1,1,1,1,0,0,1,1,2,4,4,6,0,1,15,15,9,15,0,0,1,0,0,1,0,0,1,1,0,2,2,3,0,1,7,7,4,16,0,0,0,1,1,0,0,0,0,0,2,2,2,3,0,0,8,8,5
42202306013,4,ç≤ê¢ï€és,é≠í¨í¨â∫âÃÉñâY,0,,,374,1,12,14,26,10,4,10,12,17,25,18,23,37,40,46,27,182,165,79,171,0,5,7,16,6,4,4,8,9,11,9,8,17,16,22,12,92,67,29,203,1,7,7,10,4,0,6,4,8,14,9,15,20,24,24,15,90,98,50
42202306014,4,ç≤ê¢ï€és,é≠í¨í¨â∫âÃÉñâY,0,,,332,7,16,10,9,6,7,11,18,19,14,18,16,32,39,37,33,150,149,73,160,3,11,5,6,4,3,5,7,11,8,11,7,16,21,18,19,78,63,24,172,4,5,5,3,2,4,6,11,8,6,7,9,16,18,19,14,72,86,49
42202306015,4,ç≤ê¢ï€és,é≠í¨í¨â∫âÃÉñâY,0,,,386,6,14,10,6,6,4,8,13,14,15,9,16,18,27,41,30,109,247,179,167,1,5,6,3,5,1,2,8,8,7,5,6,11,18,24,12,56,99,57,219,5,9,4,3,1,3,6,5,6,8,4,10,7,9,17,18,53,148,122
422023070,2,ç≤ê¢ï€és,é≠í¨í¨ëÂâÆ,0,,,258,3,3,1,17,8,3,7,3,9,14,23,12,13,27,39,7,109,142,76,121,2,3,1,9,3,2,2,1,3,9,10,5,6,14,17,6,50,65,34,137,1,0,0,8,5,1,5,2,6,5,13,7,7,13,22,1,59,77,42
422023080,2,ç≤ê¢ï€és,é≠í¨í¨å˚Émó¢,0,,,103,1,1,2,5,3,3,1,1,4,4,5,11,15,14,7,4,52,47,26,50,1,0,1,3,1,3,1,0,1,2,3,5,9,8,4,2,28,20,8,53,0,1,1,2,2,0,0,1,3,2,2,6,6,6,3,2,24,27,18
422023090,2,ç≤ê¢ï€és,é≠í¨í¨ã„è\ã„ìá,0,,,0,0,0,0,0,0,0,0,0,0,0,0,0,0,0,0,0,0,0,0,0,0,0,0,0,0,0,0,0,0,0,0,0,0,0,0,0,0,0,0,0,0,0,0,0,0,0,0,0,0,0,0,0,0,0,0,0,0,0,0
42203,1,ìáå¥és,,0,,,43338,1646,1929,1887,1572,1165,1489,1767,2186,2454,2672,2688,2857,3344,3562,3651,5462,22194,15523,8310,20157,884,979,978,816,569,755,863,1068,1210,1328,1240,1370,1612,1665,1697,2841,10831,6388,3026,23181,762,950,909,756,596,734,904,1118,1244,1344,1448,1487,1732,1897,1954,2621,11363,9135,5284
422030080,3,ìáå¥és,èÈì‡,0,,,1254,47,57,60,33,32,43,62,58,81,104,71,97,89,86,93,164,670,406,227,601,27,34,29,17,11,26,27,28,42,63,39,46,43,38,43,90,342,163,82,653,20,23,31,16,21,17,35,30,39,41,32,51,46,48,50,74,328,243,145
42203008001,4,ìáå¥és,èÈì‡àÍíöñ⁄,0,,,189,2,8,10,0,4,5,5,4,12,6,8,7,13,23,21,20,64,105,61,90,0,5,7,0,1,5,4,1,5,5,4,4,3,11,11,12,32,46,24,99,2,3,3,0,3,0,1,3,7,1,4,3,10,12,10,8,32,59,37
42203008002,4,ìáå¥és,èÈì‡ìÒíöñ⁄,0,,,516,17,26,29,14,18,15,26,26,35,56,33,35,40,28,26,72,298,132,78,268,11,20,13,9,8,9,12,14,17,39,21,15,23,13,13,44,167,51,25,248,6,6,16,5,10,6,14,12,18,17,12,20,17,15,13,28,131,81,53
42203008003,4,ìáå¥és,èÈì‡éOíöñ⁄,0,,,549,28,23,21,19,10,23,31,28,34,42,30,55,36,35,46,72,308,169,88,243,16,9,9,8,2,12,11,13,20,19,14,27,17,14,19,34,143,66,33,306,12,14,12,11,8,11,20,15,14,23,16,28,19,21,27,38,165,103,55
422030090,2,ìáå¥és,êÊä@í¨,0,,,165,4,1,10,9,4,7,7,8,14,11,15,9,7,11,9,15,91,59,39,74,2,1,6,5,3,1,3,5,7,5,7,4,4,4,2,9,44,21,15,91,2,0,4,4,1,6,4,3,7,6,8,5,3,7,7,6,47,38,24
422030100,2,ìáå¥és,ç]åÀíö,0,,,95,0,0,3,0,2,0,1,0,1,7,4,6,9,7,7,3,30,62,48,47,0,0,1,0,2,0,1,0,0,3,4,4,4,5,2,1,18,28,21,48,0,0,2,0,0,0,0,0,1,4,0,2,5,2,5,2,12,34,27
422030110,2,ìáå¥és,âYÇÃêÏ,0,,,73,2,0,3,5,0,2,5,3,5,5,8,2,3,9,6,5,38,30,15,36,1,0,1,2,0,0,4,2,2,3,6,2,1,3,3,2,22,12,6,37,1,0,2,3,0,2,1,1,3,2,2,0,2,6,3,3,16,18,9
422030120,2,ìáå¥és,ç°êÏí¨,0,,,160,4,2,4,2,5,9,10,6,9,9,13,13,15,8,16,10,91,55,31,78,3,0,4,1,2,6,4,4,4,2,7,3,12,4,8,7,45,23,11,82,1,2,0,1,3,3,6,2,5,7,6,10,3,4,8,3,46,32,20
422030130,2,ìáå¥és,è„ÇÃí¨,0,,,114,2,6,8,4,3,3,5,3,8,10,9,8,5,10,9,16,58,40,21,50,2,3,4,0,0,1,3,0,4,5,5,5,2,3,5,9,25,16,8,64,0,3,4,4,3,2,2,3,4,5,4,3,3,7,4,7,33,24,13
422030140,2,ìáå¥és,ã{ÇÃí¨,0,,,374,14,20,14,13,11,18,12,22,24,34,33,41,27,17,24,48,235,90,49,194,10,12,11,6,7,11,9,8,16,19,15,24,11,8,9,33,126,34,17,180,4,8,3,7,4,7,3,14,8,15,18,17,16,9,15,15,109,56,32
422030150,2,ìáå¥és,ìcí¨,0,,,364,20,30,34,17,14,14,13,23,37,25,25,19,21,16,25,84,208,70,29,177,9,15,22,7,6,7,8,11,15,12,12,11,11,6,12,46,100,30,12,187,11,15,12,10,8,7,5,12,22,13,13,8,10,10,13,38,108,40,17
422030160,2,ìáå¥és,íÜí¨,0,,,95,4,5,2,1,2,0,5,5,11,1,4,5,5,10,10,11,39,45,25,42,2,2,2,1,1,0,2,3,5,1,3,1,3,3,5,6,20,16,8,53,2,3,0,0,1,0,3,2,6,0,1,4,2,7,5,5,19,29,17
422030170,2,ìáå¥és,ï–í¨,0,,,114,1,5,4,3,4,5,3,6,3,6,7,8,10,7,17,10,55,49,25,51,0,2,2,1,2,4,2,2,3,2,2,5,4,2,8,4,27,20,10,63,1,3,2,2,2,1,1,4,0,4,5,3,6,5,9,6,28,29,15
422030180,2,ìáå¥és,êVìcí¨,0,,,384,13,16,9,7,12,10,10,19,21,27,23,27,33,40,49,38,189,157,68,188,6,6,4,0,9,5,6,11,10,12,14,14,17,24,25,16,98,74,25,196,7,10,5,7,3,5,4,8,11,15,9,13,16,16,24,22,91,83,43
422030190,2,ìáå¥és,ñ{åıéõí¨,0,,,294,15,12,13,10,11,9,14,20,16,14,13,15,33,26,31,40,155,98,41,134,6,6,6,5,1,4,8,11,7,7,4,8,16,12,11,18,71,44,21,160,9,6,7,5,10,5,6,9,9,7,9,7,17,14,20,22,84,54,20
422030200,2,ìáå¥és,îêñÏí¨,0,,,762,74,58,38,27,18,53,60,61,53,45,43,50,57,35,28,170,467,121,58,362,40,27,17,15,12,24,27,30,24,25,17,24,27,14,13,84,225,50,23,400,34,31,21,12,6,29,33,31,29,20,26,26,30,21,15,86,242,71,35
422030210,2,ìáå¥és,ä`ÇÃñÿí¨,0,,,494,26,24,24,22,19,20,21,27,30,24,24,39,44,31,38,74,270,144,75,219,18,11,8,12,9,10,9,15,13,9,10,16,22,11,18,37,125,55,26,275,8,13,16,10,10,10,12,12,17,15,14,23,22,20,20,37,145,89,49
422030220,2,ìáå¥és,ìÏîêñÏí¨,0,,,388,22,20,16,13,8,19,27,24,22,21,28,20,37,33,22,58,219,110,55,182,12,12,9,6,4,6,12,12,9,9,14,9,15,14,14,33,96,52,24,206,10,8,7,7,4,13,15,12,13,12,14,11,22,19,8,25,123,58,31
422030230,2,ìáå¥és,ñkñÂí¨,0,,,519,27,34,32,27,9,26,41,39,46,43,31,24,27,27,29,93,313,108,52,257,17,22,16,14,3,13,20,19,23,28,14,10,10,10,11,55,154,43,22,262,10,12,16,13,6,13,21,20,23,15,17,14,17,17,18,38,159,65,30
422030240,2,ìáå¥és,êVînèÍí¨,0,,,407,32,25,13,14,9,15,23,25,27,41,26,20,27,19,25,70,227,104,60,200,21,10,5,10,3,7,10,14,10,21,12,13,14,10,11,36,114,45,24,207,11,15,8,4,6,8,13,11,17,20,14,7,13,9,14,34,113,59,36
422030250,3,ìáå¥és,è„êVíö,0,,,661,24,23,33,20,16,15,22,25,32,35,36,44,39,36,48,80,284,297,213,288,12,10,22,11,8,6,12,14,15,15,19,18,19,15,19,44,137,107,73,373,12,13,11,9,8,9,10,11,17,20,17,26,20,21,29,36,147,190,140
42203025001,4,ìáå¥és,è„êVíöàÍíöñ⁄,0,,,333,10,7,14,9,8,5,12,11,14,14,10,25,17,17,20,31,125,177,140,140,6,4,9,4,7,3,8,7,4,5,6,8,10,4,9,19,62,59,46,193,4,3,5,5,1,2,4,4,10,9,4,17,7,13,11,12,63,118,94
42203025002,4,ìáå¥és,è„êVíöìÒíöñ⁄,0,,,148,6,2,8,6,4,5,6,4,7,8,10,11,9,8,15,16,70,62,39,67,3,0,5,4,1,2,3,1,5,5,5,4,4,5,6,8,34,25,14,81,3,2,3,2,3,3,3,3,2,3,5,7,5,3,9,8,36,37,25
42203025003,4,ìáå¥és,è„êVíöéOíöñ⁄,0,,,180,8,14,11,5,4,5,4,10,11,13,16,8,13,11,13,33,89,58,34,81,3,6,8,3,0,1,1,6,6,5,8,6,5,6,4,17,41,23,13,99,5,8,3,2,4,4,3,4,5,8,8,2,8,5,9,16,48,35,21
422030260,2,ìáå¥és,â∫êVíö,0,,,225,3,11,6,8,4,11,6,8,8,17,25,12,17,20,18,20,116,89,51,108,2,6,3,4,2,7,2,5,4,6,14,5,9,10,6,11,58,39,23,117,1,5,3,4,2,4,4,3,4,11,11,7,8,10,12,9,58,50,28
422030270,2,ìáå¥és,å√íö,0,,,147,9,9,4,3,5,4,8,10,9,6,4,10,18,7,9,22,77,48,32,72,6,2,3,3,1,3,5,7,5,4,1,7,10,2,3,11,46,15,10,75,3,7,1,0,4,1,3,3,4,2,3,3,8,5,6,11,31,33,22
422030280,2,ìáå¥és,èÈêºíÜÇÃíö,0,,,173,13,11,11,7,5,7,8,6,19,15,7,9,7,14,8,35,90,48,26,82,9,5,4,3,1,4,2,1,10,7,3,8,5,6,4,18,44,20,10,91,4,6,7,4,4,3,6,5,9,8,4,1,2,8,4,17,46,28,16
422030290,2,ìáå¥és,èÈå©í¨,0,,,334,9,15,14,13,8,4,10,15,20,21,20,19,25,26,24,38,155,134,84,154,8,6,7,8,5,3,5,7,9,10,9,7,12,14,10,21,75,54,30,180,1,9,7,5,3,1,5,8,11,11,11,12,13,12,14,17,80,80,54
422030300,2,ìáå¥és,ñkå¥í¨,0,,,101,1,3,1,9,2,5,2,5,5,3,11,8,6,14,6,5,56,40,20,51,1,1,1,4,2,2,1,2,3,2,6,5,3,7,3,3,30,18,8,50,0,2,0,5,0,3,1,3,2,1,5,3,3,7,3,2,26,22,12
422030310,2,ìáå¥és,êVåö,0,,,84,1,3,6,3,0,2,2,3,6,4,6,3,3,8,10,10,32,42,24,33,0,2,1,3,0,1,1,1,3,1,4,1,2,4,2,3,17,13,7,51,1,1,5,0,0,1,1,2,3,3,2,2,1,4,8,7,15,29,17
422030320,2,ìáå¥és,â∫ÇÃíö,0,,,75,0,2,7,4,0,0,0,1,3,8,4,2,2,6,6,9,24,42,30,32,0,1,1,3,0,0,0,0,2,4,1,2,1,5,0,2,13,17,12,43,0,1,6,1,0,0,0,1,1,4,3,0,1,1,6,7,11,25,18
422030330,3,ìáå¥és,îãå¥,0,,,731,31,35,18,20,25,29,28,26,45,49,69,59,48,64,68,84,398,247,115,328,17,16,10,8,6,12,18,10,26,18,36,30,21,31,31,43,185,100,38,403,14,19,8,12,19,17,10,16,19,31,33,29,27,33,37,41,213,147,77
42203033001,4,ìáå¥és,îãå¥àÍíöñ⁄,0,,,149,1,4,5,9,10,8,6,5,11,5,12,14,5,12,17,10,85,54,25,62,0,2,4,4,1,3,4,1,7,3,7,7,1,5,6,6,38,18,7,87,1,2,1,5,9,5,2,4,4,2,5,7,4,7,11,4,47,36,18
42203033002,4,ìáå¥és,îãå¥ìÒíöñ⁄,0,,,303,17,17,10,3,7,9,12,13,20,27,26,26,15,26,24,44,158,99,49,137,11,7,4,1,2,4,7,7,13,8,14,13,9,10,10,22,78,37,17,166,6,10,6,2,5,5,5,6,7,19,12,13,6,16,14,22,80,62,32
42203033003,4,ìáå¥és,îãå¥éOíöñ⁄,0,,,279,13,14,3,8,8,12,10,8,14,17,31,19,28,26,27,30,155,94,41,129,6,7,2,3,3,5,7,2,6,7,15,10,11,16,15,15,69,45,14,150,7,7,1,5,5,7,3,6,8,10,16,9,17,10,12,15,86,49,27
422030340,2,ìáå¥és,ç˜í¨,0,,,36,0,1,1,0,0,1,0,0,1,3,0,3,1,3,9,2,9,25,13,18,0,1,0,0,0,1,0,0,1,1,0,2,0,1,4,1,5,12,7,18,0,0,1,0,0,0,0,0,0,2,0,1,1,2,5,1,4,13,6
422030350,2,ìáå¥és,ñxí¨,0,,,21,0,1,1,2,0,0,0,0,1,4,0,0,0,4,2,2,7,12,6,10,0,0,0,2,0,0,0,0,0,3,0,0,0,2,1,0,5,5,2,11,0,1,1,0,0,0,0,0,1,1,0,0,0,2,1,2,2,7,4
422030360,3,ìáå¥és,êVí¨,0,,,175,4,5,4,5,3,5,5,8,3,12,12,4,9,16,29,13,66,93,48,81,3,4,3,4,0,3,3,5,2,5,4,3,2,8,10,10,31,39,21,94,1,1,1,1,3,2,2,3,1,7,8,1,7,8,19,3,35,54,27
42203036001,4,ìáå¥és,êVí¨àÍíöñ⁄,0,,,100,4,4,0,1,3,5,3,6,0,4,9,2,5,8,16,8,38,52,28,48,3,4,0,0,0,3,2,4,0,2,3,2,2,3,4,7,18,22,15,52,1,0,0,1,3,2,1,2,0,2,6,0,3,5,12,1,20,30,13
42203036002,4,ìáå¥és,êVí¨ìÒíöñ⁄,0,,,75,0,1,4,4,0,0,2,2,3,8,3,2,4,8,13,5,28,41,20,33,0,0,3,4,0,0,1,1,2,3,1,1,0,5,6,3,13,17,6,42,0,1,1,0,0,0,1,1,1,5,2,1,4,3,7,2,15,24,14
422030370,3,ìáå¥és,çÇìá,0,,,355,23,17,9,5,10,15,22,22,26,18,33,28,20,21,24,49,199,103,58,171,11,6,4,4,8,8,11,14,15,5,14,19,10,11,5,21,108,39,23,184,12,11,5,1,2,7,11,8,11,13,19,9,10,10,19,28,91,64,35
42203037001,4,ìáå¥és,çÇìáàÍíöñ⁄,0,,,134,3,2,4,3,7,3,4,2,7,5,22,6,9,8,10,9,68,53,35,63,1,0,1,2,5,2,2,1,5,2,10,5,4,5,2,2,38,20,13,71,2,2,3,1,2,1,2,1,2,3,12,1,5,3,8,7,30,33,22
42203037002,4,ìáå¥és,çÇìáìÒíöñ⁄,0,,,221,20,15,5,2,3,12,18,20,19,13,11,22,11,13,14,40,131,50,23,108,10,6,3,2,3,6,9,13,10,3,4,14,6,6,3,19,70,19,10,113,10,9,2,0,0,6,9,7,9,10,7,8,5,7,11,21,61,31,13
422030380,2,ìáå¥és,â¡î¸í¨,0,,,69,1,0,2,0,2,3,2,1,7,7,8,3,4,5,3,3,37,23,15,31,0,0,2,0,0,2,1,1,4,3,6,0,2,3,1,2,19,7,3,38,1,0,0,0,2,1,1,0,3,4,2,3,2,2,2,1,18,16,12
422030390,2,ìáå¥és,éõí¨,0,,,163,11,6,4,7,5,6,4,7,12,7,7,10,14,16,17,21,79,62,29,76,7,3,2,3,3,3,1,2,6,3,4,4,5,8,10,12,34,29,11,87,4,3,2,4,2,3,3,5,6,4,3,6,9,8,7,9,45,33,18
422030400,3,ìáå¥és,è„ÇÃå¥,0,,,1141,43,50,51,44,26,38,48,52,63,71,80,81,95,97,101,144,598,395,197,530,24,27,26,21,11,21,20,24,37,31,43,31,48,45,40,77,287,163,78,611,19,23,25,23,15,17,28,28,26,40,37,50,47,52,61,67,311,232,119
42203040001,4,ìáå¥és,è„ÇÃå¥àÍíöñ⁄,0,,,321,15,21,14,11,5,11,20,13,16,18,23,19,23,25,26,50,159,108,57,154,10,10,8,5,2,7,9,5,11,8,14,9,11,12,8,28,81,42,22,167,5,11,6,6,3,4,11,8,5,10,9,10,12,13,18,22,78,66,35
42203040002,4,ìáå¥és,è„ÇÃå¥ìÒíöñ⁄,0,,,232,5,6,13,6,8,7,8,8,14,17,16,13,26,20,24,24,123,85,41,103,2,3,5,5,3,2,2,4,8,7,9,3,12,10,11,10,55,38,17,129,3,3,8,1,5,5,6,4,6,10,7,10,14,10,13,14,68,47,24
42203040003,4,ìáå¥és,è„ÇÃå¥éOíöñ⁄,0,,,588,23,23,24,27,13,20,20,31,33,36,41,49,46,52,51,70,316,202,99,273,12,14,13,11,6,12,9,15,18,16,20,19,25,23,21,39,151,83,39,315,11,9,11,16,7,8,11,16,15,20,21,30,21,29,30,31,165,119,60
422030410,2,ìáå¥és,îíìyí¨,0,,,191,4,7,8,8,3,4,5,4,14,9,14,9,8,22,30,19,78,93,41,79,2,2,2,2,2,0,4,1,9,2,7,5,5,8,15,6,37,35,12,112,2,5,6,6,1,4,1,3,5,7,7,4,3,14,15,13,41,58,29
422030420,2,ìáå¥és,íÜñxí¨,0,,,268,4,4,4,2,6,3,5,8,6,6,12,10,16,21,30,12,74,179,128,104,4,2,0,1,2,0,2,2,4,4,6,7,8,8,12,6,36,60,40,164,0,2,4,1,4,3,3,6,2,2,6,3,8,13,18,6,38,119,88
422030430,3,ìáå¥és,ïŸìVí¨,0,,,342,8,17,5,6,9,17,15,15,15,24,32,17,20,17,33,30,170,136,86,152,5,11,3,4,4,7,5,4,9,13,17,7,8,12,10,19,78,52,30,190,3,6,2,2,5,10,10,11,6,11,15,10,12,5,23,11,92,84,56
42203043001,4,ìáå¥és,ïŸìVí¨àÍíöñ⁄,0,,,216,5,5,2,5,6,13,6,8,9,13,16,16,10,12,20,12,102,101,69,93,2,4,1,3,2,6,4,2,5,8,7,7,4,8,7,7,48,37,22,123,3,1,1,2,4,7,2,6,4,5,9,9,6,4,13,5,54,64,47
42203043002,4,ìáå¥és,ïŸìVí¨ìÒíöñ⁄,0,,,126,3,12,3,1,3,4,9,7,6,11,16,1,10,5,13,18,68,35,17,59,3,7,2,1,2,1,1,2,4,5,10,0,4,4,3,12,30,15,8,67,0,5,1,0,1,3,8,5,2,6,6,1,6,1,10,6,38,20,9
422030440,3,ìáå¥és,ñ©ìπ,0,,,189,3,8,4,4,7,1,5,11,3,8,10,14,16,21,26,15,79,93,46,96,1,6,3,2,4,0,2,4,3,7,4,7,9,9,15,10,42,42,18,93,2,2,1,2,3,1,3,7,0,1,6,7,7,12,11,5,37,51,28
42203044001,4,ìáå¥és,ñ©ìπàÍíöñ⁄,0,,,105,2,6,2,3,0,1,4,7,2,6,5,6,8,10,13,10,42,51,28,55,0,5,2,1,0,0,1,2,2,6,1,3,5,7,5,7,21,25,13,50,2,1,0,2,0,1,3,5,0,0,4,3,3,3,8,3,21,26,15
42203044002,4,ìáå¥és,ñ©ìπìÒíöñ⁄,0,,,84,1,2,2,1,7,0,1,4,1,2,5,8,8,11,13,5,37,42,18,41,1,1,1,1,4,0,1,2,1,1,3,4,4,2,10,3,21,17,5,43,0,1,1,0,3,0,0,2,0,1,2,4,4,9,3,2,16,25,13
422030450,2,ìáå¥és,è¨éRí¨,0,,,280,5,2,5,9,3,13,7,5,9,11,15,29,26,21,26,12,127,141,94,120,2,2,2,4,1,6,4,1,4,5,7,9,16,8,12,6,57,57,37,160,3,0,3,5,2,7,3,4,5,6,8,20,10,13,14,6,70,84,57
422030460,2,ìáå¥és,ê¬ótí¨,0,,,520,22,32,25,21,17,22,20,23,22,34,43,29,37,31,43,79,268,173,99,247,10,17,10,10,7,14,10,11,11,17,19,15,21,12,15,37,135,75,48,273,12,15,15,11,10,8,10,12,11,17,24,14,16,19,28,42,133,98,51
422030470,3,ìáå¥és,îãÇ™ãu,0,,,749,23,56,43,23,23,24,28,52,47,58,37,46,31,58,66,122,369,258,134,310,14,29,23,11,15,17,11,19,23,23,16,18,11,22,27,66,164,80,31,439,9,27,20,12,8,7,17,33,24,35,21,28,20,36,39,56,205,178,103
42203047001,4,ìáå¥és,îãÇ™ãuàÍíöñ⁄,0,,,411,12,38,27,17,15,7,15,36,31,31,17,26,17,31,31,77,212,122,60,168,5,17,15,7,9,6,4,13,13,12,6,10,7,12,13,37,87,44,19,243,7,21,12,10,6,1,11,23,18,19,11,16,10,19,18,40,125,78,41
42203047002,4,ìáå¥és,îãÇ™ãuìÒíöñ⁄,0,,,338,11,18,16,6,8,17,13,16,16,27,20,20,14,27,35,45,157,136,74,142,9,12,8,4,6,11,7,6,10,11,10,8,4,10,14,29,77,36,12,196,2,6,8,2,2,6,6,10,6,16,10,12,10,17,21,16,80,100,62
422030480,2,ìáå¥és,ïˆéRí¨,0,,,244,4,7,5,4,2,4,5,12,13,10,12,15,27,30,38,16,104,124,56,114,4,4,1,3,2,3,1,7,7,5,4,7,11,11,18,9,50,55,26,130,0,3,4,1,0,1,4,5,6,5,8,8,16,19,20,7,54,69,30
422030490,3,ìáå¥és,êVéR,0,,,1338,47,74,73,67,49,44,49,64,72,117,97,98,75,78,109,194,732,410,223,592,27,37,41,40,17,17,25,29,33,51,37,37,35,30,48,105,321,165,87,746,20,37,32,27,32,27,24,35,39,66,60,61,40,48,61,89,411,245,136
42203049001,4,ìáå¥és,êVéRàÍíöñ⁄,0,,,595,21,35,32,30,22,18,17,36,23,57,50,47,33,33,57,88,333,174,84,253,15,17,16,15,8,8,8,15,11,24,18,20,14,11,25,48,141,64,28,342,6,18,16,15,14,10,9,21,12,33,32,27,19,22,32,40,192,110,56
42203049002,4,ìáå¥és,êVéRìÒíöñ⁄,0,,,296,7,13,14,13,7,10,11,9,13,22,19,17,13,21,27,34,134,126,78,136,4,6,9,9,2,4,6,5,8,8,6,8,6,11,11,19,62,54,32,160,3,7,5,4,5,6,5,4,5,14,13,9,7,10,16,15,72,72,46
42203049003,4,ìáå¥és,êVéRéOíöñ⁄,0,,,245,11,21,14,12,8,11,11,13,20,17,14,21,18,11,11,46,145,54,32,116,4,12,7,7,2,4,6,8,8,11,6,6,8,5,6,23,66,27,16,129,7,9,7,5,6,7,5,5,12,6,8,15,10,6,5,23,79,27,16
42203049004,4,ìáå¥és,êVéRélíöñ⁄,0,,,202,8,5,13,12,12,5,10,6,16,21,14,13,11,13,14,26,120,56,29,87,4,2,9,9,5,1,5,1,6,8,7,3,7,3,6,15,52,20,11,115,4,3,4,3,7,4,5,5,10,13,7,10,4,10,8,11,68,36,18
422030500,2,ìáå¥és,âhí¨,0,,,406,16,15,7,30,11,17,23,16,20,19,35,37,26,36,29,38,234,130,65,175,6,7,6,10,6,7,11,8,9,11,15,14,13,17,10,19,104,50,23,231,10,8,1,20,5,10,12,8,11,8,20,23,13,19,19,19,130,80,42
422030510,2,ìáå¥és,ç‚è„í¨,0,,,171,5,6,9,2,0,2,10,5,14,8,9,12,14,11,15,20,76,72,46,82,2,5,6,2,0,1,6,2,5,3,5,6,7,5,8,13,37,30,17,89,3,1,3,0,0,1,4,3,9,5,4,6,7,6,7,7,39,42,29
422030520,3,ìáå¥és,ïgéqí¨,0,,,160,3,2,3,4,2,7,5,11,6,12,8,16,13,14,15,8,84,68,39,75,3,1,2,1,2,2,3,5,2,7,6,7,6,5,8,6,41,28,15,85,0,1,1,3,0,5,2,6,4,5,2,9,7,9,7,2,43,40,24
42203052001,4,ìáå¥és,ïgéqí¨àÍíöñ⁄,0,,,96,2,2,2,3,1,5,3,8,5,10,5,4,5,8,9,6,49,41,24,46,2,1,2,1,1,2,1,5,2,6,4,3,1,3,4,5,26,15,8,50,0,1,0,2,0,3,2,3,3,4,1,1,4,5,5,1,23,26,16
42203052002,4,ìáå¥és,ïgéqí¨ìÒíöñ⁄,0,,,64,1,0,1,1,1,2,2,3,1,2,3,12,8,6,6,2,35,27,15,29,1,0,0,0,1,0,2,0,0,1,2,4,5,2,4,1,15,13,7,35,0,0,1,1,0,2,0,3,1,1,1,8,3,4,2,1,20,14,8
422030530,3,ìáå¥és,îíìyìçéR,0,,,242,0,5,11,7,9,6,9,7,10,13,13,12,17,24,33,16,103,122,65,112,0,2,7,5,5,5,6,3,6,6,6,4,9,8,16,9,55,48,24,130,0,3,4,2,4,1,3,4,4,7,7,8,8,16,17,7,48,74,41
42203053001,4,ìáå¥és,îíìyìçéRàÍíöñ⁄,0,,,115,0,3,7,3,6,4,4,2,5,9,6,8,5,7,16,10,52,52,29,58,0,2,5,3,5,3,4,0,3,4,3,2,2,1,9,7,29,22,12,57,0,1,2,0,1,1,0,2,2,5,3,6,3,6,7,3,23,30,17
42203053002,4,ìáå¥és,îíìyìçéRìÒíöñ⁄,0,,,127,0,2,4,4,3,2,5,5,5,4,7,4,12,17,17,6,51,70,36,54,0,0,2,2,0,2,2,3,3,2,3,2,7,7,7,2,26,26,12,73,0,2,2,2,3,0,3,2,2,2,4,2,5,10,10,4,25,44,24
422030540,3,ìáå¥és,óÏìÏ,0,,,284,8,4,3,7,7,8,7,12,12,28,16,19,16,21,37,15,132,135,77,147,3,2,2,3,6,7,5,7,5,18,9,13,10,10,17,7,83,55,28,137,5,2,1,4,1,1,2,5,7,10,7,6,6,11,20,8,49,80,49
42203054001,4,ìáå¥és,óÏìÏàÍíöñ⁄,0,,,156,5,1,2,1,4,5,6,10,8,18,11,14,12,11,19,8,89,57,27,85,2,1,1,0,4,4,4,5,4,11,8,11,8,3,7,4,59,20,10,71,3,0,1,1,0,1,2,5,4,7,3,3,4,8,12,4,30,37,17
42203054002,4,ìáå¥és,óÏìÏìÒíöñ⁄,0,,,128,3,3,1,6,3,3,1,2,4,10,5,5,4,10,18,7,43,78,50,62,1,1,1,3,2,3,1,2,1,7,1,2,2,7,10,3,24,35,18,66,2,2,0,3,1,0,0,0,3,3,4,3,2,3,8,4,19,43,32
422030550,2,ìáå¥és,óLînëDí√í¨,0,,,107,0,0,4,2,4,0,0,5,4,5,7,12,8,10,6,4,47,56,40,46,0,0,3,0,4,0,0,2,2,1,2,8,4,4,4,3,23,20,12,61,0,0,1,2,0,0,0,3,2,4,5,4,4,6,2,1,24,36,28
422030560,3,ìáå¥és,âYìc,0,,,357,6,3,4,7,9,8,7,13,16,13,27,31,28,41,38,13,159,183,104,147,1,1,2,1,5,6,4,6,7,6,11,15,12,18,17,4,73,68,33,210,5,2,2,6,4,2,3,7,9,7,16,16,16,23,21,9,86,115,71
42203056001,4,ìáå¥és,âYìcàÍíöñ⁄,0,,,152,2,1,0,3,5,3,2,6,7,7,8,9,12,19,20,3,62,85,46,67,0,0,0,1,4,2,2,4,3,3,3,3,5,9,7,0,30,35,19,85,2,1,0,2,1,1,0,2,4,4,5,6,7,10,13,3,32,50,27
42203056002,4,ìáå¥és,âYìcìÒíöñ⁄,0,,,205,4,2,4,4,4,5,5,7,9,6,19,22,16,22,18,10,97,98,58,80,1,1,2,0,1,4,2,2,4,3,8,12,7,9,10,4,43,33,14,125,3,1,2,4,3,1,3,5,5,3,11,10,9,13,8,6,54,65,44
422030570,2,ìáå¥és,åŒìÏí¨,0,,,169,3,0,1,1,9,9,12,7,3,11,10,11,21,11,18,4,94,66,37,84,1,0,0,0,4,6,10,3,3,5,7,5,9,6,10,1,52,27,11,85,2,0,1,1,5,3,2,4,0,6,3,6,12,5,8,3,42,39,26
422030580,2,ìáå¥és,êºî™î¶í¨,0,,,298,18,14,14,9,3,13,13,13,20,15,18,22,18,26,38,46,144,107,43,134,8,10,5,2,2,7,6,6,11,10,7,10,10,10,16,23,71,39,13,164,10,4,9,7,1,6,7,7,9,5,11,12,8,16,22,23,73,68,30
422030590,2,ìáå¥és,ç‚â∫í¨,0,,,64,2,3,4,3,1,1,0,2,6,2,1,4,8,6,8,9,28,26,12,32,1,2,3,2,1,0,0,1,4,1,0,1,5,3,4,6,15,11,4,32,1,1,1,1,0,1,0,1,2,1,1,3,3,3,4,3,13,15,8
422030600,2,ìáå¥és,î™î¶í¨,0,,,72,1,3,2,3,1,0,2,3,1,0,2,9,8,6,6,6,29,37,25,27,1,0,0,1,0,0,0,2,1,0,0,6,3,3,2,1,13,13,8,45,0,3,2,2,1,0,2,1,0,0,2,3,5,3,4,5,16,24,17
422030610,2,ìáå¥és,å≥ëDí√í¨,0,,,59,4,3,0,0,1,2,3,3,5,0,3,2,5,5,6,7,24,28,17,26,2,2,0,0,0,2,0,0,2,0,2,1,3,1,4,4,10,12,7,33,2,1,0,0,1,0,3,3,3,0,1,1,2,4,2,3,14,16,10
422030620,2,ìáå¥és,í√í¨,0,,,173,3,4,7,4,4,3,5,7,8,12,12,14,17,18,12,14,86,73,43,83,1,1,6,3,2,0,3,2,5,5,6,7,10,11,6,8,43,32,15,90,2,3,1,1,2,3,2,5,3,7,6,7,7,7,6,6,43,41,28
422030630,2,ìáå¥és,ñ©êVíní¨,0,,,134,3,3,5,5,2,6,5,7,11,3,9,8,13,14,12,11,69,54,28,62,3,1,3,3,1,1,2,4,7,0,5,3,5,5,7,7,31,24,12,72,0,2,2,2,1,5,3,3,4,3,4,5,8,9,5,4,38,30,16
422030640,2,ìáå¥és,çLînèÍí¨,0,,,61,2,3,3,0,0,0,0,5,7,4,0,2,6,8,9,8,24,29,12,28,1,3,1,0,0,0,0,3,4,3,0,1,2,1,6,5,13,10,3,33,1,0,2,0,0,0,0,2,3,1,0,1,4,7,3,3,11,19,9
422030650,2,ìáå¥és,îíéRí¨,0,,,179,3,8,10,7,4,9,3,10,12,12,7,13,16,18,26,21,93,65,21,79,1,3,5,4,3,4,0,6,5,5,4,4,9,7,13,9,44,26,6,100,2,5,5,3,1,5,3,4,7,7,3,9,7,11,13,12,49,39,15
422030660,2,ìáå¥és,íÜëgí¨,0,,,72,1,4,5,1,2,4,3,2,5,2,4,7,11,3,2,10,41,21,16,30,1,4,1,1,1,2,2,1,2,0,1,1,6,1,0,6,17,7,6,42,0,0,4,0,1,2,1,1,3,2,3,6,5,2,2,4,24,14,10
422030670,2,ìáå¥és,ñ©í¨,0,,,301,8,10,3,7,3,11,5,8,14,20,23,24,30,23,44,21,145,135,68,140,6,3,0,6,1,8,3,4,6,10,11,9,15,13,19,9,73,58,26,161,2,7,3,1,2,3,2,4,8,10,12,15,15,10,25,12,72,77,42
422030680,2,ìáå¥és,â∫êÏêKí¨,0,,,330,6,12,14,7,3,9,7,14,17,18,15,16,22,21,35,32,128,169,113,134,4,3,8,3,1,5,2,7,9,7,7,8,8,7,17,15,57,61,37,196,2,9,6,4,2,4,5,7,8,11,8,8,14,14,18,17,71,108,76
422030690,2,ìáå¥és,óŒí¨,0,,,510,17,15,19,13,17,17,17,20,27,48,29,21,20,36,53,51,229,227,138,212,7,6,10,9,7,9,7,11,15,23,12,11,11,17,24,23,115,73,32,298,10,9,9,4,10,8,10,9,12,25,17,10,9,19,29,28,114,154,106
422030700,2,ìáå¥és,ìÏâ∫êÏêKí¨,0,,,382,4,6,7,3,4,6,10,10,10,17,23,24,41,46,43,17,148,215,126,162,2,3,4,1,4,3,6,0,5,8,10,15,21,26,17,9,73,79,36,220,2,3,3,2,0,3,4,10,5,9,13,9,20,20,26,8,75,136,90
422030710,3,ìáå¥és,êVñ©,0,,,1172,51,58,47,31,34,53,67,57,59,80,64,64,86,94,119,156,595,402,189,533,27,28,25,18,14,23,33,27,28,33,30,33,35,41,51,80,274,171,79,639,24,30,22,13,20,30,34,30,31,47,34,31,51,53,68,76,321,231,110
42203071001,4,ìáå¥és,êVñ©àÍíöñ⁄,0,,,250,14,9,6,5,20,21,22,10,12,18,16,14,11,16,23,29,149,63,24,119,11,2,3,3,7,11,12,4,6,9,6,6,7,9,8,16,71,28,11,131,3,7,3,2,13,10,10,6,6,9,10,8,4,7,15,13,78,35,13
42203071002,4,ìáå¥és,êVñ©ìÒíöñ⁄,0,,,922,37,49,41,26,14,32,45,47,47,62,48,50,75,78,96,127,446,339,165,414,16,26,22,15,7,12,21,23,22,24,24,27,28,32,43,64,203,143,68,508,21,23,19,11,7,20,24,24,25,38,24,23,47,46,53,63,243,196,97
422030720,2,ìáå¥és,êeòaí¨,0,,,273,7,7,9,8,6,5,10,8,18,12,17,16,20,19,21,23,120,130,90,115,2,4,5,4,3,2,6,4,8,8,6,6,9,9,10,11,56,48,29,158,5,3,4,4,3,3,4,4,10,4,11,10,11,10,11,12,64,82,61
422030730,2,ìáå¥és,ìÏïˆéRí¨,0,,,994,35,57,64,58,31,22,32,55,55,81,69,59,55,95,85,156,517,321,141,461,20,27,29,34,22,10,19,19,30,40,25,30,25,34,40,76,254,131,57,533,15,30,35,24,9,12,13,36,25,41,44,29,30,61,45,80,263,190,84
422030740,2,ìáå¥és,íÅïÉÇ™âYí¨,0,,,472,8,9,17,17,29,11,11,16,16,32,21,15,27,14,38,34,195,243,191,164,5,3,8,7,12,3,5,8,5,17,6,6,12,5,18,16,81,67,44,308,3,6,9,10,17,8,6,8,11,15,15,9,15,9,20,18,114,176,147
422030750,2,ìáå¥és,ëÂâ∫í¨,0,,,802,39,47,32,31,14,24,31,53,39,50,55,63,90,71,57,118,450,234,106,368,18,25,15,10,6,12,17,24,20,27,22,31,40,32,26,58,209,101,43,434,21,22,17,21,8,12,14,29,19,23,33,32,50,39,31,60,241,133,63
422030760,2,ìáå¥és,ñÂì‡í¨,0,,,196,9,12,8,5,5,3,6,10,9,10,9,12,11,13,12,29,80,87,62,89,8,7,6,1,3,1,3,4,3,5,5,7,8,6,6,21,40,28,16,107,1,5,2,4,2,2,3,6,6,5,4,5,3,7,6,8,40,59,46
422030770,2,ìáå¥és,ìVê_å≥í¨,0,,,76,3,6,2,2,3,5,8,1,5,3,0,4,9,8,6,11,40,25,11,33,1,2,0,1,2,1,6,0,3,1,0,1,6,1,4,3,21,9,4,43,2,4,2,1,1,4,2,1,2,2,0,3,3,7,2,8,19,16,7
422030780,2,ìáå¥és,ëDîëí¨,0,,,321,6,8,12,40,2,7,11,20,16,12,13,15,33,38,25,26,169,126,63,170,3,4,7,35,1,3,7,10,9,8,5,7,15,20,11,14,100,56,25,151,3,4,5,5,1,4,4,10,7,4,8,8,18,18,14,12,69,70,38
422030790,2,ìáå¥és,ñkà¿ìøí¨,0,,,443,22,14,24,18,14,19,22,27,27,24,22,28,35,38,40,60,236,145,67,202,8,8,8,9,8,6,10,13,12,14,9,18,14,17,17,24,113,64,30,241,14,6,16,9,6,13,12,14,15,10,13,10,21,21,23,36,123,81,37
422030800,2,ìáå¥és,î~âÄí¨,0,,,247,5,4,10,11,11,15,6,13,11,14,22,17,12,29,40,19,132,96,27,105,3,2,6,6,6,5,3,8,4,4,8,6,5,11,15,11,55,39,13,142,2,2,4,5,5,10,3,5,7,10,14,11,7,18,25,8,77,57,14
422030810,2,ìáå¥és,äôìcí¨,0,,,91,5,3,4,2,0,4,5,3,4,3,4,10,8,8,6,12,43,36,22,44,4,2,2,1,0,2,2,2,1,1,2,6,4,4,3,8,21,15,8,47,1,1,2,1,0,2,3,1,3,2,2,4,4,4,3,4,22,21,14
422030820,2,ìáå¥és,íÜà¿ìøí¨,0,,,315,23,25,17,10,11,19,18,25,24,8,19,24,11,15,11,65,169,78,52,135,7,10,9,8,7,6,8,11,13,1,12,10,5,7,6,26,81,26,13,180,16,15,8,2,4,13,10,14,11,7,7,14,6,8,5,39,88,52,39
422030830,2,ìáå¥és,ìÏà¿ìøí¨,0,,,203,23,7,7,5,5,9,22,20,14,12,17,9,11,12,11,37,124,41,18,94,11,3,5,1,2,4,11,8,7,6,8,4,6,6,6,19,57,17,5,109,12,4,2,4,3,5,11,12,7,6,9,5,5,6,5,18,67,24,13
422030840,2,ìáå¥és,ïlÇÃí¨,0,,,59,4,2,2,0,0,0,3,7,3,3,4,2,6,6,1,8,28,23,16,31,4,1,2,0,0,0,1,3,2,2,2,0,3,3,0,7,13,11,8,28,0,1,0,0,0,0,2,4,1,1,2,2,3,3,1,1,15,12,8
422030850,2,ìáå¥és,éDÇÃå≥í¨,0,,,184,5,12,8,6,5,9,11,10,6,7,10,13,18,15,15,25,95,64,34,92,1,9,5,2,2,5,3,4,3,4,5,7,10,9,5,15,45,32,18,92,4,3,3,4,3,4,8,6,3,3,5,6,8,6,10,10,50,32,16
422030860,2,ìáå¥és,îííJí¨,0,,,45,2,2,2,1,0,0,2,3,3,0,4,2,6,3,5,6,21,18,10,22,0,1,0,1,0,0,1,2,2,0,2,1,2,2,3,1,11,10,5,23,2,1,2,0,0,0,1,1,1,0,2,1,4,1,2,5,10,8,5
422030870,2,ìáå¥és,êmìcí¨,0,,,289,15,15,12,9,5,5,17,18,17,17,17,23,26,26,26,42,154,93,41,133,6,8,5,5,3,2,9,8,7,11,3,14,10,15,11,19,72,42,16,156,9,7,7,4,2,3,8,10,10,6,14,9,16,11,15,23,82,51,25
422030880,2,ìáå¥és,ìÏè„ñÿèÍí¨,0,,,0,0,0,0,0,0,0,0,0,0,0,0,0,0,0,0,0,0,0,0,0,0,0,0,0,0,0,0,0,0,0,0,0,0,0,0,0,0,0,0,0,0,0,0,0,0,0,0,0,0,0,0,0,0,0,0,0,0,0,0
422030890,2,ìáå¥és,ñkè„ñÿèÍí¨,0,,,0,0,0,0,0,0,0,0,0,0,0,0,0,0,0,0,0,0,0,0,0,0,0,0,0,0,0,0,0,0,0,0,0,0,0,0,0,0,0,0,0,0,0,0,0,0,0,0,0,0,0,0,0,0,0,0,0,0,0,0
422030900,2,ìáå¥és,ìÏêÁñ{ñÿí¨,0,,,0,0,0,0,0,0,0,0,0,0,0,0,0,0,0,0,0,0,0,0,0,0,0,0,0,0,0,0,0,0,0,0,0,0,0,0,0,0,0,0,0,0,0,0,0,0,0,0,0,0,0,0,0,0,0,0,0,0,0,0
422030910,2,ìáå¥és,‚IêŒå¥í¨,0,,,156,4,2,2,1,5,12,4,7,2,6,9,22,29,15,12,8,97,51,24,98,2,2,1,1,5,11,3,4,0,3,5,12,16,13,8,5,60,33,12,58,2,0,1,0,0,1,1,3,2,3,4,10,13,2,4,3,37,18,12
422030920,2,ìáå¥és,ñ˚ñxí¨,0,,,213,8,9,8,11,5,10,14,8,18,10,12,9,16,26,16,25,113,72,30,98,4,7,3,2,3,2,5,6,12,3,6,5,5,13,9,14,49,32,10,115,4,2,5,9,2,8,9,2,6,7,6,4,11,13,7,11,64,40,20
422030930,2,ìáå¥és,í∑ä—í¨,0,,,201,13,11,10,8,12,11,8,19,10,11,10,10,15,22,13,34,114,53,18,85,8,4,3,3,1,4,2,9,5,6,3,6,6,10,8,15,45,25,7,116,5,7,7,5,11,7,6,10,5,5,7,4,9,12,5,19,69,28,11
422030940,2,ìáå¥és,çLçÇñÏí¨,0,,,154,12,11,7,4,6,7,3,14,5,3,12,14,15,11,8,30,83,41,22,75,6,6,4,2,3,4,0,7,3,2,4,6,7,6,5,16,38,21,10,79,6,5,3,2,3,3,3,7,2,1,8,8,8,5,3,14,45,20,12
422030950,2,ìáå¥és,å¥å˚í¨,0,,,116,11,6,2,5,7,8,4,4,2,10,11,8,6,12,1,19,65,32,19,54,6,2,1,4,4,3,2,1,1,6,2,7,4,6,1,9,34,11,4,62,5,4,1,1,3,5,2,3,1,4,9,1,2,6,0,10,31,21,15
422030960,2,ìáå¥és,éõíÜí¨,0,,,297,5,13,17,14,11,5,9,15,18,18,19,19,24,32,36,35,152,110,42,140,2,8,8,6,6,4,2,8,8,10,7,11,13,14,16,18,75,47,17,157,3,5,9,8,5,1,7,7,10,8,12,8,11,18,20,17,77,63,25
422030970,2,ìáå¥és,íÜå¥í¨,0,,,230,12,16,17,30,0,3,12,14,16,14,9,10,14,16,15,45,122,63,32,119,7,9,7,26,0,1,6,9,6,5,6,5,6,10,5,23,70,26,11,111,5,7,10,4,0,2,6,5,10,9,3,5,8,6,10,22,52,37,21
422030980,2,ìáå¥és,íÜñÏí¨,0,,,665,17,8,16,8,4,13,21,21,17,28,23,48,65,72,51,41,248,376,253,301,14,4,10,0,2,9,10,9,10,18,12,27,36,36,32,28,133,140,72,364,3,4,6,8,2,4,11,12,7,10,11,21,29,36,19,13,115,236,181
422030990,2,ìáå¥és,êÙêÿí¨,0,,,204,5,12,7,4,4,7,6,8,9,21,8,20,19,18,13,24,106,74,43,99,3,5,4,2,4,3,3,4,4,12,4,9,11,7,6,12,56,31,18,105,2,7,3,2,0,4,3,4,5,9,4,11,8,11,7,12,50,43,25
422031000,2,ìáå¥és,éOâÔí¨,0,,,120,5,1,1,1,2,1,4,4,6,9,6,6,16,10,17,7,55,58,31,61,2,1,0,1,2,0,1,3,2,4,4,4,10,8,7,3,31,27,12,59,3,0,1,0,0,1,3,1,4,5,2,2,6,2,10,4,24,31,19
422031010,2,ìáå¥és,ãTÇÃçbí¨,0,,,320,10,22,25,18,10,6,18,11,23,31,13,21,32,23,19,57,183,80,38,143,4,10,10,7,4,2,7,7,9,17,6,11,13,13,11,24,83,36,12,177,6,12,15,11,6,4,11,4,14,14,7,10,19,10,8,33,100,44,26
422031020,2,ìáå¥és,å‰éËêÖí¨,0,,,152,8,9,6,4,8,3,10,10,2,6,16,6,9,12,9,23,74,55,34,73,4,5,4,2,5,1,3,5,2,3,6,2,5,8,6,13,34,26,12,79,4,4,2,2,3,2,7,5,0,3,10,4,4,4,3,10,40,29,22
422031030,2,ìáå¥és,ëÂéËå¥í¨,0,,,288,7,19,20,10,5,14,15,18,22,18,17,14,17,28,22,46,150,92,42,135,3,11,12,5,2,5,6,10,8,9,9,5,7,13,13,26,66,43,17,153,4,8,8,5,3,9,9,8,14,9,8,9,10,15,9,20,84,49,25
422031040,2,ìáå¥és,â∫ã{í¨,0,,,413,17,27,40,24,9,3,11,27,37,34,32,19,29,26,26,84,225,104,52,207,7,15,26,16,4,3,4,14,14,16,16,13,12,15,11,48,112,47,21,206,10,12,14,8,5,0,7,13,23,18,16,6,17,11,15,36,113,57,31
422031050,2,ìáå¥és,í√êÅí¨,0,,,301,8,11,15,18,7,10,7,13,12,17,22,24,34,37,20,34,164,103,46,144,3,4,11,12,3,4,6,7,7,7,8,13,14,18,11,18,81,45,16,157,5,7,4,6,4,6,1,6,5,10,14,11,20,19,9,16,83,58,30
422031060,2,ìáå¥és,èoÇÃêÏí¨,0,,,177,10,9,6,5,3,2,13,11,13,7,8,9,26,18,11,25,97,55,26,84,3,5,3,0,3,1,5,7,7,4,4,4,15,8,6,11,50,23,9,93,7,4,3,5,0,1,8,4,6,3,4,5,11,10,5,14,47,32,17
422031070,2,ìáå¥és,èoïΩí¨,0,,,169,3,2,4,1,5,3,11,5,10,7,7,15,25,25,18,9,89,71,28,90,1,1,3,1,3,2,8,3,7,4,2,7,12,16,8,5,49,36,12,79,2,1,1,0,2,1,3,2,3,3,5,8,13,9,10,4,40,35,16
422031080,2,ìáå¥és,ïBìcí¨,0,,,292,15,14,12,9,7,13,14,14,21,17,16,23,15,21,21,41,149,102,60,140,9,7,5,5,4,7,6,10,7,11,7,12,8,10,12,21,77,42,20,152,6,7,7,4,3,6,8,4,14,6,9,11,7,11,9,20,72,60,40
422031090,2,ìáå¥és,óßñÏí¨,0,,,41,0,2,3,1,0,0,3,2,4,1,1,2,3,8,2,5,17,19,9,22,0,0,2,1,0,0,3,2,1,0,1,2,2,3,2,2,12,8,3,19,0,2,1,0,0,0,0,0,3,1,0,0,1,5,0,3,5,11,6
422031100,2,ìáå¥és,ç]ó¢í¨,0,,,250,3,10,11,5,2,9,5,12,10,7,1,12,19,18,13,24,82,144,113,87,1,6,6,0,1,5,3,6,6,3,0,6,7,11,6,13,37,37,20,163,2,4,5,5,1,4,2,6,4,4,1,6,12,7,7,11,45,107,93
422031110,2,ìáå¥és,ñkêÁñ{ñÿí¨,0,,,0,0,0,0,0,0,0,0,0,0,0,0,0,0,0,0,0,0,0,0,0,0,0,0,0,0,0,0,0,0,0,0,0,0,0,0,0,0,0,0,0,0,0,0,0,0,0,0,0,0,0,0,0,0,0,0,0,0,0,0
422031120,2,ìáå¥és,ìÏêÁñ{ñÿí¨,0,,,0,0,0,0,0,0,0,0,0,0,0,0,0,0,0,0,0,0,0,0,0,0,0,0,0,0,0,0,0,0,0,0,0,0,0,0,0,0,0,0,0,0,0,0,0,0,0,0,0,0,0,0,0,0,0,0,0,0,0,0
422031130,2,ìáå¥és,êºí¨,0,,,138,5,2,9,2,5,2,2,4,5,15,7,12,10,13,12,16,64,58,33,64,2,1,6,2,2,1,0,1,3,8,3,5,7,6,7,9,32,23,10,74,3,1,3,0,3,1,2,3,2,7,4,7,3,7,5,7,32,35,23
422031140,2,ìáå¥és,éRéõí¨,0,,,345,13,12,24,15,4,10,15,15,20,16,22,14,38,30,35,49,169,126,61,162,7,5,13,5,3,5,9,7,12,6,9,7,17,16,17,25,80,57,24,183,6,7,11,10,1,5,6,8,8,10,13,7,21,14,18,24,89,69,37
422031150,2,ìáå¥és,íÜîˆí¨,0,,,157,3,8,9,10,1,8,6,8,12,11,9,10,17,16,8,20,92,45,21,75,3,5,3,6,1,5,2,2,5,7,4,3,10,8,4,11,45,19,7,82,0,3,6,4,0,3,4,6,7,4,5,7,7,8,4,9,47,26,14
422031160,2,ìáå¥és,ëOïlí¨,0,,,122,2,4,5,2,1,7,9,7,8,7,8,9,16,8,13,11,74,37,16,67,2,2,3,1,0,4,6,5,4,4,4,3,12,4,8,7,43,17,5,55,0,2,2,1,1,3,3,2,4,3,4,6,4,4,5,4,31,20,11
422031170,2,ìáå¥és,êôéRí¨,0,,,261,17,19,10,4,8,15,17,18,20,10,10,16,21,25,18,46,139,76,33,130,10,8,6,3,3,9,8,10,10,3,5,7,14,11,10,24,72,34,13,131,7,11,4,1,5,6,9,8,10,7,5,9,7,14,8,22,67,42,20
422031180,2,ìáå¥és,å¥í¨,0,,,231,13,10,6,6,7,11,8,9,12,14,18,17,24,20,17,29,126,76,39,110,5,4,4,3,4,5,5,3,6,7,7,7,12,11,11,13,59,38,16,121,8,6,2,3,3,6,3,6,6,7,11,10,12,9,6,16,67,38,23
422031190,2,ìáå¥és,ñ{í¨,0,,,301,14,18,15,9,7,22,16,19,22,13,13,16,20,27,27,47,157,92,38,146,5,11,10,5,3,13,4,10,12,5,6,7,8,15,12,26,73,43,16,155,9,7,5,4,4,9,12,9,10,8,7,9,12,12,15,21,84,49,22
422031200,2,ìáå¥és,âFìyí¨,0,,,485,21,20,24,31,13,16,24,16,20,33,40,46,45,36,30,65,284,136,70,226,15,9,11,10,6,10,14,6,10,16,15,22,20,15,19,35,129,62,28,259,6,11,13,21,7,6,10,10,10,17,25,24,25,21,11,30,155,74,42
422031210,2,ìáå¥és,òZÉcñÿí¨,0,,,538,15,29,20,13,7,15,19,26,33,23,36,36,43,59,62,64,251,223,102,246,6,13,10,5,3,5,11,12,15,14,15,14,18,30,27,29,112,105,48,292,9,16,10,8,4,10,8,14,18,9,21,22,25,29,35,35,139,118,54
422031220,2,ìáå¥és,è„ê‹ã¥í¨,0,,,32,0,0,0,1,0,1,1,4,1,2,1,0,6,6,3,0,17,14,5,16,0,0,0,1,0,0,1,2,0,1,1,0,3,1,3,0,9,6,2,16,0,0,0,0,0,1,0,2,1,1,0,0,3,5,0,0,8,8,3
422031230,2,ìáå¥és,â∫ê‹ã¥í¨,0,,,557,17,31,30,15,21,20,19,32,34,33,33,33,37,41,56,78,277,196,99,271,10,19,15,9,13,14,8,16,18,13,11,18,18,15,24,44,138,85,46,286,7,12,15,6,8,6,11,16,16,20,22,15,19,26,32,34,139,111,53
422031240,2,ìáå¥és,ç˜ñÂí¨,0,,,232,13,8,19,10,5,10,7,11,19,15,9,16,15,25,12,40,117,74,37,104,7,2,9,5,1,5,3,5,7,10,4,11,4,13,6,18,55,30,11,128,6,6,10,5,4,5,4,6,12,5,5,5,11,12,6,22,62,44,26
422031250,2,ìáå¥és,ñúí¨,0,,,39,1,2,0,2,3,2,1,0,3,2,3,3,1,4,4,3,20,16,8,20,0,1,0,1,1,2,0,0,2,1,2,2,0,2,2,1,11,8,4,19,1,1,0,1,2,0,1,0,1,1,1,1,1,2,2,2,9,8,4
422031260,2,ìáå¥és,ïΩê¨í¨,0,,,0,0,0,0,0,0,0,0,0,0,0,0,0,0,0,0,0,0,0,0,0,0,0,0,0,0,0,0,0,0,0,0,0,0,0,0,0,0,0,0,0,0,0,0,0,0,0,0,0,0,0,0,0,0,0,0,0,0,0,0
422031270,3,ìáå¥és,óLñæí¨,0,,,5683,210,249,250,225,176,204,234,291,336,312,369,382,461,501,461,709,2990,1980,1018,2784,121,130,137,133,92,115,113,164,169,161,178,179,227,239,230,388,1531,862,393,2899,89,119,113,92,84,89,121,127,167,151,191,203,234,262,231,321,1459,1118,625
42203127001,4,ìáå¥és,óLñæí¨ëÂéOìåçb,0,,,283,11,11,17,10,8,5,14,12,14,13,22,18,30,33,21,39,146,98,44,134,6,7,7,4,3,2,6,7,6,8,8,8,13,17,11,20,65,49,21,149,5,4,10,6,5,3,8,5,8,5,14,10,17,16,10,19,81,49,23
42203127002,4,ìáå¥és,óLñæí¨ëÂéOìåçb,0,,,445,16,12,15,12,15,17,22,16,28,15,33,28,38,43,61,43,224,178,74,241,8,5,10,9,9,12,11,10,13,8,21,17,20,22,33,23,130,88,33,204,8,7,5,3,6,5,11,6,15,7,12,11,18,21,28,20,94,90,41
42203127003,4,ìáå¥és,óLñæí¨ëÂéOìåçb,0,,,108,1,1,3,5,0,2,2,5,4,9,10,9,7,13,11,5,53,50,26,48,1,0,2,4,0,2,1,3,2,3,3,7,3,6,5,3,28,17,6,60,0,1,1,1,0,0,1,2,2,6,7,2,4,7,6,2,25,33,20
42203127004,4,ìáå¥és,óLñæí¨ëÂéOìåçb,0,,,111,3,3,13,6,2,2,3,5,10,9,11,6,6,8,8,19,60,32,16,57,2,2,8,3,2,2,1,1,5,3,8,2,3,4,4,12,30,15,7,54,1,1,5,3,0,0,2,4,5,6,3,4,3,4,4,7,30,17,9
42203127005,4,ìáå¥és,óLñæí¨ëÂéOìåâ≥,0,,,187,6,6,5,8,7,8,7,11,11,12,12,15,17,17,15,17,108,62,30,94,5,3,3,5,4,4,2,6,6,6,6,7,8,7,9,11,54,29,13,93,1,3,2,3,3,4,5,5,5,6,6,8,9,10,6,6,54,33,17
42203127006,4,ìáå¥és,óLñæí¨ëÂéOìåâ≥,0,,,147,2,9,9,7,5,4,6,7,9,13,16,5,7,20,7,20,79,48,21,69,1,2,1,4,3,4,2,4,4,5,9,4,3,9,4,4,42,23,10,78,1,7,8,3,2,0,4,3,5,8,7,1,4,11,3,16,37,25,11
42203127007,4,ìáå¥és,óLñæí¨ëÂéOìåâ≥,0,,,200,4,7,9,5,4,3,4,10,11,17,15,12,21,23,17,20,102,78,38,101,2,5,6,1,2,1,1,7,7,10,7,8,9,10,8,13,53,35,17,99,2,2,3,4,2,2,3,3,4,7,8,4,12,13,9,7,49,43,21
42203127008,4,ìáå¥és,óLñæí¨ëÂéOìåï∏,0,,,473,15,28,24,20,3,21,12,32,46,23,29,31,35,40,35,67,252,154,79,219,6,14,19,12,0,11,3,21,22,12,13,12,17,20,14,39,123,57,23,254,9,14,5,8,3,10,9,11,24,11,16,19,18,20,21,28,129,97,56
42203127009,4,ìáå¥és,óLñæí¨ëÂéOìåï∏,0,,,214,8,13,9,4,9,12,9,13,7,14,8,18,13,20,21,30,107,77,36,103,6,6,3,4,3,7,4,6,3,8,3,9,7,7,11,15,54,34,16,111,2,7,6,0,6,5,5,7,4,6,5,9,6,13,10,15,53,43,20
42203127010,4,ìáå¥és,óLñæí¨ëÂéOìåï∏,0,,,311,19,21,12,16,23,25,20,19,18,16,14,11,20,28,10,52,182,77,39,171,10,13,8,7,20,22,11,8,10,7,8,4,7,16,6,31,104,36,14,140,9,8,4,9,3,3,9,11,8,9,6,7,13,12,4,21,78,41,25
42203127011,4,ìáå¥és,óLñæí¨ëÂéOìåíö,0,,,293,13,19,16,11,11,15,12,22,11,11,15,15,31,26,24,48,154,91,41,156,6,15,7,7,8,9,9,12,6,5,5,5,17,11,14,28,83,45,20,137,7,4,9,4,3,6,3,10,5,6,10,10,14,15,10,20,71,46,21
42203127012,4,ìáå¥és,óLñæí¨ëÂéOìåíö,0,,,225,10,8,6,14,8,11,9,14,7,10,22,23,19,12,11,24,137,64,41,108,7,4,2,9,1,3,4,8,4,7,10,12,11,5,5,13,69,26,16,117,3,4,4,5,7,8,5,6,3,3,12,11,8,7,6,11,68,38,25
42203127013,4,ìáå¥és,óLñæí¨ëÂéOìåïË,0,,,298,8,7,5,12,11,9,7,12,12,12,25,24,34,25,26,20,158,120,69,141,3,5,4,9,7,3,5,6,6,4,10,13,13,13,13,12,76,53,27,157,5,2,1,3,4,6,2,6,6,8,15,11,21,12,13,8,82,67,42
42203127014,4,ìáå¥és,óLñæí¨ëÂéOìåïË,0,,,228,6,9,8,9,11,8,10,5,10,15,19,22,28,12,13,23,137,66,41,110,1,5,6,6,7,3,5,3,6,11,5,10,19,7,5,12,75,22,10,118,5,4,2,3,4,5,5,2,4,4,14,12,9,5,8,11,62,44,31
42203127015,4,ìáå¥és,óLñæí¨ëÂéOìåïË,0,,,623,27,16,23,14,16,16,19,26,36,43,24,36,34,45,57,66,264,293,191,278,21,10,15,7,6,8,9,14,13,22,13,13,16,19,31,46,121,111,61,345,6,6,8,7,10,8,10,12,23,21,11,23,18,26,26,20,143,182,130
42203127016,4,ìáå¥és,óLñæí¨ëÂéOìåïË,0,,,174,7,7,7,6,5,3,7,9,11,5,14,11,13,12,26,21,84,69,31,74,2,4,1,4,2,2,2,7,8,2,4,7,6,4,10,7,44,23,9,100,5,3,6,2,3,1,5,2,3,3,10,4,7,8,16,14,40,46,22
42203127017,4,ìáå¥és,óLñæí¨ëÂéOìåïË,0,,,200,6,9,7,11,3,6,11,5,10,7,14,18,18,17,16,22,103,74,41,101,5,4,4,7,2,3,6,3,7,3,7,10,9,8,8,13,57,30,14,99,1,5,3,4,1,3,5,2,3,4,7,8,9,9,8,9,46,44,27
42203127018,4,ìáå¥és,óLñæí¨ëÂéOìåíö,0,,,155,7,9,6,8,6,4,5,13,9,8,7,13,18,9,13,22,91,42,20,75,4,3,2,6,3,1,3,5,5,3,5,4,10,3,7,9,45,21,11,80,3,6,4,2,3,3,2,8,4,5,2,9,8,6,6,13,46,21,9
42203127019,4,ìáå¥és,óLñæí¨ëÂéOìåïË,0,,,137,3,7,7,5,1,6,8,9,9,7,11,10,8,10,11,17,74,46,25,71,2,3,4,3,1,2,5,5,7,2,7,3,5,5,7,9,40,22,10,66,1,4,3,2,0,4,3,4,2,5,4,7,3,5,4,8,34,24,15
42203127020,4,ìáå¥és,óLñæí¨ëÂéOìåíö,0,,,206,7,13,11,7,7,7,13,10,15,10,15,13,16,14,15,31,113,62,33,101,4,5,3,5,2,4,9,6,7,7,7,5,7,8,6,12,59,30,16,105,3,8,8,2,5,3,4,4,8,3,8,8,9,6,9,19,54,32,17
42203127021,4,ìáå¥és,óLñæí¨ëÂéOìåïË,0,,,297,16,14,13,14,10,10,12,14,21,25,13,19,20,35,16,43,158,95,44,147,8,6,6,7,1,4,6,8,10,16,7,9,11,15,8,20,79,47,24,150,8,8,7,7,9,6,6,6,11,9,6,10,9,20,8,23,79,48,20
42203127022,4,ìáå¥és,óLñæí¨ëÂéOìåçb,0,,,194,8,13,13,17,3,3,14,12,14,11,11,14,16,18,10,34,115,45,17,97,5,7,7,8,3,2,6,7,6,6,7,6,7,11,5,19,58,20,4,97,3,6,6,9,0,1,8,5,8,5,4,8,9,7,5,15,57,25,13
42203127023,4,ìáå¥és,óLñæí¨ëÂéOìåçb,0,,,122,4,4,9,3,6,6,4,5,10,7,8,10,6,15,11,17,65,40,14,62,4,1,7,2,3,4,1,3,5,3,5,4,3,8,3,12,33,17,6,60,0,3,2,1,3,2,3,2,5,4,3,6,3,7,8,5,32,23,8
42203127024,4,ìáå¥és,óLñæí¨ëÂéOìåïË,0,,,52,3,3,3,1,2,1,4,5,3,0,1,1,6,6,6,9,24,19,7,26,2,1,2,0,0,0,1,4,1,0,0,0,3,4,3,5,9,12,5,26,1,2,1,1,2,1,3,1,2,0,1,1,3,2,3,4,15,7,2
422031280,3,ìáå¥és,óLñæí¨,0,,,4077,154,178,194,169,131,128,144,231,229,277,249,279,327,351,326,526,2164,1384,707,1902,75,91,96,71,56,66,73,110,107,147,122,129,157,178,156,262,1038,601,267,2175,79,87,98,98,75,62,71,121,122,130,127,150,170,173,170,264,1126,783,440
42203128025,4,ìáå¥és,óLñæí¨ìíç]çb,0,,,333,9,9,11,14,17,8,10,18,13,20,21,20,35,25,35,29,176,128,68,153,5,3,4,3,6,4,7,9,6,10,11,9,15,16,16,12,80,61,29,180,4,6,7,11,11,4,3,9,7,10,10,11,20,9,19,17,96,67,39
42203128026,4,ìáå¥és,óLñæí¨ìíç]çb,0,,,302,5,7,14,12,9,7,11,9,11,21,20,23,22,21,45,26,145,131,65,136,2,4,7,5,2,1,6,4,3,15,9,9,11,10,18,13,65,58,30,166,3,3,7,7,7,6,5,5,8,6,11,14,11,11,27,13,80,73,35
42203128027,4,ìáå¥és,óLñæí¨ìíç]çb,0,,,174,8,12,5,7,4,4,5,3,13,18,8,9,10,13,19,25,81,68,36,89,5,6,2,5,3,2,3,2,6,12,4,4,4,7,9,13,45,31,15,85,3,6,3,2,1,2,2,1,7,6,4,5,6,6,10,12,36,37,21
42203128028,4,ìáå¥és,óLñæí¨ìíç]çb,0,,,161,5,6,7,5,2,6,6,12,6,8,14,7,15,14,18,18,81,61,29,81,3,3,3,2,1,5,4,6,2,3,8,4,9,7,11,9,44,27,9,80,2,3,4,3,1,1,2,6,4,5,6,3,6,7,7,9,37,34,20
42203128029,4,ìáå¥és,óLñæí¨ìíç]çb,0,,,145,11,9,6,7,4,3,9,7,11,7,8,8,14,6,6,26,78,41,29,63,5,3,4,3,1,2,3,2,5,4,4,2,9,3,2,12,35,16,11,82,6,6,2,4,3,1,6,5,6,3,4,6,5,3,4,14,43,25,18
42203128030,4,ìáå¥és,óLñæí¨ìíç]çb,0,,,177,4,7,8,4,10,8,2,7,11,13,9,21,17,15,12,19,102,56,29,82,2,5,2,4,9,4,0,3,5,5,4,10,10,6,5,9,54,19,8,95,2,2,6,0,1,4,2,4,6,8,5,11,7,9,7,10,48,37,21
42203128031,4,ìáå¥és,óLñæí¨ìíç]â≥,0,,,314,10,13,21,9,12,10,9,14,20,24,23,19,33,42,17,44,173,97,38,145,3,6,14,4,6,4,4,6,10,10,11,11,12,22,8,23,78,44,14,169,7,7,7,5,6,6,5,8,10,14,12,8,21,20,9,21,95,53,24
42203128032,4,ìáå¥és,óLñæí¨ìíç]â≥,0,,,128,6,2,5,7,3,7,6,8,11,6,10,11,8,14,6,13,77,36,16,63,3,2,2,4,0,5,4,4,6,2,6,4,4,9,1,7,39,17,7,65,3,0,3,3,3,2,2,4,5,4,4,7,4,5,5,6,38,19,9
42203128033,4,ìáå¥és,óLñæí¨ìíç]â≥,0,,,233,5,5,6,9,5,8,5,12,15,12,11,25,16,18,20,16,118,99,61,112,4,5,3,6,3,3,4,9,8,6,3,12,8,9,11,12,62,38,18,121,1,0,3,3,2,5,1,3,7,6,8,13,8,9,9,4,56,61,43
42203128034,4,ìáå¥és,óLñæí¨ìíç]â≥,0,,,223,12,12,20,10,5,5,5,18,13,15,13,14,16,14,20,44,114,65,31,105,6,7,10,2,1,1,2,6,6,11,5,9,7,7,10,23,50,32,15,118,6,5,10,8,4,4,3,12,7,4,8,5,9,7,10,21,64,33,16
42203128035,4,ìáå¥és,óLñæí¨ìíç]ï∏,0,,,190,6,15,13,13,8,4,5,20,10,13,14,18,12,10,11,34,117,39,18,86,1,6,3,7,3,3,1,7,6,6,7,9,8,5,8,10,57,19,6,104,5,9,10,6,5,1,4,13,4,7,7,9,4,5,3,24,60,20,12
42203128036,4,ìáå¥és,óLñæí¨ìíç]çb,0,,,236,5,7,6,9,9,6,6,8,16,12,18,21,15,23,20,18,120,98,55,104,3,5,3,3,4,4,3,4,7,6,10,8,7,9,11,11,56,37,17,132,2,2,3,6,5,2,3,4,9,6,8,13,8,14,9,7,64,61,38
42203128037,4,ìáå¥és,óLñæí¨ìíç]ï∏,0,,,220,15,14,13,6,13,7,8,16,20,18,12,9,19,15,13,42,128,50,22,108,10,5,8,1,8,3,4,7,11,10,5,2,10,6,7,23,61,24,11,112,5,9,5,5,5,4,4,9,9,8,7,7,9,9,6,19,67,26,11
42203128038,4,ìáå¥és,óLñæí¨ìíç]ï∏,0,,,432,16,20,17,28,20,23,18,37,19,39,16,32,29,35,27,53,261,118,56,196,8,6,9,11,6,14,8,21,7,24,5,14,12,19,8,23,122,51,24,236,8,14,8,17,14,9,10,16,12,15,11,18,17,16,19,30,139,67,32
42203128039,4,ìáå¥és,óLñæí¨ìíç]íö,0,,,218,9,15,9,9,6,4,10,20,13,21,18,10,10,18,16,33,121,64,30,100,4,10,4,4,2,2,3,9,7,10,8,6,2,10,8,18,53,29,11,118,5,5,5,5,4,2,7,11,6,11,10,4,8,8,8,15,68,35,19
42203128040,4,ìáå¥és,óLñæí¨ìíç]íö,0,,,176,12,10,11,8,1,6,10,13,5,10,8,9,20,17,11,33,90,53,25,84,5,8,4,1,0,3,6,5,4,5,4,5,8,8,7,17,41,26,11,92,7,2,7,7,1,3,4,8,1,5,4,4,12,9,4,16,49,27,14
42203128041,4,ìáå¥és,óLñæí¨ìíç]íö,0,,,267,8,9,10,10,3,3,16,5,15,13,15,19,17,33,20,27,116,124,71,126,2,5,6,6,1,2,9,4,6,6,10,9,11,16,12,13,64,49,21,141,6,4,4,4,2,1,7,1,9,7,5,10,6,17,8,14,52,75,50
42203128042,4,ìáå¥és,óLñæí¨ìíç]íö,0,,,148,8,6,12,2,0,9,3,4,7,7,11,4,19,18,10,26,66,56,28,69,4,2,8,0,0,4,2,2,2,2,8,2,10,9,4,14,32,23,10,79,4,4,4,2,0,5,1,2,5,5,3,2,9,9,6,12,34,33,18
42204,1,Ê|ëÅés,,0,,,133852,5389,6113,6422,6498,4631,5384,6325,7497,8480,9526,8550,8789,9333,10398,9968,17924,75013,40900,20534,63544,2762,3194,3351,3424,2178,2699,3118,3730,4179,4700,4092,4174,4495,5038,4664,9307,36789,17439,7737,70308,2627,2919,3071,3074,2453,2685,3207,3767,4301,4826,4458,4615,4838,5360,5304,8617,38224,23461,12797
422041010,2,Ê|ëÅés,ìåè¨òHí¨,0,,,132,1,2,3,6,4,9,6,5,7,9,12,8,9,15,8,6,75,51,28,61,1,2,2,3,3,4,2,2,1,5,4,4,3,8,3,5,31,25,14,71,0,0,1,3,1,5,4,3,6,4,8,4,6,7,5,1,44,26,14
422041020,2,Ê|ëÅés,çÇèÈí¨,0,,,85,1,3,1,4,2,5,6,6,9,1,7,9,5,5,10,5,54,26,11,33,0,2,0,3,1,2,1,2,4,1,2,5,2,1,5,2,23,8,2,52,1,1,1,1,1,3,5,4,5,0,5,4,3,4,5,3,31,18,9
422041030,2,Ê|ëÅés,î™ìVí¨,0,,,665,29,20,28,28,17,32,47,39,40,62,41,44,52,45,45,77,402,186,96,312,16,10,16,16,5,13,21,18,19,34,20,23,28,25,21,42,197,73,27,353,13,10,12,12,12,19,26,21,21,28,21,21,24,20,24,35,205,113,69
422041040,2,Ê|ëÅés,ñ{í¨,0,,,239,10,22,24,15,0,5,0,12,34,24,23,20,13,13,7,56,146,37,17,106,5,10,13,4,0,3,0,6,17,10,8,9,7,6,3,28,64,14,5,133,5,12,11,11,0,2,0,6,17,14,15,11,6,7,4,28,82,23,12
422041050,2,Ê|ëÅés,ìåñ{í¨,0,,,202,11,4,10,9,2,12,14,8,9,18,12,10,16,13,20,25,110,67,34,98,7,4,3,5,1,7,5,5,4,9,6,7,6,7,9,14,55,29,13,104,4,0,7,4,1,5,9,3,5,9,6,3,10,6,11,11,55,38,21
422041060,2,Ê|ëÅés,àÆí¨,0,,,325,11,7,12,14,19,9,14,18,17,24,19,31,23,35,29,30,188,106,42,143,6,4,5,9,7,1,7,8,9,14,11,14,9,16,13,15,89,39,10,182,5,3,7,5,12,8,7,10,8,10,8,17,14,19,16,15,99,67,32
422041081,2,Ê|ëÅés,íáâ´í¨,1,,1082,1076,69,71,76,60,39,59,65,75,86,86,84,56,51,54,57,216,661,199,88,508,37,37,37,34,13,31,33,33,45,38,37,29,21,27,24,111,314,83,32,568,32,34,39,26,26,28,32,42,41,48,47,27,30,27,33,105,347,116,56
422041082,2,Ê|ëÅés,íáâ´í¨,2,1081,,0,0,0,0,0,0,0,0,0,0,0,0,0,0,0,0,0,0,0,0,0,0,0,0,0,0,0,0,0,0,0,0,0,0,0,0,0,0,0,0,0,0,0,0,0,0,0,0,0,0,0,0,0,0,0,0,0,0,0,0
422041091,2,Ê|ëÅés,çKí¨,1,,1092,3678,161,178,189,181,132,187,205,230,263,309,277,314,255,245,221,528,2353,797,331,1738,75,93,101,91,64,93,101,120,126,138,125,135,129,118,97,269,1122,347,132,1940,86,85,88,90,68,94,104,110,137,171,152,179,126,127,124,259,1231,450,199
422041092,2,Ê|ëÅés,çKí¨,2,1091,,0,0,0,0,0,0,0,0,0,0,0,0,0,0,0,0,0,0,0,0,0,0,0,0,0,0,0,0,0,0,0,0,0,0,0,0,0,0,0,0,0,0,0,0,0,0,0,0,0,0,0,0,0,0,0,0,0,0,0,0
422041100,2,Ê|ëÅés,å˙ê∂í¨,0,,,291,19,7,8,11,10,22,24,28,14,20,27,16,13,15,21,34,185,72,36,140,13,3,4,5,5,14,11,19,5,10,12,5,6,8,8,20,92,28,12,151,6,4,4,6,5,8,13,9,9,10,15,11,7,7,13,14,93,44,24
422041110,2,Ê|ëÅés,è„í¨,0,,,285,7,6,13,20,3,6,10,15,14,24,24,32,15,21,28,26,163,96,47,132,5,3,7,7,1,0,6,8,7,10,12,19,9,7,13,15,79,38,18,153,2,3,6,13,2,6,4,7,7,14,12,13,6,14,15,11,84,58,29
422041120,2,Ê|ëÅés,î™ç‚í¨,0,,,99,2,2,3,2,5,1,3,5,4,8,8,5,5,5,8,7,46,46,33,47,2,0,2,2,4,0,2,4,2,4,4,2,2,2,3,4,26,17,12,52,0,2,1,0,1,1,1,1,2,4,4,3,3,3,5,3,20,29,21
422041130,2,Ê|ëÅés,âhí¨,0,,,348,25,22,18,8,3,9,29,29,37,30,16,16,24,20,23,65,201,81,38,164,10,14,12,5,2,4,15,15,15,16,4,8,10,10,11,36,94,33,12,184,15,8,6,3,1,5,14,14,22,14,12,8,14,10,12,29,107,48,26
422041210,2,Ê|ëÅés,âFìsí¨,0,,,1105,43,57,46,48,45,69,56,73,78,87,66,68,81,89,75,146,671,288,124,502,19,27,24,22,25,36,31,31,31,47,24,33,35,38,38,70,315,117,41,603,24,30,22,26,20,33,25,42,47,40,42,35,46,51,37,76,356,171,83
422041220,2,Ê|ëÅés,êºè¨òHí¨,0,,,406,7,13,14,19,6,15,8,23,12,29,30,23,35,38,37,34,200,171,96,183,4,9,7,12,3,9,1,10,4,14,18,10,14,20,15,20,95,67,32,223,3,4,7,7,3,6,7,13,8,15,12,13,21,18,22,14,105,104,64
422041230,2,Ê|ëÅés,å¥å˚í¨,0,,,1387,39,60,74,58,47,54,56,84,95,91,94,91,93,107,110,173,763,451,234,654,20,32,33,37,30,30,25,43,45,41,44,39,48,51,50,85,382,187,86,733,19,28,41,21,17,24,31,41,50,50,50,52,45,56,60,88,381,264,148
422041240,2,Ê|ëÅés,è„ñÏí¨,0,,,354,25,24,16,11,8,15,17,35,27,29,12,16,17,19,29,65,187,102,54,168,16,15,10,6,3,8,8,16,10,16,6,6,6,9,12,41,85,42,21,186,9,9,6,5,5,7,9,19,17,13,6,10,11,10,17,24,102,60,33
422041250,2,Ê|ëÅés,ëDâzí¨,0,,,956,41,32,45,41,51,76,60,64,71,66,69,56,48,72,58,118,602,236,106,466,21,21,23,21,31,37,24,32,35,36,34,28,22,41,24,65,300,101,36,490,20,11,22,20,20,39,36,32,36,30,35,28,26,31,34,53,302,135,70
422041260,2,Ê|ëÅés,óßêŒí¨,0,,,254,13,15,9,34,8,11,20,21,21,22,11,11,10,17,9,37,169,48,22,138,8,5,6,29,4,5,12,10,12,13,6,7,4,4,5,19,102,17,8,116,5,10,3,5,4,6,8,11,9,9,5,4,6,13,4,18,67,31,14
422041270,2,Ê|ëÅés,êºãΩí¨,0,,,1029,59,70,63,53,31,44,51,76,100,84,45,54,62,59,75,192,600,237,103,458,24,27,31,24,16,20,28,35,49,41,24,26,23,24,26,82,286,90,40,571,35,43,32,29,15,24,23,41,51,43,21,28,39,35,49,110,314,147,63
422041280,2,Ê|ëÅés,êVìπí¨,0,,,446,17,20,23,31,14,10,12,21,31,29,31,42,36,44,21,60,257,129,64,208,6,12,7,11,4,8,7,9,17,16,16,20,16,26,9,25,124,59,24,238,11,8,16,20,10,2,5,12,14,13,15,22,20,18,12,35,133,70,40
422041290,2,Ê|ëÅés,ñÏíÜí¨,0,,,780,56,105,85,31,17,13,31,83,83,63,40,18,28,27,25,246,407,127,75,350,31,45,48,9,6,9,15,32,41,32,18,5,17,14,11,124,184,42,17,430,25,60,37,22,11,4,16,51,42,31,22,13,11,13,14,122,223,85,58
422041411,2,Ê|ëÅés,ïüìcí¨,0,,,2316,108,105,121,78,89,112,135,141,169,188,132,151,176,174,159,334,1371,611,278,1127,67,58,63,40,39,60,70,74,83,97,57,72,80,90,66,188,672,267,111,1189,41,47,58,38,50,52,65,67,86,91,75,79,96,84,93,146,699,344,167
422041412,2,Ê|ëÅés,ïüìcí¨,0,,,2037,85,90,107,76,47,76,112,124,108,132,118,143,120,157,140,282,1056,699,402,941,43,47,66,40,24,38,57,63,49,63,48,72,55,69,69,156,509,276,138,1096,42,43,41,36,23,38,55,61,59,69,70,71,65,88,71,126,547,423,264
422041430,2,Ê|ëÅés,êÚí¨,0,,,1488,36,57,61,55,50,60,64,81,81,116,104,106,104,109,138,154,821,511,264,707,19,32,37,23,23,30,30,41,43,60,51,47,51,54,65,88,399,219,100,781,17,25,24,32,27,30,34,40,38,56,53,59,53,55,73,66,422,292,164
422041440,2,Ê|ëÅés,ã‡íJí¨,0,,,635,23,33,38,32,27,32,28,39,44,51,41,31,45,53,29,94,370,171,89,298,11,11,21,12,11,16,18,23,19,29,17,13,25,25,15,43,183,72,32,337,12,22,17,20,16,16,10,16,25,22,24,18,20,28,14,51,187,99,57
422041451,2,Ê|ëÅés,ì˙ÇÃèoí¨,0,,,1494,50,73,100,86,58,59,40,85,109,146,109,77,90,113,97,223,859,412,202,729,32,37,57,50,29,27,18,46,51,67,55,38,43,42,51,126,424,179,86,765,18,36,43,36,29,32,22,39,58,79,54,39,47,71,46,97,435,233,116
422041452,2,Ê|ëÅés,ì˙ÇÃèoí¨,0,,,235,9,9,9,15,6,4,11,12,17,17,9,11,20,23,18,27,122,86,45,115,6,5,3,10,5,1,3,7,7,11,5,6,9,10,6,14,64,37,21,120,3,4,6,5,1,3,8,5,10,6,4,5,11,13,12,13,58,49,24
422041460,2,Ê|ëÅés,èÈå©í¨,0,,,1821,58,94,108,116,76,52,82,76,117,144,139,142,109,106,112,260,1053,508,290,880,28,57,63,66,36,23,43,38,64,67,61,65,57,54,51,148,520,212,107,941,30,37,45,50,40,29,39,38,53,77,78,77,52,52,61,112,533,296,183
422041471,2,Ê|ëÅés,ìVñûí¨,0,,,1937,64,50,73,81,78,84,102,99,111,168,157,145,156,127,123,187,1181,568,318,881,39,28,41,42,32,38,48,50,52,80,75,57,77,58,54,108,551,221,109,1056,25,22,32,39,46,46,54,49,59,88,82,88,79,69,69,79,630,347,209
422041472,2,Ê|ëÅés,ìVñûí¨,0,,,285,17,17,12,17,14,9,10,25,20,17,16,25,12,24,16,46,165,74,34,133,5,8,7,8,3,5,4,14,9,12,3,16,3,14,8,20,77,36,14,152,12,9,5,9,11,4,6,11,11,5,13,9,9,10,8,26,88,38,20
422041480,2,Ê|ëÅés,âièπìåí¨,0,,,811,23,37,25,30,36,54,36,40,59,66,64,70,58,65,58,85,513,213,90,379,10,22,18,17,12,32,15,17,30,36,25,32,27,33,22,50,243,86,31,432,13,15,7,13,24,22,21,23,29,30,39,38,31,32,36,35,270,127,59
422041490,2,Ê|ëÅés,âièπí¨,0,,,1829,63,55,81,84,82,91,104,104,110,128,127,147,139,145,137,199,1116,514,232,811,30,26,37,40,39,43,50,44,50,56,61,65,64,63,61,93,512,206,82,1018,33,29,44,44,43,48,54,60,60,72,66,82,75,82,76,106,604,308,150
422041501,2,Ê|ëÅés,âhìcí¨,0,,,3893,160,168,161,198,197,184,230,254,242,280,254,205,287,285,260,489,2331,1073,528,1829,71,88,91,106,87,85,103,129,115,132,122,98,143,139,126,250,1120,459,194,2064,89,80,70,92,110,99,127,125,127,148,132,107,144,146,134,239,1211,614,334
422041502,2,Ê|ëÅés,âhìcí¨,0,,,448,34,12,14,17,6,23,31,29,14,11,22,18,16,16,16,60,187,201,169,196,19,10,11,10,4,11,11,14,8,5,10,10,6,9,8,40,89,67,50,252,15,2,3,7,2,12,20,15,6,6,12,8,10,7,8,20,98,134,119
422041510,2,Ê|ëÅés,êºâhìcí¨,0,,,891,25,32,52,181,53,29,34,42,42,59,50,48,56,53,57,109,594,187,77,417,18,15,30,77,23,16,19,17,19,31,22,24,24,26,26,63,272,82,30,474,7,17,22,104,30,13,15,25,23,28,28,24,32,27,31,46,322,105,47
422041520,2,Ê|ëÅés,ñ{ñæí¨,0,,,693,18,18,21,19,22,19,22,25,37,46,42,47,55,80,47,57,334,302,175,326,7,8,12,11,10,6,10,15,16,27,22,23,29,43,14,27,169,130,73,367,11,10,9,8,12,13,12,10,21,19,20,24,26,37,33,30,165,172,102
422041530,2,Ê|ëÅés,ñ⁄ë„í¨,0,,,1200,31,41,41,42,35,37,35,42,56,78,75,81,119,127,136,113,600,487,224,584,20,21,15,20,16,17,13,20,33,39,32,41,61,73,65,56,292,236,98,616,11,20,26,22,19,20,22,22,23,39,43,40,58,54,71,57,308,251,126
422042010,2,Ê|ëÅés,ïΩéRí¨,0,,,1515,77,76,67,93,64,83,93,120,82,132,92,75,98,105,93,220,932,363,165,792,34,35,37,66,36,48,51,66,48,73,49,35,50,55,41,106,522,164,68,723,43,41,30,27,28,35,42,54,34,59,43,40,48,50,52,114,410,199,97
422042030,2,Ê|ëÅés,ìyétñÏîˆí¨,0,,,326,8,6,6,8,10,15,12,15,12,15,11,27,39,47,28,20,164,142,67,157,5,2,3,4,6,7,7,10,8,10,5,13,19,26,10,10,89,58,22,169,3,4,3,4,4,8,5,5,4,5,6,14,20,21,18,10,75,84,45
422042040,2,Ê|ëÅés,åIñ í¨,0,,,1682,59,84,106,111,74,69,67,92,103,129,126,147,113,110,119,249,1031,402,173,803,34,48,53,59,37,47,28,46,45,59,50,63,58,57,56,135,492,176,63,879,25,36,53,52,37,22,39,46,58,70,76,84,55,53,63,114,539,226,110
422042060,2,Ê|ëÅés,è¨ÉPëqí¨,0,,,183,5,2,8,11,5,2,7,6,10,13,19,9,11,12,22,15,93,75,41,88,1,1,4,5,2,0,4,3,7,6,11,5,4,4,12,6,47,35,19,95,4,1,4,6,3,2,3,3,3,7,8,4,7,8,10,9,46,40,22
422042070,2,Ê|ëÅés,êÏè∞í¨,0,,,920,25,46,36,29,31,24,43,42,47,54,60,74,69,79,86,107,473,340,175,459,12,23,14,21,13,9,24,16,25,34,31,37,36,44,44,49,246,164,76,461,13,23,22,8,18,15,19,26,22,20,29,37,33,35,42,58,227,176,99
422042080,2,Ê|ëÅés,òhçËí¨,0,,,1221,86,82,69,58,52,70,80,100,91,81,97,59,58,64,65,237,746,238,109,592,39,39,35,29,24,38,38,53,48,43,49,28,23,35,28,113,373,106,43,629,47,43,34,29,28,32,42,47,43,38,48,31,35,29,37,124,373,132,66
422042090,2,Ê|ëÅés,è¨êÏí¨,0,,,4206,181,232,306,255,164,169,222,270,373,413,304,229,212,196,215,719,2611,876,465,2261,89,123,160,123,83,97,126,169,207,238,189,146,123,109,100,372,1501,388,179,1945,92,109,146,132,81,72,96,101,166,175,115,83,89,87,115,347,1110,488,286
422043010,2,Ê|ëÅés,í∑ñÏí¨,0,,,820,43,42,37,33,34,49,39,64,67,58,50,60,51,57,50,122,505,193,86,402,21,20,18,15,13,27,19,34,39,30,28,24,30,26,30,59,259,84,28,418,22,22,19,18,21,22,20,30,28,28,22,36,21,31,20,63,246,109,58
422043020,2,Ê|ëÅés,è@ï˚í¨,0,,,698,19,45,32,37,19,27,28,35,48,66,49,36,35,51,74,96,380,222,97,352,7,26,19,17,11,16,14,16,25,36,28,20,18,24,33,52,201,99,42,346,12,19,13,20,8,11,14,19,23,30,21,16,17,27,41,44,179,123,55
422043030,2,Ê|ëÅés,è¨ñÏí¨,0,,,942,39,50,54,45,39,35,48,49,73,59,57,60,67,65,67,143,532,267,135,445,21,23,28,22,19,19,24,23,35,32,20,34,29,27,32,72,257,116,57,497,18,27,26,23,20,16,24,26,38,27,37,26,38,38,35,71,275,151,78
422043050,2,Ê|ëÅés,çïçËí¨,0,,,391,17,10,11,15,6,24,19,21,28,23,20,19,35,43,45,38,210,143,55,192,12,6,7,8,2,10,9,8,16,11,10,12,15,20,22,25,101,66,24,199,5,4,4,7,4,14,10,13,12,12,10,7,20,23,23,13,109,77,31
422043060,2,Ê|ëÅés,ê‘çËí¨,0,,,492,9,19,7,18,8,15,15,20,23,21,43,46,51,48,40,35,260,197,109,232,5,9,5,8,3,9,7,9,10,10,20,20,27,24,20,19,123,90,46,260,4,10,2,10,5,6,8,11,13,11,23,26,24,24,20,16,137,107,63
422043070,2,Ê|ëÅés,è¨ñÏìáí¨,0,,,766,17,26,25,32,15,20,26,33,51,32,28,64,68,59,74,68,369,329,196,362,8,14,14,13,8,15,14,18,29,14,15,32,37,30,34,36,195,131,67,404,9,12,11,19,7,5,12,15,22,18,13,32,31,29,40,32,174,198,129
422043080,2,Ê|ëÅés,êÏì‡í¨,0,,,1240,61,55,46,45,44,60,68,84,94,81,69,66,76,129,101,162,687,391,161,582,27,26,29,20,22,28,31,48,45,35,35,28,34,62,49,82,326,174,63,658,34,29,17,25,22,32,37,36,49,46,34,38,42,67,52,80,361,217,98
422043090,2,Ê|ëÅés,íÜâõä±ëÒ,0,,,17,0,0,1,1,4,3,5,2,1,0,0,0,0,0,0,1,16,0,0,5,0,0,1,1,0,0,2,0,1,0,0,0,0,0,0,1,4,0,0,12,0,0,0,0,4,3,3,2,0,0,0,0,0,0,0,0,12,0,0
422044010,2,Ê|ëÅés,èºó¢í¨,0,,,867,20,44,21,31,29,24,18,41,46,50,59,64,72,85,93,85,434,348,170,418,9,25,13,17,20,11,10,20,22,25,35,34,34,41,41,47,228,143,61,449,11,19,8,14,9,13,8,21,24,25,24,30,38,44,52,38,206,205,109
422044030,2,Ê|ëÅés,óLäÏí¨,0,,,1704,27,60,47,46,40,39,51,54,74,84,88,110,99,123,142,134,685,885,620,715,13,22,20,24,18,23,25,39,37,32,45,59,50,60,79,55,352,308,169,989,14,38,27,22,22,16,26,15,37,52,43,51,49,63,63,79,333,577,451
422044060,2,Ê|ëÅés,ëÅå©í¨,0,,,403,4,10,13,13,11,14,14,15,11,21,25,32,40,42,38,27,196,180,100,182,1,4,9,6,3,3,5,8,5,14,10,18,15,20,19,14,87,81,42,221,3,6,4,7,8,11,9,7,6,7,15,14,25,22,19,13,109,99,58
422044070,2,Ê|ëÅés,íﬂìcí¨,0,,,126,3,2,3,8,2,3,2,5,5,6,11,14,15,8,9,8,71,47,30,59,1,2,2,3,1,1,1,3,1,3,6,5,8,7,3,5,32,22,12,67,2,0,1,5,1,2,1,2,4,3,5,9,7,1,6,3,39,25,18
422044080,2,Ê|ëÅés,íÜí í¨,0,,,630,18,29,36,33,16,19,15,25,30,33,57,35,46,68,55,83,309,238,115,284,5,14,15,19,5,7,8,10,16,18,23,16,20,35,28,34,142,108,45,346,13,15,21,14,11,12,7,15,14,15,34,19,26,33,27,49,167,130,70
422044090,2,Ê|ëÅés,ìVê_í¨,0,,,373,10,15,13,14,19,16,15,20,18,30,24,34,31,33,26,38,221,114,55,182,2,8,7,5,7,8,9,12,9,12,13,15,18,20,11,17,108,57,26,191,8,7,6,9,12,8,6,8,9,18,11,19,13,13,15,21,113,57,29
422045010,2,Ê|ëÅés,è¨ëDâzí¨,0,,,4839,224,193,247,275,186,219,256,308,328,384,335,326,375,333,313,664,2992,1183,537,2369,117,91,122,147,101,122,134,153,158,180,172,145,165,167,154,330,1477,562,241,2470,107,102,125,128,85,97,122,155,170,204,163,181,210,166,159,334,1515,621,296
422045020,2,Ê|ëÅés,äLí√í¨,0,,,2978,113,90,114,385,147,184,202,166,200,190,179,183,178,134,174,317,2014,643,335,1585,59,50,66,292,58,102,121,89,110,101,95,88,92,63,79,175,1148,258,116,1393,54,40,48,93,89,82,81,77,90,89,84,95,86,71,95,142,866,385,219
422045030,2,Ê|ëÅés,äLí√Éñãu,0,,,892,102,193,92,35,7,3,54,135,129,79,17,11,11,13,3,387,481,24,8,446,47,112,44,19,1,0,25,61,66,41,9,4,5,7,2,203,231,12,3,446,55,81,48,16,6,3,29,74,63,38,8,7,6,6,1,184,250,12,5
422045040,2,Ê|ëÅés,í√ãvótí¨,0,,,83,10,2,0,0,6,23,15,10,4,5,4,0,2,0,1,12,69,2,1,42,6,1,0,0,2,7,9,6,2,4,4,0,1,0,0,7,35,0,0,41,4,1,0,0,4,16,6,4,2,1,0,0,1,0,1,5,34,2,1
422045051,2,Ê|ëÅés,ãvéRë‰,0,,,1784,68,89,105,90,70,80,77,93,108,136,115,203,188,160,94,262,1160,362,108,858,31,49,49,45,31,37,44,45,49,66,42,82,103,83,49,129,544,185,53,926,37,40,56,45,39,43,33,48,59,70,73,121,85,77,45,133,616,177,55
422045052,2,Ê|ëÅés,ãvéRí¨,0,,,1908,126,105,102,88,66,129,138,125,148,157,126,92,82,105,110,333,1151,424,209,975,74,53,53,46,42,74,76,65,69,79,63,54,42,47,50,180,610,185,88,933,52,52,49,42,24,55,62,60,79,78,63,38,40,58,60,153,541,239,121
422045060,2,Ê|ëÅés,é·ótí¨,0,,,1529,130,141,72,74,53,104,166,157,109,108,60,68,64,74,81,343,963,223,68,834,61,80,40,47,33,62,90,79,60,69,35,34,35,28,48,181,544,109,33,695,69,61,32,27,20,42,76,78,49,39,25,34,29,46,33,162,419,114,35
422045070,2,Ê|ëÅés,înìní¨,0,,,1416,46,34,64,67,37,44,42,48,83,99,97,90,95,94,129,144,702,569,346,653,24,19,33,38,20,15,18,17,46,42,45,41,41,42,57,76,323,254,155,763,22,15,31,29,17,29,24,31,37,57,52,49,54,52,72,68,379,315,191
422045080,2,Ê|ëÅés,éRêÏí¨,0,,,1523,33,66,69,68,47,31,36,54,88,116,95,96,66,80,130,168,697,658,448,685,19,38,34,29,24,15,14,24,43,58,42,46,22,37,50,91,317,277,190,838,14,28,35,39,23,16,22,30,45,58,53,50,44,43,80,77,380,381,258
422045090,2,Ê|ëÅés,íÜîˆí¨,0,,,866,15,32,41,38,23,38,18,21,43,74,66,53,41,45,61,88,415,363,257,404,6,21,15,19,14,20,8,10,19,34,38,21,18,23,22,42,201,161,116,462,9,11,26,19,9,18,10,11,24,40,28,32,23,22,39,46,214,202,141
422045100,2,Ê|ëÅés,îíä‚í¨,0,,,1855,53,70,76,88,41,29,68,70,105,145,111,119,117,119,162,199,893,763,482,839,28,30,36,43,24,11,31,35,48,68,57,46,60,48,62,94,423,322,212,1016,25,40,40,45,17,18,37,35,57,77,54,73,57,71,100,105,470,441,270
422045110,2,Ê|ëÅés,ì∞çËí¨,0,,,2438,56,97,128,126,89,85,70,107,132,176,171,141,156,220,237,281,1253,904,447,1007,35,54,59,49,45,46,27,51,51,74,68,58,66,67,97,148,535,324,160,1431,21,43,69,77,44,39,43,56,81,102,103,83,90,153,140,133,718,580,287
422045120,2,Ê|ëÅés,í√êÖí¨,0,,,465,23,28,21,28,20,31,26,24,38,43,50,37,18,25,17,72,315,78,36,231,12,16,6,16,11,19,15,10,22,24,21,15,10,11,11,34,163,34,12,234,11,12,15,12,9,12,11,14,16,19,29,22,8,14,6,38,152,44,24
422045131,2,Ê|ëÅés,ê^çËí¨,0,,,3560,234,220,270,243,111,152,209,250,294,294,226,177,173,215,203,724,2129,707,289,1691,125,123,132,123,49,62,106,119,142,130,106,88,72,92,94,380,997,314,128,1869,109,97,138,120,62,90,103,131,152,164,120,89,101,123,109,344,1132,393,161
422045132,2,Ê|ëÅés,ëÂéöê^çËñ{ë∫ñº,0,,,273,29,26,19,14,9,16,14,28,28,11,12,9,10,11,12,74,151,48,25,137,14,16,10,6,5,9,8,11,15,6,8,3,4,5,7,40,75,22,10,136,15,10,9,8,4,7,6,17,13,5,4,6,6,6,5,34,76,26,15
422045133,2,Ê|ëÅés,ñxÇÃì‡í¨,0,,,628,7,25,64,104,31,6,7,15,40,97,83,41,26,31,21,96,450,82,30,270,2,12,31,50,11,0,3,4,10,41,45,19,12,10,6,45,195,30,14,358,5,13,33,54,20,6,4,11,30,56,38,22,14,21,15,51,255,52,16
422045140,2,Ê|ëÅés,ëÂÇ≥Ç±í¨,0,,,970,129,176,123,38,2,10,56,142,139,85,14,13,10,10,7,428,509,33,16,472,65,91,63,15,0,2,25,67,63,46,8,6,6,3,5,219,238,15,7,498,64,85,60,23,2,8,31,75,76,39,6,7,4,7,2,209,271,18,9
422045150,2,Ê|ëÅés,îj‚ƒà‰í¨,0,,,517,36,32,25,9,12,24,19,32,49,27,29,31,36,63,32,93,268,156,61,262,24,17,16,4,7,9,9,16,26,15,15,14,15,30,21,57,130,75,24,255,12,15,9,5,5,15,10,16,23,12,14,17,21,33,11,36,138,81,37
422046010,2,Ê|ëÅés,ñ{ñÏí¨,0,,,479,8,9,10,13,19,13,21,17,24,41,46,38,38,50,35,27,270,182,97,227,6,5,2,8,5,5,8,10,15,21,25,21,17,28,16,13,135,79,35,252,2,4,8,5,14,8,13,7,9,20,21,17,21,22,19,14,135,103,62
422046020,2,Ê|ëÅés,ìíñÏîˆí¨,0,,,325,4,10,16,11,7,7,6,10,14,23,20,23,28,37,32,30,149,146,77,148,1,7,8,3,3,2,3,3,4,13,10,12,15,23,14,16,68,64,27,177,3,3,8,8,4,5,3,7,10,10,10,11,13,14,18,14,81,82,50
422046030,2,Ê|ëÅés,ïxêÏí¨,0,,,180,0,5,1,3,5,3,5,4,9,9,14,21,17,15,20,6,90,84,49,84,0,2,1,1,2,1,2,3,4,5,9,12,9,9,10,3,48,33,14,96,0,3,0,2,3,2,3,1,5,4,5,9,8,6,10,3,42,51,35
422046040,2,Ê|ëÅés,è„ëÂìnñÏí¨,0,,,569,19,24,11,13,17,23,25,21,22,29,42,44,53,66,58,54,289,226,102,263,6,10,5,7,11,11,10,11,14,18,20,25,28,31,18,21,155,87,38,306,13,14,6,6,6,12,15,10,8,11,22,19,25,35,40,33,134,139,64
422046050,2,Ê|ëÅés,â∫ëÂìnñÏí¨,0,,,480,10,11,11,18,9,13,14,14,24,24,36,38,48,59,43,32,238,210,108,238,6,8,5,15,6,7,7,8,11,14,18,19,24,31,20,19,129,90,39,242,4,3,6,3,3,6,7,6,13,10,18,19,24,28,23,13,109,120,69
422047010,2,Ê|ëÅés,è¨ì§çËí¨,0,,,758,22,16,24,21,37,26,30,31,39,55,40,57,60,80,75,62,396,300,145,369,10,11,12,11,16,15,14,16,26,28,15,25,28,43,36,33,194,142,63,389,12,5,12,10,21,11,16,15,13,27,25,32,32,37,39,29,202,158,82
422047020,2,Ê|ëÅés,êºó¢í¨,0,,,710,22,40,34,29,17,15,28,44,42,33,51,63,59,75,52,96,381,232,105,324,8,22,17,11,6,9,13,20,18,13,25,26,34,38,21,47,175,102,43,386,14,18,17,18,11,6,15,24,24,20,26,37,25,37,31,49,206,130,62
422047030,2,Ê|ëÅés,íÜìcí¨,0,,,234,4,4,8,12,8,5,4,8,14,18,15,17,25,18,29,16,126,92,45,104,1,2,5,6,5,2,1,4,5,10,7,5,14,10,10,8,59,37,17,130,3,2,3,6,3,3,3,4,9,8,8,12,11,8,19,8,67,55,28
422047040,2,Ê|ëÅés,å‰éËêÖí¨,0,,,195,2,4,7,8,4,1,4,8,13,13,10,8,21,28,23,13,90,92,41,97,1,2,5,5,1,0,1,5,7,8,5,4,10,14,10,8,46,43,19,98,1,2,2,3,3,1,3,3,6,5,5,4,11,14,13,5,44,49,22
422047050,2,Ê|ëÅés,ëÂèÍí¨,0,,,85,2,3,2,0,3,1,1,4,4,3,6,3,10,12,7,7,35,43,24,35,1,2,2,0,1,0,0,3,0,2,2,1,3,7,5,5,12,18,6,50,1,1,0,0,2,1,1,1,4,1,4,2,7,5,2,2,23,25,18
422047060,2,Ê|ëÅés,îíñÿïÙí¨,0,,,133,3,7,3,2,4,1,5,11,3,4,7,14,14,20,13,13,65,55,22,69,2,2,2,1,3,1,1,8,3,1,4,9,5,9,10,6,36,27,8,64,1,5,1,1,1,0,4,3,0,3,3,5,9,11,3,7,29,28,14
422047070,2,Ê|ëÅés,í∑ìcí¨,0,,,1479,63,68,55,49,43,56,77,69,70,88,67,111,99,120,111,186,729,564,333,658,32,29,31,25,15,25,42,29,45,42,30,53,46,62,50,92,352,214,102,821,31,39,24,24,28,31,35,40,25,46,37,58,53,58,61,94,377,350,231
422047090,2,Ê|ëÅés,ê≥ãvéõí¨,0,,,370,8,13,14,15,9,10,13,14,16,35,27,26,31,40,37,35,196,139,62,165,3,4,5,8,3,6,5,10,6,16,10,11,14,20,17,12,89,64,27,205,5,9,9,7,6,4,8,4,10,19,17,15,17,20,20,23,107,75,35
422047100,2,Ê|ëÅés,çÇìVí¨,0,,,287,5,9,9,7,13,4,8,14,13,25,26,27,16,32,31,23,153,111,48,133,3,5,4,3,4,2,6,5,8,11,12,12,9,16,16,12,72,49,17,154,2,4,5,4,9,2,2,9,5,14,14,15,7,16,15,11,81,62,31
422047110,2,Ê|ëÅés,îíïlí¨,0,,,333,10,16,6,12,7,8,12,14,21,16,14,26,29,42,36,32,159,142,64,152,4,8,2,4,2,4,6,3,10,10,8,14,13,23,20,14,74,64,21,181,6,8,4,8,5,4,6,11,11,6,6,12,16,19,16,18,85,78,43
422047120,2,Ê|ëÅés,îíå¥í¨,0,,,273,9,11,9,8,7,10,18,18,12,14,15,22,30,21,28,29,154,90,41,128,4,4,3,4,5,6,7,7,5,6,6,10,18,11,13,11,74,43,19,145,5,7,6,4,2,4,11,11,7,8,9,12,12,10,15,18,80,47,22
422047130,2,Ê|ëÅés,âéçËí¨,0,,,109,0,1,4,3,6,0,3,4,8,9,4,11,5,16,12,5,53,51,23,49,0,0,1,2,2,0,2,2,5,2,1,6,3,7,6,1,25,23,10,60,0,1,3,1,4,0,1,2,3,7,3,5,2,9,6,4,28,28,13
422047140,2,Ê|ëÅés,ê¬ótë‰,0,,,742,28,23,47,69,48,46,39,37,48,74,112,64,32,22,27,98,569,75,26,354,11,9,21,33,25,18,19,20,18,38,54,33,18,10,15,41,276,37,12,388,17,14,26,36,23,28,20,17,30,36,58,31,14,12,12,57,293,38,14
422047150,2,Ê|ëÅés,ëΩó«å©í¨êºêÏì‡,0,,,315,15,12,16,7,6,10,13,14,16,17,17,19,32,29,32,43,151,120,59,147,9,5,8,2,4,6,6,6,9,6,11,12,15,12,17,22,77,48,19,168,6,7,8,5,2,4,7,8,7,11,6,7,17,17,15,21,74,72,40
422047160,3,Ê|ëÅés,ëΩó«å©í¨ésïz,0,,,2462,100,105,131,102,77,101,112,147,169,178,127,113,163,245,266,336,1289,837,326,1184,49,54,73,47,40,49,58,68,90,90,58,59,66,110,129,176,625,383,144,1278,51,51,58,55,37,52,54,79,79,88,69,54,97,135,137,160,664,454,182
42204716002,4,Ê|ëÅés,ëΩó«å©í¨ésïzè„és,0,,,361,16,15,15,13,15,22,24,18,20,18,21,27,29,24,26,46,207,108,58,170,7,10,4,7,8,12,14,5,11,10,11,14,14,8,13,21,106,43,22,191,9,5,11,6,7,10,10,13,9,8,10,13,15,16,13,25,101,65,36
42204716003,4,Ê|ëÅés,ëΩó«å©í¨ésïzëΩó«å©ícín,0,,,505,10,25,23,17,22,14,16,27,30,33,36,27,34,43,61,58,256,191,87,235,5,14,12,6,11,8,7,13,19,15,11,15,17,21,26,31,122,82,35,270,5,11,11,11,11,6,9,14,11,18,25,12,17,22,35,27,134,109,52
42204716004,4,Ê|ëÅés,ëΩó«å©í¨ésïzéRíÜ,0,,,230,28,10,7,9,10,23,16,14,18,16,9,10,12,12,11,45,137,48,25,117,12,6,5,4,5,10,9,8,10,9,5,4,6,4,6,23,70,24,14,113,16,4,2,5,5,13,7,6,8,7,4,6,6,8,5,22,67,24,11
42204716005,4,Ê|ëÅés,ëΩó«å©í¨ésïzâ∫és,0,,,584,32,36,48,33,13,33,35,54,51,60,23,25,18,26,39,116,345,123,58,286,22,15,26,18,5,15,20,22,26,32,10,15,9,10,14,63,172,51,27,298,10,21,22,15,8,18,15,32,25,28,13,10,9,16,25,53,173,72,31
42204716006,4,Ê|ëÅés,ëΩó«å©í¨ésïzäÏÅXí√ícín,0,,,782,14,19,38,30,17,9,21,34,50,51,38,24,70,140,129,71,344,367,98,376,3,9,26,12,11,4,8,20,24,24,21,11,20,67,70,38,155,183,46,406,11,10,12,18,6,5,13,14,26,27,17,13,50,73,59,33,189,184,52
422047170,3,Ê|ëÅés,ëΩó«å©í¨íÜó¢,0,,,1273,55,74,76,75,42,59,77,70,75,115,91,64,86,104,77,205,754,314,133,638,29,46,42,43,21,30,38,35,33,52,48,32,38,55,39,117,370,151,57,635,26,28,34,32,21,29,39,35,42,63,43,32,48,49,38,88,384,163,76
42204717005,4,Ê|ëÅés,ëΩó«å©í¨íÜó¢â∫és,0,,,31,2,5,1,4,0,1,2,1,2,1,2,0,1,2,3,8,14,9,4,15,1,2,1,3,0,1,0,0,0,1,1,0,0,2,1,4,6,5,2,16,1,3,0,1,0,0,2,1,2,0,1,0,1,0,2,4,8,4,2
42204717006,4,Ê|ëÅés,ëΩó«å©í¨íÜó¢äÏÅXí√ícín,0,,,243,3,9,16,24,8,9,12,14,17,26,13,13,15,21,16,28,151,64,27,118,1,7,9,15,3,5,6,9,5,10,7,5,6,13,6,17,71,30,11,125,2,2,7,9,5,4,6,5,12,16,6,8,9,8,10,11,80,34,16
42204717007,4,Ê|ëÅés,ëΩó«å©í¨íÜó¢íÜó¢,0,,,999,50,60,59,47,34,49,63,55,56,88,76,51,70,81,58,169,589,241,102,505,27,37,32,25,18,24,32,26,28,41,40,27,32,40,32,96,293,116,44,494,23,23,27,22,16,25,31,29,28,47,36,24,38,41,26,73,296,125,58
422047180,3,Ê|ëÅés,ëΩó«å©í¨àÕ,0,,,725,42,48,45,46,35,39,48,54,60,50,47,38,30,33,46,135,447,143,64,365,21,23,28,26,18,23,21,28,24,28,23,23,17,14,20,72,231,62,28,360,21,25,17,20,17,16,27,26,36,22,24,15,13,19,26,63,216,81,36
42204718007,4,Ê|ëÅés,ëΩó«å©í¨àÕíÜó¢,0,,,124,9,9,7,7,7,10,6,9,11,6,6,9,5,3,8,25,76,23,12,64,5,5,3,6,5,6,2,5,7,2,2,5,2,0,3,13,42,9,6,60,4,4,4,1,2,4,4,4,4,4,4,4,3,3,5,12,34,14,6
42204718008,4,Ê|ëÅés,ëΩó«å©í¨àÕà‰îÛÉmîˆ,0,,,151,11,11,13,8,6,9,13,13,11,10,10,2,4,8,9,35,86,30,13,72,5,6,6,2,4,5,6,7,4,7,4,1,2,4,3,17,42,13,6,79,6,5,7,6,2,4,7,6,7,3,6,1,2,4,6,18,44,17,7
42204718020,4,Ê|ëÅés,ëΩó«å©í¨àÕñÿè∞àÍ,0,,,450,22,28,25,31,22,20,29,32,38,34,31,27,21,22,29,75,285,90,39,229,11,12,19,18,9,12,13,16,13,19,17,17,13,10,14,42,147,40,16,221,11,16,6,13,13,8,16,16,25,15,14,10,8,12,15,33,138,50,23
422047190,3,Ê|ëÅés,ëΩó«å©í¨ñÿè∞,0,,,1953,120,92,88,98,75,120,133,146,136,148,127,128,125,139,108,300,1236,417,170,946,65,43,48,60,30,57,62,72,66,74,64,53,57,68,56,156,595,195,71,1007,55,49,40,38,45,63,71,74,70,74,63,75,68,71,52,144,641,222,99
42204719020,4,Ê|ëÅés,ëΩó«å©í¨ñÿè∞ñÿè∞àÍ,0,,,690,54,35,21,24,37,61,40,57,60,36,34,42,37,45,36,110,428,152,71,337,32,17,13,12,13,35,20,29,28,18,18,15,22,19,16,62,210,65,30,353,22,18,8,12,24,26,20,28,32,18,16,27,15,26,20,48,218,87,41
42204719021,4,Ê|ëÅés,ëΩó«å©í¨ñÿè∞äÏÅXí√ëDí√,0,,,412,13,17,19,17,11,10,24,26,18,40,24,21,37,34,36,49,228,135,65,201,10,7,10,10,5,3,13,11,8,23,16,8,15,16,20,27,112,62,26,211,3,10,9,7,6,7,11,15,10,17,8,13,22,18,16,22,116,73,39
42204719029,4,Ê|ëÅés,ëΩó«å©í¨ñÿè∞ñÿè∞ìÒ,0,,,851,53,40,48,57,27,49,69,63,58,72,69,65,51,60,36,141,580,130,34,408,23,19,25,38,12,19,29,32,30,33,30,30,20,33,20,67,273,68,15,443,30,21,23,19,15,30,40,31,28,39,39,35,31,27,16,74,307,62,19
422047201,3,Ê|ëÅés,ëΩó«å©í¨âªâÆ,0,,,3991,195,154,131,182,139,194,237,216,263,255,264,225,219,296,316,480,2194,1317,705,1844,107,71,71,96,69,100,113,98,130,125,121,110,104,137,153,249,1066,529,239,2147,88,83,60,86,70,94,124,118,133,130,143,115,115,159,163,231,1128,788,466
42204720108,4,Ê|ëÅés,ëΩó«å©í¨âªâÆà‰îÛÉmîˆ,0,,,261,9,7,6,13,15,14,7,12,14,14,18,16,26,24,31,22,149,90,35,128,5,2,3,7,8,8,1,6,6,11,7,7,13,13,16,10,74,44,15,133,4,5,3,6,7,6,6,6,8,3,11,9,13,11,15,12,75,46,20
42204720109,4,Ê|ëÅés,ëΩó«å©í¨âªâÆä€îˆàÍ,0,,,723,23,25,20,25,26,18,25,26,28,40,45,23,34,37,55,68,290,365,273,291,13,11,14,11,9,7,8,14,18,15,23,14,13,16,33,38,132,121,72,432,10,14,6,14,17,11,17,12,10,25,22,9,21,21,22,30,158,244,201
42204720110,4,Ê|ëÅés,ëΩó«å©í¨âªâÆä€îˆìÒ,0,,,478,19,18,17,14,11,12,21,24,32,25,36,26,30,54,71,54,231,193,68,223,11,8,10,9,5,4,9,12,15,12,16,10,14,28,32,29,106,88,28,255,8,10,7,5,6,8,12,12,17,13,20,16,16,26,39,25,125,105,40
42204720111,4,Ê|ëÅés,ëΩó«å©í¨âªâÆïüà‰ìc,0,,,248,6,5,12,7,4,7,13,13,19,20,19,23,20,24,18,23,145,80,38,107,4,2,9,3,2,5,3,7,9,10,7,6,9,12,6,15,61,31,13,141,2,3,3,4,2,2,10,6,10,10,12,17,11,12,12,8,84,49,25
42204720112,4,Ê|ëÅés,ëΩó«å©í¨âªâÆà¢ëh,0,,,367,6,13,16,15,14,18,14,18,27,23,15,26,20,33,26,35,190,142,83,171,4,3,10,8,11,12,8,9,14,9,7,10,10,14,12,17,98,56,30,196,2,10,6,7,3,6,6,9,13,14,8,16,10,19,14,18,92,86,53
42204720113,4,Ê|ëÅés,ëΩó«å©í¨âªâÆí‚é‘èÍ,0,,,577,58,30,13,36,24,54,55,56,53,33,29,25,22,25,23,101,387,89,41,291,32,16,4,26,12,29,27,22,30,16,14,14,13,12,9,52,203,36,15,286,26,14,9,10,12,25,28,34,23,17,15,11,9,13,14,49,184,53,26
42204720114,4,Ê|ëÅés,ëΩó«å©í¨âªâÆâªâÆ,0,,,488,34,20,21,31,13,30,44,27,37,35,39,28,18,26,32,75,302,111,53,239,15,9,9,13,5,16,24,12,17,18,24,16,10,11,16,33,155,51,24,249,19,11,12,18,8,14,20,15,20,17,15,12,8,15,16,42,147,60,29
42204720115,4,Ê|ëÅés,ëΩó«å©í¨âªâÆëÂìá,0,,,849,40,36,26,41,32,41,58,40,53,65,63,58,49,73,60,102,500,247,114,394,23,20,12,19,17,19,33,16,21,34,23,33,22,31,29,55,237,102,42,455,17,16,14,22,15,22,25,24,32,31,40,25,27,42,31,47,263,145,72
422047202,3,Ê|ëÅés,ëΩó«å©í¨ÉVÅ[ÉTÉCÉh,0,,,2740,88,99,108,88,67,59,74,139,166,145,132,122,256,372,413,295,1248,1197,412,1280,38,58,64,42,27,29,43,68,72,68,59,54,99,163,199,160,561,559,197,1460,50,41,44,46,40,30,31,71,94,77,73,68,157,209,214,135,687,638,215
42204720216,4,Ê|ëÅés,ëΩó«å©í¨ÉVÅ[ÉTÉCÉhÉVÅ[ÉTÉCÉhàÍ,0,,,612,32,23,28,18,22,16,13,31,41,36,37,21,41,58,95,83,276,253,100,280,11,15,16,10,9,9,7,17,17,15,18,11,15,24,40,42,128,110,46,332,21,8,12,8,13,7,6,14,24,21,19,10,26,34,55,41,148,143,54
42204720217,4,Ê|ëÅés,ëΩó«å©í¨ÉVÅ[ÉTÉCÉhÉVÅ[ÉTÉCÉhìÒ,0,,,743,18,21,35,33,21,13,16,37,50,59,35,27,62,87,96,74,353,316,133,338,10,12,17,12,9,8,9,20,24,29,16,12,26,32,39,39,165,134,63,405,8,9,18,21,12,5,7,17,26,30,19,15,36,55,57,35,188,182,70
42204720218,4,Ê|ëÅés,ëΩó«å©í¨ÉVÅ[ÉTÉCÉhÉVÅ[ÉTÉCÉhéO,0,,,713,25,30,26,24,17,13,21,37,43,38,36,35,56,97,122,81,320,312,93,336,12,16,16,10,7,4,11,15,18,19,18,18,20,39,63,44,140,152,50,377,13,14,10,14,10,9,10,22,25,19,18,17,36,58,59,37,180,160,43
42204720219,4,Ê|ëÅés,ëΩó«å©í¨ÉVÅ[ÉTÉCÉhÉVÅ[ÉTÉCÉhél,0,,,672,13,25,19,13,7,17,24,34,32,12,24,39,97,130,100,57,299,316,86,326,5,15,15,10,2,8,16,16,13,5,7,13,38,68,57,35,128,163,38,346,8,10,4,3,5,9,8,18,19,7,17,26,59,62,43,22,171,153,48
422047210,2,Ê|ëÅés,ëΩó«å©í¨ìåâÄ,0,,,156,1,4,4,7,8,3,1,3,14,7,18,9,15,15,14,9,85,62,33,78,0,2,3,4,3,3,0,1,6,3,12,5,7,8,6,5,44,29,15,78,1,2,1,3,5,0,1,2,8,4,6,4,8,7,8,4,41,33,18
422047220,2,Ê|ëÅés,ëΩó«å©í¨êºâÄ,0,,,217,9,9,7,5,6,14,9,10,13,14,10,23,29,24,15,25,133,59,20,98,4,4,7,3,1,6,4,4,7,3,4,9,18,12,6,15,59,24,6,119,5,5,0,2,5,8,5,6,6,11,6,14,11,12,9,10,74,35,14
422047230,2,Ê|ëÅés,ëΩó«å©í¨ñÏïõ,0,,,319,9,7,8,16,8,4,17,10,11,19,16,30,40,40,33,24,171,124,51,141,4,3,2,10,1,1,7,4,6,8,8,13,16,26,14,9,74,58,18,178,5,4,6,6,7,3,10,6,5,11,8,17,24,14,19,15,97,66,33
422047240,2,Ê|ëÅés,ëΩó«å©í¨å≥äò,0,,,445,4,9,9,13,7,6,8,12,9,23,15,16,32,46,36,22,141,282,200,197,3,6,3,9,4,3,3,6,4,9,9,8,20,25,19,12,75,110,66,248,1,3,6,4,3,3,5,6,5,14,6,8,12,21,17,10,66,172,134
422047250,2,Ê|ëÅés,ëΩó«å©í¨ñÏêÏì‡,0,,,240,10,12,12,11,11,7,16,10,8,10,19,15,17,18,22,34,124,82,42,108,4,7,6,5,5,5,8,5,1,2,9,8,9,9,12,17,57,34,13,132,6,5,6,6,6,2,8,5,7,8,10,7,8,9,10,17,67,48,29
422047260,2,Ê|ëÅés,ëΩó«å©í¨éRêÏì‡,0,,,111,2,5,4,6,4,1,3,6,3,10,9,6,6,8,19,11,54,46,19,56,2,4,2,2,3,1,3,3,1,4,2,2,6,7,7,8,27,21,7,55,0,1,2,4,1,0,0,3,2,6,7,4,0,1,12,3,27,25,12
422047270,2,Ê|ëÅés,ëΩó«å©í¨ëDí√,0,,,558,18,23,35,34,21,14,17,27,20,40,44,36,47,43,44,76,300,182,95,253,9,10,18,15,11,7,4,13,10,19,19,16,24,21,23,37,138,78,34,305,9,13,17,19,10,7,13,14,10,21,25,20,23,22,21,39,162,104,61
422047280,2,Ê|ëÅés,ëΩó«å©í¨ç≤ê£,0,,,330,6,5,8,7,6,13,11,16,11,18,30,32,20,37,44,19,164,147,66,158,5,4,5,3,1,6,7,5,6,11,10,22,9,19,22,14,80,64,23,172,1,1,3,4,5,7,4,11,5,7,20,10,11,18,22,5,84,83,43
422047290,3,Ê|ëÅés,êXéRí¨åcétñÏ,0,,,525,20,33,34,28,18,15,25,31,21,31,33,41,53,31,24,87,296,142,87,233,8,18,21,13,8,8,12,13,8,18,12,13,26,23,11,47,131,55,21,292,12,15,13,15,10,7,13,18,13,13,21,28,27,8,13,40,165,87,66
42204729001,4,Ê|ëÅés,êXéRí¨åcétñÏ,0,,,148,4,8,13,5,4,3,6,5,9,6,12,14,16,11,8,25,80,43,24,73,1,5,8,3,3,3,3,2,4,4,6,5,7,10,4,14,40,19,5,75,3,3,5,2,1,0,3,3,5,2,6,9,9,1,4,11,40,24,19
42204729002,4,Ê|ëÅés,êXéRí¨åcétñÏ,0,,,194,10,11,9,12,7,5,11,13,2,10,10,11,25,7,9,30,106,58,42,87,5,8,6,5,2,3,6,7,1,5,2,3,14,6,5,19,48,20,9,107,5,3,3,7,5,2,5,6,1,5,8,8,11,1,4,11,58,38,33
42204729003,4,Ê|ëÅés,êXéRí¨åcétñÏ,0,,,183,6,14,12,11,7,7,8,13,10,15,11,16,12,13,7,32,110,41,21,73,2,5,7,5,3,2,3,4,3,9,4,5,5,7,2,14,43,16,7,110,4,9,5,6,4,5,5,9,7,6,7,11,7,6,5,18,67,25,14
422047300,3,Ê|ëÅés,êXéRí¨ñ{ë∫,0,,,698,25,36,38,31,14,16,37,40,32,46,30,51,57,82,64,99,354,245,99,337,15,19,23,12,5,9,14,22,15,23,9,25,26,43,33,57,160,120,44,361,10,17,15,19,9,7,23,18,17,23,21,26,31,39,31,42,194,125,55
42204730001,4,Ê|ëÅés,êXéRí¨ñ{ë∫,0,,,111,4,4,6,4,3,3,5,9,4,6,7,9,4,17,10,14,54,43,16,61,3,2,3,3,2,2,1,7,3,2,3,6,1,9,4,8,30,23,10,50,1,2,3,1,1,1,4,2,1,4,4,3,3,8,6,6,24,20,6
42204730002,4,Ê|ëÅés,êXéRí¨ñ{ë∫,0,,,122,7,4,7,2,1,2,5,5,5,5,5,14,10,13,14,18,54,50,23,57,4,3,5,0,0,1,2,2,2,5,1,6,4,6,8,12,23,22,8,65,3,1,2,2,1,1,3,3,3,0,4,8,6,7,6,6,31,28,15
42204730003,4,Ê|ëÅés,êXéRí¨ñ{ë∫,0,,,176,4,12,10,11,2,3,14,9,9,14,6,15,12,23,13,26,95,55,19,85,2,7,4,6,1,1,6,5,5,6,2,8,5,12,8,13,45,27,7,91,2,5,6,5,1,2,8,4,4,8,4,7,7,11,5,13,50,28,12
42204730004,4,Ê|ëÅés,êXéRí¨ñ{ë∫,0,,,145,3,5,5,7,2,4,7,11,2,11,5,7,22,10,16,13,78,54,28,70,3,3,3,3,0,3,3,6,1,5,2,2,11,6,9,9,36,25,10,75,0,2,2,4,2,1,4,5,1,6,3,5,11,4,7,4,42,29,18
42204730005,4,Ê|ëÅés,êXéRí¨ñ{ë∫,0,,,144,7,11,10,7,6,4,6,6,12,10,7,6,9,19,11,28,73,43,13,64,3,4,8,0,2,2,2,2,4,5,1,3,5,10,4,15,26,23,9,80,4,7,2,7,4,2,4,4,8,5,6,3,4,9,7,13,47,20,4
422047310,3,Ê|ëÅés,êXéRí¨ìcêK,0,,,875,19,28,28,32,30,32,35,34,42,63,73,69,58,93,89,75,468,332,150,426,8,16,18,15,19,18,16,21,21,28,35,34,31,45,40,42,238,146,61,449,11,12,10,17,11,14,19,13,21,35,38,35,27,48,49,33,230,186,89
42204731001,4,Ê|ëÅés,êXéRí¨ìcêK,0,,,82,4,0,1,1,3,1,3,6,0,7,3,4,7,7,15,5,35,42,20,38,2,0,0,0,3,0,1,3,0,5,1,2,4,2,7,2,19,17,8,44,2,0,1,1,0,1,2,3,0,2,2,2,3,5,8,3,16,25,12
42204731002,4,Ê|ëÅés,êXéRí¨ìcêK,0,,,100,0,3,2,3,11,2,1,1,2,7,14,10,6,5,8,5,57,38,25,46,0,1,2,1,5,1,1,1,1,1,7,5,3,2,4,3,26,17,11,54,0,2,0,2,6,1,0,0,1,6,7,5,3,3,4,2,31,21,14
42204731003,4,Ê|ëÅés,êXéRí¨ìcêK,0,,,129,4,3,3,5,3,6,3,2,8,3,14,11,12,15,16,10,67,52,21,68,1,2,3,3,2,5,2,2,5,1,6,5,9,8,7,6,40,22,7,61,3,1,0,2,1,1,1,0,3,2,8,6,3,7,9,4,27,30,14
42204731004,4,Ê|ëÅés,êXéRí¨ìcêK,0,,,184,3,11,11,13,2,5,12,8,12,15,17,11,8,17,10,25,103,56,29,82,2,7,7,7,1,1,4,6,5,6,7,5,4,7,2,16,46,20,11,102,1,4,4,6,1,4,8,2,7,9,10,6,4,10,8,9,57,36,18
42204731005,4,Ê|ëÅés,êXéRí¨ìcêK,0,,,150,6,7,5,1,3,8,9,8,7,9,9,14,9,15,16,18,77,55,24,81,3,5,3,1,3,6,4,3,3,5,6,6,3,10,8,11,40,30,12,69,3,2,2,0,0,2,5,5,4,4,3,8,6,5,8,7,37,25,12
42204731006,4,Ê|ëÅés,êXéRí¨ìcêK,0,,,134,0,2,4,9,5,5,2,3,6,19,7,14,5,16,17,6,75,53,20,64,0,0,2,3,4,3,1,3,3,8,3,9,2,7,7,2,39,23,9,70,0,2,2,6,1,2,1,0,3,11,4,5,3,9,10,4,36,30,11
42204731007,4,Ê|ëÅés,êXéRí¨ìcêK,0,,,96,2,2,2,0,3,5,5,6,7,3,9,5,11,18,7,6,54,36,11,47,0,1,1,0,1,2,3,3,4,2,5,2,6,9,5,2,28,17,3,49,2,1,1,0,2,3,2,3,3,1,4,3,5,9,2,4,26,19,8
422047320,3,Ê|ëÅés,êXéRí¨êôíJ,0,,,800,43,29,41,23,22,40,41,40,46,52,49,56,63,56,46,113,432,255,153,369,21,18,22,15,10,19,22,22,22,24,27,20,36,25,16,61,217,91,50,431,22,11,19,8,12,21,19,18,24,28,22,36,27,31,30,52,215,164,103
42204732001,4,Ê|ëÅés,êXéRí¨êôíJ,0,,,121,8,6,2,2,3,9,7,9,7,3,10,9,11,10,3,16,70,35,22,60,4,5,1,2,3,5,3,4,5,0,3,5,7,3,2,10,37,13,8,61,4,1,1,0,0,4,4,5,2,3,7,4,4,7,1,6,33,22,14
42204732002,4,Ê|ëÅés,êXéRí¨êôíJ,0,,,180,16,5,7,4,7,18,16,12,14,8,7,12,14,10,9,28,112,40,21,81,7,4,5,3,2,7,9,6,5,4,5,3,6,5,3,16,50,15,7,99,9,1,2,1,5,11,7,6,9,4,2,9,8,5,6,12,62,25,14
42204732003,4,Ê|ëÅés,êXéRí¨êôíJ,0,,,173,7,4,5,4,1,2,8,6,9,9,7,5,12,16,13,16,63,94,65,73,5,2,1,3,0,1,5,5,4,7,4,1,6,7,5,8,36,29,17,100,2,2,4,1,1,1,3,1,5,2,3,4,6,9,8,8,27,65,48
42204732004,4,Ê|ëÅés,êXéRí¨êôíJ,0,,,135,2,3,13,4,9,4,6,4,8,16,8,12,13,11,8,18,84,33,14,66,1,0,7,4,5,3,4,3,3,6,5,4,7,6,3,8,44,14,5,69,1,3,6,0,4,1,2,1,5,10,3,8,6,5,5,10,40,19,9
42204732005,4,Ê|ëÅés,êXéRí¨êôíJ,0,,,108,9,6,6,5,1,5,2,9,5,6,13,9,8,6,3,21,63,24,15,49,3,4,4,2,0,2,0,4,3,3,8,2,6,3,1,11,30,8,4,59,6,2,2,3,1,3,2,5,2,3,5,7,2,3,2,10,33,16,11
42204732006,4,Ê|ëÅés,êXéRí¨êôíJ,0,,,83,1,5,8,4,1,2,2,0,3,10,4,9,5,3,10,14,40,29,16,40,1,3,4,1,0,1,1,0,2,4,2,5,4,1,2,8,20,12,9,43,0,2,4,3,1,1,1,0,1,6,2,4,1,2,8,6,20,17,7
422047330,3,Ê|ëÅés,í¨íöéöÉRÅ[Éh7330ÇÃåv,0,,,1038,34,35,45,31,34,26,38,45,49,57,36,69,81,86,76,114,466,458,296,433,19,20,21,16,20,19,16,18,26,32,11,33,36,38,37,60,227,146,71,605,15,15,24,15,14,7,22,27,23,25,25,36,45,48,39,54,239,312,225
42204733001,4,Ê|ëÅés,êXéRí¨ìÇî‰ñk,0,,,213,13,6,13,8,13,18,15,8,10,16,7,15,19,18,16,32,129,52,18,110,8,6,7,6,9,14,7,3,4,8,3,9,6,7,7,21,69,20,6,103,5,0,6,2,4,4,8,5,6,8,4,6,13,11,9,11,60,32,12
42204733002,4,Ê|ëÅés,êXéRí¨ìÇî‰ìå,0,,,129,3,5,3,5,6,0,4,6,6,10,10,13,17,7,13,11,77,41,21,55,3,1,0,2,1,0,2,2,4,6,2,9,8,4,5,4,36,15,6,74,0,4,3,3,5,0,2,4,2,4,8,4,9,3,8,7,41,26,15
42204733003,4,Ê|ëÅés,êXéRí¨ìÇî‰êº,0,,,127,6,5,1,2,3,2,6,10,6,2,4,15,14,13,9,12,64,51,29,55,2,2,1,1,3,1,2,3,5,0,1,6,7,7,3,5,29,21,11,72,4,3,0,1,0,1,4,7,1,2,3,9,7,6,6,7,35,30,18
42204733004,4,Ê|ëÅés,êXéRí¨ìÇî‰ìå,0,,,171,7,6,15,6,6,1,7,12,12,14,8,12,11,22,13,28,89,54,19,79,3,5,8,3,4,0,3,4,5,11,2,4,5,8,7,16,41,22,7,92,4,1,7,3,2,1,4,8,7,3,6,8,6,14,6,12,48,32,12
42204733005,4,Ê|ëÅés,êXéRí¨ìÇî‰êº,0,,,268,5,9,6,2,5,2,2,8,8,7,4,6,14,20,14,20,58,190,156,89,3,4,1,1,2,2,0,5,5,3,2,2,7,8,8,8,29,52,36,179,2,5,5,1,3,0,2,3,3,4,2,4,7,12,6,12,29,138,120
42204733006,4,Ê|ëÅés,êXéRí¨ìÇî‰ìå,0,,,81,0,4,7,8,1,3,4,1,7,8,3,8,6,5,9,11,49,21,7,39,0,2,4,3,1,2,2,1,3,4,1,3,3,3,5,6,23,10,2,42,0,2,3,5,0,1,2,0,4,4,2,5,3,2,4,5,26,11,5
42204733007,4,Ê|ëÅés,êXéRí¨ìÇî‰êº,0,,,49,0,0,0,0,0,0,0,0,0,0,0,0,0,1,2,0,0,49,46,6,0,0,0,0,0,0,0,0,0,0,0,0,0,1,2,0,0,6,3,43,0,0,0,0,0,0,0,0,0,0,0,0,0,0,0,0,0,43,43
422047340,3,Ê|ëÅés,êXéRí¨è„à‰ñ¥ìc,0,,,487,15,28,18,29,17,13,10,24,22,29,37,36,30,44,49,61,247,179,86,222,11,12,10,15,7,6,4,9,9,12,19,19,15,21,27,33,115,74,26,265,4,16,8,14,10,7,6,15,13,17,18,17,15,23,22,28,132,105,60
42204734001,4,Ê|ëÅés,êXéRí¨è„à‰ñ¥ìc,0,,,175,7,18,8,13,7,4,5,14,12,11,10,11,9,10,14,33,96,46,22,81,6,9,5,4,3,3,2,6,5,3,6,4,7,3,8,20,43,18,7,94,1,9,3,9,4,1,3,8,7,8,4,7,2,7,6,13,53,28,15
42204734002,4,Ê|ëÅés,êXéRí¨è„à‰ñ¥ìc,0,,,112,4,4,1,5,4,4,3,6,4,6,8,10,7,13,13,9,57,46,20,53,2,2,1,4,2,1,1,2,2,2,3,8,1,8,9,5,26,22,5,59,2,2,0,1,2,3,2,4,2,4,5,2,6,5,4,4,31,24,15
42204734003,4,Ê|ëÅés,êXéRí¨è„à‰ñ¥ìc,0,,,93,4,4,5,4,3,1,2,3,3,5,8,5,3,8,13,13,37,43,22,36,3,0,2,1,1,0,1,1,1,4,4,3,0,4,5,5,16,15,6,57,1,4,3,3,2,1,1,2,2,1,4,2,3,4,8,8,21,28,16
42204734004,4,Ê|ëÅés,êXéRí¨è„à‰ñ¥ìc,0,,,107,0,2,4,7,3,4,0,1,3,7,11,10,11,13,9,6,57,44,22,52,0,1,2,6,1,2,0,0,1,3,6,4,7,6,5,3,30,19,8,55,0,1,2,1,2,2,0,1,2,4,5,6,4,7,4,3,27,25,14
422047350,3,Ê|ëÅés,êXéRí¨â∫à‰ñ¥ìc,0,,,671,22,27,23,28,18,18,24,23,34,34,42,59,62,67,59,72,342,257,131,324,10,15,13,13,7,9,12,13,18,19,17,29,38,32,31,38,175,111,48,347,12,12,10,15,11,9,12,10,16,15,25,30,24,35,28,34,167,146,83
42204735001,4,Ê|ëÅés,êXéRí¨â∫à‰ñ¥ìc,0,,,77,3,4,0,5,1,2,1,3,5,5,1,8,7,8,12,7,38,32,12,35,2,2,0,2,0,0,1,1,2,3,1,2,5,4,6,4,17,14,4,42,1,2,0,3,1,2,0,2,3,2,0,6,2,4,6,3,21,18,8
42204735002,4,Ê|ëÅés,êXéRí¨â∫à‰ñ¥ìc,0,,,106,2,3,4,6,2,3,4,1,7,8,11,6,8,12,10,9,56,41,19,47,1,0,2,1,1,0,2,1,4,5,8,2,4,4,6,3,28,16,6,59,1,3,2,5,1,3,2,0,3,3,3,4,4,8,4,6,28,25,13
42204735003,4,Ê|ëÅés,êXéRí¨â∫à‰ñ¥ìc,0,,,120,8,11,5,4,6,6,6,7,7,3,11,7,2,13,8,24,59,37,16,65,4,8,5,2,4,4,3,5,2,2,4,3,2,6,5,17,31,17,6,55,4,3,0,2,2,2,3,2,5,1,7,4,0,7,3,7,28,20,10
42204735004,4,Ê|ëÅés,êXéRí¨â∫à‰ñ¥ìc,0,,,91,2,3,5,3,0,1,1,4,4,6,2,8,11,8,10,10,40,41,23,46,2,1,2,3,0,1,0,3,2,3,0,6,8,5,4,5,26,15,6,45,0,2,3,0,0,0,1,1,2,3,2,2,3,3,6,5,14,26,17
42204735005,4,Ê|ëÅés,êXéRí¨â∫à‰ñ¥ìc,0,,,128,2,2,3,5,4,3,4,3,5,6,5,15,17,10,12,7,67,54,32,61,1,1,2,1,1,2,2,1,4,3,1,7,9,6,6,4,31,26,14,67,1,1,1,4,3,1,2,2,1,3,4,8,8,4,6,3,36,28,18
42204735006,4,Ê|ëÅés,êXéRí¨â∫à‰ñ¥ìc,0,,,149,5,4,6,5,5,3,8,5,6,6,12,15,17,16,7,15,82,52,29,70,0,3,2,4,1,2,4,2,4,3,3,9,10,7,4,5,42,23,12,79,5,1,4,1,4,1,4,3,2,3,9,6,7,9,3,10,40,29,17
422047360,2,Ê|ëÅés,î—ê∑í¨å„ìc,0,,,673,32,32,26,19,13,11,29,34,32,35,37,40,46,76,47,90,296,287,164,291,17,14,10,10,4,6,12,19,19,13,22,18,22,37,25,41,145,105,43,382,15,18,16,9,9,5,17,15,13,22,15,22,24,39,22,49,151,182,121
422047370,2,Ê|ëÅés,î—ê∑í¨å„ìcèMí√,0,,,300,3,1,7,10,5,6,9,7,15,9,18,26,29,30,31,11,134,155,94,129,2,1,4,2,2,3,8,4,8,4,9,13,11,15,13,7,64,58,30,171,1,0,3,8,3,3,1,3,7,5,9,13,18,15,18,4,70,97,64
422047380,2,Ê|ëÅés,î—ê∑í¨â∫äò,0,,,374,3,10,17,8,10,12,10,18,18,11,24,32,34,41,33,30,177,167,93,177,2,3,5,2,5,7,4,9,12,3,13,20,20,17,20,10,95,72,35,197,1,7,12,6,5,5,6,9,6,8,11,12,14,24,13,20,82,95,58
422047390,2,Ê|ëÅés,î—ê∑í¨ãvï€,0,,,160,7,7,3,12,4,9,4,7,5,9,8,15,15,17,11,17,88,55,27,80,2,6,3,5,2,6,2,3,2,3,4,7,11,10,3,11,45,24,11,80,5,1,0,7,2,3,2,4,3,6,4,8,4,7,8,6,43,31,16
422047400,2,Ê|ëÅés,î—ê∑í¨ç≤ìc,0,,,419,13,23,16,23,14,14,21,32,20,18,29,39,40,48,32,52,250,117,37,191,8,9,7,8,7,3,9,16,9,10,16,19,19,22,15,24,116,51,14,228,5,14,9,15,7,11,12,16,11,8,13,20,21,26,17,28,134,66,23
422047410,2,Ê|ëÅés,î—ê∑í¨äJÅ@è¨ìá,0,,,601,24,22,27,23,29,17,17,28,31,56,32,30,35,57,82,73,298,230,91,276,14,13,13,8,11,9,8,15,13,27,17,9,16,25,40,40,133,103,38,325,10,9,14,15,18,8,9,13,18,29,15,21,19,32,42,33,165,127,53
422047420,2,Ê|ëÅés,î—ê∑í¨ïΩå√èÍ,0,,,787,43,44,50,50,24,29,49,40,46,57,65,38,43,53,72,137,441,209,84,399,25,30,26,26,9,15,26,19,20,37,28,22,20,29,34,81,222,96,33,388,18,14,24,24,15,14,23,21,26,20,37,16,23,24,38,56,219,113,51
422047430,2,Ê|ëÅés,î—ê∑í¨ñÏíÜÅ@êŒå¥,0,,,381,33,28,24,18,7,10,25,24,30,22,15,29,25,35,19,85,205,91,37,184,18,14,13,8,2,6,11,11,12,14,7,15,14,17,11,45,100,39,11,197,15,14,11,10,5,4,14,13,18,8,8,14,11,18,8,40,105,52,26
422047440,2,Ê|ëÅés,î—ê∑í¨éRå˚,0,,,420,8,14,21,15,11,16,15,20,21,29,15,33,33,59,25,43,208,169,85,207,1,7,12,6,7,7,13,9,11,14,8,18,12,34,12,20,105,82,36,213,7,7,9,9,4,9,2,11,10,15,7,15,21,25,13,23,103,87,49
422047450,2,Ê|ëÅés,î—ê∑í¨äJ,0,,,732,49,35,35,30,34,36,40,45,53,41,58,37,52,56,46,119,426,187,85,358,28,13,21,17,18,18,17,22,26,18,26,16,28,30,20,62,206,90,40,374,21,22,14,13,16,18,23,23,27,23,32,21,24,26,26,57,220,97,45
422047460,2,Ê|ëÅés,î—ê∑í¨è„å¥,0,,,399,13,18,24,19,18,18,17,15,25,26,26,33,34,29,24,55,231,113,60,202,9,12,14,10,9,7,8,12,8,12,16,16,19,14,12,35,117,50,24,197,4,6,10,9,9,11,9,3,17,14,10,17,15,15,12,20,114,63,36
422047470,2,Ê|ëÅés,î—ê∑í¨írâ∫,0,,,255,9,3,2,7,12,13,5,7,5,10,14,30,26,22,24,14,129,112,66,119,6,2,0,4,6,3,3,6,3,3,5,17,16,12,11,8,66,45,22,136,3,1,2,3,6,10,2,1,2,7,9,13,10,10,13,6,63,67,44
422047480,2,Ê|ëÅés,î—ê∑í¨ó¢Å@ê¥êÖ,0,,,441,21,26,23,14,23,13,18,32,24,16,35,34,32,45,24,70,241,130,61,218,16,13,12,10,9,7,9,16,10,9,20,17,14,23,12,41,121,56,21,223,5,13,11,4,14,6,9,16,14,7,15,17,18,22,12,29,120,74,40
422047490,2,Ê|ëÅés,î—ê∑í¨ó¢Å@éõïΩ,0,,,252,11,7,6,11,8,8,9,11,13,15,23,22,24,19,20,24,144,84,45,118,5,5,3,2,3,5,3,7,9,6,11,11,10,11,9,13,67,38,18,134,6,2,3,9,5,3,6,4,4,9,12,11,14,8,11,11,77,46,27
422047500,2,Ê|ëÅés,î—ê∑í¨ó¢Å@ìcïΩ,0,,,145,4,3,6,5,4,5,6,5,8,8,9,8,15,12,18,13,73,59,29,69,3,1,5,3,2,5,1,2,5,3,6,3,9,6,9,9,39,21,6,76,1,2,1,2,2,0,5,3,3,5,3,5,6,6,9,4,34,38,23
422047510,2,Ê|ëÅés,î—ê∑í¨êÏâ∫,0,,,181,2,7,8,2,7,6,5,11,7,16,8,9,25,21,15,17,96,68,32,86,2,1,2,1,3,2,2,7,4,8,4,6,12,11,8,5,49,32,13,95,0,6,6,1,4,4,3,4,3,8,4,3,13,10,7,12,47,36,19
422047520,2,Ê|ëÅés,î—ê∑í¨å√èÍ,0,,,246,8,6,11,5,4,6,13,10,13,14,15,26,20,35,19,25,126,95,41,123,4,5,6,0,3,4,5,5,7,10,8,10,11,18,12,15,63,45,15,123,4,1,5,5,1,2,8,5,6,4,7,16,9,17,7,10,63,50,26
422047530,3,Ê|ëÅés,çÇóàí¨ê_í√ëq,0,,,393,8,10,22,20,11,10,14,14,21,24,17,20,34,36,34,40,185,168,98,164,3,6,12,9,6,5,6,4,10,11,7,8,17,19,15,21,83,60,26,229,5,4,10,11,5,5,8,10,11,13,10,12,17,17,19,19,102,108,72
42204753001,4,Ê|ëÅés,çÇóàí¨ê_í√ëq,1,,753061,393,8,10,22,20,11,10,14,14,21,24,17,20,34,36,34,40,185,168,98,164,3,6,12,9,6,5,6,4,10,11,7,8,17,19,15,21,83,60,26,229,5,4,10,11,5,5,8,10,11,13,10,12,17,17,19,19,102,108,72
42204753060,4,Ê|ëÅés,çÇóàí¨ê_í√ëq,2,761011,,0,0,0,0,0,0,0,0,0,0,0,0,0,0,0,0,0,0,0,0,0,0,0,0,0,0,0,0,0,0,0,0,0,0,0,0,0,0,0,0,0,0,0,0,0,0,0,0,0,0,0,0,0,0,0,0,0,0,0,0
42204753061,4,Ê|ëÅés,çÇóàí¨ê_í√ëq,2,753001,,0,0,0,0,0,0,0,0,0,0,0,0,0,0,0,0,0,0,0,0,0,0,0,0,0,0,0,0,0,0,0,0,0,0,0,0,0,0,0,0,0,0,0,0,0,0,0,0,0,0,0,0,0,0,0,0,0,0,0,0
422047540,3,Ê|ëÅés,çÇóàí¨éOïîàÎ,0,,,623,15,25,29,26,26,29,23,27,41,54,39,49,37,43,43,69,351,203,117,313,8,15,20,17,11,14,14,14,20,28,22,23,14,25,20,43,177,93,48,310,7,10,9,9,15,15,9,13,21,26,17,26,23,18,23,26,174,110,69
42204754002,4,Ê|ëÅés,çÇóàí¨éOïîàÎ,0,,,205,3,10,13,9,8,10,5,9,15,14,10,15,16,20,12,26,111,68,36,109,0,7,10,8,4,6,4,3,8,4,6,9,6,13,6,17,58,34,15,96,3,3,3,1,4,4,1,6,7,10,4,6,10,7,6,9,53,34,21
42204754003,4,Ê|ëÅés,çÇóàí¨éOïîàÎ,0,,,109,3,3,3,4,2,3,5,2,4,8,5,6,7,10,11,9,46,54,33,49,2,2,2,0,1,0,3,1,3,5,2,3,3,5,3,6,21,22,14,60,1,1,1,4,1,3,2,1,1,3,3,3,4,5,8,3,25,32,19
42204754004,4,Ê|ëÅés,çÇóàí¨éOïîàÎ,0,,,309,9,12,13,13,16,16,13,16,22,32,24,28,14,13,20,34,194,81,48,155,6,6,8,9,6,8,7,10,9,19,14,11,5,7,11,20,98,37,19,154,3,6,5,4,10,8,6,6,13,13,10,17,9,6,9,14,96,44,29
422047550,3,Ê|ëÅés,çÇóàí¨ó¢,0,,,307,14,17,24,11,14,8,14,17,22,19,15,17,23,30,31,55,160,92,31,139,7,8,8,5,9,4,7,6,9,9,7,7,9,18,17,23,72,44,9,168,7,9,16,6,5,4,7,11,13,10,8,10,14,12,14,32,88,48,22
42204755004,4,Ê|ëÅés,çÇóàí¨ó¢,0,,,30,1,0,4,0,2,0,1,0,3,1,1,3,3,4,5,5,14,11,2,13,1,0,2,0,0,0,0,0,2,0,1,1,2,1,3,3,6,4,0,17,0,0,2,0,2,0,1,0,1,1,0,2,1,3,2,2,8,7,2
42204755005,4,Ê|ëÅés,çÇóàí¨ó¢,0,,,277,13,17,20,11,12,8,13,17,19,18,14,14,20,26,26,50,146,81,29,126,6,8,6,5,9,4,7,6,7,9,6,6,7,17,14,20,66,40,9,151,7,9,14,6,3,4,6,11,12,9,8,8,13,9,12,30,80,41,20
422047560,3,Ê|ëÅés,çÇóàí¨í¨ñº,0,,,323,10,13,13,15,13,8,14,14,14,26,27,31,23,24,29,36,185,102,49,144,5,9,5,7,5,5,6,7,6,9,13,14,9,14,11,19,81,44,19,179,5,4,8,8,8,3,8,7,8,17,14,17,14,10,18,17,104,58,30
42204756005,4,Ê|ëÅés,çÇóàí¨í¨ñº,0,,,72,5,5,2,0,1,1,8,3,2,2,3,8,9,3,7,12,37,23,13,34,3,5,2,0,1,0,3,2,0,0,2,2,4,1,3,10,14,10,6,38,2,0,0,0,0,1,5,1,2,2,1,6,5,2,4,2,23,13,7
42204756006,4,Ê|ëÅés,çÇóàí¨í¨ñº,0,,,251,5,8,11,15,12,7,6,11,12,24,24,23,14,21,22,24,148,79,36,110,2,4,3,7,4,5,3,5,6,9,11,12,5,13,8,9,67,34,13,141,3,4,8,8,8,2,3,6,6,15,13,11,9,8,14,15,81,45,23
422047570,3,Ê|ëÅés,çÇóàí¨ñ@êÏ,0,,,178,8,7,1,6,1,6,10,8,10,7,6,12,15,26,20,16,81,81,35,92,4,3,1,3,1,3,7,6,7,3,2,6,9,10,11,8,47,37,16,86,4,4,0,3,0,3,3,2,3,4,4,6,6,16,9,8,34,44,19
42204757006,4,Ê|ëÅés,çÇóàí¨ñ@êÏ,0,,,38,3,5,1,1,1,3,0,2,3,1,0,5,0,1,4,9,16,13,8,19,2,2,1,0,1,2,0,1,2,0,0,2,0,0,2,5,8,6,4,19,1,3,0,1,0,1,0,1,1,1,0,3,0,1,2,4,8,7,4
42204757007,4,Ê|ëÅés,çÇóàí¨ñ@êÏ,0,,,140,5,2,0,5,0,3,10,6,7,6,6,7,15,25,16,7,65,68,27,73,2,1,0,3,0,1,7,5,5,3,2,4,9,10,9,3,39,31,12,67,3,1,0,2,0,2,3,1,2,3,4,3,6,15,7,4,26,37,15
422047580,3,Ê|ëÅés,çÇóàí¨çïçË,0,,,472,16,25,15,20,14,8,19,25,25,24,32,22,32,55,48,56,221,195,92,228,8,15,8,10,5,3,11,13,13,12,18,8,17,23,24,31,110,87,40,244,8,10,7,10,9,5,8,12,12,12,14,14,15,32,24,25,111,108,52
42204758007,4,Ê|ëÅés,çÇóàí¨çïçË,0,,,171,2,7,6,11,4,0,4,7,6,4,14,9,13,18,14,15,72,84,52,83,1,4,3,6,3,0,2,2,4,1,9,4,8,7,7,8,39,36,22,88,1,3,3,5,1,0,2,5,2,3,5,5,5,11,7,7,33,48,30
42204758008,4,Ê|ëÅés,çÇóàí¨çïçË,0,,,301,14,18,9,9,10,8,15,18,19,20,18,13,19,37,34,41,149,111,40,145,7,11,5,4,2,3,9,11,9,11,9,4,9,16,17,23,71,51,18,156,7,7,4,5,8,5,6,7,10,9,9,9,10,21,17,18,78,60,22
422047590,3,Ê|ëÅés,çÇóàí¨è¨ïÙ,0,,,404,14,15,13,17,15,13,12,21,25,17,27,35,51,39,41,42,233,129,49,204,6,9,7,12,7,6,8,12,13,6,10,20,26,20,21,22,120,62,21,200,8,6,6,5,8,7,4,9,12,11,17,15,25,19,20,20,113,67,28
42204759008,4,Ê|ëÅés,çÇóàí¨è¨ïÙ,0,,,21,0,0,1,2,1,1,1,3,0,0,0,3,2,3,2,1,13,7,2,9,0,0,1,0,0,1,0,2,0,0,0,1,1,1,1,1,5,3,1,12,0,0,0,2,1,0,1,1,0,0,0,2,1,2,1,0,8,4,1
42204759009,4,Ê|ëÅés,çÇóàí¨è¨ïÙ,0,,,383,14,15,12,15,14,12,11,18,25,17,27,32,49,36,39,41,220,122,47,195,6,9,6,12,7,5,8,10,13,6,10,19,25,19,20,21,115,59,20,188,8,6,6,3,7,7,3,8,12,11,17,13,24,17,19,20,105,63,27
422047600,2,Ê|ëÅés,çÇóàí¨ëPèZéõ,0,,,154,5,11,5,3,2,4,5,9,7,2,9,11,22,15,14,21,74,59,30,73,2,6,1,2,1,1,4,3,5,1,4,2,11,9,8,9,34,30,13,81,3,5,4,1,1,3,1,6,2,1,5,9,11,6,6,12,40,29,17
422047610,3,Ê|ëÅés,çÇóàí¨ìåïΩå¥,0,,,647,20,16,24,23,29,25,14,27,31,45,32,47,55,50,51,60,328,259,158,290,10,6,12,9,9,15,4,13,14,23,16,20,28,25,30,28,151,111,56,357,10,10,12,14,20,10,10,14,17,22,16,27,27,25,21,32,177,148,102
42204761006,4,Ê|ëÅés,çÇóàí¨ìåïΩå¥,2,761011,,0,0,0,0,0,0,0,0,0,0,0,0,0,0,0,0,0,0,0,0,0,0,0,0,0,0,0,0,0,0,0,0,0,0,0,0,0,0,0,0,0,0,0,0,0,0,0,0,0,0,0,0,0,0,0,0,0,0,0,0
42204761011,4,Ê|ëÅés,çÇóàí¨ìåïΩå¥,1,,753060;761006,411,15,12,20,10,15,15,9,18,21,24,18,30,34,31,31,47,194,170,108,193,7,5,10,4,5,12,2,7,8,13,12,10,19,18,18,22,92,79,43,218,8,7,10,6,10,3,7,11,13,11,6,20,15,13,13,25,102,91,65
42204761012,4,Ê|ëÅés,çÇóàí¨ìåïΩå¥,0,,,236,5,4,4,13,14,10,5,9,10,21,14,17,21,19,20,13,134,89,50,97,3,1,2,5,4,3,2,6,6,10,4,10,9,7,12,6,59,32,13,139,2,3,2,8,10,7,3,3,4,11,10,7,12,12,8,7,75,57,37
422047620,2,Ê|ëÅés,çÇóàí¨êÖÉmâY,0,,,121,5,6,4,4,5,6,3,7,6,9,5,7,9,5,6,15,61,45,34,57,1,5,3,2,1,3,1,6,1,4,3,3,6,2,3,9,30,18,13,64,4,1,1,2,4,3,2,1,5,5,2,4,3,3,3,6,31,27,21
422047630,3,Ê|ëÅés,çÇóàí¨çaå˚,0,,,549,26,19,22,11,20,38,30,27,35,38,21,33,40,49,46,67,293,189,94,250,15,11,13,6,9,18,11,16,15,15,10,15,15,27,18,39,130,81,36,299,11,8,9,5,11,20,19,11,20,23,11,18,25,22,28,28,163,108,58
42204763014,4,Ê|ëÅés,çÇóàí¨çaå˚,0,,,166,8,11,6,3,6,13,3,8,12,16,4,9,10,16,14,25,84,57,27,72,6,6,3,2,3,4,2,5,4,6,1,5,2,7,5,15,34,23,11,94,2,5,3,1,3,9,1,3,8,10,3,4,8,9,9,10,50,34,16
42204763015,4,Ê|ëÅés,çÇóàí¨çaå˚,0,,,194,10,6,9,3,8,19,15,15,12,13,6,12,13,16,17,25,116,53,20,89,4,3,4,1,2,9,6,9,7,4,3,4,7,11,7,11,52,26,8,105,6,3,5,2,6,10,9,6,5,9,3,8,6,5,10,14,64,27,12
42204763016,4,Ê|ëÅés,çÇóàí¨çaå˚,0,,,147,7,2,7,5,3,4,11,3,9,9,7,9,13,11,9,16,73,58,38,73,4,2,6,3,3,4,2,2,4,5,5,4,5,6,4,12,37,24,14,74,3,0,1,2,0,0,9,1,5,4,2,5,8,5,5,4,36,34,24
42204763017,4,Ê|ëÅés,çÇóàí¨çaå˚,0,,,20,1,0,0,0,3,1,1,1,2,0,3,1,1,3,1,1,13,6,2,8,1,0,0,0,1,0,1,0,0,0,1,1,0,1,1,1,4,3,1,12,0,0,0,0,2,1,0,1,2,0,2,0,1,2,0,0,9,3,1
42204763018,4,Ê|ëÅés,çÇóàí¨çaå˚,0,,,22,0,0,0,0,0,1,0,0,0,0,1,2,3,3,5,0,7,15,7,8,0,0,0,0,0,1,0,0,0,0,0,1,1,2,1,0,3,5,2,14,0,0,0,0,0,0,0,0,0,0,1,1,2,1,4,0,4,10,5
422047640,3,Ê|ëÅés,çÇóàí¨éRìπ,0,,,202,5,6,11,5,7,5,9,8,14,13,12,15,18,17,9,22,106,74,48,89,1,2,4,4,3,3,4,3,6,9,5,7,8,8,2,7,52,30,20,113,4,4,7,1,4,2,5,5,8,4,7,8,10,9,7,15,54,44,28
42204764013,4,Ê|ëÅés,çÇóàí¨éRìπ,0,,,14,0,0,0,1,0,0,0,0,1,3,1,2,0,3,1,0,8,6,2,9,0,0,0,1,0,0,0,0,1,2,1,1,0,2,0,0,6,3,1,5,0,0,0,0,0,0,0,0,0,1,0,1,0,1,1,0,2,3,1
42204764016,4,Ê|ëÅés,çÇóàí¨éRìπ,0,,,109,2,3,8,4,1,4,6,4,9,5,6,7,10,9,5,13,56,40,26,50,1,0,4,3,0,3,4,1,4,4,3,2,5,4,1,5,29,16,11,59,1,3,4,1,1,1,2,3,5,1,3,5,5,5,4,8,27,24,15
42204764017,4,Ê|ëÅés,çÇóàí¨éRìπ,0,,,27,1,0,0,0,1,1,0,1,0,2,2,1,6,1,0,1,14,12,11,11,0,0,0,0,0,0,0,0,0,2,0,1,3,1,0,0,6,5,4,16,1,0,0,0,1,1,0,1,0,0,2,0,3,0,0,1,8,7,7
42204764024,4,Ê|ëÅés,çÇóàí¨éRìπ,0,,,52,2,3,3,0,5,0,3,3,4,3,3,5,2,4,3,8,28,16,9,19,0,2,0,0,3,0,0,2,1,1,1,3,0,1,1,2,11,6,4,33,2,1,3,0,2,0,3,1,3,2,2,2,2,3,2,6,17,10,5
422047650,3,Ê|ëÅés,çÇóàí¨ãÇêÖ,0,,,376,15,14,19,17,9,15,22,20,28,27,12,19,40,39,26,48,209,118,53,189,7,10,10,11,5,9,10,10,17,14,7,8,16,20,18,27,107,54,16,187,8,4,9,6,4,6,12,10,11,13,5,11,24,19,8,21,102,64,37
42204765017,4,Ê|ëÅés,çÇóàí¨ãÇêÖ,0,,,160,6,8,10,8,5,8,11,8,14,10,7,12,14,11,8,24,97,39,20,84,3,7,6,6,2,6,4,4,8,4,4,5,6,6,5,16,49,19,8,76,3,1,4,2,3,2,7,4,6,6,3,7,8,5,3,8,48,20,12
42204765018,4,Ê|ëÅés,çÇóàí¨ãÇêÖ,1,,765019,176,9,6,9,8,3,7,10,10,11,13,5,6,22,20,15,24,95,57,22,89,4,3,4,4,3,3,5,4,8,8,3,3,9,12,11,11,50,28,5,87,5,3,5,4,0,4,5,6,3,5,2,3,13,8,4,13,45,29,17
42204765019,4,Ê|ëÅés,çÇóàí¨ãÇêÖ,2,765018,,0,0,0,0,0,0,0,0,0,0,0,0,0,0,0,0,0,0,0,0,0,0,0,0,0,0,0,0,0,0,0,0,0,0,0,0,0,0,0,0,0,0,0,0,0,0,0,0,0,0,0,0,0,0,0,0,0,0,0,0
42204765047,4,Ê|ëÅés,çÇóàí¨ãÇêÖ,0,,,40,0,0,0,1,1,0,1,2,3,4,0,1,4,8,3,0,17,22,11,16,0,0,0,1,0,0,1,2,1,2,0,0,1,2,2,0,8,7,3,24,0,0,0,0,1,0,0,0,2,2,0,1,3,6,1,0,9,15,8
422047660,3,Ê|ëÅés,çÇóàí¨ç‚å≥,0,,,238,5,13,17,9,4,8,9,15,13,24,12,13,24,18,19,35,131,72,35,115,5,4,9,6,3,3,5,8,9,11,7,6,12,8,10,18,70,27,9,123,0,9,8,3,1,5,4,7,4,13,5,7,12,10,9,17,61,45,26
42204766019,4,Ê|ëÅés,çÇóàí¨ç‚å≥,0,,,216,5,13,16,7,4,8,9,14,12,23,9,12,22,15,18,34,120,62,29,105,5,4,8,5,3,3,5,8,9,10,5,5,11,7,9,17,64,24,8,111,0,9,8,2,1,5,4,6,3,13,4,7,11,8,9,17,56,38,21
42204766021,4,Ê|ëÅés,çÇóàí¨ç‚å≥,0,,,22,0,0,1,2,0,0,0,1,1,1,3,1,2,3,1,1,11,10,6,10,0,0,1,1,0,0,0,0,0,1,2,1,1,1,1,1,6,3,1,12,0,0,0,1,0,0,0,1,1,0,1,0,1,2,0,0,5,7,5
422047670,3,Ê|ëÅés,çÇóàí¨çïêVìc,0,,,75,1,1,0,0,1,6,4,3,3,1,5,12,4,13,7,2,39,34,14,44,0,1,0,0,0,4,2,2,1,1,2,7,4,7,5,1,23,20,8,31,1,0,0,0,1,2,2,1,2,0,3,5,0,6,2,1,16,14,6
42204767020,4,Ê|ëÅés,çÇóàí¨çïêVìc,1,,767021,36,1,1,0,0,1,3,0,3,0,1,3,9,2,3,0,2,22,12,9,20,0,1,0,0,0,2,0,2,0,1,1,5,2,1,0,1,13,6,5,16,1,0,0,0,1,1,0,1,0,0,2,4,0,2,0,1,9,6,4
42204767021,4,Ê|ëÅés,çÇóàí¨çïêVìc,2,767020,,0,0,0,0,0,0,0,0,0,0,0,0,0,0,0,0,0,0,0,0,0,0,0,0,0,0,0,0,0,0,0,0,0,0,0,0,0,0,0,0,0,0,0,0,0,0,0,0,0,0,0,0,0,0,0,0,0,0,0,0
42204767063,4,Ê|ëÅés,çÇóàí¨çïêVìc,0,,,39,0,0,0,0,0,3,4,0,3,0,2,3,2,10,7,0,17,22,5,24,0,0,0,0,0,2,2,0,1,0,1,2,2,6,5,0,10,14,3,15,0,0,0,0,0,1,2,0,2,0,1,1,0,4,2,0,7,8,2
422047680,2,Ê|ëÅés,çÇóàí¨êÚ,0,,,161,3,4,8,5,7,5,7,5,11,11,17,13,15,15,11,15,96,50,24,67,1,3,5,3,2,2,3,2,8,4,4,4,6,7,5,9,38,20,8,94,2,1,3,2,5,3,4,3,3,7,13,9,9,8,6,6,58,30,16
422047690,3,Ê|ëÅés,çÇóàí¨ã‡çË,0,,,336,4,15,16,11,16,11,6,14,25,18,22,27,31,26,28,35,181,120,66,161,3,7,7,5,7,9,2,8,11,9,10,12,16,13,12,17,89,55,30,175,1,8,9,6,9,2,4,6,14,9,12,15,15,13,16,18,92,65,36
42204769013,4,Ê|ëÅés,çÇóàí¨ã‡çË,0,,,18,0,0,1,1,4,0,1,0,1,2,3,0,0,2,0,1,12,5,3,5,0,0,0,0,0,0,0,0,0,1,2,0,0,1,0,0,3,2,1,13,0,0,1,1,4,0,1,0,1,1,1,0,0,1,0,1,9,3,2
42204769023,4,Ê|ëÅés,çÇóàí¨ã‡çË,0,,,142,3,10,8,7,5,6,2,8,9,7,11,10,15,12,14,21,80,41,15,71,3,6,2,3,3,5,0,5,3,4,5,5,7,6,7,11,40,20,7,71,0,4,6,4,2,1,2,3,6,3,6,5,8,6,7,10,40,21,8
42204769024,4,Ê|ëÅés,çÇóàí¨ã‡çË,0,,,176,1,5,7,3,7,5,3,6,15,9,8,17,16,12,14,13,89,74,48,85,0,1,5,2,4,4,2,3,8,4,3,7,9,6,5,6,46,33,22,91,1,4,2,1,3,1,1,3,7,5,5,10,7,6,9,7,43,41,26
422047700,3,Ê|ëÅés,çÇóàí¨â∫ó^,0,,,598,24,31,28,27,14,16,22,34,43,54,32,32,39,51,46,83,313,202,105,283,11,18,14,13,5,7,13,13,22,28,17,16,12,30,18,43,146,94,46,315,13,13,14,14,9,9,9,21,21,26,15,16,27,21,28,40,167,108,59
42204770025,4,Ê|ëÅés,çÇóàí¨â∫ó^,0,,,295,8,14,13,14,10,8,8,17,22,21,22,13,20,28,25,35,155,105,52,145,6,6,8,9,3,5,5,5,12,9,11,7,7,16,12,20,73,52,24,150,2,8,5,5,7,3,3,12,10,12,11,6,13,12,13,15,82,53,28
42204770026,4,Ê|ëÅés,çÇóàí¨â∫ó^,0,,,233,16,14,11,10,1,7,12,16,17,22,7,18,14,21,14,41,124,68,33,106,5,9,4,3,0,2,6,8,7,13,4,9,4,13,4,18,56,32,15,127,11,5,7,7,1,5,6,8,10,9,3,9,10,8,10,23,68,36,18
42204770027,4,Ê|ëÅés,çÇóàí¨â∫ó^,0,,,70,0,3,4,3,3,1,2,1,4,11,3,1,5,2,7,7,34,29,20,32,0,3,2,1,2,0,2,0,3,6,2,0,1,1,2,5,17,10,7,38,0,0,2,2,1,1,0,1,1,5,1,1,4,1,5,2,17,19,13
422047710,2,Ê|ëÅés,çÇóàí¨è„ó^,0,,,119,4,4,6,6,4,9,1,5,6,10,7,7,11,8,11,14,66,39,20,59,2,2,4,4,2,4,0,5,3,5,4,2,6,4,4,8,35,16,8,60,2,2,2,2,2,5,1,0,3,5,3,5,5,4,7,6,31,23,12
422047720,3,Ê|ëÅés,çÇóàí¨ïÙ,0,,,617,34,34,33,22,18,36,41,24,39,33,38,42,50,42,46,101,343,173,85,279,18,15,19,9,9,11,21,14,17,18,17,20,25,21,14,52,161,66,31,338,16,19,14,13,9,25,20,10,22,15,21,22,25,21,32,49,182,107,54
42204772028,4,Ê|ëÅés,çÇóàí¨ïÙ,0,,,233,17,13,18,13,3,11,17,11,23,17,12,14,13,11,16,48,134,51,24,103,8,6,11,5,1,1,10,7,9,7,5,6,8,4,3,25,59,19,12,130,9,7,7,8,2,10,7,4,14,10,7,8,5,7,13,23,75,32,12
42204772029,4,Ê|ëÅés,çÇóàí¨ïÙ,0,,,384,17,21,15,9,15,25,24,13,16,16,26,28,37,31,30,53,209,122,61,176,10,9,8,4,8,10,11,7,8,11,12,14,17,17,11,27,102,47,19,208,7,12,7,5,7,15,13,6,8,5,14,14,20,14,19,26,107,75,42
422047730,2,Ê|ëÅés,çÇóàí¨ïΩìc,0,,,118,4,6,6,3,2,3,9,7,3,3,5,12,17,9,7,16,64,38,22,58,1,3,3,1,0,3,6,3,3,2,2,5,8,4,4,7,33,18,10,60,3,3,3,2,2,0,3,4,0,1,3,7,9,5,3,9,31,20,12
422047740,2,Ê|ëÅés,çÇóàí¨ê‹éR,0,,,136,1,0,3,4,2,6,5,6,3,9,5,13,15,19,13,4,68,64,32,69,0,0,3,3,1,4,3,2,1,5,4,6,9,9,8,3,38,28,11,67,1,0,0,1,1,2,2,4,2,4,1,7,6,10,5,1,30,36,21
422047750,2,Ê|ëÅés,çÇóàí¨êºïΩå¥,0,,,244,3,6,4,5,5,14,11,10,7,19,23,30,28,16,25,13,152,79,38,129,1,3,3,4,3,7,5,4,6,10,10,18,15,10,12,7,82,40,18,115,2,3,1,1,2,7,6,6,1,9,13,12,13,6,13,6,70,39,20
422047760,2,Ê|ëÅés,çÇóàí¨êºîˆ,0,,,258,11,8,12,13,7,12,7,10,14,5,12,21,22,16,16,31,123,104,72,126,6,3,4,11,3,7,3,5,7,2,5,11,14,8,9,13,68,45,28,132,5,5,8,2,4,5,4,5,7,3,7,10,8,8,7,18,55,59,44
422047770,3,Ê|ëÅés,çÇóàí¨è¨ëDí√,0,,,253,6,3,8,9,11,10,7,9,15,9,18,26,22,32,17,17,136,100,51,120,3,1,5,4,7,3,5,3,10,5,7,11,10,19,9,9,65,46,18,133,3,2,3,5,4,7,2,6,5,4,11,15,12,13,8,8,71,54,33
42204777034,4,Ê|ëÅés,çÇóàí¨è¨ëDí√,0,,,76,3,1,2,2,3,2,1,3,8,2,6,8,7,8,6,6,42,28,14,35,2,0,2,1,1,0,1,0,6,1,2,4,3,5,2,4,19,12,5,41,1,1,0,1,2,2,0,3,2,1,4,4,4,3,4,2,23,16,9
42204777035,4,Ê|ëÅés,çÇóàí¨è¨ëDí√,1,,783000,177,3,2,6,7,8,8,6,6,7,7,12,18,15,24,11,11,94,72,37,85,1,1,3,3,6,3,4,3,4,4,5,7,7,14,7,5,46,34,13,92,2,1,3,4,2,5,2,3,3,3,7,11,8,10,4,6,48,38,24
422047780,3,Ê|ëÅés,çÇóàí¨å√èÍ,0,,,59,0,2,2,5,1,0,1,1,1,2,7,10,4,3,4,4,32,23,16,23,0,1,1,2,0,0,0,0,0,1,4,6,3,1,1,2,16,5,3,36,0,1,1,3,1,0,1,1,1,1,3,4,1,2,3,2,16,18,13
42204778036,4,Ê|ëÅés,çÇóàí¨å√èÍ,0,,,39,0,2,2,3,0,0,1,1,0,1,4,5,4,3,4,4,19,16,9,16,0,1,1,1,0,0,0,0,0,1,2,3,3,1,1,2,10,4,2,23,0,1,1,2,0,0,1,1,0,0,2,2,1,2,3,2,9,12,7
42204778037,4,Ê|ëÅés,çÇóàí¨å√èÍ,0,,,20,0,0,0,2,1,0,0,0,1,1,3,5,0,0,0,0,13,7,7,7,0,0,0,1,0,0,0,0,0,0,2,3,0,0,0,0,6,1,1,13,0,0,0,1,1,0,0,0,1,1,1,2,0,0,0,0,7,6,6
422047790,3,Ê|ëÅés,çÇóàí¨åöéR,0,,,144,1,2,2,8,5,6,4,12,3,8,8,14,15,14,21,5,83,56,21,63,1,0,1,3,1,2,3,3,2,4,3,8,8,7,10,2,37,24,7,81,0,2,1,5,4,4,1,9,1,4,5,6,7,7,11,3,46,32,14
42204779038,4,Ê|ëÅés,çÇóàí¨åöéR,0,,,103,1,1,2,5,3,3,3,9,3,5,8,12,8,12,12,4,59,40,16,43,1,0,1,1,0,0,2,2,2,2,3,7,4,6,7,2,23,18,5,60,0,1,1,4,3,3,1,7,1,3,5,5,4,6,5,2,36,22,11
42204779040,4,Ê|ëÅés,çÇóàí¨åöéR,0,,,41,0,1,0,3,2,3,1,3,0,3,0,2,7,2,9,1,24,16,5,20,0,0,0,2,1,2,1,1,0,2,0,1,4,1,3,0,14,6,2,21,0,1,0,1,1,1,0,2,0,1,0,1,3,1,6,1,10,10,3
422047800,3,Ê|ëÅés,çÇóàí¨ëDí√,0,,,498,20,25,21,19,16,16,14,29,26,36,27,34,43,46,38,66,260,172,88,251,8,16,11,13,10,9,3,14,14,15,15,17,21,27,22,35,131,85,36,247,12,9,10,6,6,7,11,15,12,21,12,17,22,19,16,31,129,87,52
42204780039,4,Ê|ëÅés,çÇóàí¨ëDí√,0,,,93,4,3,6,3,4,1,1,7,5,9,3,2,8,10,10,13,43,37,17,52,2,2,4,2,1,1,0,4,3,5,2,0,5,4,8,8,23,21,9,41,2,1,2,1,3,0,1,3,2,4,1,2,3,6,2,5,20,16,8
42204780040,4,Ê|ëÅés,çÇóàí¨ëDí√,0,,,38,0,2,0,0,1,4,0,3,2,0,4,3,6,4,1,2,23,13,8,19,0,1,0,0,1,3,0,1,1,0,1,3,1,3,0,1,11,7,4,19,0,1,0,0,0,1,0,2,1,0,3,0,5,1,1,1,12,6,4
42204780041,4,Ê|ëÅés,çÇóàí¨ëDí√,0,,,54,0,0,2,2,1,4,2,0,2,0,6,9,4,7,5,2,30,22,10,30,0,0,0,2,1,2,2,0,0,0,3,6,2,5,3,0,18,12,4,24,0,0,2,0,0,2,0,0,2,0,3,3,2,2,2,2,12,10,6
42204780042,4,Ê|ëÅés,çÇóàí¨ëDí√,0,,,143,6,11,7,3,0,2,4,10,11,7,6,13,11,7,14,24,67,52,31,68,3,7,4,3,0,1,0,5,7,2,4,3,6,5,7,14,31,23,11,75,3,4,3,0,0,1,4,5,4,5,2,10,5,2,7,10,36,29,20
42204780046,4,Ê|ëÅés,çÇóàí¨ëDí√,0,,,170,10,9,6,11,10,5,7,9,6,20,8,7,14,18,8,25,97,48,22,82,3,6,3,6,7,2,1,4,3,8,5,5,7,10,4,12,48,22,8,88,7,3,3,5,3,3,6,5,3,12,3,2,7,8,4,13,49,26,14
422047810,3,Ê|ëÅés,çÇóàí¨ëÂåÀ,0,,,395,12,13,17,14,10,9,15,11,26,27,20,33,26,44,36,42,191,162,82,196,9,7,10,10,4,4,6,4,10,17,10,18,14,22,18,26,97,73,33,199,3,6,7,4,6,5,9,7,16,10,10,15,12,22,18,16,94,89,49
42204781043,4,Ê|ëÅés,çÇóàí¨ëÂåÀ,0,,,241,7,9,10,7,5,9,9,7,17,14,10,22,9,29,29,26,109,106,48,121,5,5,8,5,2,4,3,3,7,9,5,13,3,15,15,18,54,49,19,120,2,4,2,2,3,5,6,4,10,5,5,9,6,14,14,8,55,57,29
42204781044,4,Ê|ëÅés,çÇóàí¨ëÂåÀ,0,,,154,5,4,7,7,5,0,6,4,9,13,10,11,17,15,7,16,82,56,34,75,4,2,2,5,2,0,3,1,3,8,5,5,11,7,3,8,43,24,14,79,1,2,5,2,3,0,3,3,6,5,5,6,6,8,4,8,39,32,20
422047820,3,Ê|ëÅés,çÇóàí¨ïyínåÀ,0,,,338,7,13,10,12,11,17,17,18,20,21,21,18,34,25,34,30,189,119,60,180,4,9,1,8,6,10,12,11,13,10,13,12,17,11,16,14,112,54,27,158,3,4,9,4,5,7,5,7,7,11,8,6,17,14,18,16,77,65,33
42204782039,4,Ê|ëÅés,çÇóàí¨ïyínåÀ,0,,,77,1,3,1,2,2,3,1,5,6,4,5,5,12,7,11,5,45,27,9,41,1,2,0,1,0,2,1,3,4,1,4,2,5,3,7,3,23,15,5,36,0,1,1,1,2,1,0,2,2,3,1,3,7,4,4,2,22,12,4
42204782045,4,Ê|ëÅés,çÇóàí¨ïyínåÀ,0,,,261,6,10,9,10,9,14,16,13,14,17,16,13,22,18,23,25,144,92,51,139,3,7,1,7,6,8,11,8,9,9,9,10,12,8,9,11,89,39,22,122,3,3,8,3,3,6,5,5,5,8,7,3,10,10,14,14,55,53,29
422047830,3,Ê|ëÅés,í¨íöéöÉRÅ[Éh7830ÇÃåv,0,,,0,0,0,0,0,0,0,0,0,0,0,0,0,0,0,0,0,0,0,0,0,0,0,0,0,0,0,0,0,0,0,0,0,0,0,0,0,0,0,0,0,0,0,0,0,0,0,0,0,0,0,0,0,0,0,0,0,0,0,0
42204783000,4,Ê|ëÅés,çÇóàí¨è¨ç]ä±ëÒ,2,777035,,0,0,0,0,0,0,0,0,0,0,0,0,0,0,0,0,0,0,0,0,0,0,0,0,0,0,0,0,0,0,0,0,0,0,0,0,0,0,0,0,0,0,0,0,0,0,0,0,0,0,0,0,0,0,0,0,0,0,0,0
42204783099,4,Ê|ëÅés,çÇóàí¨å√èÍ,0,,,0,0,0,0,0,0,0,0,0,0,0,0,0,0,0,0,0,0,0,0,0,0,0,0,0,0,0,0,0,0,0,0,0,0,0,0,0,0,0,0,0,0,0,0,0,0,0,0,0,0,0,0,0,0,0,0,0,0,0,0
422047840,3,Ê|ëÅés,è¨í∑à‰í¨âìí|,0,,,770,20,16,24,19,29,33,26,26,37,34,53,84,72,87,74,60,413,297,136,259,13,7,10,11,15,11,9,9,16,14,16,28,18,19,27,30,147,82,36,511,7,9,14,8,14,22,17,17,21,20,37,56,54,68,47,30,266,215,100
42204784001,4,Ê|ëÅés,è¨í∑à‰í¨âìí|,0,,,179,10,4,11,9,6,12,6,5,13,10,7,15,16,17,16,25,99,55,22,81,6,2,3,7,5,4,3,1,6,4,2,5,9,6,10,11,46,24,8,98,4,2,8,2,1,8,3,4,7,6,5,10,7,11,6,14,53,31,14
42204784002,4,Ê|ëÅés,è¨í∑à‰í¨âìí|,0,,,178,6,9,7,8,14,14,6,11,9,9,11,9,7,16,21,22,98,58,21,78,4,5,3,4,7,4,1,6,4,4,5,5,2,7,8,12,42,24,9,100,2,4,4,4,7,10,5,5,5,5,6,4,5,9,13,10,56,34,12
42204784003,4,Ê|ëÅés,è¨í∑à‰í¨âìí|,0,,,91,4,1,2,0,2,2,6,4,5,4,5,9,10,8,8,7,47,37,21,42,3,0,1,0,0,1,4,2,4,2,3,5,3,2,5,4,24,14,7,49,1,1,1,0,2,1,2,2,1,2,2,4,7,6,3,3,23,23,14
42204784004,4,Ê|ëÅés,è¨í∑à‰í¨âìí|,0,,,52,0,0,0,0,3,1,2,0,2,1,4,12,3,7,5,0,28,24,12,25,0,0,0,0,1,1,1,0,1,1,3,6,2,2,3,0,16,9,4,27,0,0,0,0,2,0,1,0,1,0,1,6,1,5,2,0,12,15,8
42204784005,4,Ê|ëÅés,è¨í∑à‰í¨âìí|,0,,,46,0,1,1,1,2,1,0,0,2,3,4,9,4,1,3,2,26,18,14,19,0,0,0,0,2,1,0,0,1,2,1,5,2,1,0,0,14,5,4,27,0,1,1,1,0,0,0,0,1,1,3,4,2,0,3,2,12,13,10
42204784019,4,Ê|ëÅés,è¨í∑à‰í¨âìí|,2,788017,,0,0,0,0,0,0,0,0,0,0,0,0,0,0,0,0,0,0,0,0,0,0,0,0,0,0,0,0,0,0,0,0,0,0,0,0,0,0,0,0,0,0,0,0,0,0,0,0,0,0,0,0,0,0,0,0,0,0,0,0
42204784033,4,Ê|ëÅés,è¨í∑à‰í¨âìí|,2,784034,,0,0,0,0,0,0,0,0,0,0,0,0,0,0,0,0,0,0,0,0,0,0,0,0,0,0,0,0,0,0,0,0,0,0,0,0,0,0,0,0,0,0,0,0,0,0,0,0,0,0,0,0,0,0,0,0,0,0,0,0
42204784034,4,Ê|ëÅés,è¨í∑à‰í¨âìí|,1,,784033,224,0,1,3,1,2,3,6,6,6,7,22,30,32,38,21,4,115,105,46,14,0,0,3,0,0,0,0,0,0,1,2,2,0,1,1,3,5,6,4,210,0,1,0,1,2,3,6,6,6,6,20,28,32,37,20,1,110,99,42
422047850,3,Ê|ëÅés,è¨í∑à‰í¨à‰çË,0,,,784,21,27,34,20,34,30,38,25,30,35,30,66,81,73,47,82,389,313,193,357,13,16,13,12,9,9,18,12,16,19,16,29,46,36,21,42,186,129,72,427,8,11,21,8,25,21,20,13,14,16,14,37,35,37,26,40,203,184,121
42204785006,4,Ê|ëÅés,è¨í∑à‰í¨à‰çË,0,,,168,5,8,9,5,16,13,11,7,5,9,8,10,11,9,7,22,95,51,35,62,1,5,3,4,0,1,4,4,3,4,4,2,8,3,3,9,34,19,13,106,4,3,6,1,16,12,7,3,2,5,4,8,3,6,4,13,61,32,22
42204785007,4,Ê|ëÅés,è¨í∑à‰í¨à‰çË,0,,,181,0,0,3,3,2,4,1,2,3,6,6,14,20,15,8,3,61,117,94,73,0,0,1,1,2,2,1,1,1,5,2,8,9,8,4,1,32,40,28,108,0,0,2,2,0,2,0,1,2,1,4,6,11,7,4,2,29,77,66
42204785008,4,Ê|ëÅés,è¨í∑à‰í¨à‰çË,0,,,62,3,2,2,1,3,2,4,2,3,1,4,5,3,14,5,7,28,27,8,33,3,1,1,1,0,0,2,1,2,0,3,3,2,7,3,5,14,14,4,29,0,1,1,0,3,2,2,1,1,1,1,2,1,7,2,2,14,13,4
42204785009,4,Ê|ëÅés,è¨í∑à‰í¨à‰çË,0,,,173,8,9,5,3,8,5,9,5,9,9,5,22,25,15,12,22,100,51,24,94,6,5,4,1,5,4,4,2,5,5,4,9,15,8,6,15,54,25,11,79,2,4,1,2,3,1,5,3,4,4,1,13,10,7,6,7,46,26,13
42204785010,4,Ê|ëÅés,è¨í∑à‰í¨à‰çË,0,,,200,5,8,15,8,5,6,13,9,10,10,7,15,22,20,15,28,105,67,32,95,3,5,4,5,2,2,7,4,5,5,3,7,12,10,5,12,52,31,16,105,2,3,11,3,3,4,6,5,5,5,4,8,10,10,10,16,53,36,16
422047860,3,Ê|ëÅés,è¨í∑à‰í¨è¨êÏå¥âY,0,,,1387,38,47,45,50,77,56,62,73,59,85,76,103,118,131,98,130,759,498,269,616,18,18,23,25,31,19,27,36,32,41,39,52,61,71,48,59,363,194,75,771,20,29,22,25,46,37,35,37,27,44,37,51,57,60,50,71,396,304,194
42204786011,4,Ê|ëÅés,è¨í∑à‰í¨è¨êÏå¥âY,0,,,144,2,5,4,3,4,3,2,8,5,6,10,14,9,27,17,11,64,69,25,70,1,2,2,0,1,2,2,3,2,3,6,9,4,14,9,5,32,33,10,74,1,3,2,3,3,1,0,5,3,3,4,5,5,13,8,6,32,36,15
42204786012,4,Ê|ëÅés,è¨í∑à‰í¨è¨êÏå¥âY,0,,,176,3,6,10,10,10,8,9,6,10,15,8,13,26,11,11,19,115,42,20,86,1,2,5,7,8,3,4,3,4,9,1,5,15,8,5,8,59,19,6,90,2,4,5,3,2,5,5,3,6,6,7,8,11,3,6,11,56,23,14
42204786013,4,Ê|ëÅés,è¨í∑à‰í¨è¨êÏå¥âY,0,,,153,8,5,3,2,5,5,4,10,4,8,10,15,14,17,15,16,77,60,28,71,5,2,2,0,3,3,3,5,1,3,5,9,7,7,6,9,39,23,10,82,3,3,1,2,2,2,1,5,3,5,5,6,7,10,9,7,38,37,18
42204786014,4,Ê|ëÅés,è¨í∑à‰í¨è¨êÏå¥âY,0,,,394,6,12,13,12,14,11,19,16,7,14,25,28,33,29,25,31,179,184,130,144,2,4,6,5,5,3,5,8,4,6,14,12,14,16,14,12,76,56,26,250,4,8,7,7,9,8,14,8,3,8,11,16,19,13,11,19,103,128,104
42204786015,4,Ê|ëÅés,è¨í∑à‰í¨è¨êÏå¥âY,1,,786022,251,12,12,11,11,5,4,6,18,9,15,8,21,20,28,17,35,117,99,54,123,9,3,7,6,3,2,4,9,6,7,4,11,11,17,7,19,63,41,17,128,3,9,4,5,2,2,2,9,3,8,4,10,9,11,10,16,54,58,37
42204786016,4,Ê|ëÅés,è¨í∑à‰í¨è¨êÏå¥âY,0,,,37,5,0,1,0,1,4,1,3,2,1,1,2,2,7,4,6,17,14,3,18,0,0,0,0,1,1,1,2,1,1,1,1,1,4,3,0,10,8,1,19,5,0,1,0,0,3,0,1,1,0,0,1,1,3,1,6,7,6,2
42204786018,4,Ê|ëÅés,è¨í∑à‰í¨è¨êÏå¥âY,0,,,232,2,7,3,12,38,21,21,12,22,26,14,10,14,12,9,12,190,30,9,104,0,5,1,7,10,5,8,6,14,12,8,5,9,5,4,6,84,14,5,128,2,2,2,5,28,16,13,6,8,14,6,5,5,7,5,6,106,16,4
42204786022,4,Ê|ëÅés,è¨í∑à‰í¨è¨êÏå¥âY,2,786015,,0,0,0,0,0,0,0,0,0,0,0,0,0,0,0,0,0,0,0,0,0,0,0,0,0,0,0,0,0,0,0,0,0,0,0,0,0,0,0,0,0,0,0,0,0,0,0,0,0,0,0,0,0,0,0,0,0,0,0,0
422047870,2,Ê|ëÅés,è¨í∑à‰í¨êVìcå¥,0,,,70,2,2,4,3,2,5,3,2,3,2,6,10,9,3,5,8,45,17,9,37,1,1,2,2,2,4,2,1,2,0,0,7,6,1,2,4,26,7,4,33,1,1,2,1,0,1,1,1,1,2,6,3,3,2,3,4,19,10,5
422047880,3,Ê|ëÅés,è¨í∑à‰í¨ìcå¥,0,,,212,5,7,7,10,6,11,4,5,11,11,15,14,22,19,26,19,109,84,39,104,1,6,4,5,2,3,3,1,5,5,6,10,13,9,13,11,53,40,18,108,4,1,3,5,4,8,1,4,6,6,9,4,9,10,13,8,56,44,21
42204788017,4,Ê|ëÅés,è¨í∑à‰í¨ìcå¥,1,,784019,185,5,6,6,7,4,10,3,5,9,10,14,13,20,17,23,17,95,73,33,93,1,5,4,5,1,2,2,1,5,5,5,9,12,8,12,10,47,36,16,92,4,1,2,2,3,8,1,4,4,5,9,4,8,9,11,7,48,37,17
42204788018,4,Ê|ëÅés,è¨í∑à‰í¨ìcå¥,1,,788019,27,0,1,1,3,2,1,1,0,2,1,1,1,2,2,3,2,14,11,6,11,0,1,0,0,1,1,1,0,0,0,1,1,1,1,1,1,6,4,2,16,0,0,1,3,1,0,0,0,2,1,0,0,1,1,2,1,8,7,4
42204788019,4,Ê|ëÅés,è¨í∑à‰í¨ìcå¥,2,788018,,0,0,0,0,0,0,0,0,0,0,0,0,0,0,0,0,0,0,0,0,0,0,0,0,0,0,0,0,0,0,0,0,0,0,0,0,0,0,0,0,0,0,0,0,0,0,0,0,0,0,0,0,0,0,0,0,0,0,0,0
422047890,3,Ê|ëÅés,è¨í∑à‰í¨ñq,0,,,549,10,12,24,7,14,16,27,21,25,41,34,71,70,62,38,46,326,177,77,247,4,6,13,4,5,7,12,9,16,18,14,36,29,30,21,23,150,74,23,302,6,6,11,3,9,9,15,12,9,23,20,35,41,32,17,23,176,103,54
42204789021,4,Ê|ëÅés,è¨í∑à‰í¨ñq,0,,,83,0,2,5,2,1,1,5,3,3,6,6,10,8,6,7,7,45,31,18,41,0,1,5,1,0,0,2,1,2,3,1,5,6,4,3,6,21,14,7,42,0,1,0,1,1,1,3,2,1,3,5,5,2,2,4,1,24,17,11
42204789022,4,Ê|ëÅés,è¨í∑à‰í¨ñq,0,,,271,7,2,9,2,10,11,15,14,12,19,9,42,47,34,15,18,181,72,23,120,3,0,3,0,4,6,7,7,8,8,6,20,16,16,8,6,82,32,8,151,4,2,6,2,6,5,8,7,4,11,3,22,31,18,7,12,99,40,15
42204789023,4,Ê|ëÅés,è¨í∑à‰í¨ñq,0,,,195,3,8,10,3,3,4,7,4,10,16,19,19,15,22,16,21,100,74,36,86,1,5,5,3,1,1,3,1,6,7,7,11,7,10,10,11,47,28,8,109,2,3,5,0,2,3,4,3,4,9,12,8,8,12,6,10,53,46,28
422047900,3,Ê|ëÅés,è¨í∑à‰í¨ë≈âz,0,,,255,4,7,7,14,9,6,10,7,11,14,17,18,30,23,25,18,136,101,53,115,2,5,4,7,4,1,4,3,7,8,5,10,16,13,10,11,65,39,16,140,2,2,3,7,5,5,6,4,4,6,12,8,14,10,15,7,71,62,37
42204790018,4,Ê|ëÅés,è¨í∑à‰í¨ë≈âz,0,,,26,0,1,0,1,0,1,1,0,0,3,2,1,2,3,3,1,11,14,8,13,0,1,0,0,0,1,1,0,0,2,1,0,1,2,1,1,6,6,3,13,0,0,0,1,0,0,0,0,0,1,1,1,1,1,2,0,5,8,5
42204790024,4,Ê|ëÅés,è¨í∑à‰í¨ë≈âz,0,,,112,1,3,7,8,3,1,4,2,6,5,8,7,8,15,10,11,52,49,24,51,0,2,4,5,1,0,1,2,3,3,2,4,5,8,4,6,26,19,7,61,1,1,3,3,2,1,3,0,3,2,6,3,3,7,6,5,26,30,17
42204790025,4,Ê|ëÅés,è¨í∑à‰í¨ë≈âz,0,,,117,3,3,0,5,6,4,5,5,5,6,7,10,20,5,12,6,73,38,21,51,2,2,0,2,3,0,2,1,4,3,2,6,10,3,5,4,33,14,6,66,1,1,0,3,3,4,3,4,1,3,5,4,10,2,7,2,40,24,15
422047910,3,Ê|ëÅés,è¨í∑à‰í¨êÏì‡,0,,,114,2,3,3,3,1,0,1,4,5,7,5,6,12,15,20,8,44,62,27,59,1,1,0,2,0,0,0,4,3,5,2,1,8,8,12,2,25,32,12,55,1,2,3,1,1,0,1,0,2,2,3,5,4,7,8,6,19,30,15
42204791018,4,Ê|ëÅés,è¨í∑à‰í¨êÏì‡,0,,,19,0,1,1,1,1,0,0,1,3,3,0,0,0,3,4,2,9,8,1,11,0,0,0,1,0,0,0,1,2,3,0,0,0,1,2,0,7,4,1,8,0,1,1,0,1,0,0,0,1,0,0,0,0,2,2,2,2,4,0
42204791019,4,Ê|ëÅés,è¨í∑à‰í¨êÏì‡,0,,,31,1,0,0,1,0,0,1,1,0,0,1,3,9,3,6,1,16,14,5,20,1,0,0,1,0,0,0,1,0,0,1,0,7,1,5,1,10,9,3,11,0,0,0,0,0,0,1,0,0,0,0,3,2,2,1,0,6,5,2
42204791020,4,Ê|ëÅés,è¨í∑à‰í¨êÏì‡,0,,,0,0,0,0,0,0,0,0,0,0,0,0,0,0,0,0,0,0,0,0,0,0,0,0,0,0,0,0,0,0,0,0,0,0,0,0,0,0,0,0,0,0,0,0,0,0,0,0,0,0,0,0,0,0,0,0,0,0,0,0
42204791025,4,Ê|ëÅés,è¨í∑à‰í¨êÏì‡,2,791026,,0,0,0,0,0,0,0,0,0,0,0,0,0,0,0,0,0,0,0,0,0,0,0,0,0,0,0,0,0,0,0,0,0,0,0,0,0,0,0,0,0,0,0,0,0,0,0,0,0,0,0,0,0,0,0,0,0,0,0,0
42204791026,4,Ê|ëÅés,è¨í∑à‰í¨êÏì‡,1,,791025,64,1,2,2,1,0,0,0,2,2,4,4,3,3,9,10,5,19,40,21,28,0,1,0,0,0,0,0,2,1,2,1,1,1,6,5,1,8,19,8,36,1,1,2,1,0,0,0,0,1,2,3,2,2,3,5,4,11,21,13
42204791032,4,Ê|ëÅés,è¨í∑à‰í¨êÏì‡,0,,,0,0,0,0,0,0,0,0,0,0,0,0,0,0,0,0,0,0,0,0,0,0,0,0,0,0,0,0,0,0,0,0,0,0,0,0,0,0,0,0,0,0,0,0,0,0,0,0,0,0,0,0,0,0,0,0,0,0,0,0
422047920,3,Ê|ëÅés,è¨í∑à‰í¨ëÂïÙ,0,,,562,14,9,26,35,14,15,19,19,30,30,33,42,56,55,50,49,293,220,115,257,8,6,13,21,6,8,8,11,14,11,16,21,32,25,25,27,148,82,32,305,6,3,13,14,8,7,11,8,16,19,17,21,24,30,25,22,145,138,83
42204792027,4,Ê|ëÅés,è¨í∑à‰í¨ëÂïÙ,0,,,92,3,3,7,8,4,3,2,5,4,7,4,6,4,9,12,13,47,32,11,48,3,3,4,5,2,3,1,2,2,3,1,3,3,3,6,10,25,13,4,44,0,0,3,3,2,0,1,3,2,4,3,3,1,6,6,3,22,19,7
42204792028,4,Ê|ëÅés,è¨í∑à‰í¨ëÂïÙ,0,,,70,2,1,3,4,1,2,6,3,4,1,7,6,11,8,3,6,45,19,8,31,1,0,2,2,0,1,3,2,1,0,3,2,6,5,1,3,20,8,2,39,1,1,1,2,1,1,3,1,3,1,4,4,5,3,2,3,25,11,6
42204792029,4,Ê|ëÅés,è¨í∑à‰í¨ëÂïÙ,0,,,160,8,1,7,7,4,2,7,3,1,9,13,8,11,12,10,16,65,79,57,65,3,1,3,4,1,1,2,3,1,1,9,4,8,6,4,7,34,24,14,95,5,0,4,3,3,1,5,0,0,8,4,4,3,6,6,9,31,55,43
42204792030,4,Ê|ëÅés,è¨í∑à‰í¨ëÂïÙ,0,,,164,0,3,9,12,3,2,2,5,17,9,8,14,16,20,16,12,88,64,28,81,0,2,4,8,2,1,1,3,9,6,3,10,7,8,9,6,50,25,8,83,0,1,5,4,1,1,1,2,8,3,5,4,9,12,7,6,38,39,20
42204792031,4,Ê|ëÅés,è¨í∑à‰í¨ëÂïÙ,0,,,76,1,1,0,4,2,6,2,3,4,4,1,8,14,6,9,2,48,26,11,32,1,0,0,2,1,2,1,1,1,1,0,2,8,3,5,1,19,12,4,44,0,1,0,2,1,4,1,2,3,3,1,6,6,3,4,1,29,14,7
422047930,3,Ê|ëÅés,è¨í∑à‰í¨ëÂùé,0,,,157,5,0,7,7,8,2,5,5,10,16,12,12,10,15,12,12,87,58,31,80,2,0,5,4,6,1,3,3,6,7,6,5,7,6,6,7,48,25,13,77,3,0,2,3,2,1,2,2,4,9,6,7,3,9,6,5,39,33,18
42204793027,4,Ê|ëÅés,è¨í∑à‰í¨ëÂùé,0,,,28,2,0,4,1,0,0,0,1,5,0,0,1,0,5,4,6,8,14,5,14,0,0,2,1,0,0,0,0,3,0,0,1,0,2,2,2,5,7,3,14,2,0,2,0,0,0,0,1,2,0,0,0,0,3,2,4,3,7,2
42204793028,4,Ê|ëÅés,è¨í∑à‰í¨ëÂùé,0,,,37,1,0,0,3,0,0,2,1,1,6,7,3,1,1,4,1,24,12,7,14,0,0,0,1,0,0,1,1,1,1,3,2,1,0,1,0,11,3,2,23,1,0,0,2,0,0,1,0,0,5,4,1,0,1,3,1,13,9,5
42204793031,4,Ê|ëÅés,è¨í∑à‰í¨ëÂùé,0,,,92,2,0,3,3,8,2,3,3,4,10,5,8,9,9,4,5,55,32,19,52,2,0,3,2,6,1,2,2,2,6,3,2,6,4,3,5,32,15,8,40,0,0,0,1,2,1,1,1,2,4,2,6,3,5,1,0,23,17,11
422047940,3,Ê|ëÅés,è¨í∑à‰í¨å√èÍ,1,,794019;794020;794032,19,1,0,0,0,0,0,0,2,0,1,1,0,3,3,5,1,7,11,3,11,1,0,0,0,0,0,0,1,0,1,0,0,1,3,1,1,3,7,3,8,0,0,0,0,0,0,0,1,0,0,1,0,2,0,4,0,4,4,0
42204794019,4,Ê|ëÅés,è¨í∑à‰í¨å√èÍ,2,7940,,0,0,0,0,0,0,0,0,0,0,0,0,0,0,0,0,0,0,0,0,0,0,0,0,0,0,0,0,0,0,0,0,0,0,0,0,0,0,0,0,0,0,0,0,0,0,0,0,0,0,0,0,0,0,0,0,0,0,0,0
42204794020,4,Ê|ëÅés,è¨í∑à‰í¨å√èÍ,2,7940,,0,0,0,0,0,0,0,0,0,0,0,0,0,0,0,0,0,0,0,0,0,0,0,0,0,0,0,0,0,0,0,0,0,0,0,0,0,0,0,0,0,0,0,0,0,0,0,0,0,0,0,0,0,0,0,0,0,0,0,0
42204794032,4,Ê|ëÅés,è¨í∑à‰í¨å√èÍ,2,7940,,0,0,0,0,0,0,0,0,0,0,0,0,0,0,0,0,0,0,0,0,0,0,0,0,0,0,0,0,0,0,0,0,0,0,0,0,0,0,0,0,0,0,0,0,0,0,0,0,0,0,0,0,0,0,0,0,0,0,0,0
42205,1,ëÂë∫és,,0,,,95397,4671,5090,5203,5067,3980,4429,5287,5631,6356,6820,6020,5661,5883,6292,6059,14964,55134,24034,11683,45448,2422,2578,2696,2590,2011,2165,2541,2685,3000,3301,2864,2664,2843,3006,2849,7696,26664,10309,4454,49949,2249,2512,2507,2477,1969,2264,2746,2946,3356,3519,3156,2997,3040,3286,3210,7268,28470,13725,7229
422051010,2,ëÂë∫és,ñÿèÍ,0,,,2435,144,144,137,117,103,119,164,142,175,157,151,143,143,143,163,425,1414,573,267,1126,70,81,73,65,44,45,83,67,84,62,68,63,72,58,72,224,653,233,103,1309,74,63,64,52,59,74,81,75,91,95,83,80,71,85,91,201,761,340,164
422051020,2,ëÂë∫és,ñÿèÍ,0,,,1792,101,128,108,88,66,86,93,127,130,118,109,113,149,134,94,337,1079,359,131,881,57,71,54,46,33,40,43,69,64,58,48,47,69,68,49,182,517,174,57,911,44,57,54,42,33,46,50,58,66,60,61,66,80,66,45,155,562,185,74
422051030,2,ëÂë∫és,å¸ñÿèÍí¨,0,,,298,18,14,11,11,12,23,28,17,19,9,17,14,19,17,17,43,169,73,39,138,10,5,6,4,4,12,12,9,11,4,6,6,12,9,8,21,80,30,13,160,8,9,5,7,8,11,16,8,8,5,11,8,7,8,9,22,89,43,26
422051040,2,ëÂë∫és,ê{ìcÉmñÿí¨,0,,,1152,68,76,89,74,41,60,71,74,86,89,59,51,61,60,79,233,666,247,108,528,30,38,48,31,17,24,28,33,40,44,28,25,23,31,31,116,293,116,54,624,38,38,41,43,24,36,43,41,46,45,31,26,38,29,48,117,373,131,54
422051050,2,ëÂë∫és,ê‘ç≤å√í¨,0,,,1489,82,102,86,157,49,49,91,93,103,103,83,86,83,91,86,270,897,301,124,660,45,42,43,43,23,21,45,41,51,42,40,38,39,38,43,130,383,135,54,829,37,60,43,114,26,28,46,52,52,61,43,48,44,53,43,140,514,166,70
422051060,2,ëÂë∫és,ìøêÚêÏì‡í¨,0,,,1376,53,77,61,61,57,67,60,86,66,101,101,93,99,74,104,191,791,378,200,650,31,46,33,34,26,27,36,43,33,46,42,43,52,36,54,110,382,150,60,726,22,31,28,27,31,40,24,43,33,55,59,50,47,38,50,81,409,228,140
422051070,2,ëÂë∫és,êÖåví¨,0,,,416,17,20,22,17,17,25,16,29,24,23,22,27,28,32,35,59,228,126,59,198,7,5,13,9,6,11,7,16,11,11,15,10,14,17,15,25,110,61,29,218,10,15,9,8,11,14,9,13,13,12,7,17,14,15,20,34,118,65,30
422051080,2,ëÂë∫és,çrïΩí¨,0,,,274,6,10,14,4,7,8,11,13,14,13,15,15,22,28,19,30,122,122,75,124,4,3,7,3,4,3,4,7,8,7,7,8,10,13,12,14,61,49,24,150,2,7,7,1,3,5,7,6,6,6,8,7,12,15,7,16,61,73,51
422051090,2,ëÂë∫és,ìåëÂë∫,0,,,541,15,14,16,12,7,14,17,14,21,21,18,23,35,42,61,45,182,303,200,214,8,5,7,3,5,7,8,7,10,12,7,11,19,21,28,20,89,99,50,327,7,9,9,9,2,7,9,7,11,9,11,12,16,21,33,25,93,204,150
422051100,2,ëÂë∫és,ìåëÂë∫,0,,,466,8,10,15,10,15,5,17,16,19,26,27,19,24,39,39,33,178,248,170,190,5,6,7,8,9,2,6,9,9,15,14,6,13,18,16,18,91,77,43,276,3,4,8,2,6,3,11,7,10,11,13,13,11,21,23,15,87,171,127
422051150,2,ëÂë∫és,ãvå¥,0,,,2086,66,96,91,101,69,78,83,103,116,141,123,123,164,177,195,253,1101,699,327,970,34,49,53,45,29,31,43,50,57,70,64,61,66,82,86,136,516,300,132,1116,32,47,38,56,40,47,40,53,59,71,59,62,98,95,109,117,585,399,195
422051160,2,ëÂë∫és,ãvå¥,0,,,2637,119,110,101,119,164,198,164,143,146,191,168,170,205,165,161,330,1668,599,273,1204,57,48,56,61,51,95,70,72,66,92,66,77,99,79,72,161,749,263,112,1433,62,62,45,58,113,103,94,71,80,99,102,93,106,86,89,169,919,336,161
422051170,2,ëÂë∫és,ïêïîí¨,0,,,2240,117,122,137,105,103,108,146,118,158,173,126,117,139,148,138,376,1293,545,259,1083,61,75,79,57,50,45,59,61,69,85,58,56,68,73,54,215,608,242,115,1157,56,47,58,48,53,63,87,57,89,88,68,61,71,75,84,161,685,303,144
422051200,2,ëÂë∫és,éOèÈí¨,0,,,1774,115,97,89,96,70,96,131,106,115,141,143,109,97,97,101,301,1104,346,148,836,65,50,42,46,30,45,62,50,53,60,66,55,43,52,44,157,510,156,60,938,50,47,47,50,40,51,69,56,62,81,77,54,54,45,57,144,594,190,88
422051210,2,ëÂë∫és,ìåéOèÈí¨,0,,,503,9,21,18,25,26,15,15,12,27,31,38,41,37,51,40,48,267,180,89,223,5,12,9,11,13,8,11,6,10,9,19,20,16,21,21,26,123,71,29,280,4,9,9,14,13,7,4,6,17,22,19,21,21,30,19,22,144,109,60
422051220,2,ëÂë∫és,êºéOèÈí¨,0,,,645,27,50,54,39,17,21,24,48,71,47,42,27,32,25,41,131,368,140,74,314,16,23,27,25,8,11,10,21,33,22,22,14,14,14,15,66,180,63,34,331,11,27,27,14,9,10,14,27,38,25,20,13,18,11,26,65,188,77,40
422051230,2,ëÂë∫és,êÖéÂí¨,0,,,474,34,20,19,20,12,13,33,30,35,37,24,38,22,31,33,73,264,127,63,219,23,8,14,9,5,5,16,10,15,14,12,19,11,9,16,45,116,52,27,255,11,12,5,11,7,8,17,20,20,23,12,19,11,22,17,28,148,75,36
422051240,3,ëÂë∫és,êÖéÂí¨,0,,,917,48,71,68,41,19,31,39,57,85,88,46,43,35,43,55,187,484,225,127,405,19,35,31,15,7,13,14,23,43,41,20,20,17,25,23,85,213,94,46,512,29,36,37,26,12,18,25,34,42,47,26,23,18,18,32,102,271,131,81
42205124010,4,ëÂë∫és,êÖéÂí¨ìÒíöñ⁄,0,,,816,39,65,65,36,17,24,37,52,80,77,41,41,33,39,45,169,438,196,112,355,14,31,31,12,6,9,13,22,40,36,17,18,17,22,17,76,190,80,41,461,25,34,34,24,11,15,24,30,40,41,24,23,16,17,28,93,248,116,71
42205124011,4,ëÂë∫és,êÖéÂí¨ìÒíöñ⁄,0,,,101,9,6,3,5,2,7,2,5,5,11,5,2,2,4,10,18,46,29,15,50,5,4,0,3,1,4,1,1,3,5,3,2,0,3,6,9,23,14,5,51,4,2,3,2,1,3,1,4,2,6,2,0,2,1,4,9,23,15,10
422051250,2,ëÂë∫és,ìåñ{í¨,0,,,768,26,25,24,31,19,30,37,35,41,52,55,48,51,39,48,75,399,249,162,350,14,18,14,11,7,15,19,19,25,28,26,20,28,20,25,46,198,83,38,418,12,7,10,20,12,15,18,16,16,24,29,28,23,19,23,29,201,166,124
422051260,2,ëÂë∫és,ñ{í¨,0,,,469,12,17,9,13,14,17,19,27,24,27,40,25,23,28,32,38,229,193,133,200,6,8,5,7,3,8,10,11,12,9,20,14,16,12,14,19,110,65,39,269,6,9,4,6,11,9,9,16,12,18,20,11,7,16,18,19,119,128,94
422051270,2,ëÂë∫és,êºñ{í¨,0,,,433,30,20,10,15,8,14,38,31,14,32,32,24,35,29,36,60,243,121,56,216,18,16,7,4,4,6,21,20,7,15,11,12,19,10,20,41,119,50,20,217,12,4,3,11,4,8,17,11,7,17,21,12,16,19,16,19,124,71,36
422051280,2,ëÂë∫és,çKí¨,0,,,309,6,18,23,12,7,3,2,12,34,36,27,17,18,28,32,47,168,88,28,148,3,11,14,4,2,2,2,6,14,21,11,6,4,12,14,28,72,42,16,161,3,7,9,8,5,1,0,6,20,15,16,11,14,16,18,19,96,46,12
422051300,2,ëÂë∫és,ï–í¨,0,,,705,43,33,24,26,23,21,39,36,36,46,50,57,47,56,49,100,381,208,103,325,23,15,13,11,13,12,18,22,15,20,24,20,22,26,26,51,177,87,35,380,20,18,11,15,10,9,21,14,21,26,26,37,25,30,23,49,204,121,68
422051310,2,ëÂë∫és,ãËìá,0,,,400,17,24,20,15,7,10,11,24,26,25,32,29,22,23,31,61,201,136,82,181,9,10,12,9,3,5,6,10,14,9,17,13,10,11,15,31,96,52,26,219,8,14,8,6,4,5,5,14,12,16,15,16,12,12,16,30,105,84,56
422051320,2,ëÂë∫és,ãËìá,0,,,2120,92,143,134,113,61,62,99,141,136,127,140,149,143,126,159,369,1171,565,280,990,43,80,72,54,32,30,50,58,57,58,63,71,70,51,79,195,543,242,112,1130,49,63,62,59,29,32,49,83,79,69,77,78,73,75,80,174,628,323,168
422051330,3,ëÂë∫és,ãËìá,0,,,824,18,29,52,44,31,26,35,43,61,63,48,55,62,60,64,99,468,243,119,408,13,15,29,29,14,17,15,23,26,30,21,27,31,27,31,57,233,109,51,416,5,14,23,15,17,9,20,20,35,33,27,28,31,33,33,42,235,134,68
42205133011,4,ëÂë∫és,ãËìáéOíöñ⁄,0,,,555,13,19,39,33,20,17,26,35,45,51,31,31,45,40,32,71,334,136,64,275,9,7,20,23,8,9,12,20,18,25,13,17,24,19,15,36,169,61,27,280,4,12,19,10,12,8,14,15,27,26,18,14,21,21,17,35,165,75,37
42205133012,4,ëÂë∫és,ãËìáéOíöñ⁄,0,,,269,5,10,13,11,11,9,9,8,16,12,17,24,17,20,32,28,134,107,55,133,4,8,9,6,6,8,3,3,8,5,8,10,7,8,16,21,64,48,24,136,1,2,4,5,5,1,6,5,8,7,9,14,10,12,16,7,70,59,31
422052010,2,ëÂë∫és,å√âÍìáí¨,0,,,3822,248,239,225,211,170,252,265,298,285,343,265,227,176,179,142,712,2492,542,221,1941,134,134,108,100,91,136,129,138,138,187,149,116,91,88,74,376,1275,248,86,1881,114,105,117,111,79,116,136,160,147,156,116,111,85,91,68,336,1217,294,135
422052020,2,ëÂë∫és,êXâÄí¨,0,,,343,20,15,19,23,15,26,27,22,29,34,26,18,10,18,19,54,230,57,20,178,13,10,9,11,7,18,12,11,19,18,10,12,4,8,9,32,122,23,6,165,7,5,10,12,8,8,15,11,10,16,16,6,6,10,10,22,108,34,14
422052030,2,ëÂë∫és,èºéRí¨,0,,,898,56,34,35,44,40,61,69,61,50,55,69,58,62,50,54,125,569,167,63,418,23,17,16,21,20,30,35,34,17,25,36,23,32,22,23,56,273,69,24,480,33,17,19,23,20,31,34,27,33,30,33,35,30,28,31,69,296,98,39
422052040,2,ëÂë∫és,ã¶òaí¨,0,,,1619,96,72,76,66,84,109,126,121,123,124,106,79,75,82,71,244,1013,298,145,773,48,31,43,31,36,54,61,56,61,69,52,38,40,39,27,122,498,118,52,846,48,41,33,35,48,55,65,65,62,55,54,41,35,43,44,122,515,180,93
422052050,2,ëÂë∫és,èºï¿,0,,,1000,43,34,56,54,45,32,45,49,55,65,68,79,70,84,73,133,562,298,141,447,22,17,30,24,19,11,25,19,23,29,26,37,37,41,29,69,250,123,53,553,21,17,26,30,26,21,20,30,32,36,42,42,33,43,44,64,312,175,88
422052060,2,ëÂë∫és,èºï¿,0,,,1158,59,81,58,55,41,61,54,78,88,110,59,77,62,63,49,198,685,260,148,551,37,37,29,27,18,29,24,39,39,59,32,31,31,28,21,103,329,108,59,607,22,44,29,28,23,32,30,39,49,51,27,46,31,35,28,95,356,152,89
422052070,3,ëÂë∫és,çYèoí√,0,,,606,21,27,21,21,20,17,21,17,42,38,32,60,51,54,53,69,319,203,96,282,9,14,8,13,8,9,9,6,18,21,17,30,27,22,29,31,158,84,33,324,12,13,13,8,12,8,12,11,24,17,15,30,24,32,24,38,161,119,63
42205207009,4,ëÂë∫és,çYèoí√àÍíöñ⁄,0,,,227,14,13,5,4,9,10,11,11,13,17,14,15,21,19,16,32,125,60,25,100,6,6,2,1,2,5,6,4,5,10,7,8,6,9,10,14,54,27,8,127,8,7,3,3,7,5,5,7,8,7,7,7,15,10,6,18,71,33,17
42205207010,4,ëÂë∫és,çYèoí√àÍíöñ⁄,0,,,379,7,14,16,17,11,7,10,6,29,21,18,45,30,35,37,37,194,143,71,182,3,8,6,12,6,4,3,2,13,11,10,22,21,13,19,17,104,57,25,197,4,6,10,5,5,3,7,4,16,10,8,23,9,22,18,20,90,86,46
422052080,3,ëÂë∫és,çYèoí√,0,,,1193,37,46,77,73,31,35,48,60,78,112,71,63,71,93,94,160,642,379,192,567,20,18,40,42,14,18,25,27,37,58,35,34,38,42,36,78,328,152,74,626,17,28,37,31,17,17,23,33,41,54,36,29,33,51,58,82,314,227,118
42205208009,4,ëÂë∫és,çYèoí√ìÒíöñ⁄,0,,,485,17,20,29,36,7,16,21,21,31,49,24,23,30,44,43,66,258,156,69,230,10,7,14,19,5,9,12,8,16,23,11,12,17,19,18,31,132,64,27,255,7,13,15,17,2,7,9,13,15,26,13,11,13,25,25,35,126,92,42
42205208010,4,ëÂë∫és,çYèoí√ìÒíöñ⁄,0,,,708,20,26,48,37,24,19,27,39,47,63,47,40,41,49,51,94,384,223,123,337,10,11,26,23,9,9,13,19,21,35,24,22,21,23,18,47,196,88,47,371,10,15,22,14,15,10,14,20,26,28,23,18,20,26,33,47,188,135,76
422052090,2,ëÂë∫és,çYèoí√,0,,,752,26,37,45,33,25,20,29,38,46,58,53,57,46,57,49,108,405,227,121,352,11,17,23,14,12,13,12,16,21,27,22,25,22,28,24,51,184,108,56,400,15,20,22,19,13,7,17,22,25,31,31,32,24,29,25,57,221,119,65
422052100,3,ëÂë∫és,êÖìcí¨,0,,,705,15,23,27,38,24,21,18,24,36,56,49,50,51,59,71,65,367,263,133,334,8,11,10,20,8,11,8,14,12,30,24,24,27,27,39,29,178,121,55,371,7,12,17,18,16,10,10,10,24,26,25,26,24,32,32,36,189,142,78
42205210008,4,ëÂë∫és,êÖìcí¨,0,,,445,6,15,19,27,13,14,9,16,21,35,29,31,31,41,48,40,226,172,83,215,2,6,7,15,5,9,5,9,4,19,15,15,17,17,27,15,113,83,39,230,4,9,12,12,8,5,4,7,17,16,14,16,14,24,21,25,113,89,44
42205210010,4,ëÂë∫és,êÖìcí¨,0,,,260,9,8,8,11,11,7,9,8,15,21,20,19,20,18,23,25,141,91,50,119,6,5,3,5,3,2,3,5,8,11,9,9,10,10,12,14,65,38,16,141,3,3,5,6,8,5,6,3,7,10,11,10,10,8,11,11,76,53,34
422052110,2,ëÂë∫és,å√í¨,0,,,373,11,10,11,11,15,23,19,16,27,19,19,26,31,34,27,32,206,129,68,167,3,4,4,7,6,10,7,10,15,12,7,12,15,16,13,11,101,51,22,206,8,6,7,4,9,13,12,6,12,7,12,14,16,18,14,21,105,78,46
422052120,2,ëÂë∫és,å√í¨,0,,,631,15,28,33,33,27,10,26,20,43,63,36,38,43,35,60,76,339,214,119,280,8,16,21,14,8,7,12,6,23,31,15,20,17,15,23,45,153,80,42,351,7,12,12,19,19,3,14,14,20,32,21,18,26,20,37,31,186,134,77
422052130,2,ëÂë∫és,ä£înèÍí¨,0,,,796,40,37,53,49,26,46,39,44,75,60,46,46,37,53,34,130,468,194,107,355,19,17,25,20,11,25,16,15,26,34,17,24,16,25,17,61,204,86,44,441,21,20,28,29,15,21,23,29,49,26,29,22,21,28,17,69,264,108,63
422052140,2,ëÂë∫és,êºä£înèÍí¨,0,,,552,0,0,0,120,289,94,30,9,6,1,3,0,0,0,0,0,552,0,0,509,0,0,0,103,270,87,30,9,6,1,3,0,0,0,0,0,509,0,0,43,0,0,0,17,19,7,0,0,0,0,0,0,0,0,0,0,43,0,0
422052150,2,ëÂë∫és,êºëÂë∫ñ{í¨,0,,,979,59,57,58,60,38,42,51,47,54,62,52,59,49,73,59,174,514,282,150,459,32,26,27,30,21,20,25,26,28,28,24,27,22,36,28,85,251,116,52,520,27,31,31,30,17,22,26,21,26,34,28,32,27,37,31,89,263,166,98
422052160,2,ëÂë∫és,ç˜înèÍ,0,,,595,21,29,36,46,17,21,24,42,36,51,27,26,46,43,52,86,336,161,66,279,15,12,20,32,6,12,11,17,20,25,8,10,17,18,24,47,158,66,24,316,6,17,16,14,11,9,13,25,16,26,19,16,29,25,28,39,178,95,42
422052170,2,ëÂë∫és,ç˜înèÍ,0,,,1662,89,78,98,91,68,95,107,94,100,146,117,118,109,120,83,265,1045,338,135,795,46,44,49,42,31,39,51,47,47,71,55,55,52,58,39,139,490,157,60,867,43,34,49,49,37,56,56,47,53,75,62,63,57,62,44,126,555,181,75
422052180,2,ëÂë∫és,êAèº,0,,,677,59,40,22,35,31,45,52,46,47,51,42,38,25,34,48,121,412,134,52,329,30,26,8,20,13,22,27,26,24,25,15,18,12,15,19,64,202,57,23,348,29,14,14,15,18,23,25,20,23,26,27,20,13,19,29,57,210,77,29
422052190,2,ëÂë∫és,êAèº,0,,,600,19,23,26,30,24,29,34,25,49,38,33,41,26,48,50,68,329,186,88,286,8,12,10,21,11,15,15,12,23,24,16,20,11,20,26,30,168,78,32,314,11,11,16,9,13,14,19,13,26,14,17,21,15,28,24,38,161,108,56
422052200,2,ëÂë∫és,êAèº,0,,,1239,39,64,44,76,35,42,74,58,79,76,70,64,90,105,95,147,664,413,213,574,11,30,18,51,15,19,38,23,36,38,25,35,36,54,47,59,316,189,88,665,28,34,26,25,20,23,36,35,43,38,45,29,54,51,48,88,348,224,125
422052210,2,ëÂë∫és,êzñK,0,,,868,33,39,36,34,28,34,47,28,58,68,53,45,33,63,80,108,428,329,186,397,18,21,15,16,9,14,23,14,24,37,27,16,17,29,40,54,197,144,75,471,15,18,21,18,19,20,24,14,34,31,26,29,16,34,40,54,231,185,111
422052220,2,ëÂë∫és,êzñK,0,,,1251,39,65,69,56,36,66,57,67,91,103,75,61,82,86,90,173,694,362,186,601,22,29,42,28,15,36,28,33,47,48,39,25,38,41,36,93,337,157,80,650,17,36,27,28,21,30,29,34,44,55,36,36,44,45,54,80,357,205,106
422052230,2,ëÂë∫és,êzñK,0,,,801,42,49,47,39,29,35,60,51,48,46,57,42,48,42,42,138,455,195,111,365,21,22,19,17,16,15,28,27,26,15,32,19,21,18,20,62,216,79,41,436,21,27,28,22,13,20,32,24,22,31,25,23,27,24,22,76,239,116,70
422052240,2,ëÂë∫és,è„êzñKí¨,0,,,2244,91,114,105,107,101,118,120,111,117,155,178,154,128,190,158,310,1289,625,277,1062,48,64,58,55,44,53,55,55,56,72,77,76,64,87,82,170,607,272,103,1182,43,50,47,52,57,65,65,56,61,83,101,78,64,103,76,140,682,353,174
422052250,2,ëÂë∫és,óYÉPå¥í¨,0,,,38,3,3,1,0,0,1,3,1,2,1,1,1,2,6,6,7,12,19,7,18,2,0,0,0,0,0,1,0,1,1,1,1,2,2,3,2,7,9,4,20,1,3,1,0,0,1,2,1,1,0,0,0,0,4,3,5,5,10,3
422052260,2,ëÂë∫és,írìcêVí¨,0,,,701,11,27,30,41,13,22,26,31,32,52,43,57,35,68,76,68,352,273,129,318,6,13,19,23,6,10,11,19,14,22,20,27,14,26,37,38,166,109,46,383,5,14,11,18,7,12,15,12,18,30,23,30,21,42,39,30,186,164,83
422052270,2,ëÂë∫és,írìc,0,,,1045,46,44,70,48,27,35,49,69,67,68,67,77,59,85,82,160,566,303,136,508,22,25,31,25,17,16,24,31,36,32,30,38,31,42,40,78,280,140,58,537,24,19,39,23,10,19,25,38,31,36,37,39,28,43,42,82,286,163,78
422052280,2,ëÂë∫és,írìc,0,,,1975,144,104,108,86,74,119,156,161,137,132,137,87,115,91,100,356,1204,395,204,923,78,48,50,43,40,56,68,77,68,62,67,34,56,42,46,176,571,163,75,1052,66,56,58,43,34,63,88,84,69,70,70,53,59,49,54,180,633,232,129
422052290,2,ëÂë∫és,ç‚å˚í¨,0,,,997,64,45,47,45,49,40,60,53,78,71,66,60,80,51,46,156,602,219,122,492,35,27,30,24,23,19,29,23,42,36,34,27,41,22,23,92,298,91,46,505,29,18,17,21,26,21,31,30,36,35,32,33,39,29,23,64,304,128,76
422052330,2,ëÂë∫és,ñ•ìáí¨,0,,,0,0,0,0,0,0,0,0,0,0,0,0,0,0,0,0,0,0,0,0,0,0,0,0,0,0,0,0,0,0,0,0,0,0,0,0,0,0,0,0,0,0,0,0,0,0,0,0,0,0,0,0,0,0,0,0,0,0,0,0
422053060,2,ëÂë∫és,êºïîí¨,0,,,545,14,23,18,15,13,12,16,33,38,28,50,36,37,48,41,55,278,211,122,269,3,11,11,8,8,8,10,15,19,16,23,17,25,28,19,25,149,94,47,276,11,12,7,7,5,4,6,18,19,12,27,19,12,20,22,30,129,117,75
422053070,2,ëÂë∫és,ì˙îëí¨,0,,,612,21,28,47,35,39,17,18,32,28,58,63,40,43,41,40,96,373,141,60,286,10,13,25,19,13,8,10,18,11,26,32,19,19,18,17,48,175,61,26,326,11,15,22,16,26,9,8,14,17,32,31,21,24,23,23,48,198,80,34
422053080,2,ëÂë∫és,çaó§í¨,0,,,1023,35,33,40,33,35,65,67,57,66,70,56,72,77,86,90,108,598,299,123,517,18,19,23,21,18,37,31,35,38,33,22,31,35,46,48,60,301,144,50,506,17,14,17,12,17,28,36,22,28,37,34,41,42,40,42,48,297,155,73
422053090,2,ëÂë∫és,ç°ë∫í¨,0,,,747,42,35,18,23,26,39,45,48,38,31,39,35,60,88,52,95,384,257,117,370,30,21,10,9,17,20,25,20,19,14,16,20,24,44,28,61,184,119,47,377,12,14,8,14,9,19,20,28,19,17,23,15,36,44,24,34,200,138,70
422054060,2,ëÂë∫és,ä‚èºí¨,0,,,885,50,55,48,34,28,48,53,65,62,53,46,39,55,69,85,153,483,247,93,431,28,27,30,19,11,17,27,32,34,31,23,16,23,32,42,85,233,112,38,454,22,28,18,15,17,31,26,33,28,22,23,23,32,37,43,68,250,135,55
422054070,2,ëÂë∫és,ëÂó¢í¨,0,,,454,17,17,10,28,22,16,26,27,25,22,53,39,32,41,18,44,290,120,61,209,5,10,8,12,9,6,10,17,11,9,27,20,15,21,7,23,136,50,22,245,12,7,2,16,13,10,16,10,14,13,26,19,17,20,11,21,154,70,39
422054080,2,ëÂë∫és,âAïΩí¨,0,,,443,12,19,22,16,11,3,19,24,20,44,24,25,37,54,49,53,223,167,64,220,9,10,11,10,7,0,7,11,11,21,13,11,22,28,23,30,113,77,26,223,3,9,11,6,4,3,12,13,9,23,11,14,15,26,26,23,110,90,38
422054090,2,ëÂë∫és,íÜó¢í¨,0,,,479,21,17,20,28,18,12,21,32,29,35,28,23,38,50,38,58,264,154,66,216,9,9,9,7,10,6,6,13,14,19,14,12,17,26,17,27,118,68,25,263,12,8,11,21,8,6,15,19,15,16,14,11,21,24,21,31,146,86,41
422054100,2,ëÂë∫és,è¨êÏì‡í¨,0,,,472,16,22,21,31,15,17,21,23,30,38,34,40,33,44,38,59,282,130,48,234,8,15,12,14,5,8,10,11,15,20,15,22,14,22,17,35,134,64,25,238,8,7,9,17,10,9,11,12,15,18,19,18,19,22,21,24,148,66,23
422054110,2,ëÂë∫és,ïΩí¨,0,,,150,2,5,3,1,6,4,8,8,9,7,7,11,18,12,19,10,79,61,30,74,2,4,2,1,4,1,0,5,7,5,4,6,9,6,9,8,42,24,9,76,0,1,1,0,2,3,8,3,2,2,3,5,9,6,10,2,37,37,21
422055070,2,ëÂë∫és,çrê£í¨,0,,,462,21,21,19,27,11,14,20,21,37,34,30,30,34,51,35,61,258,143,57,216,10,9,7,12,5,6,12,12,19,16,11,16,14,27,21,26,123,67,19,246,11,12,12,15,6,8,8,9,18,18,19,14,20,24,14,35,135,76,38
422055080,2,ëÂë∫és,å¥í¨,0,,,205,7,6,6,6,8,8,10,5,7,8,12,24,22,20,22,19,110,71,29,100,3,3,5,1,3,2,6,2,5,6,5,12,15,11,8,11,57,29,10,105,4,3,1,5,5,6,4,3,2,2,7,12,7,9,14,8,53,42,19
422055090,2,ëÂë∫és,ã{ë„í¨,0,,,377,7,12,10,14,19,18,20,13,10,25,35,35,37,34,30,29,226,121,57,182,3,6,7,7,10,9,11,5,3,13,17,17,22,17,14,16,114,51,20,195,4,6,3,7,9,9,9,8,7,12,18,18,15,17,16,13,112,70,37
422055100,2,ëÂë∫és,ìcâ∫í¨,0,,,381,8,14,18,14,4,4,6,13,15,15,11,14,19,30,42,40,115,226,154,143,2,4,6,5,1,3,2,9,6,6,6,8,6,13,17,12,52,79,49,238,6,10,12,9,3,1,4,4,9,9,5,6,13,17,25,28,63,147,105
422055110,2,ëÂë∫és,íÜäxí¨,0,,,213,1,1,5,8,8,3,6,5,9,16,22,10,24,19,28,7,111,93,46,119,0,1,2,5,3,3,5,3,7,9,10,10,15,10,15,3,70,44,19,94,1,0,3,3,5,0,1,2,2,7,12,0,9,9,13,4,41,49,27
422055120,2,ëÂë∫és,çïñÿí¨,0,,,199,7,11,13,8,3,7,7,11,9,7,7,15,23,21,11,31,97,71,39,92,3,7,6,4,1,4,3,7,4,5,2,10,10,11,6,16,50,26,9,107,4,4,7,4,2,3,4,4,5,2,5,5,13,10,5,15,47,45,30
422056010,2,ëÂë∫és,ã{è¨òH,0,,,802,37,39,43,35,27,34,52,49,56,65,44,40,60,56,66,119,462,216,94,385,24,21,20,15,16,15,28,24,23,34,24,16,30,30,34,65,225,92,28,417,13,18,23,20,11,19,24,25,33,31,20,24,30,26,32,54,237,124,66
422056020,2,ëÂë∫és,ã{è¨òH,0,,,458,26,22,31,19,7,11,26,21,35,25,18,13,24,38,36,79,199,169,95,197,14,6,15,6,4,5,13,11,17,10,8,8,8,18,16,35,90,67,33,261,12,16,16,13,3,6,13,10,18,15,10,5,16,20,20,44,109,102,62
422056030,2,ëÂë∫és,ã{è¨òH,0,,,1114,97,118,84,94,35,48,84,99,83,65,50,53,47,35,34,299,658,123,54,543,48,51,37,58,17,30,37,46,43,31,24,26,24,21,12,136,336,53,20,571,49,67,47,36,18,18,47,53,40,34,26,27,23,14,22,163,322,70,34
422056040,2,ëÂë∫és,ç°í√í¨,0,,,875,28,27,42,66,144,80,64,44,64,57,46,46,47,44,26,97,658,108,38,503,17,11,19,41,108,52,38,24,37,29,25,22,23,21,16,47,399,50,13,372,11,16,23,25,36,28,26,20,27,28,21,24,24,23,10,50,259,58,25
422056050,2,ëÂë∫és,ïxÇÃå¥,0,,,3019,130,156,214,207,172,133,153,188,193,205,226,174,181,201,182,500,1832,653,270,1474,63,73,108,108,106,73,83,81,81,84,108,83,83,102,97,244,890,316,117,1545,67,83,106,99,66,60,70,107,112,121,118,91,98,99,85,256,942,337,153
422056060,2,ëÂë∫és,ïxÇÃå¥,0,,,4376,315,309,307,243,175,249,279,347,373,309,256,235,226,188,150,931,2692,657,319,2139,149,154,163,132,79,111,146,163,172,160,127,107,118,104,77,466,1315,299,118,2237,166,155,144,111,96,138,133,184,201,149,129,128,108,84,73,465,1377,358,201
422056070,2,ëÂë∫és,çïä€í¨,0,,,2048,176,222,182,123,104,111,143,190,193,155,102,68,71,46,47,580,1260,190,97,1019,97,129,93,68,50,54,69,76,95,81,46,38,38,19,22,319,615,75,34,1029,79,93,89,55,54,57,74,114,98,74,56,30,33,27,25,261,645,115,63
422056080,2,ëÂë∫és,í|èºí¨,0,,,987,47,63,77,62,29,46,44,63,72,71,74,65,51,61,51,187,577,216,104,462,24,34,40,31,15,25,15,29,34,27,38,30,21,31,26,98,265,95,38,525,23,29,37,31,14,21,29,34,38,44,36,35,30,30,25,89,312,121,66
422056090,2,ëÂë∫és,ãSã¥í¨,0,,,1441,65,78,89,97,52,63,64,72,92,117,91,96,80,92,108,232,824,383,183,679,39,42,49,45,26,34,28,37,40,52,44,45,38,42,45,130,389,159,72,762,26,36,40,52,26,29,36,35,52,65,47,51,42,50,63,102,435,224,111
422056100,2,ëÂë∫és,è¨òHå˚ñ{í¨,0,,,966,70,43,35,33,37,45,49,58,65,61,57,54,58,73,64,148,517,283,146,477,44,20,21,22,18,19,21,34,33,34,27,27,21,38,28,85,256,126,60,489,26,23,14,11,19,26,28,24,32,27,30,27,37,35,36,63,261,157,86
422056110,2,ëÂë∫és,è¨òHå˚í¨,0,,,1274,68,52,57,55,52,89,83,74,95,100,65,73,72,92,81,177,758,327,154,608,40,23,38,32,25,49,42,38,46,47,33,29,29,41,34,101,370,130,55,666,28,29,19,23,27,40,41,36,49,53,32,44,43,51,47,76,388,197,99
422056120,2,ëÂë∫és,å¥å˚í¨,0,,,2701,132,181,197,189,97,108,134,159,199,218,183,176,153,174,137,510,1616,558,247,1232,47,87,96,96,46,44,63,58,91,104,85,83,77,85,67,230,747,242,90,1469,85,94,101,93,51,64,71,101,108,114,98,93,76,89,70,280,869,316,157
422056130,2,ëÂë∫és,í|èºñ{í¨,0,,,2160,111,102,124,103,86,99,133,118,153,155,162,126,152,138,109,337,1287,518,271,1031,63,45,65,57,34,48,67,52,65,71,90,58,75,69,53,173,617,228,106,1129,48,57,59,46,52,51,66,66,88,84,72,68,77,69,56,164,670,290,165
422056140,2,ëÂë∫és,ëÂêÏìcí¨,0,,,1675,87,93,103,112,71,76,84,87,115,126,104,105,99,94,107,283,979,384,183,803,43,44,60,57,33,35,40,48,45,58,50,54,59,37,45,147,479,156,74,872,44,49,43,55,38,41,44,39,70,68,54,51,40,57,62,136,500,228,109
422057110,2,ëÂë∫és,â´ìcí¨,0,,,1191,71,78,95,85,37,47,64,101,89,89,68,56,67,47,76,244,703,225,102,559,38,35,49,37,14,19,25,49,42,44,33,23,33,21,38,122,319,107,48,632,33,43,46,48,23,28,39,52,47,45,35,33,34,26,38,122,384,118,54
422057120,2,ëÂë∫és,éıå√í¨,0,,,364,15,28,18,22,13,11,26,26,22,29,27,22,19,25,19,61,217,80,36,179,10,20,11,10,9,3,12,13,12,10,14,12,9,12,6,41,104,31,13,185,5,8,7,12,4,8,14,13,10,19,13,10,10,13,13,20,113,49,23
422057130,2,ëÂë∫és,äFìØí¨,0,,,809,46,46,32,31,30,30,57,46,59,45,38,51,63,69,58,124,450,234,107,380,21,27,17,15,14,14,27,18,25,28,20,22,33,29,26,65,216,98,43,429,25,19,15,16,16,16,30,28,34,17,18,29,30,40,32,59,234,136,64
422057140,2,ëÂë∫és,ç°ïxí¨,0,,,801,50,53,58,57,20,27,42,44,65,65,42,43,59,50,43,161,464,170,77,375,32,22,31,27,3,10,21,21,31,32,19,18,33,24,22,85,215,73,27,426,18,31,27,30,17,17,21,23,34,33,23,25,26,26,21,76,249,97,50
422057150,2,ëÂë∫és,ñÏìcí¨,0,,,134,6,6,4,4,2,5,4,6,5,6,0,5,13,21,13,16,50,68,34,60,3,3,2,2,2,2,2,4,0,4,0,3,5,11,6,8,24,28,11,74,3,3,2,2,0,3,2,2,5,2,0,2,8,10,7,8,26,40,23
422057160,2,ëÂë∫és,óßïüéõí¨,0,,,147,3,1,3,7,7,4,6,6,7,9,13,9,10,17,17,7,78,62,28,72,3,0,2,5,3,1,1,5,4,5,4,4,6,9,7,5,38,29,13,75,0,1,1,2,4,3,5,1,3,4,9,5,4,8,10,2,40,33,15
422057170,2,ëÂë∫és,ñÌË”éõí¨,0,,,210,10,12,7,9,7,8,6,12,10,12,15,14,24,25,12,29,117,64,27,97,4,4,4,6,3,5,2,7,4,4,10,5,10,13,8,12,56,29,8,113,6,8,3,3,4,3,4,5,6,8,5,9,14,12,4,17,61,35,19
422057180,2,ëÂë∫és,èdà‰ìcí¨,0,,,57,0,0,1,1,0,1,3,0,2,1,3,6,8,6,8,1,25,31,17,25,0,0,0,0,0,1,1,0,1,0,1,3,5,3,4,0,12,13,6,32,0,0,1,1,0,0,2,0,1,1,2,3,3,3,4,1,13,18,11
422057190,2,ëÂë∫és,ïüèdí¨,0,,,188,6,8,3,8,8,2,10,9,8,11,14,15,13,22,12,17,98,73,39,88,1,5,1,3,6,1,4,3,4,4,8,11,3,12,5,7,47,34,17,100,5,3,2,5,2,1,6,6,4,7,6,4,10,10,7,10,51,39,22
422057200,2,ëÂë∫és,ëêèÍí¨,0,,,262,5,14,22,15,6,7,11,12,15,27,21,17,16,22,19,41,147,69,28,112,2,4,8,7,0,2,5,4,3,15,11,8,6,11,12,14,61,34,11,150,3,10,14,8,6,5,6,8,12,12,10,9,10,11,7,27,86,35,17
422058070,2,ëÂë∫és,èºå¥ñ{í¨,0,,,622,20,20,29,22,15,25,25,22,21,37,42,44,50,59,46,69,303,244,139,286,10,9,13,11,6,13,12,10,11,22,23,16,25,33,21,32,149,102,48,336,10,11,16,11,9,12,13,12,10,15,19,28,25,26,25,37,154,142,91
422058080,2,ëÂë∫és,èºå¥,0,,,358,5,7,16,8,10,11,14,8,17,26,32,27,24,40,36,28,177,153,77,171,3,2,10,4,5,4,8,5,11,9,15,14,14,13,19,15,89,67,35,187,2,5,6,4,5,7,6,3,6,17,17,13,10,27,17,13,88,86,42
422058090,2,ëÂë∫és,èºå¥,0,,,282,9,8,14,14,5,9,11,11,15,15,15,12,16,20,20,31,123,126,86,124,6,3,11,5,2,6,6,5,4,8,6,5,9,10,6,20,56,47,31,158,3,5,3,9,3,3,5,6,11,7,9,7,7,10,14,11,67,79,55
422058100,2,ëÂë∫és,èºå¥,0,,,125,6,2,5,3,4,2,10,8,9,3,2,18,15,9,10,13,74,38,19,53,1,0,1,2,0,1,3,3,5,2,2,8,6,6,4,2,32,19,9,72,5,2,4,1,4,1,7,5,4,1,0,10,9,3,6,11,42,19,10
422058110,2,ëÂë∫és,ñÏäxí¨,0,,,366,8,20,19,19,10,8,16,7,17,36,21,26,41,33,34,47,201,118,51,168,5,11,5,10,3,6,8,5,6,17,11,13,17,18,13,21,96,51,20,198,3,9,14,9,7,2,8,2,11,19,10,13,24,15,21,26,105,67,31
422058120,2,ëÂë∫és,ìåñÏäxí¨,0,,,168,1,2,5,9,3,2,5,4,6,11,9,11,14,26,18,8,74,86,42,78,1,2,2,3,1,1,2,3,3,4,4,6,5,14,11,5,32,41,16,90,0,0,3,6,2,1,3,1,3,7,5,5,9,12,7,3,42,45,26
422058130,2,ëÂë∫és,ïêóØòHí¨,0,,,107,3,6,4,3,3,1,3,5,9,3,7,9,14,9,7,13,57,37,21,50,2,5,1,3,1,0,0,1,5,1,4,4,7,5,4,8,26,16,7,57,1,1,3,0,2,1,3,4,4,2,3,5,7,4,3,5,31,21,14
42207,1,ïΩåÀés,,0,,,29365,1015,1148,1219,900,699,873,1023,1206,1366,1592,1726,2018,2375,2845,2691,3382,13778,12151,6615,13771,547,581,602,436,403,471,499,607,715,804,859,1019,1182,1432,1320,1730,6995,5015,2263,15594,468,567,617,464,296,402,524,599,651,788,867,999,1193,1413,1371,1652,6783,7136,4352
422070010,2,ïΩåÀés,ä‚ÇÃè„í¨,0,,,81,2,2,2,3,2,4,4,2,6,0,6,8,9,10,6,6,44,31,15,42,1,1,1,1,1,3,1,0,5,0,5,3,6,6,3,3,25,14,5,39,1,1,1,2,1,1,3,2,1,0,1,5,3,4,3,3,19,17,10
422070020,2,ïΩåÀés,ä‚ÇÃè„í¨,0,,,314,24,15,17,19,14,16,12,21,19,21,24,18,21,26,21,56,185,73,26,139,14,10,5,7,4,8,7,13,5,9,8,10,9,13,8,29,80,30,9,175,10,5,12,12,10,8,5,8,14,12,16,8,12,13,13,27,105,43,17
422070030,2,ïΩåÀés,ä‚ÇÃè„í¨,0,,,125,5,3,4,0,3,5,2,10,5,3,7,8,20,12,16,12,63,50,22,64,4,2,1,0,2,2,1,5,4,3,3,2,11,5,10,7,33,24,9,61,1,1,3,0,1,3,1,5,1,0,4,6,9,7,6,5,30,26,13
422070040,2,ïΩåÀés,ä‚ÇÃè„í¨,0,,,383,27,18,19,16,9,29,33,26,24,33,27,25,23,18,12,64,245,70,40,194,15,5,8,10,4,14,16,12,15,21,15,15,11,8,4,28,133,30,18,189,12,13,11,6,5,15,17,14,9,12,12,10,12,10,8,36,112,40,22
422070050,2,ïΩåÀés,ä‚ÇÃè„í¨,0,,,387,29,17,10,10,10,19,30,34,18,13,25,26,15,24,32,56,200,130,74,194,12,10,5,4,5,13,16,16,11,7,15,18,7,15,12,27,112,55,28,193,17,7,5,6,5,6,14,18,7,6,10,8,8,9,20,29,88,75,46
422070060,2,ïΩåÀés,ä‚ÇÃè„í¨,0,,,276,21,12,8,9,12,12,15,14,20,6,18,21,18,25,18,41,145,90,47,128,10,6,4,7,7,3,6,4,13,3,9,8,9,11,8,20,69,39,20,148,11,6,4,2,5,9,9,10,7,3,9,13,9,14,10,21,76,51,27
422070070,2,ïΩåÀés,ä‚ÇÃè„í¨,0,,,964,61,56,65,36,30,58,54,73,54,81,55,52,61,68,70,182,554,220,82,457,33,31,29,12,16,28,25,33,29,39,25,27,24,32,32,93,258,99,35,507,28,25,36,24,14,30,29,40,25,42,30,25,37,36,38,89,296,121,47
422070080,2,ïΩåÀés,ñæÇÃêÏì‡í¨ÅCëÂñÏí¨,0,,,108,1,3,7,2,3,1,2,4,5,6,5,8,13,11,7,11,49,48,30,52,0,2,5,1,1,1,1,1,2,3,1,4,7,6,3,7,22,23,14,56,1,1,2,1,2,0,1,3,3,3,4,4,6,5,4,4,27,25,16
422070090,2,ïΩåÀés,åÀêŒêÏí¨,0,,,341,12,27,24,9,8,11,10,19,33,22,13,21,18,28,25,63,164,113,60,154,8,14,10,3,4,6,4,7,17,14,5,9,8,14,12,32,77,44,18,187,4,13,14,6,4,5,6,12,16,8,8,12,10,14,13,31,87,69,42
422070100,3,ïΩåÀés,í¨íöéöÉRÅ[Éh0100ÇÃåv,0,,,490,16,30,29,21,17,10,14,19,36,43,24,24,32,40,29,75,240,173,104,232,8,16,14,7,9,4,8,11,17,25,13,11,15,25,10,38,120,73,38,258,8,14,15,14,8,6,6,8,19,18,11,13,17,15,19,37,120,100,66
42207010012,4,ïΩåÀés,åÀêŒêÏí¨,0,,,448,15,29,28,13,13,10,13,17,34,40,23,23,29,35,25,72,215,159,99,215,7,16,13,5,8,4,8,11,15,24,13,10,14,21,10,36,112,66,35,233,8,13,15,8,5,6,5,6,19,16,10,13,15,14,15,36,103,93,64
42207010015,4,ïΩåÀés,ãæêÏí¨,0,,,42,1,1,1,8,4,0,1,2,2,3,1,1,3,5,4,3,25,14,5,17,1,0,1,2,1,0,0,0,2,1,0,1,1,4,0,2,8,7,3,25,0,1,0,6,3,0,1,2,0,2,1,0,2,1,4,1,17,7,2
422070110,2,ïΩåÀés,åÀêŒêÏí¨,0,,,148,1,2,7,5,8,1,5,5,6,11,3,17,19,17,15,10,80,58,26,71,1,1,3,3,4,0,4,2,4,6,1,6,10,6,8,5,40,26,12,77,0,1,4,2,4,1,1,3,2,5,2,11,9,11,7,5,40,32,14
422070120,2,ïΩåÀés,ñæÇÃêÏì‡í¨ÅCëÂñÏí¨ÅCåÀêŒêÏí¨,0,,,155,3,6,10,4,4,5,3,12,4,7,6,8,17,11,21,19,70,66,34,74,1,3,6,2,2,1,2,5,1,5,4,4,11,2,13,10,37,27,12,81,2,3,4,2,2,4,1,7,3,2,2,4,6,9,8,9,33,39,22
422070130,2,ïΩåÀés,ñÿà¯í¨,0,,,167,1,3,4,9,1,5,3,7,8,6,14,6,20,20,23,8,79,80,37,85,1,1,2,4,1,4,2,6,4,3,6,4,9,9,15,4,43,38,14,82,0,2,2,5,0,1,1,1,4,3,8,2,11,11,8,4,36,42,23
422070140,2,ïΩåÀés,ãæêÏí¨,0,,,211,3,5,10,11,7,6,14,5,8,12,18,19,19,24,18,18,119,72,30,97,1,4,5,4,5,1,6,2,3,6,9,10,8,9,8,10,54,31,14,114,2,1,5,7,2,5,8,3,5,6,9,9,11,15,10,8,65,41,16
422070150,2,ïΩåÀés,ãæêÏí¨ÅCñÿà¯í¨,0,,,46,0,1,1,0,0,1,0,1,2,3,6,1,7,5,7,2,21,23,11,19,0,1,0,0,0,1,0,1,0,1,2,0,5,1,4,1,10,8,3,27,0,0,1,0,0,0,0,0,2,2,4,1,2,4,3,1,11,15,8
422070160,2,ïΩåÀés,ãæêÏí¨,0,,,83,3,6,3,7,1,2,3,4,5,5,3,5,5,14,5,12,40,31,12,38,1,0,2,4,0,2,1,2,1,3,2,1,4,7,5,3,20,15,3,45,2,6,1,3,1,0,2,2,4,2,1,4,1,7,0,9,20,16,9
422070170,2,ïΩåÀés,ãæêÏí¨,0,,,368,13,17,19,10,10,15,8,10,21,36,26,30,24,26,26,49,190,128,76,167,6,8,7,8,4,10,2,7,8,18,13,13,10,13,13,21,93,52,26,201,7,9,12,2,6,5,6,3,13,18,13,17,14,13,13,28,97,76,50
422070180,2,ïΩåÀés,ãæêÏí¨,0,,,79,4,6,3,2,1,1,6,6,0,4,5,7,11,4,5,13,43,23,14,37,2,3,0,2,1,1,3,2,0,2,2,3,6,3,3,5,22,10,4,42,2,3,3,0,0,0,3,4,0,2,3,4,5,1,2,8,21,13,10
422070190,2,ïΩåÀés,ãæêÏí¨,0,,,201,3,5,3,5,3,4,9,3,6,6,20,10,18,21,25,11,84,106,60,90,1,1,0,2,3,4,4,1,4,2,12,7,8,8,14,2,47,41,19,111,2,4,3,3,0,0,5,2,2,4,8,3,10,13,11,9,37,65,41
422070200,3,ïΩåÀés,ãæêÏí¨,0,,,136,4,4,6,6,7,3,3,3,8,8,10,7,7,12,14,14,62,60,34,58,2,4,3,2,3,3,0,1,2,2,5,3,4,4,5,9,25,24,15,78,2,0,3,4,4,0,3,2,6,6,5,4,3,8,9,5,37,36,19
42207020012,4,ïΩåÀés,ãæêÏí¨,0,,,99,2,4,4,4,7,3,2,3,6,7,4,5,5,12,9,10,46,43,22,43,1,4,2,1,3,3,0,1,1,2,2,2,3,4,4,7,18,18,10,56,1,0,2,3,4,0,2,2,5,5,2,3,2,8,5,3,28,25,12
42207020015,4,ïΩåÀés,ãæêÏí¨,0,,,37,2,0,2,2,0,0,1,0,2,1,6,2,2,0,5,4,16,17,12,15,1,0,1,1,0,0,0,0,1,0,3,1,1,0,1,2,7,6,5,22,1,0,1,1,0,0,1,0,1,1,3,1,1,0,4,2,9,11,7
422070210,2,ïΩåÀés,ëÂãvï€í¨,0,,,58,0,0,0,1,1,1,1,1,5,3,4,2,3,12,10,0,22,36,14,29,0,0,0,1,1,1,1,1,2,2,1,1,0,7,7,0,11,18,4,29,0,0,0,0,0,0,0,0,3,1,3,1,3,5,3,0,11,18,10
422070220,2,ïΩåÀés,ëÂãvï€í¨,0,,,324,20,14,13,14,9,17,17,8,10,18,25,25,26,21,26,47,169,107,60,140,12,4,4,5,4,9,8,5,2,9,10,11,18,8,11,20,81,38,19,184,8,10,9,9,5,8,9,3,8,9,15,14,8,13,15,27,88,69,41
422070230,2,ïΩåÀés,ëÂãvï€í¨,0,,,464,14,23,26,26,16,18,18,9,33,28,26,31,38,42,39,63,243,158,77,210,5,14,18,16,6,9,7,2,11,16,11,9,17,24,15,37,104,69,30,254,9,9,8,10,10,9,11,7,22,12,15,22,21,18,24,26,139,89,47
422070240,2,ïΩåÀés,ëÂãvï€í¨,0,,,339,14,17,19,27,16,6,12,19,28,22,21,19,21,27,31,50,191,98,40,169,11,9,12,12,7,4,5,13,13,8,9,11,10,13,16,32,92,45,16,170,3,8,7,15,9,2,7,6,15,14,12,8,11,14,15,18,99,53,24
422070250,2,ïΩåÀés,ëÂãvï€í¨,0,,,101,2,3,2,0,0,3,2,1,7,6,6,3,6,19,12,7,34,60,29,47,1,1,2,0,0,1,1,1,4,4,3,1,2,10,7,4,17,26,9,54,1,2,0,0,0,2,1,0,3,2,3,2,4,9,5,3,17,34,20
422070260,2,ïΩåÀés,ëÂãvï€í¨,0,,,255,7,9,17,10,8,6,5,11,15,16,13,17,16,31,24,33,117,105,50,113,3,2,8,5,5,2,3,3,8,7,6,12,4,14,11,13,55,45,20,142,4,7,9,5,3,4,2,8,7,9,7,5,12,17,13,20,62,60,30
422070270,2,ïΩåÀés,ëÂãvï€í¨,0,,,100,7,3,7,4,0,3,2,9,7,3,1,8,9,14,8,17,46,37,15,51,6,2,2,2,0,0,1,7,3,1,0,3,7,7,6,10,24,17,4,49,1,1,5,2,0,3,1,2,4,2,1,5,2,7,2,7,22,20,11
422070280,2,ïΩåÀés,ëÂãvï€í¨,0,,,240,3,8,4,8,2,3,6,6,10,4,12,11,15,24,25,15,77,148,99,90,2,3,2,6,2,1,3,3,6,2,6,2,10,11,14,7,41,42,17,150,1,5,2,2,0,2,3,3,4,2,6,9,5,13,11,8,36,106,82
422070290,2,ïΩåÀés,ìcèïí¨ÅCëÂãvï€í¨,0,,,162,7,13,10,7,3,3,7,12,8,8,11,10,10,8,11,30,79,50,31,73,3,4,5,4,2,1,3,7,3,4,6,3,4,5,6,12,37,23,12,89,4,9,5,3,1,2,4,5,5,4,5,7,6,3,5,18,42,27,19
422070300,2,ïΩåÀés,ëÂãvï€í¨,0,,,90,1,1,1,5,1,2,3,1,6,3,7,9,5,5,9,3,42,45,31,43,1,0,1,3,0,2,0,1,4,0,4,5,4,1,5,2,23,18,12,47,0,1,0,2,1,0,3,0,2,3,3,4,1,4,4,1,19,27,19
422070310,2,ïΩåÀés,ëÂãvï€í¨,0,,,34,0,2,0,0,1,2,0,0,2,4,1,5,4,3,2,2,19,13,8,16,0,1,0,0,0,1,0,0,2,1,1,2,3,2,0,1,10,5,3,18,0,1,0,0,1,1,0,0,0,3,0,3,1,1,2,1,9,8,5
422070320,2,ïΩåÀés,ìxìáí¨,0,,,171,7,8,5,2,6,6,2,5,9,10,15,17,15,20,12,20,87,64,32,90,2,5,3,2,5,4,2,4,4,8,8,8,7,9,8,10,52,28,11,81,5,3,2,0,1,2,0,1,5,2,7,9,8,11,4,10,35,36,21
422070330,2,ïΩåÀés,ìxìáí¨,0,,,198,3,7,10,8,2,4,6,5,11,13,13,16,16,24,19,20,94,84,41,95,2,4,7,4,2,0,2,3,7,8,5,8,7,12,5,13,46,36,19,103,1,3,3,4,0,4,4,2,4,5,8,8,9,12,14,7,48,48,22
422070340,2,ïΩåÀés,ìxìáí¨,0,,,251,14,10,7,9,18,12,11,8,9,15,18,27,14,16,14,31,141,79,49,125,8,5,2,3,12,8,6,3,3,9,9,14,9,7,6,15,76,34,21,126,6,5,5,6,6,4,5,5,6,6,9,13,5,9,8,16,65,45,28
422070350,2,ïΩåÀés,êVí¨,0,,,122,8,7,3,6,3,3,1,8,11,10,4,9,9,9,9,18,64,40,22,56,3,2,1,6,1,1,0,3,4,3,2,4,6,5,7,6,30,20,8,66,5,5,2,0,2,2,1,5,7,7,2,5,3,4,2,12,34,20,14
422070360,2,ïΩåÀés,êEêlí¨,0,,,89,5,5,2,4,0,0,3,7,7,8,3,4,4,9,5,12,40,37,23,38,3,2,1,2,0,0,1,3,5,3,1,2,2,4,2,6,19,13,7,51,2,3,1,2,0,0,2,4,2,5,2,2,2,5,3,6,21,24,16
422070370,2,ïΩåÀés,ãõÇÃíIí¨,0,,,95,1,1,1,0,1,2,4,3,3,3,4,10,15,11,10,3,45,47,26,44,1,1,1,0,1,2,1,2,1,2,2,5,8,6,6,3,24,17,5,51,0,0,0,0,0,0,3,1,2,1,2,5,7,5,4,0,21,30,21
422070380,2,ïΩåÀés,çÆâÆí¨ÅCåÀêŒêÏí¨,0,,,51,1,0,4,1,2,2,0,2,7,4,2,0,2,4,7,5,22,24,13,25,1,0,2,1,1,2,0,1,3,3,1,0,1,2,3,3,13,9,4,26,0,0,2,0,1,0,0,1,4,1,1,0,1,2,4,2,9,15,9
422070390,2,ïΩåÀés,ñÿà¯ìcí¨,0,,,98,1,5,3,3,1,1,1,5,4,9,8,8,10,11,13,9,50,39,15,44,1,1,2,0,0,1,1,2,3,5,3,4,4,6,4,4,23,17,7,54,0,4,1,3,1,0,0,3,1,4,5,4,6,5,9,5,27,22,8
422070400,2,ïΩåÀés,ízíní¨,0,,,44,0,2,2,1,0,1,4,2,2,3,2,1,2,4,5,4,18,22,13,16,0,0,1,1,0,0,1,1,1,1,2,0,1,2,2,1,8,7,3,28,0,2,1,0,0,1,3,1,1,2,0,1,1,2,3,3,10,15,10
422070410,2,ïΩåÀés,ã{ÇÃí¨ÅCãæêÏí¨,0,,,85,0,1,0,2,1,2,1,0,2,4,8,3,5,11,13,1,28,56,32,33,0,1,0,1,1,1,1,0,2,1,4,1,2,4,6,1,14,18,8,52,0,0,0,1,0,1,0,0,0,3,4,2,3,7,7,0,14,38,24
422070420,2,ïΩåÀés,âYÇÃí¨,0,,,202,6,2,2,4,4,6,6,1,4,3,5,4,5,8,9,10,42,150,133,65,4,1,2,1,1,3,4,1,1,2,2,2,1,5,6,7,18,40,29,137,2,1,0,3,3,3,2,0,3,1,3,2,4,3,3,3,24,110,104
422070430,2,ïΩåÀés,çËï˚í¨ÅCëÂãvï€í¨,0,,,107,4,1,3,2,1,4,3,3,2,7,7,4,10,13,15,8,43,56,28,48,4,0,0,2,1,1,2,1,2,3,4,2,5,6,6,4,23,21,9,59,0,1,3,0,0,3,1,2,0,4,3,2,5,7,9,4,20,35,19
422070440,2,ïΩåÀés,ëÂéRí¨,0,,,63,1,3,0,1,0,4,2,2,2,6,3,7,1,8,7,4,28,31,16,36,1,3,0,1,0,4,2,1,0,4,2,4,0,3,5,4,18,14,6,27,0,0,0,0,0,0,0,1,2,2,1,3,1,5,2,0,10,17,10
422070450,2,ïΩåÀés,êÏì‡í¨ÅCíÜñÏëÂãvï€í¨,0,,,192,11,10,7,4,3,4,5,9,8,7,15,18,13,18,14,28,86,78,46,97,9,4,2,2,3,2,3,5,4,3,9,9,7,8,5,15,47,35,22,95,2,6,5,2,0,2,2,4,4,4,6,9,6,10,9,13,39,43,24
422070460,2,ïΩåÀés,êÏì‡í¨,0,,,260,1,7,8,5,8,9,3,10,10,11,23,18,24,22,40,16,121,123,61,125,0,4,4,1,4,7,2,4,4,7,11,9,14,12,18,8,63,54,24,135,1,3,4,4,4,2,1,6,6,4,12,9,10,10,22,8,58,69,37
422070470,2,ïΩåÀés,íÜñÏëÂãvï€í¨,0,,,53,3,1,0,2,2,3,1,3,1,7,4,1,3,5,6,4,27,22,11,26,2,1,0,1,1,2,1,2,1,2,2,0,2,1,5,3,14,9,3,27,1,0,0,1,1,1,0,1,0,5,2,1,1,4,1,1,13,13,8
422070480,2,ïΩåÀés,êÖêÇí¨,0,,,85,1,4,3,2,0,2,1,2,8,4,2,7,9,10,5,8,37,40,25,43,1,2,3,0,0,1,1,1,6,2,1,5,3,5,3,6,20,17,9,42,0,2,0,2,0,1,0,1,2,2,1,2,6,5,2,2,17,23,16
422070490,2,ïΩåÀés,éRíÜí¨,0,,,43,3,0,0,0,0,3,5,2,1,0,2,3,6,4,5,3,22,18,9,21,2,0,0,0,0,1,3,1,1,0,0,1,5,3,2,2,12,7,2,22,1,0,0,0,0,2,2,1,0,0,2,2,1,1,3,1,10,11,7
422070500,2,ïΩåÀés,éRíÜí¨ÅCíÜñÏëÂãvï€í¨ÅCâ∫íÜñÏí¨,0,,,151,5,4,8,4,4,3,2,8,10,6,8,8,11,21,22,17,64,70,27,76,3,3,6,2,3,1,1,3,5,5,4,4,5,13,8,12,33,31,10,75,2,1,2,2,1,2,1,5,5,1,4,4,6,8,14,5,31,39,17
422070510,2,ïΩåÀés,ñVï˚í¨,0,,,41,2,2,2,1,0,2,0,0,1,1,2,2,4,5,7,6,13,22,10,20,1,0,2,1,0,1,0,0,0,1,0,1,2,4,3,3,6,11,4,21,1,2,0,0,0,1,0,0,1,0,2,1,2,1,4,3,7,11,6
422070520,2,ïΩåÀés,éÂétí¨,0,,,40,0,0,0,1,1,1,1,0,0,0,3,8,0,8,4,0,15,25,13,17,0,0,0,0,1,1,1,0,0,0,1,3,0,5,2,0,7,10,3,23,0,0,0,1,0,0,0,0,0,0,2,5,0,3,2,0,8,15,10
422070530,2,ïΩåÀés,éÂétí¨,0,,,77,3,4,4,2,0,2,6,2,0,5,6,7,8,10,6,11,38,28,12,36,0,2,2,1,0,2,3,1,0,3,3,3,4,6,4,4,20,12,2,41,3,2,2,1,0,0,3,1,0,2,3,4,4,4,2,7,18,16,10
422070540,2,ïΩåÀés,â∫íÜñÏí¨ÅCå√ç]í¨,0,,,204,4,6,6,5,11,4,1,14,10,8,12,15,25,26,19,16,105,83,38,95,2,0,3,3,6,2,1,8,5,3,6,10,14,12,9,5,58,32,11,109,2,6,3,2,5,2,0,6,5,5,6,5,11,14,10,11,47,51,27
422070550,2,ïΩåÀés,å√ç]í¨,0,,,73,2,0,1,6,2,2,2,1,1,5,5,10,4,12,7,3,38,32,13,38,2,0,1,3,2,1,2,0,0,1,2,6,3,5,4,3,20,15,6,35,0,0,0,3,0,1,0,1,1,4,3,4,1,7,3,0,18,17,7
422070560,2,ïΩåÀés,å√ç]í¨,0,,,15,1,1,0,0,0,0,2,0,0,0,1,4,1,1,1,2,8,5,3,6,0,0,0,0,0,0,0,0,0,0,1,3,1,0,1,0,5,1,0,9,1,1,0,0,0,0,2,0,0,0,0,1,0,1,0,2,3,4,3
422070570,2,ïΩåÀés,ètì˙í¨,0,,,63,2,4,4,0,0,0,2,5,4,3,2,4,11,3,4,10,31,22,15,28,1,2,0,0,0,0,2,2,3,0,1,3,4,3,3,3,15,10,4,35,1,2,4,0,0,0,0,3,1,3,1,1,7,0,1,7,16,12,11
422070580,2,ïΩåÀés,çÇâzí¨,0,,,62,1,4,4,2,1,1,1,4,5,1,2,3,6,9,9,9,26,27,9,30,0,2,1,1,1,1,1,1,5,0,1,1,1,8,3,3,13,14,3,32,1,2,3,1,0,0,0,3,0,1,1,2,5,1,6,6,13,13,6
422070590,2,ïΩåÀés,ëÂêŒòeí¨,0,,,59,2,4,5,3,4,0,3,2,3,5,3,3,6,2,4,11,32,16,10,30,1,1,2,1,4,0,2,1,1,3,2,1,3,1,3,4,18,8,4,29,1,3,3,2,0,0,1,1,2,2,1,2,3,1,1,7,14,8,6
422070600,2,ïΩåÀés,éÇéqí¨,0,,,77,4,4,4,2,1,1,3,3,5,2,0,2,0,11,18,12,19,46,17,31,3,2,0,1,0,1,1,1,3,1,0,1,0,4,10,5,9,17,3,46,1,2,4,1,1,0,2,2,2,1,0,1,0,7,8,7,10,29,14
422070610,2,ïΩåÀés,éÇéqí¨,0,,,94,3,2,5,0,4,3,4,3,3,4,5,6,9,9,7,10,41,43,27,42,2,1,2,0,1,1,3,3,1,2,3,3,5,4,3,5,22,15,8,52,1,1,3,0,3,2,1,0,2,2,2,3,4,5,4,5,19,28,19
422070620,2,ïΩåÀés,éÇéqí¨,0,,,84,3,3,5,2,1,1,3,3,5,4,7,5,7,11,6,11,38,35,18,35,0,1,2,2,0,1,1,2,1,3,2,1,3,6,3,3,16,16,7,49,3,2,3,0,1,0,2,1,4,1,5,4,4,5,3,8,22,19,11
422070630,2,ïΩåÀés,éÇéqí¨,0,,,86,2,4,3,0,1,1,2,3,3,8,3,8,4,9,4,9,33,44,31,41,1,2,2,0,1,1,0,1,2,3,2,5,3,6,3,5,18,18,9,45,1,2,1,0,0,0,2,2,1,5,1,3,1,3,1,4,15,26,22
422070640,2,ïΩåÀés,ç™éÇéqí¨ÅCëÂêŒòeí¨,0,,,112,2,5,7,1,2,7,5,9,3,5,8,9,12,10,9,14,61,37,18,54,0,2,1,0,1,4,2,6,1,3,5,5,4,7,6,3,31,20,7,58,2,3,6,1,1,3,3,3,2,2,3,4,8,3,3,11,30,17,11
422070650,2,ïΩåÀés,ç™éÇéqí¨,0,,,124,2,3,7,3,4,3,5,4,7,12,10,7,12,10,14,12,67,45,21,62,0,2,6,1,2,3,4,2,4,7,6,3,6,4,7,8,38,16,5,62,2,1,1,2,2,0,1,2,3,5,4,4,6,6,7,4,29,29,16
422070660,2,ïΩåÀés,ç™éÇéqí¨,0,,,112,0,4,4,5,0,1,5,2,8,7,5,11,6,11,18,8,50,54,25,52,0,1,3,2,0,1,1,2,4,2,3,5,4,6,6,4,24,24,12,60,0,3,1,3,0,0,4,0,4,5,2,6,2,5,12,4,26,30,13
422070670,2,ïΩåÀés,ç™éÇéqí¨,0,,,90,5,1,2,1,2,8,1,1,9,5,4,4,6,10,12,8,41,41,19,46,3,0,1,0,2,4,0,1,5,2,3,2,3,4,8,4,22,20,8,44,2,1,1,1,0,4,1,0,4,3,1,2,3,6,4,4,19,21,11
422070680,2,ïΩåÀés,î—ó«í¨,0,,,71,0,5,6,0,4,0,1,5,2,3,5,2,9,5,9,11,31,29,15,31,0,3,2,0,2,0,0,2,1,2,2,0,4,3,4,5,13,13,6,40,0,2,4,0,2,0,1,3,1,1,3,2,5,2,5,6,18,16,9
422070690,2,ïΩåÀés,î—ó«í¨,0,,,57,2,1,3,2,0,1,2,0,2,3,4,2,2,7,6,6,18,33,20,26,0,0,2,1,0,1,1,0,0,3,2,1,0,5,3,2,9,15,7,31,2,1,1,1,0,0,1,0,2,0,2,1,2,2,3,4,9,18,13
422070700,2,ïΩåÀés,ïRç∑í¨,0,,,236,12,16,11,8,6,13,3,9,14,7,19,10,16,30,17,39,105,92,45,113,4,9,9,2,3,5,0,6,6,4,11,5,7,17,10,22,49,42,15,123,8,7,2,6,3,8,3,3,8,3,8,5,9,13,7,17,56,50,30
422070710,2,ïΩåÀés,ïRç∑í¨ÅCûSÇÃå¥í¨,0,,,156,4,4,0,1,11,4,13,8,5,10,6,13,10,23,19,8,81,67,25,67,1,2,0,0,4,3,1,4,4,5,3,8,3,12,9,3,35,29,8,89,3,2,0,1,7,1,12,4,1,5,3,5,7,11,10,5,46,38,17
422070720,3,ïΩåÀés,í¨íöéöÉRÅ[Éh0720ÇÃåv,0,,,192,6,9,8,8,6,2,3,7,5,10,9,6,9,6,6,23,65,104,92,65,4,5,2,3,5,1,1,3,2,4,5,2,7,3,1,11,33,21,17,127,2,4,6,5,1,1,2,4,3,6,4,4,2,3,5,12,32,83,75
42207072034,4,ïΩåÀés,ïRç∑í¨,0,,,123,2,4,3,4,4,0,1,2,3,4,4,3,1,3,5,9,26,88,80,33,1,3,1,2,4,0,0,0,1,2,2,2,1,1,1,5,14,14,12,90,1,1,2,2,0,0,1,2,2,2,2,1,0,2,4,4,12,74,68
42207072041,4,ïΩåÀés,ïRç∑í¨ÅCñÿÉñí√í¨,0,,,69,4,5,5,4,2,2,2,5,2,6,5,3,8,3,1,14,39,16,12,32,3,2,1,1,1,1,1,3,1,2,3,0,6,2,0,6,19,7,5,37,1,3,4,3,1,1,1,2,1,4,2,3,2,1,1,8,20,9,7
422070730,2,ïΩåÀés,ïRç∑í¨,0,,,208,9,12,15,4,8,7,10,7,13,8,11,12,13,20,20,36,93,79,39,95,5,7,6,4,3,3,4,5,8,3,4,5,4,10,12,18,43,34,12,113,4,5,9,0,5,4,6,2,5,5,7,7,9,10,8,18,50,45,27
422070740,2,ïΩåÀés,ûSÇÃå¥í¨ÅCê[êÏí¨,0,,,100,6,3,2,2,3,4,8,4,3,6,6,12,12,5,2,11,60,29,22,52,4,1,1,1,1,3,4,3,0,4,4,6,7,3,1,6,33,13,9,48,2,2,1,1,2,1,4,1,3,2,2,6,5,2,1,5,27,16,13
422070750,2,ïΩåÀés,ê[êÏí¨,0,,,110,5,3,3,2,1,2,3,5,5,4,3,7,11,14,15,11,43,56,27,52,4,2,2,2,0,1,1,3,2,3,1,5,4,9,5,8,22,22,8,58,1,1,1,0,1,1,2,2,3,1,2,2,7,5,10,3,21,34,19
422070760,2,ïΩåÀés,å}ïRç∑í¨ÅCïRç∑í¨,0,,,57,2,0,2,2,1,3,2,0,1,4,2,12,5,5,6,4,32,21,10,22,2,0,0,0,0,0,1,0,1,1,0,9,1,2,4,2,13,7,1,35,0,0,2,2,1,3,1,0,0,3,2,3,4,3,2,2,19,14,9
422070770,2,ïΩåÀés,ñÿÉPí√í¨,0,,,56,1,1,1,1,1,1,0,1,1,3,3,6,3,4,9,3,20,33,20,24,1,0,1,0,1,0,0,1,1,1,1,4,1,1,5,2,10,12,6,32,0,1,0,1,0,1,0,0,0,2,2,2,2,3,4,1,10,21,14
422070780,2,ïΩåÀés,ñÿÉPí√í¨,0,,,78,1,4,3,2,1,3,1,2,5,4,3,8,11,7,7,8,40,30,16,35,1,1,2,1,0,2,0,2,4,3,0,4,6,4,2,4,22,9,3,43,0,3,1,1,1,1,1,0,1,1,3,4,5,3,5,4,18,21,13
422070790,2,ïΩåÀés,ñÿÉPí√í¨,0,,,75,2,5,3,1,0,2,2,3,2,3,2,8,10,6,8,10,33,32,18,35,2,1,1,1,0,1,2,1,0,2,1,5,3,3,7,4,16,15,5,40,0,4,2,0,0,1,0,2,2,1,1,3,7,3,1,6,17,17,13
422070800,2,ïΩåÀés,ñÿÉPí√í¨,0,,,55,2,2,0,1,3,1,2,4,0,4,1,9,2,2,6,4,27,23,15,25,1,1,0,0,0,1,2,2,0,2,0,5,1,1,4,2,13,10,5,30,1,1,0,1,3,0,0,2,0,2,1,4,1,1,2,2,14,13,10
422070810,2,ïΩåÀés,ëÂêÏå¥í¨,0,,,150,1,1,4,3,1,0,0,3,3,11,5,10,15,20,20,6,51,93,53,66,1,1,0,1,1,0,0,2,1,6,2,6,6,11,6,2,25,39,22,84,0,0,4,2,0,0,0,1,2,5,3,4,9,9,14,4,26,54,31
422070820,2,ïΩåÀés,ê‘èºí¨,0,,,33,0,0,0,0,1,3,0,1,0,0,0,6,6,5,2,0,17,16,9,13,0,0,0,0,0,0,0,0,0,0,0,1,4,5,0,0,5,8,3,20,0,0,0,0,1,3,0,1,0,0,0,5,2,0,2,0,12,8,6
422070830,2,ïΩåÀés,ëêêœí¨,0,,,98,1,7,8,3,1,1,4,7,4,6,4,4,9,15,13,16,43,39,11,54,1,4,5,2,1,1,2,4,3,2,2,2,4,8,8,10,23,21,5,44,0,3,3,1,0,0,2,3,1,4,2,2,5,7,5,6,20,18,6
422070840,2,ïΩåÀés,ëêêœí¨ÅCïRç∑í¨ÅCëÂêŒòeí¨,0,,,57,2,1,0,1,1,1,3,1,0,2,4,2,2,3,5,3,17,36,28,25,2,1,0,0,1,0,1,1,0,1,3,1,0,1,2,3,8,13,10,32,0,0,0,1,0,1,2,0,0,1,1,1,2,2,3,0,9,23,18
422070850,2,ïΩåÀés,ñÿèÍí¨,0,,,54,1,1,3,0,1,0,4,2,1,1,2,4,5,7,6,5,20,29,16,27,1,0,2,0,0,0,3,2,1,0,1,2,3,4,4,3,12,12,4,27,0,1,1,0,1,0,1,0,0,1,1,2,2,3,2,2,8,17,12
422070860,2,ïΩåÀés,ñÿèÍí¨,0,,,31,0,1,1,2,0,1,0,1,3,2,0,5,4,3,0,2,18,11,8,13,0,1,0,2,0,1,0,0,1,1,0,2,3,1,0,1,10,2,1,18,0,0,1,0,0,0,0,1,2,1,0,3,1,2,0,1,8,9,7
422070870,2,ïΩåÀés,ñÿèÍí¨,0,,,81,3,5,4,5,0,3,4,7,2,5,4,5,4,13,7,12,39,30,10,39,2,1,3,3,0,2,1,4,1,3,2,2,1,5,6,6,19,14,3,42,1,4,1,2,0,1,3,3,1,2,2,3,3,8,1,6,20,16,7
422070880,2,ïΩåÀés,ñÿèÍí¨,0,,,36,1,2,2,1,0,0,0,3,1,4,3,0,0,6,5,5,12,19,8,23,1,2,0,1,0,0,0,2,1,1,3,0,0,5,3,3,8,12,4,13,0,0,2,0,0,0,0,1,0,3,0,0,0,1,2,2,4,7,4
422070890,2,ïΩåÀés,ïÛãTí¨,0,,,98,0,1,2,3,3,1,2,3,5,5,9,7,9,9,7,3,47,48,32,43,0,1,1,1,2,1,1,3,3,2,3,1,4,7,2,2,21,20,11,55,0,0,1,2,1,0,1,0,2,3,6,6,5,2,5,1,26,28,21
422070900,2,ïΩåÀés,ïÛãTí¨,0,,,76,3,1,1,0,2,2,3,4,3,1,1,6,10,17,6,5,32,39,16,29,1,0,0,0,1,1,1,2,1,0,1,3,3,8,3,1,13,15,4,47,2,1,1,0,1,1,2,2,2,1,0,3,7,9,3,4,19,24,12
422070910,2,ïΩåÀés,ïÛãTí¨,0,,,76,0,1,0,3,3,3,1,1,2,4,9,5,9,12,6,1,40,35,17,33,0,0,0,1,2,1,1,0,1,3,4,1,4,8,2,0,18,15,5,43,0,1,0,2,1,2,0,1,1,1,5,4,5,4,4,1,22,20,12
422070920,2,ïΩåÀés,ïÛãTí¨,0,,,67,1,2,2,4,0,3,0,5,3,4,2,4,7,4,5,5,32,30,21,25,1,0,0,1,0,0,0,2,2,2,1,0,3,1,2,1,11,13,10,42,0,2,2,3,0,3,0,3,1,2,1,4,4,3,3,4,21,17,11
422070930,2,ïΩåÀés,è„íÜí√ó«í¨,0,,,120,2,5,5,6,1,3,1,8,8,4,3,8,9,18,16,12,51,57,23,49,2,0,3,3,0,1,0,3,5,3,0,6,3,7,9,5,24,20,4,71,0,5,2,3,1,2,1,5,3,1,3,2,6,11,7,7,27,37,19
422070940,2,ïΩåÀés,â∫íÜí√ó«í¨,0,,,152,7,10,10,4,1,2,5,8,8,3,10,7,11,22,10,27,59,66,34,71,5,4,7,2,0,1,2,2,6,1,5,4,3,12,4,16,26,29,13,81,2,6,3,2,1,1,3,6,2,2,5,3,8,10,6,11,33,37,21
422070950,2,ïΩåÀés,ï~ç≤í¨,0,,,55,1,0,1,1,0,2,1,2,0,3,5,2,4,7,5,2,20,33,21,28,1,0,1,1,0,1,1,0,0,2,2,0,3,5,3,2,10,16,8,27,0,0,0,0,0,1,0,2,0,1,3,2,1,2,2,0,10,17,13
422070960,2,ïΩåÀés,íñìníJí¨,0,,,193,3,5,10,6,0,1,4,4,8,3,6,12,18,26,27,18,62,113,60,92,2,4,7,2,0,0,3,3,5,0,4,7,8,14,11,13,32,47,22,101,1,1,3,4,0,1,1,1,3,3,2,5,10,12,16,5,30,66,38
422070970,2,ïΩåÀés,íÁí¨,0,,,332,11,10,15,9,4,10,10,8,15,22,18,27,28,17,33,36,151,145,95,146,4,6,5,3,2,8,2,5,8,10,10,13,19,9,10,15,80,51,32,186,7,4,10,6,2,2,8,3,7,12,8,14,9,8,23,21,71,94,63
422070980,2,ïΩåÀés,ê_ëDí¨,0,,,36,0,0,0,0,0,0,0,2,3,0,2,1,3,6,6,0,11,25,13,19,0,0,0,0,0,0,0,2,2,0,1,1,0,3,4,0,6,13,6,17,0,0,0,0,0,0,0,0,1,0,1,0,3,3,2,0,5,12,7
422070990,2,ïΩåÀés,í√ãgí¨,0,,,85,7,7,2,1,0,0,4,8,3,3,3,3,10,13,7,16,35,34,14,44,2,4,1,0,0,0,2,5,2,2,3,2,4,7,4,7,20,17,6,41,5,3,1,1,0,0,2,3,1,1,0,1,6,6,3,9,15,17,8
422071000,2,ïΩåÀés,í√ãgí¨,0,,,308,6,13,24,7,3,8,9,14,15,18,11,19,39,24,18,43,143,122,80,136,4,9,12,1,3,5,4,6,9,7,6,11,18,12,8,25,70,41,21,172,2,4,12,6,0,3,5,8,6,11,5,8,21,12,10,18,73,81,59
422071011,2,ïΩåÀés,êºíÜéRí¨,0,,,37,0,1,1,1,0,0,0,1,3,2,0,2,3,7,4,2,12,23,12,16,0,0,1,0,0,0,0,1,1,1,0,1,1,5,2,1,5,10,3,21,0,1,0,1,0,0,0,0,2,1,0,1,2,2,2,1,7,13,9
422071012,2,ïΩåÀés,ìåíÜéRí¨,0,,,17,0,0,0,0,0,0,0,0,0,2,2,3,0,1,0,0,7,10,9,7,0,0,0,0,0,0,0,0,0,1,1,2,0,1,0,0,4,3,2,10,0,0,0,0,0,0,0,0,0,1,1,1,0,0,0,0,3,7,7
422071021,2,ïΩåÀés,àºêÏí¨ÅCí“í¨ÅCëÂç≤éuí¨,0,,,120,6,8,6,0,3,6,6,3,7,8,5,7,8,15,12,20,53,47,20,64,2,4,5,0,2,5,4,2,4,4,3,5,3,5,10,11,32,21,6,56,4,4,1,0,1,1,2,1,3,4,2,2,5,10,2,9,21,26,14
422071022,2,ïΩåÀés,í“í¨,0,,,145,0,1,3,6,3,3,3,6,3,3,5,9,10,7,13,4,51,90,70,53,0,1,3,3,1,2,0,2,2,2,2,4,3,3,6,4,21,28,19,92,0,0,0,3,2,1,3,4,1,1,3,5,7,4,7,0,30,62,51
422071030,2,ïΩåÀés,ëÂç≤éuí¨ÅCàºêÏí¨,0,,,36,0,0,0,1,3,1,2,1,2,0,3,4,5,3,3,0,22,14,8,19,0,0,0,1,3,0,2,0,2,0,1,2,3,2,1,0,14,5,2,17,0,0,0,0,0,1,0,1,0,0,2,2,2,1,2,0,8,9,6
422071040,2,ïΩåÀés,ìcë„í¨,0,,,42,0,0,0,2,0,2,1,1,0,4,0,6,2,8,10,0,18,24,6,23,0,0,0,2,0,1,0,1,0,2,0,3,1,4,7,0,10,13,2,19,0,0,0,0,0,1,1,0,0,2,0,3,1,4,3,0,8,11,4
422071050,3,ïΩåÀés,í¨íöéöÉRÅ[Éh1050ÇÃåv,0,,,189,8,12,11,7,6,1,9,4,11,15,7,8,17,14,22,31,85,73,37,89,4,6,6,3,5,0,5,2,7,7,2,4,7,8,10,16,42,31,13,100,4,6,5,4,1,1,4,2,4,8,5,4,10,6,12,15,43,42,24
42207105058,4,ïΩåÀés,ëOí√ãgí¨,0,,,87,4,5,4,4,3,1,3,4,4,7,2,3,7,7,13,13,38,36,16,43,2,3,2,2,3,0,2,2,4,3,0,1,2,4,8,7,19,17,5,44,2,2,2,2,0,1,1,2,0,4,2,2,5,3,5,6,19,19,11
42207105059,4,ïΩåÀés,ëOí√ãgí¨ÅCê_è„í¨,0,,,102,4,7,7,3,3,0,6,0,7,8,5,5,10,7,9,18,47,37,21,46,2,3,4,1,2,0,3,0,3,4,2,3,5,4,2,9,23,14,8,56,2,4,3,2,1,0,3,0,4,4,3,2,5,3,7,9,24,23,13
422071060,2,ïΩåÀés,ëOí√ãgí¨,0,,,65,0,0,3,2,2,2,0,1,3,4,3,1,7,5,10,3,25,37,22,28,0,0,0,2,1,0,0,0,2,2,2,0,4,2,4,0,13,15,9,37,0,0,3,0,1,2,0,1,1,2,1,1,3,3,6,3,12,22,13
422071070,2,ïΩåÀés,ëOí√ãgí¨,0,,,145,2,6,7,5,2,5,0,7,11,5,2,11,9,12,16,15,57,73,45,71,1,4,5,3,2,2,0,4,6,4,0,6,4,7,5,10,31,30,18,74,1,2,2,2,0,3,0,3,5,1,2,5,5,5,11,5,26,43,27
422071080,2,ïΩåÀés,ëDñÿí¨,0,,,43,1,3,2,3,0,0,0,1,4,1,0,2,2,2,4,6,13,24,18,19,1,2,0,2,0,0,0,0,2,0,0,2,1,0,2,3,7,9,7,24,0,1,2,1,0,0,0,1,2,1,0,0,1,2,2,3,6,15,11
422071090,2,ïΩåÀés,ëÅïüí¨,0,,,182,8,9,7,4,3,6,5,6,9,5,12,15,14,19,17,24,79,79,43,88,4,3,4,0,3,5,1,2,4,3,8,8,7,10,9,11,41,36,17,94,4,6,3,4,0,1,4,4,5,2,4,7,7,9,8,13,38,43,26
422071100,2,ïΩåÀés,ëÂéuÅXäÍí¨,0,,,92,2,3,1,1,3,0,2,2,3,5,5,3,11,7,13,6,35,51,31,38,1,2,1,0,0,0,1,2,2,1,3,1,5,3,7,4,15,19,9,54,1,1,0,1,3,0,1,0,1,4,2,2,6,4,6,2,20,32,22
422071110,2,ïΩåÀés,éuÅXäÍí¨,0,,,158,3,7,4,4,2,2,2,6,7,10,8,16,11,15,21,14,68,76,40,73,2,5,3,2,1,2,1,3,3,5,4,8,7,5,8,10,36,27,14,85,1,2,1,2,1,0,1,3,4,5,4,8,4,10,13,4,32,49,26
422071120,2,ïΩåÀés,éuÅXäÍí¨,0,,,127,2,3,6,4,0,0,1,6,8,5,5,9,20,21,11,11,58,58,26,59,1,2,4,2,0,0,1,2,2,2,4,3,10,14,5,7,26,26,7,68,1,1,2,2,0,0,0,4,6,3,1,6,10,7,6,4,32,32,19
422071130,2,ïΩåÀés,éuÅXäÍí¨,0,,,89,2,2,2,1,0,3,3,0,5,4,3,4,5,11,16,6,28,55,28,40,1,0,0,1,0,2,1,0,4,2,2,2,2,7,5,1,16,23,11,49,1,2,2,0,0,1,2,0,1,2,1,2,3,4,11,5,12,32,17
422071140,2,ïΩåÀés,è¨ìcí¨,0,,,174,6,9,15,9,2,10,10,6,8,8,15,9,17,8,17,30,94,50,25,88,2,8,8,6,0,9,3,4,4,4,7,5,11,4,7,18,53,17,6,86,4,1,7,3,2,1,7,2,4,4,8,4,6,4,10,12,41,33,19
422071150,2,ïΩåÀés,ñÏéqí¨,0,,,106,7,9,5,2,3,3,4,6,3,3,3,6,11,12,3,21,44,41,26,54,4,6,3,2,2,1,2,3,2,2,1,3,5,6,2,13,23,18,10,52,3,3,2,0,1,2,2,3,1,1,2,3,6,6,1,8,21,23,16
422071160,2,ïΩåÀés,ñÏéqí¨,0,,,181,2,6,11,1,0,6,7,6,8,5,10,14,18,23,20,19,75,87,44,85,1,1,5,0,0,2,3,3,5,3,3,9,13,9,15,7,41,37,13,96,1,5,6,1,0,4,4,3,3,2,7,5,5,14,5,12,34,50,31
422071170,2,ïΩåÀés,ñÏéqí¨,0,,,320,14,18,14,7,3,7,17,17,10,26,22,33,35,34,21,46,177,97,42,158,8,9,7,3,1,4,8,10,6,14,10,19,15,17,11,24,90,44,16,162,6,9,7,4,2,3,9,7,4,12,12,14,20,17,10,22,87,53,26
422071180,2,ïΩåÀés,ñÏéqí¨,0,,,21,0,1,1,1,1,0,0,0,1,2,1,3,1,2,1,2,10,9,6,11,0,0,1,1,1,0,0,0,1,0,0,2,1,1,0,1,6,4,3,10,0,1,0,0,0,0,0,0,0,2,1,1,0,1,1,1,4,5,3
422071190,3,ïΩåÀés,ëÂìáë∫,0,,,129,5,5,3,1,1,2,5,3,4,6,12,11,9,13,21,13,54,62,28,62,2,1,1,1,1,0,4,2,3,5,6,6,5,7,11,4,33,25,7,67,3,4,2,0,0,2,1,1,1,1,6,5,4,6,10,9,21,37,21
42207119001,4,ïΩåÀés,ëÂìáë∫ê_âY,1,,119002,19,0,0,0,0,0,0,1,0,0,0,2,1,1,1,5,0,5,14,8,9,0,0,0,0,0,0,1,0,0,0,1,0,0,1,2,0,2,7,4,10,0,0,0,0,0,0,0,0,0,0,1,1,1,0,3,0,3,7,4
42207119002,4,ïΩåÀés,ëÂìáë∫ê_âY,2,119001,,0,0,0,0,0,0,0,0,0,0,0,0,0,0,0,0,0,0,0,0,0,0,0,0,0,0,0,0,0,0,0,0,0,0,0,0,0,0,0,0,0,0,0,0,0,0,0,0,0,0,0,0,0,0,0,0,0,0,0,0
42207119003,4,ïΩåÀés,ëÂìáë∫ê_âY,0,,,15,3,1,0,0,0,2,3,0,0,0,0,0,2,0,4,4,7,4,0,6,1,0,0,0,0,0,2,0,0,0,0,0,1,0,2,1,3,2,0,9,2,1,0,0,0,2,1,0,0,0,0,0,1,0,2,3,4,2,0
42207119004,4,ïΩåÀés,ëÂìáë∫ê_âY,0,,,8,0,0,0,0,0,0,0,0,1,0,1,0,0,2,3,0,2,6,1,4,0,0,0,0,0,0,0,0,1,0,1,0,0,0,2,0,2,2,0,4,0,0,0,0,0,0,0,0,0,0,0,0,0,2,1,0,0,4,1
42207119006,4,ïΩåÀés,ëÂìáë∫ê_âY,0,,,12,0,0,0,0,0,0,0,0,0,0,1,1,0,5,2,0,2,10,3,6,0,0,0,0,0,0,0,0,0,0,0,1,0,3,1,0,1,5,1,6,0,0,0,0,0,0,0,0,0,0,1,0,0,2,1,0,1,5,2
42207119007,4,ïΩåÀés,ëÂìáë∫ê_âY,0,,,10,0,0,0,0,0,0,0,0,0,1,0,1,1,1,3,0,3,7,3,4,0,0,0,0,0,0,0,0,0,1,0,0,1,0,2,0,2,2,0,6,0,0,0,0,0,0,0,0,0,0,0,1,0,1,1,0,1,5,3
42207119012,4,ïΩåÀés,ëÂìáë∫ê_âY,0,,,13,0,0,0,0,0,0,0,1,0,1,0,2,3,2,0,0,7,6,4,7,0,0,0,0,0,0,0,1,0,1,0,2,1,1,0,0,5,2,1,6,0,0,0,0,0,0,0,0,0,0,0,0,2,1,0,0,2,4,3
42207119013,4,ïΩåÀés,ëÂìáë∫ê_âY,0,,,11,0,0,0,1,0,0,0,0,0,1,5,1,2,0,0,0,10,1,1,6,0,0,0,1,0,0,0,0,0,1,2,0,2,0,0,0,6,0,0,5,0,0,0,0,0,0,0,0,0,0,3,1,0,0,0,0,4,1,1
42207119014,4,ïΩåÀés,ëÂìáë∫ê_âY,1,,119015;119016;120015;120016,19,0,0,0,0,1,0,0,1,0,1,3,4,0,1,3,0,10,9,5,11,0,0,0,0,1,0,0,1,0,1,2,2,0,1,2,0,7,4,1,8,0,0,0,0,0,0,0,0,0,0,1,2,0,0,1,0,3,5,4
42207119015,4,ïΩåÀés,ëÂìáë∫ê_âY,2,119014,,0,0,0,0,0,0,0,0,0,0,0,0,0,0,0,0,0,0,0,0,0,0,0,0,0,0,0,0,0,0,0,0,0,0,0,0,0,0,0,0,0,0,0,0,0,0,0,0,0,0,0,0,0,0,0,0,0,0,0,0
42207119016,4,ïΩåÀés,ëÂìáë∫ê_âY,2,119014,,0,0,0,0,0,0,0,0,0,0,0,0,0,0,0,0,0,0,0,0,0,0,0,0,0,0,0,0,0,0,0,0,0,0,0,0,0,0,0,0,0,0,0,0,0,0,0,0,0,0,0,0,0,0,0,0,0,0,0,0
42207119017,4,ïΩåÀés,ëÂìáë∫ê_âY,1,,119018,22,2,4,3,0,0,0,1,1,3,2,0,1,0,1,1,9,8,5,3,9,1,1,1,0,0,0,1,0,2,1,0,1,0,1,0,3,5,1,0,13,1,3,2,0,0,0,0,1,1,1,0,0,0,0,1,6,3,4,3
42207119018,4,ïΩåÀés,ëÂìáë∫ê_âY,2,119017,,0,0,0,0,0,0,0,0,0,0,0,0,0,0,0,0,0,0,0,0,0,0,0,0,0,0,0,0,0,0,0,0,0,0,0,0,0,0,0,0,0,0,0,0,0,0,0,0,0,0,0,0,0,0,0,0,0,0,0,0
422071200,3,ïΩåÀés,ëÂìáë∫,0,,,185,6,8,7,3,3,3,5,8,6,11,11,8,18,20,11,21,76,88,57,76,3,4,3,1,3,2,3,4,2,6,1,6,7,13,6,10,35,31,12,109,3,4,4,2,0,1,2,4,4,5,10,2,11,7,5,11,41,57,45
42207120005,4,ïΩåÀés,ëÂìáë∫ëOïΩ,0,,,15,0,0,1,2,1,0,0,0,0,2,2,0,0,3,2,1,7,7,2,7,0,0,0,1,1,0,0,0,0,1,1,0,0,1,1,0,4,3,1,8,0,0,1,1,0,0,0,0,0,1,1,0,0,2,1,1,3,4,1
42207120008,4,ïΩåÀés,ëÂìáë∫ëOïΩ,0,,,12,1,2,0,0,0,1,0,3,0,1,0,1,0,0,0,3,6,3,3,6,1,1,0,0,0,1,0,1,0,1,0,1,0,0,0,2,4,0,0,6,0,1,0,0,0,0,0,2,0,0,0,0,0,0,0,1,2,3,3
42207120009,4,ïΩåÀés,ëÂìáë∫ëOïΩ,0,,,25,3,4,2,0,1,0,5,1,3,5,0,1,0,0,0,9,16,0,0,12,1,1,1,0,1,0,3,0,1,3,0,1,0,0,0,3,9,0,0,13,2,3,1,0,0,0,2,1,2,2,0,0,0,0,0,6,7,0,0
42207120010,4,ïΩåÀés,ëÂìáë∫ëOïΩ,1,,120011,15,0,1,1,1,1,0,0,2,0,1,3,1,1,0,1,2,10,3,2,8,0,1,0,0,1,0,0,1,0,1,0,1,1,0,1,1,5,2,1,7,0,0,1,1,0,0,0,1,0,0,3,0,0,0,0,1,5,1,1
42207120011,4,ïΩåÀés,ëÂìáë∫ëOïΩ,2,120010,,0,0,0,0,0,0,0,0,0,0,0,0,0,0,0,0,0,0,0,0,0,0,0,0,0,0,0,0,0,0,0,0,0,0,0,0,0,0,0,0,0,0,0,0,0,0,0,0,0,0,0,0,0,0,0,0,0,0,0,0
42207120015,4,ïΩåÀés,ëÂìáë∫ëOïΩ,2,119014,,0,0,0,0,0,0,0,0,0,0,0,0,0,0,0,0,0,0,0,0,0,0,0,0,0,0,0,0,0,0,0,0,0,0,0,0,0,0,0,0,0,0,0,0,0,0,0,0,0,0,0,0,0,0,0,0,0,0,0,0
42207120016,4,ïΩåÀés,ëÂìáë∫ëOïΩ,2,119014,,0,0,0,0,0,0,0,0,0,0,0,0,0,0,0,0,0,0,0,0,0,0,0,0,0,0,0,0,0,0,0,0,0,0,0,0,0,0,0,0,0,0,0,0,0,0,0,0,0,0,0,0,0,0,0,0,0,0,0,0
42207120019,4,ïΩåÀés,ëÂìáë∫ëOïΩ,0,,,60,0,1,2,0,0,0,0,0,3,1,2,0,6,8,4,3,12,45,33,16,0,1,2,0,0,0,0,0,1,0,0,0,1,4,2,3,2,11,5,44,0,0,0,0,0,0,0,0,2,1,2,0,5,4,2,0,10,34,28
42207120020,4,ïΩåÀés,ëÂìáë∫ëOïΩ,0,,,22,0,0,1,0,0,0,0,1,0,1,1,3,4,4,1,1,10,11,6,9,0,0,0,0,0,0,0,1,0,0,0,1,2,3,1,0,4,5,1,13,0,0,1,0,0,0,0,0,0,1,1,2,2,1,0,1,6,6,5
42207120021,4,ïΩåÀés,ëÂìáë∫ëOïΩ,0,,,16,0,0,0,0,0,0,0,1,0,0,1,0,3,3,2,0,5,11,6,9,0,0,0,0,0,0,0,1,0,0,0,0,1,3,1,0,2,7,3,7,0,0,0,0,0,0,0,0,0,0,1,0,2,0,1,0,3,4,3
42207120022,4,ïΩåÀés,ëÂìáë∫ëOïΩ,0,,,20,2,0,0,0,0,2,0,0,0,0,2,2,4,2,1,2,10,8,5,9,1,0,0,0,0,1,0,0,0,0,0,2,2,2,0,1,5,3,1,11,1,0,0,0,0,1,0,0,0,0,2,0,2,0,1,1,5,5,4
42207120099,4,ïΩåÀés,ëÂìáë∫ëOïΩ,0,,,0,0,0,0,0,0,0,0,0,0,0,0,0,0,0,0,0,0,0,0,0,0,0,0,0,0,0,0,0,0,0,0,0,0,0,0,0,0,0,0,0,0,0,0,0,0,0,0,0,0,0,0,0,0,0,0,0,0,0,0
422071210,3,ïΩåÀés,ëÂìáë∫,0,,,58,0,0,0,0,1,1,1,2,0,1,2,9,3,11,9,0,20,38,18,30,0,0,0,0,0,1,1,0,0,1,1,4,1,7,6,0,9,21,8,28,0,0,0,0,1,0,0,2,0,0,1,5,2,4,3,0,11,17,10
42207121020,4,ïΩåÀés,ëÂìáë∫êºâFåÀ,2,121024,,0,0,0,0,0,0,0,0,0,0,0,0,0,0,0,0,0,0,0,0,0,0,0,0,0,0,0,0,0,0,0,0,0,0,0,0,0,0,0,0,0,0,0,0,0,0,0,0,0,0,0,0,0,0,0,0,0,0,0,0
42207121023,4,ïΩåÀés,ëÂìáë∫êºâFåÀ,0,,,15,0,0,0,0,0,0,0,0,0,0,0,1,0,6,2,0,1,14,6,8,0,0,0,0,0,0,0,0,0,0,0,0,0,4,1,0,0,8,3,7,0,0,0,0,0,0,0,0,0,0,0,1,0,2,1,0,1,6,3
42207121024,4,ïΩåÀés,ëÂìáë∫êºâFåÀ,1,,121020,29,0,0,0,0,1,1,1,1,0,1,1,5,3,3,4,0,14,15,8,14,0,0,0,0,0,1,1,0,0,1,0,2,1,2,3,0,6,8,3,15,0,0,0,0,1,0,0,1,0,0,1,3,2,1,1,0,8,7,5
42207121025,4,ïΩåÀés,ëÂìáë∫êºâFåÀ,0,,,14,0,0,0,0,0,0,0,1,0,0,1,3,0,2,3,0,5,9,4,8,0,0,0,0,0,0,0,0,0,0,1,2,0,1,2,0,3,5,2,6,0,0,0,0,0,0,0,1,0,0,0,1,0,1,1,0,2,4,2
42207121099,4,ïΩåÀés,ëÂìáë∫êºâFåÀ,0,,,0,0,0,0,0,0,0,0,0,0,0,0,0,0,0,0,0,0,0,0,0,0,0,0,0,0,0,0,0,0,0,0,0,0,0,0,0,0,0,0,0,0,0,0,0,0,0,0,0,0,0,0,0,0,0,0,0,0,0,0
422071220,3,ïΩåÀés,ëÂìáë∫,0,,,307,13,11,14,12,6,1,7,13,16,16,10,28,39,37,28,38,148,121,56,154,9,4,8,6,3,1,5,6,7,7,9,16,19,18,18,21,79,54,18,153,4,7,6,6,3,0,2,7,9,9,1,12,20,19,10,17,69,67,38
42207122026,4,ïΩåÀés,ëÂìáë∫ëÂç™ç‚,0,,,59,2,3,2,5,0,0,1,2,4,2,1,11,5,4,3,7,31,21,14,29,1,3,1,3,0,0,1,0,2,1,1,7,2,2,2,5,17,7,3,30,1,0,1,2,0,0,0,2,2,1,0,4,3,2,1,2,14,14,11
42207122027,4,ïΩåÀés,ëÂìáë∫ëÂç™ç‚,0,,,93,5,1,4,1,3,1,3,7,3,4,6,9,9,12,8,10,46,37,17,43,3,1,2,0,1,1,2,3,1,2,5,3,5,6,4,6,23,14,4,50,2,0,2,1,2,0,1,4,2,2,1,6,4,6,4,4,23,23,13
42207122028,4,ïΩåÀés,ëÂìáë∫ëÂç™ç‚,0,,,68,4,2,3,2,0,0,1,3,4,5,0,4,15,6,7,9,34,25,12,38,4,0,2,2,0,0,0,2,3,2,0,4,8,2,5,6,21,11,4,30,0,2,1,0,0,0,1,1,1,3,0,0,7,4,2,3,13,14,8
42207122029,4,ïΩåÀés,ëÂìáë∫ëÂç™ç‚,0,,,87,2,5,5,4,3,0,2,1,5,5,3,4,10,15,10,12,37,38,13,44,1,0,3,1,2,0,2,1,1,2,3,2,4,8,7,4,18,22,7,43,1,5,2,3,1,0,0,0,4,3,0,2,6,7,3,8,19,16,6
42207122099,4,ïΩåÀés,ëÂìáë∫ëÂç™ç‚,0,,,0,0,0,0,0,0,0,0,0,0,0,0,0,0,0,0,0,0,0,0,0,0,0,0,0,0,0,0,0,0,0,0,0,0,0,0,0,0,0,0,0,0,0,0,0,0,0,0,0,0,0,0,0,0,0,0,0,0,0,0
422071230,3,ïΩåÀés,ëÂìáë∫,0,,,166,2,1,6,3,3,4,4,4,3,4,4,18,17,11,27,9,64,93,55,82,2,0,3,1,2,2,3,3,2,2,1,11,9,4,16,5,36,41,21,84,0,1,3,2,1,2,1,1,1,2,3,7,8,7,11,4,28,52,34
42207123030,4,ïΩåÀés,ëÂìáë∫ìIéRêÏì‡,0,,,14,1,0,0,0,0,2,1,0,0,0,1,1,0,0,2,1,5,8,6,6,1,0,0,0,0,0,1,0,0,0,1,0,0,0,0,1,2,3,3,8,0,0,0,0,0,2,0,0,0,0,0,1,0,0,2,0,3,5,3
42207123031,4,ïΩåÀés,ëÂìáë∫ìIéRêÏì‡,0,,,15,0,0,3,1,0,0,1,0,0,0,1,2,2,2,3,3,7,5,0,7,0,0,2,0,0,0,0,0,0,0,0,2,0,1,2,2,2,3,0,8,0,0,1,1,0,0,1,0,0,0,1,0,2,1,1,1,5,2,0
42207123032,4,ïΩåÀés,ëÂìáë∫ìIéRêÏì‡,0,,,19,0,1,1,0,0,0,0,1,0,2,1,2,1,3,0,2,7,10,7,8,0,0,0,0,0,0,0,0,0,1,0,2,1,2,0,0,4,4,2,11,0,1,1,0,0,0,0,1,0,1,1,0,0,1,0,2,3,6,5
42207123033,4,ïΩåÀés,ëÂìáë∫ìIéRêÏì‡,0,,,23,1,0,0,0,0,0,0,1,1,0,1,1,1,0,3,1,5,17,14,11,1,0,0,0,0,0,0,1,0,0,0,1,0,0,2,1,2,8,6,12,0,0,0,0,0,0,0,0,1,0,1,0,1,0,1,0,3,9,8
42207123034,4,ïΩåÀés,ëÂìáë∫ìIéRêÏì‡,0,,,18,0,0,0,1,0,1,1,0,0,0,0,2,1,3,5,0,6,12,4,9,0,0,0,0,0,1,1,0,0,0,0,0,1,0,4,0,3,6,2,9,0,0,0,1,0,0,0,0,0,0,0,2,0,3,1,0,3,6,2
42207123035,4,ïΩåÀés,ëÂìáë∫ìIéRêÏì‡,0,,,14,0,0,0,0,0,0,0,1,1,1,0,0,2,0,6,0,5,9,3,8,0,0,0,0,0,0,0,1,1,1,0,0,1,0,3,0,4,4,1,6,0,0,0,0,0,0,0,0,0,0,0,0,1,0,3,0,1,5,2
42207123037,4,ïΩåÀés,ëÂìáë∫ìIéRêÏì‡,0,,,26,0,0,1,1,3,0,0,0,0,0,0,5,2,1,5,1,11,14,8,13,0,0,1,1,2,0,0,0,0,0,0,2,1,0,3,1,6,6,3,13,0,0,0,0,1,0,0,0,0,0,0,3,1,1,2,0,5,8,5
42207123038,4,ïΩåÀés,ëÂìáë∫ìIéRêÏì‡,0,,,37,0,0,1,0,0,1,1,1,1,1,0,5,8,2,3,1,18,18,13,20,0,0,0,0,0,1,1,1,1,0,0,4,5,1,2,0,13,7,4,17,0,0,1,0,0,0,0,0,0,1,0,1,3,1,1,1,5,11,9
42207123099,4,ïΩåÀés,ëÂìáë∫ìIéRêÏì‡,0,,,0,0,0,0,0,0,0,0,0,0,0,0,0,0,0,0,0,0,0,0,0,0,0,0,0,0,0,0,0,0,0,0,0,0,0,0,0,0,0,0,0,0,0,0,0,0,0,0,0,0,0,0,0,0,0,0,0,0,0,0
422071240,3,ïΩåÀés,ëÂìáë∫,0,,,88,0,2,1,0,2,2,2,2,0,5,5,11,10,10,11,3,39,46,25,50,0,1,1,0,2,2,2,1,0,4,1,7,6,8,6,2,25,23,9,38,0,1,0,0,0,0,0,1,0,1,4,4,4,2,5,1,14,23,16
42207124036,4,ïΩåÀés,ëÂìáë∫ìIéRåÀìc,1,,124040,42,0,2,1,0,2,2,2,2,0,4,2,6,5,2,1,3,25,14,11,27,0,1,1,0,2,2,2,1,0,3,0,4,4,2,0,2,18,7,5,15,0,1,0,0,0,0,0,1,0,1,2,2,1,0,1,1,7,7,6
42207124039,4,ïΩåÀés,ëÂìáë∫ìIéRåÀìc,0,,,19,0,0,0,0,0,0,0,0,0,0,1,5,2,3,2,0,8,11,6,9,0,0,0,0,0,0,0,0,0,0,0,3,1,3,1,0,4,5,1,10,0,0,0,0,0,0,0,0,0,0,1,2,1,0,1,0,4,6,5
42207124040,4,ïΩåÀés,ëÂìáë∫ìIéRåÀìc,2,124036,,0,0,0,0,0,0,0,0,0,0,0,0,0,0,0,0,0,0,0,0,0,0,0,0,0,0,0,0,0,0,0,0,0,0,0,0,0,0,0,0,0,0,0,0,0,0,0,0,0,0,0,0,0,0,0,0,0,0,0,0
42207124041,4,ïΩåÀés,ëÂìáë∫ìIéRåÀìc,0,,,27,0,0,0,0,0,0,0,0,0,1,2,0,3,5,8,0,6,21,8,14,0,0,0,0,0,0,0,0,0,1,1,0,1,3,5,0,3,11,3,13,0,0,0,0,0,0,0,0,0,0,1,0,2,2,3,0,3,10,5
42207124099,4,ïΩåÀés,ëÂìáë∫ìIéRåÀìc,0,,,0,0,0,0,0,0,0,0,0,0,0,0,0,0,0,0,0,0,0,0,0,0,0,0,0,0,0,0,0,0,0,0,0,0,0,0,0,0,0,0,0,0,0,0,0,0,0,0,0,0,0,0,0,0,0,0,0,0,0,0
422071250,3,ïΩåÀés,ê∂åéí¨,0,,,858,12,15,29,21,15,19,17,26,29,53,57,79,80,104,92,56,396,406,210,407,8,7,17,11,12,9,11,18,12,27,30,44,35,54,43,32,209,166,69,451,4,8,12,10,3,10,6,8,17,26,27,35,45,50,49,24,187,240,141
42207125001,4,ïΩåÀés,ê∂åéí¨å‰çË,0,,,144,3,2,0,3,1,3,5,3,5,8,12,13,11,22,15,5,64,75,38,66,3,1,0,1,0,0,3,2,3,4,7,7,3,13,8,4,30,32,11,78,0,1,0,2,1,3,2,1,2,4,5,6,8,9,7,1,34,43,27
42207125002,4,ïΩåÀés,ê∂åéí¨àÎïî,0,,,481,6,8,22,14,10,10,8,17,17,31,24,50,48,51,60,36,229,216,105,233,3,4,12,8,8,6,6,11,7,15,14,28,23,25,28,19,126,88,35,248,3,4,10,6,2,4,2,6,10,16,10,22,25,26,32,17,103,128,70
42207125006,4,ïΩåÀés,ê∂åéí¨àÎïî,0,,,233,3,5,7,4,4,6,4,6,7,14,21,16,21,31,17,15,103,115,67,108,2,2,5,2,4,3,2,5,2,8,9,9,9,16,7,9,53,46,23,125,1,3,2,2,0,3,2,1,5,6,12,7,12,15,10,6,50,69,44
422071260,3,ïΩåÀés,ê∂åéí¨,0,,,1343,38,40,44,24,19,30,44,54,44,64,83,94,110,146,131,122,566,655,378,605,20,23,21,7,13,13,22,22,27,30,43,45,49,78,66,64,271,270,126,738,18,17,23,17,6,17,22,32,17,34,40,49,61,68,65,58,295,385,252
42207126003,4,ïΩåÀés,ê∂åéí¨ó¢ñ∆,0,,,451,14,18,22,8,3,7,15,27,18,19,30,33,45,52,45,54,205,192,95,211,10,9,10,3,2,3,10,10,13,7,16,15,22,28,21,29,101,81,32,240,4,9,12,5,1,4,5,17,5,12,14,18,23,24,24,25,104,111,63
42207126004,4,ïΩåÀés,ê∂åéí¨ó¢ñ∆,0,,,503,7,9,9,6,11,15,10,11,8,27,30,37,40,58,54,25,195,283,171,220,3,5,3,2,8,7,6,2,4,14,15,20,16,33,29,11,94,115,53,283,4,4,6,4,3,8,4,9,4,13,15,17,24,25,25,14,101,168,118
42207126005,4,ïΩåÀés,ê∂åéí¨ó¢ñ∆,0,,,389,17,13,13,10,5,8,19,16,18,18,23,24,25,36,32,43,166,180,112,174,7,9,8,2,3,3,6,10,10,9,12,10,11,17,16,24,76,74,41,215,10,4,5,8,2,5,13,6,8,9,11,14,14,19,16,19,90,106,71
422071270,3,ïΩåÀés,ê∂åéí¨,0,,,507,9,12,17,14,5,7,8,17,18,20,44,27,31,57,73,38,191,278,148,246,3,3,11,9,3,6,5,6,12,11,25,10,20,27,36,17,107,122,59,261,6,9,6,5,2,1,3,11,6,9,19,17,11,30,37,21,84,156,89
42207127005,4,ïΩåÀés,ê∂åéí¨àÎïîâY,0,,,171,3,3,7,6,0,5,4,6,2,10,15,10,8,21,18,13,66,92,53,86,2,0,5,3,0,4,4,3,1,5,8,4,6,11,11,7,38,41,19,85,1,3,2,3,0,1,0,3,1,5,7,6,2,10,7,6,28,51,34
42207127006,4,ïΩåÀés,ê∂åéí¨àÎïîâY,0,,,336,6,9,10,8,5,2,4,11,16,10,29,17,23,36,55,25,125,186,95,160,1,3,6,6,3,2,1,3,11,6,17,6,14,16,25,10,69,81,40,176,5,6,4,2,2,0,3,8,5,4,12,11,9,20,30,15,56,105,55
422071280,3,ïΩåÀés,ê∂åéí¨,0,,,1252,28,22,52,35,25,24,49,33,36,76,84,86,136,130,118,102,584,566,318,588,17,7,25,16,15,14,20,17,23,37,40,48,74,59,60,49,304,235,116,664,11,15,27,19,10,10,29,16,13,39,44,38,62,71,58,53,280,331,202
42207128007,4,ïΩåÀés,ê∂åéí¨ìÏñ∆,0,,,773,20,15,28,22,15,17,34,19,21,45,57,56,91,82,62,63,377,333,189,368,12,6,13,11,10,10,14,11,13,20,23,35,52,38,35,31,199,138,65,405,8,9,15,11,5,7,20,8,8,25,34,21,39,44,27,32,178,195,124
42207128008,4,ïΩåÀés,ê∂åéí¨éRìcñ∆,0,,,479,8,7,24,13,10,7,15,14,15,31,27,30,45,48,56,39,207,233,129,220,5,1,12,5,5,4,6,6,10,17,17,13,22,21,25,18,105,97,51,259,3,6,12,8,5,3,9,8,5,14,10,17,23,27,31,21,102,136,78
422071290,2,ïΩåÀés,ê∂åéí¨,0,,,508,8,5,11,16,37,14,12,14,9,19,32,39,46,44,72,24,238,246,130,267,5,4,6,10,37,12,10,7,4,12,13,21,23,25,30,15,149,103,48,241,3,1,5,6,0,2,2,7,5,7,19,18,23,19,42,9,89,143,82
422071300,2,ïΩåÀés,ê∂åéí¨,0,,,384,1,9,20,11,18,12,1,6,18,25,33,36,29,26,42,30,189,165,97,186,1,5,6,5,16,10,1,4,10,12,17,19,13,15,16,12,107,67,36,198,0,4,14,6,2,2,0,2,8,13,16,17,16,11,26,18,82,98,61
422071310,2,ïΩåÀés,ìcïΩí¨,0,,,184,3,2,1,3,3,4,6,2,1,11,16,22,14,24,20,6,82,93,49,84,3,1,1,2,2,2,4,0,1,6,9,12,8,11,10,5,46,32,11,100,0,1,0,1,1,2,2,2,0,5,7,10,6,13,10,1,36,61,38
422071320,3,ïΩåÀés,ìcïΩí¨,0,,,497,23,22,16,19,23,17,16,16,30,29,26,29,41,46,41,61,246,185,98,238,14,16,9,6,13,8,9,9,15,13,13,13,19,21,21,39,118,79,37,259,9,6,7,13,10,9,7,7,15,16,13,16,22,25,20,22,128,106,61
42207132003,4,ïΩåÀés,ìcïΩí¨ëÂãvï€ñ∆,0,,,142,7,8,4,4,6,6,7,4,10,7,4,12,11,12,9,19,71,47,26,75,3,7,2,0,4,4,4,2,4,3,4,4,6,9,4,12,35,26,13,67,4,1,2,4,2,2,3,2,6,4,0,8,5,3,5,7,36,21,13
42207132004,4,ïΩåÀés,ìcïΩí¨ëÂãvï€ñ∆,0,,,67,1,1,2,2,0,1,2,4,3,2,4,7,6,5,8,4,31,32,19,35,1,0,2,2,0,0,2,3,2,1,1,4,2,2,5,3,17,15,8,32,0,1,0,0,0,1,0,1,1,1,3,3,4,3,3,1,14,17,11
42207132005,4,ïΩåÀés,ìcïΩí¨ëÂãvï€ñ∆,0,,,114,0,1,4,4,9,2,1,1,6,13,8,7,7,7,11,5,58,51,33,53,0,1,1,1,6,1,0,1,3,6,4,4,5,4,4,2,31,20,12,61,0,0,3,3,3,1,1,0,3,7,4,3,2,3,7,3,27,31,21
42207132006,4,ïΩåÀés,ìcïΩí¨ëÂãvï€ñ∆,0,,,174,15,12,6,9,8,8,6,7,11,7,10,3,17,22,13,33,86,55,20,75,10,8,4,3,3,3,3,3,6,3,4,1,6,6,8,22,35,18,4,99,5,4,2,6,5,5,3,4,5,4,6,2,11,16,5,11,51,37,16
422071330,3,ïΩåÀés,ìcïΩí¨,0,,,1815,96,105,92,55,35,72,90,95,86,90,85,82,98,121,115,293,788,721,485,806,48,50,47,28,16,34,39,45,46,42,48,43,47,59,53,145,388,266,154,1009,48,55,45,27,19,38,51,50,40,48,37,39,51,62,62,148,400,455,331
42207133001,4,ïΩåÀés,ìcïΩí¨éRì‡ñ∆,0,,,339,1,3,2,2,4,2,4,4,7,14,13,19,21,23,25,6,90,243,195,147,1,0,2,2,1,1,1,1,3,7,11,12,10,13,13,3,49,95,69,192,0,3,0,0,3,1,3,3,4,7,2,7,11,10,12,3,41,148,126
42207133002,4,ïΩåÀés,ìcïΩí¨éRì‡ñ∆,0,,,152,5,12,6,5,1,6,8,13,5,6,5,6,12,14,17,23,67,55,24,79,3,8,5,3,1,3,4,8,2,4,3,3,5,8,5,16,36,22,9,73,2,4,1,2,0,3,4,5,3,2,2,3,7,6,12,7,31,33,15
42207133003,4,ïΩåÀés,ìcïΩí¨éRì‡ñ∆,0,,,91,4,3,2,2,0,3,1,1,5,7,3,5,7,9,12,9,34,48,27,44,2,1,0,1,0,1,1,1,4,3,1,3,4,3,9,3,19,22,10,47,2,2,2,1,0,2,0,0,1,4,2,2,3,6,3,6,15,26,17
42207133007,4,ïΩåÀés,ìcïΩí¨éRì‡ñ∆,0,,,268,17,16,18,6,6,9,14,20,13,12,16,14,17,21,22,51,127,84,41,117,8,6,9,3,4,5,4,10,7,6,6,4,7,10,9,23,56,36,17,151,9,10,9,3,2,4,10,10,6,6,10,10,10,11,13,28,71,48,24
42207133008,4,ïΩåÀés,ìcïΩí¨éRì‡ñ∆,0,,,179,13,5,4,5,1,12,9,7,4,6,11,6,9,9,9,22,70,87,69,69,7,1,4,2,0,4,5,1,3,3,4,5,6,4,5,12,33,24,15,110,6,4,0,3,1,8,4,6,1,3,7,1,3,5,4,10,37,63,54
42207133009,4,ïΩåÀés,ìcïΩí¨éRì‡ñ∆,0,,,786,56,66,60,35,23,40,54,50,52,45,37,32,32,45,30,182,400,204,129,350,27,34,27,17,10,20,24,24,27,19,23,16,15,21,12,88,195,67,34,436,29,32,33,18,13,20,30,26,25,26,14,16,17,24,18,94,205,137,95
422071340,3,ïΩåÀés,ìcïΩí¨,0,,,950,52,51,45,30,30,31,38,48,45,52,63,81,64,88,55,148,482,313,170,459,23,29,21,18,13,15,21,20,20,27,28,40,36,46,28,73,238,146,72,491,29,22,24,12,17,16,17,28,25,25,35,41,28,42,27,75,244,167,98
42207134009,4,ïΩåÀés,ìcïΩí¨è¨éËìcñ∆,0,,,313,22,21,11,6,11,7,18,16,17,12,21,20,23,30,11,54,151,101,60,149,9,12,6,3,5,4,11,7,6,5,8,10,14,16,6,27,73,47,25,164,13,9,5,3,6,3,7,9,11,7,13,10,9,14,5,27,78,54,35
42207134010,4,ïΩåÀés,ìcïΩí¨è¨éËìcñ∆,0,,,283,20,12,15,14,8,12,7,9,15,14,18,31,22,20,24,47,150,86,42,133,11,7,6,8,3,4,3,3,7,7,11,15,12,9,12,24,73,36,15,150,9,5,9,6,5,8,4,6,8,7,7,16,10,11,12,23,77,50,27
42207134011,4,ïΩåÀés,ìcïΩí¨è¨éËìcñ∆,0,,,231,7,12,13,7,6,9,8,16,10,14,18,22,13,22,14,32,123,76,40,119,2,7,7,4,3,6,5,8,5,7,8,11,7,11,7,16,64,39,21,112,5,5,6,3,3,3,3,8,5,7,10,11,6,11,7,16,59,37,19
42207134012,4,ïΩåÀés,ìcïΩí¨è¨éËìcñ∆,0,,,123,3,6,6,3,5,3,5,7,3,12,6,8,6,16,6,15,58,50,28,58,1,3,2,3,2,1,2,2,2,8,1,4,3,10,3,6,28,24,11,65,2,3,4,0,3,2,3,5,1,4,5,4,3,6,3,9,30,26,17
422071350,2,ïΩåÀés,ìcïΩí¨,0,,,135,9,9,7,5,1,3,6,8,4,10,9,2,10,18,14,25,58,52,20,71,5,8,2,4,1,2,3,4,3,8,4,1,5,5,7,15,35,21,9,64,4,1,5,1,0,1,3,4,1,2,5,1,5,13,7,10,23,31,11
422071360,2,ïΩåÀés,ìcïΩí¨,0,,,93,6,4,1,3,1,5,11,3,3,8,4,10,6,4,7,11,54,28,17,50,3,3,1,3,1,3,5,3,2,4,3,4,4,1,2,7,32,11,8,43,3,1,0,0,0,2,6,0,1,4,1,6,2,3,5,4,22,17,9
422071370,3,ïΩåÀés,ìcïΩí¨,0,,,279,7,10,6,8,10,7,7,12,8,14,24,26,18,29,33,23,134,122,60,144,3,6,3,4,4,3,4,6,4,9,14,12,12,13,21,12,72,60,26,135,4,4,3,4,6,4,3,6,4,5,10,14,6,16,12,11,62,62,34
42207137013,4,ïΩåÀés,ìcïΩí¨â¨ìcñ∆,0,,,77,3,6,2,2,1,2,2,4,0,1,5,7,8,5,8,11,32,34,21,39,2,4,2,0,0,0,1,2,0,1,3,3,5,3,5,8,15,16,8,38,1,2,0,2,1,2,1,2,0,0,2,4,3,2,3,3,17,18,13
42207137014,4,ïΩåÀés,ìcïΩí¨â¨ìcñ∆,0,,,87,3,1,2,4,2,1,2,2,2,9,7,6,3,10,14,6,38,43,19,42,1,0,0,3,0,1,0,2,1,5,4,3,2,4,8,1,21,20,8,45,2,1,2,1,2,0,2,0,1,4,3,3,1,6,6,5,17,23,11
42207137015,4,ïΩåÀés,ìcïΩí¨â¨ìcñ∆,0,,,115,1,3,2,2,7,4,3,6,6,4,12,13,7,14,11,6,64,45,20,63,0,2,1,1,4,2,3,2,3,3,7,6,5,6,8,3,36,24,10,52,1,1,1,1,3,2,0,4,3,1,5,7,2,8,3,3,28,21,10
422071380,3,ïΩåÀés,ìcïΩí¨,0,,,378,8,15,12,10,8,10,14,14,14,18,23,35,35,38,30,35,181,162,94,179,4,7,4,4,4,8,9,6,8,12,13,18,20,18,10,15,102,62,34,199,4,8,8,6,4,2,5,8,6,6,10,17,15,20,20,20,79,100,60
42207138016,4,ïΩåÀés,ìcïΩí¨â∫éõñ∆,0,,,159,4,4,5,2,3,3,4,5,8,6,11,19,15,17,14,13,76,70,39,77,1,1,2,1,2,2,2,2,5,5,5,13,9,8,2,4,46,27,17,82,3,3,3,1,1,1,2,3,3,1,6,6,6,9,12,9,30,43,22
42207138017,4,ïΩåÀés,ìcïΩí¨â∫éõñ∆,0,,,135,3,7,3,4,2,4,7,4,5,6,5,9,11,14,9,13,57,65,42,62,3,3,1,1,1,4,5,1,3,3,4,2,6,6,5,7,30,25,14,73,0,4,2,3,1,0,2,3,2,3,1,7,5,8,4,6,27,40,28
42207138018,4,ïΩåÀés,ìcïΩí¨â∫éõñ∆,0,,,84,1,4,4,4,3,3,3,5,1,6,7,7,9,7,7,9,48,27,13,40,0,3,1,2,1,2,2,3,0,4,4,3,5,4,3,4,26,10,3,44,1,1,3,2,2,1,1,2,1,2,3,4,4,3,4,5,22,17,10
422071390,2,ïΩåÀés,ìcïΩí¨,0,,,116,0,3,4,3,4,3,1,5,7,8,12,8,5,9,15,7,56,53,29,54,0,2,3,0,2,2,0,3,3,3,6,4,4,4,7,5,27,22,11,62,0,1,1,3,2,1,1,2,4,5,6,4,1,5,8,2,29,31,18
422071400,2,ïΩåÀés,ìcïΩí¨,0,,,138,12,8,5,8,3,3,10,5,7,5,10,4,11,22,11,25,66,47,14,67,7,3,4,5,1,1,6,2,4,3,4,3,5,8,5,14,34,19,6,71,5,5,1,3,2,2,4,3,3,2,6,1,6,14,6,11,32,28,8
422071410,2,ïΩåÀés,ìcïΩí¨,0,,,76,0,0,0,0,1,1,7,5,16,7,9,5,10,2,2,0,61,15,11,41,0,0,0,0,1,1,5,3,11,4,4,1,6,1,0,0,36,5,4,35,0,0,0,0,0,0,2,2,5,3,5,4,4,1,2,0,25,10,7
422071420,3,ïΩåÀés,ìcïΩí¨,0,,,413,14,25,18,24,15,14,10,13,19,31,35,24,34,32,22,57,219,137,83,190,8,14,7,14,9,5,6,5,7,14,21,11,17,14,12,29,109,52,26,223,6,11,11,10,6,9,4,8,12,17,14,13,17,18,10,28,110,85,57
42207142020,4,ïΩåÀés,ìcïΩí¨ê[åéñ∆,0,,,282,8,15,14,19,8,10,6,8,12,24,27,19,25,26,10,37,158,87,51,125,3,9,4,11,5,4,4,3,4,12,14,9,14,10,5,16,80,29,14,157,5,6,10,8,3,6,2,5,8,12,13,10,11,16,5,21,78,58,37
42207142023,4,ïΩåÀés,ìcïΩí¨ê[åéñ∆,0,,,131,6,10,4,5,7,4,4,5,7,7,8,5,9,6,12,20,61,50,32,65,5,5,3,3,4,1,2,2,3,2,7,2,3,4,7,13,29,23,12,66,1,5,1,2,3,3,2,3,4,5,1,3,6,2,5,7,32,27,20
422071430,3,ïΩåÀés,ìcïΩí¨,0,,,683,33,22,39,28,13,40,28,29,47,25,34,45,64,90,49,94,353,235,96,348,18,13,15,15,5,23,13,20,27,11,16,25,33,48,26,46,188,113,39,335,15,9,24,13,8,17,15,9,20,14,18,20,31,42,23,48,165,122,57
42207143005,4,ïΩåÀés,ìcïΩí¨ó¢ñ∆,0,,,44,4,3,2,1,0,3,1,1,4,1,0,3,5,7,3,9,19,16,6,24,3,2,1,0,0,1,1,0,2,1,0,2,5,3,2,6,12,6,1,20,1,1,1,1,0,2,0,1,2,0,0,1,0,4,1,3,7,10,5
42207143024,4,ïΩåÀés,ìcïΩí¨ó¢ñ∆,0,,,213,16,5,10,10,5,15,11,9,14,6,12,14,16,24,13,31,112,69,32,112,8,2,4,7,2,9,7,6,7,3,6,8,8,16,6,14,63,34,12,101,8,3,6,3,3,6,4,3,7,3,6,6,8,8,7,17,49,35,20
42207143025,4,ïΩåÀés,ìcïΩí¨ó¢ñ∆,0,,,426,13,14,27,17,8,22,16,19,29,18,22,28,43,59,33,54,222,150,58,212,7,9,10,8,3,13,5,14,18,7,10,15,20,29,18,26,113,73,26,214,6,5,17,9,5,9,11,5,11,11,12,13,23,30,15,28,109,77,32
422071440,2,ïΩåÀés,ìcïΩí¨,0,,,123,7,9,9,3,2,5,4,5,3,11,6,7,7,10,13,25,53,45,22,56,3,5,5,1,1,3,1,2,2,4,2,4,5,5,5,13,25,18,8,67,4,4,4,2,1,2,3,3,1,7,4,3,2,5,8,12,28,27,14
422071450,2,ïΩåÀés,ìcïΩí¨,0,,,221,12,17,7,6,1,6,6,8,15,10,8,17,20,29,23,36,97,88,36,103,5,10,3,2,0,1,2,4,7,5,3,8,14,18,11,18,46,39,10,118,7,7,4,4,1,5,4,4,8,5,5,9,6,11,12,18,51,49,26
422071460,2,ïΩåÀés,ìcïΩí¨,0,,,253,14,9,10,11,8,5,11,11,12,14,9,18,31,20,24,33,130,90,46,121,8,4,9,4,4,2,4,6,7,5,4,8,16,12,15,21,60,40,13,132,6,5,1,7,4,3,7,5,5,9,5,10,15,8,9,12,70,50,33
422071470,2,ïΩåÀés,ìcïΩí¨,0,,,85,3,3,3,2,0,0,3,7,3,2,3,3,14,11,11,9,37,39,17,38,1,3,2,1,0,0,2,3,0,1,1,2,7,3,8,6,17,15,4,47,2,0,1,1,0,0,1,4,3,1,2,1,7,8,3,3,20,24,13
422071480,2,ïΩåÀés,ìcïΩí¨,0,,,260,8,8,9,8,6,4,13,15,15,14,21,11,19,29,32,25,126,109,48,130,5,5,4,3,5,2,7,9,11,6,14,4,9,14,18,14,70,46,14,130,3,3,5,5,1,2,6,6,4,8,7,7,10,15,14,11,56,63,34
42208,1,èºâYés,,0,,,21271,683,928,964,788,643,783,830,1040,1146,1148,1138,1355,1702,1962,1815,2575,10573,7843,4066,10278,330,469,479,428,376,416,431,530,608,604,538,673,877,1016,873,1278,5481,3353,1464,10993,353,459,485,360,267,367,399,510,538,544,600,682,825,946,942,1297,5092,4490,2602
422081510,2,èºâYés,å‰ê~í¨,0,,,159,7,4,5,7,8,3,5,9,8,6,9,15,11,25,5,16,81,62,32,73,2,4,3,4,3,1,3,2,6,2,3,10,5,11,2,9,39,25,12,86,5,0,2,3,5,2,2,7,2,4,6,5,6,14,3,7,42,37,20
422081520,2,èºâYés,å‰ê~í¨,0,,,1201,27,34,59,46,24,30,28,52,45,53,60,71,78,109,105,120,487,567,353,519,13,21,33,25,9,18,17,22,27,22,28,32,37,54,47,67,237,204,103,682,14,13,26,21,15,12,11,30,18,31,32,39,41,55,58,53,250,363,250
422081530,2,èºâYés,å‰ê~í¨,0,,,78,0,1,1,5,2,3,1,2,5,4,3,8,4,8,5,2,37,32,19,38,0,1,1,2,2,2,1,1,3,2,1,3,1,4,2,2,18,14,8,40,0,0,0,3,0,1,0,1,2,2,2,5,3,4,3,0,19,18,11
422081540,2,èºâYés,å‰ê~í¨,0,,,242,5,10,17,7,8,8,9,13,11,14,13,15,28,20,12,32,126,82,50,117,3,5,6,4,4,5,5,6,6,7,6,9,14,13,5,14,66,36,18,125,2,5,11,3,4,3,4,7,5,7,7,6,14,7,7,18,60,46,32
422081550,2,èºâYés,å‰ê~í¨,0,,,96,5,1,4,6,3,6,1,3,11,5,9,6,7,4,8,10,57,29,17,46,1,0,3,1,2,3,1,1,6,3,5,2,5,3,4,4,29,13,6,50,4,1,1,5,1,3,0,2,5,2,4,4,2,1,4,6,28,16,11
422081560,2,èºâYés,å‰ê~í¨,0,,,578,32,35,35,22,20,30,30,31,31,44,40,39,41,44,27,102,328,136,65,284,17,20,18,8,15,13,17,15,16,21,18,19,20,20,13,55,162,59,26,294,15,15,17,14,5,17,13,16,15,23,22,20,21,24,14,47,166,77,39
422081570,2,èºâYés,å‰ê~í¨,0,,,118,4,8,5,3,1,3,5,13,15,4,4,6,16,8,7,17,70,31,16,55,2,3,3,1,1,0,4,6,5,3,1,4,6,4,4,8,31,16,8,63,2,5,2,2,0,3,1,7,10,1,3,2,10,4,3,9,39,15,8
422081580,2,èºâYés,å‰ê~í¨,0,,,180,6,13,9,1,5,3,6,8,10,4,6,15,20,14,22,28,78,63,27,87,2,9,5,1,1,0,3,4,5,2,2,7,8,7,12,16,33,33,14,93,4,4,4,0,4,3,3,4,5,2,4,8,12,7,10,12,45,30,13
422081620,2,èºâYés,å‰ê~í¨,0,,,123,5,3,6,4,2,1,3,9,2,10,5,10,12,15,11,14,58,51,25,64,4,3,2,2,2,0,2,5,2,6,1,5,5,9,8,9,30,25,8,59,1,0,4,2,0,1,1,4,0,4,4,5,7,6,3,5,28,26,17
422081630,2,èºâYés,å‰ê~í¨,0,,,59,1,4,0,0,2,1,3,6,1,3,3,9,6,7,6,5,34,20,7,30,1,2,0,0,1,0,1,4,1,2,1,3,4,4,3,3,17,10,3,29,0,2,0,0,1,1,2,2,0,1,2,6,2,3,3,2,17,10,4
422081650,2,èºâYés,å‰ê~í¨,0,,,90,4,2,7,3,1,3,3,7,3,5,5,6,13,7,8,13,49,28,13,39,2,1,5,1,0,2,1,3,1,1,3,2,5,5,4,8,19,12,3,51,2,1,2,2,1,1,2,4,2,4,2,4,8,2,4,5,30,16,10
422081670,2,èºâYés,å‰ê~í¨,0,,,113,1,2,6,3,1,1,6,5,4,6,5,9,16,14,17,9,56,47,16,57,1,0,1,2,1,0,4,3,3,3,3,4,9,8,9,2,32,22,5,56,0,2,5,1,0,1,2,2,1,3,2,5,7,6,8,7,24,25,11
422081680,2,èºâYés,å‰ê~í¨,0,,,140,1,1,1,9,5,4,3,1,4,13,13,8,11,16,17,3,71,66,33,63,0,0,1,2,3,1,1,1,2,7,6,5,6,9,4,1,34,28,15,77,1,1,0,7,2,3,2,0,2,6,7,3,5,7,13,2,37,38,18
422081690,2,èºâYés,å‰ê~í¨,0,,,140,4,8,9,4,3,2,3,6,9,11,8,10,10,9,12,21,66,53,32,69,2,3,4,2,2,1,2,4,3,7,6,3,8,5,6,9,38,22,11,71,2,5,5,2,1,1,1,2,6,4,2,7,2,4,6,12,28,31,21
422081710,2,èºâYés,å‰ê~í¨,0,,,120,4,5,8,7,11,9,4,5,3,9,8,5,14,11,3,17,75,28,14,64,4,0,5,3,10,6,2,4,1,4,5,1,8,6,3,9,44,11,2,56,0,5,3,4,1,3,2,1,2,5,3,4,6,5,0,8,31,17,12
422081720,2,èºâYés,å‰ê~í¨,0,,,36,0,3,0,2,2,0,0,1,2,2,1,6,0,2,4,3,16,17,11,13,0,0,0,1,1,0,0,0,1,1,0,3,0,1,1,0,7,6,4,23,0,3,0,1,1,0,0,1,1,1,1,3,0,1,3,3,9,11,7
422081750,2,èºâYés,å‰ê~í¨,0,,,111,0,2,3,3,3,3,3,0,8,4,6,8,10,13,13,5,48,58,32,58,0,1,2,1,1,2,2,0,4,3,2,4,4,6,7,3,23,32,19,53,0,1,1,2,2,1,1,0,4,1,4,4,6,7,6,2,25,26,13
422081760,2,èºâYés,å‰ê~í¨,0,,,106,2,3,3,3,2,2,2,10,5,3,4,4,12,14,13,8,47,51,24,51,2,3,1,1,0,2,1,7,2,2,3,2,5,5,10,6,25,20,5,55,0,0,2,2,2,0,1,3,3,1,1,2,7,9,3,2,22,31,19
422081770,2,èºâYés,å‰ê~í¨,0,,,49,3,3,0,1,1,0,0,3,1,4,3,3,3,7,2,6,19,23,14,28,1,3,0,0,1,0,0,2,0,2,3,2,1,5,1,4,11,12,6,21,2,0,0,1,0,0,0,1,1,2,0,1,2,2,1,2,8,11,8
422081780,2,èºâYés,å‰ê~í¨,0,,,142,1,2,3,3,4,5,3,6,10,10,11,11,18,16,15,6,81,53,22,85,1,2,2,0,1,4,1,6,8,8,8,6,10,9,7,5,52,26,10,57,0,0,1,3,3,1,2,0,2,2,3,5,8,7,8,1,29,27,12
422082410,2,èºâYés,êØé≠í¨,0,,,356,6,15,25,8,6,7,8,11,18,16,12,14,28,27,35,46,128,182,120,157,3,8,17,6,3,4,4,4,10,7,8,7,10,13,20,28,63,66,33,199,3,7,8,2,3,3,4,7,8,9,4,7,18,14,15,18,65,116,87
422082420,2,èºâYés,êØé≠í¨,0,,,160,4,8,8,4,5,4,3,9,6,9,5,9,17,14,22,20,71,69,33,77,1,5,6,2,3,4,1,4,4,4,1,5,10,5,11,12,38,27,11,83,3,3,2,2,2,0,2,5,2,5,4,4,7,9,11,8,33,42,22
422082430,2,èºâYés,êØé≠í¨,0,,,204,12,11,7,8,6,6,7,11,8,7,11,12,18,17,24,30,94,80,39,106,6,8,4,6,4,3,4,5,4,5,5,6,9,7,10,18,51,37,20,98,6,3,3,2,2,3,3,6,4,2,6,6,9,10,14,12,43,43,19
422082440,2,èºâYés,êØé≠í¨,0,,,705,21,18,31,23,14,10,23,30,37,34,47,59,64,65,62,70,341,278,151,334,11,9,13,10,9,7,16,18,16,17,23,30,32,30,28,33,178,114,56,371,10,9,18,13,5,3,7,12,21,17,24,29,32,35,34,37,163,164,95
422082450,2,èºâYés,êØé≠í¨,0,,,182,2,8,7,1,0,2,9,5,6,5,4,10,26,30,27,17,68,96,39,88,0,4,4,1,0,1,5,3,3,3,1,4,14,15,14,8,35,44,15,94,2,4,3,0,0,1,4,2,3,2,3,6,12,15,13,9,33,52,24
422083010,2,èºâYés,éuç≤í¨,0,,,1608,56,72,67,61,61,67,66,70,121,94,90,69,99,123,103,195,798,561,335,791,25,36,32,33,44,43,39,36,64,54,48,34,49,64,49,93,444,219,106,817,31,36,35,28,17,24,27,34,57,40,42,35,50,59,54,102,354,342,229
422083020,2,èºâYés,éuç≤í¨,0,,,1890,111,150,150,122,49,68,119,159,145,140,98,94,108,108,86,411,1102,351,157,924,57,83,77,62,21,27,60,76,69,72,50,45,50,55,42,217,532,159,62,966,54,67,73,60,28,41,59,83,76,68,48,49,58,53,44,194,570,192,95
422083030,2,èºâYés,éuç≤í¨,0,,,1061,39,57,54,46,38,50,58,70,83,71,56,54,74,112,73,150,600,303,118,494,13,27,26,26,20,23,31,32,41,32,21,25,37,54,37,66,288,137,46,567,26,30,28,20,18,27,27,38,42,39,35,29,37,58,36,84,312,166,72
422083040,2,èºâYés,éuç≤í¨,0,,,306,10,5,6,13,11,12,17,8,18,27,20,24,22,14,45,21,172,110,51,154,4,3,3,6,6,5,9,2,11,17,9,15,11,9,22,10,91,50,19,152,6,2,3,7,5,7,8,6,7,10,11,9,11,5,23,11,81,60,32
422083050,2,èºâYés,éuç≤í¨,0,,,130,11,3,0,1,6,5,4,6,4,7,10,12,17,11,11,14,72,43,21,64,4,2,0,1,4,3,3,2,3,2,7,4,10,8,5,6,39,18,5,66,7,1,0,0,2,2,1,4,1,5,3,8,7,3,6,8,33,25,16
422083060,2,èºâYés,éuç≤í¨,0,,,500,8,23,22,32,33,23,18,23,34,30,23,19,41,46,42,53,276,164,76,273,0,8,8,26,28,19,9,13,20,19,12,12,23,20,19,16,181,69,30,227,8,15,14,6,5,4,9,10,14,11,11,7,18,26,23,37,95,95,46
422083070,2,èºâYés,éuç≤í¨,0,,,752,30,35,35,32,25,39,43,44,35,44,35,47,50,55,69,100,394,227,103,375,15,16,19,21,14,25,19,25,19,24,18,24,24,32,30,50,213,95,33,377,15,19,16,11,11,14,24,19,16,20,17,23,26,23,39,50,181,132,70
422083110,2,èºâYés,éuç≤í¨,0,,,110,2,4,6,3,4,3,0,5,6,9,7,4,10,8,12,12,51,47,27,51,0,2,2,3,3,2,0,1,3,5,2,2,7,5,5,4,28,19,9,59,2,2,4,0,1,1,0,4,3,4,5,2,3,3,7,8,23,28,18
422083120,2,èºâYés,éuç≤í¨,0,,,150,3,3,6,4,7,4,3,9,5,6,9,13,14,15,12,12,74,62,35,71,1,2,2,1,4,2,1,7,2,5,2,7,7,9,6,5,38,27,12,79,2,1,4,3,3,2,2,2,3,1,7,6,7,6,6,7,36,35,23
422083130,2,èºâYés,éuç≤í¨,0,,,87,2,2,3,3,1,1,5,2,5,2,3,4,13,9,5,7,39,38,24,39,2,1,0,1,0,1,3,1,2,1,3,2,6,5,1,3,20,14,8,48,0,1,3,2,1,0,2,1,3,1,0,2,7,4,4,4,19,24,16
422083140,2,èºâYés,éuç≤í¨,0,,,35,3,3,0,1,1,0,4,0,2,2,1,3,4,1,1,6,18,11,9,18,3,1,0,1,1,0,2,0,0,1,1,1,4,1,0,4,11,3,2,17,0,2,0,0,0,0,2,0,2,1,0,2,0,0,1,2,7,8,7
422083150,2,èºâYés,éuç≤í¨,0,,,128,2,3,1,2,9,10,5,4,4,2,2,14,11,27,11,6,63,59,21,67,2,3,1,1,8,6,3,4,2,0,0,6,5,13,6,6,35,26,7,61,0,0,0,1,1,4,2,0,2,2,2,8,6,14,5,0,28,33,14
422083160,2,èºâYés,éuç≤í¨,0,,,146,4,6,5,4,4,2,3,5,13,8,3,10,12,20,23,15,64,67,24,67,1,5,2,3,1,0,0,2,7,5,0,3,9,10,9,8,30,29,10,79,3,1,3,1,3,2,3,3,6,3,3,7,3,10,14,7,34,38,14
422083170,2,èºâYés,éuç≤í¨,0,,,90,1,3,4,3,2,3,2,5,5,9,5,5,9,7,7,8,48,34,20,41,0,2,1,3,2,0,1,2,2,3,2,4,1,6,5,3,20,18,7,49,1,1,3,0,0,3,1,3,3,6,3,1,8,1,2,5,28,16,13
422083180,2,èºâYés,éuç≤í¨,0,,,208,18,11,3,8,11,25,13,10,10,15,9,12,10,16,9,32,123,52,27,111,12,5,2,3,5,15,5,6,5,9,5,7,7,8,4,19,67,24,12,97,6,6,1,5,6,10,8,4,5,6,4,5,3,8,5,13,56,28,15
422084310,2,èºâYés,í≤êÏí¨,0,,,330,7,3,7,7,13,17,10,17,11,17,18,23,31,50,42,17,164,145,53,161,3,2,3,5,8,8,6,10,6,11,8,11,16,25,16,8,89,61,20,169,4,1,4,2,5,9,4,7,5,6,10,12,15,25,26,9,75,84,33
422084320,2,èºâYés,í≤êÏí¨,0,,,61,1,5,2,1,0,3,3,2,3,6,5,6,5,5,5,8,34,19,9,31,0,4,2,0,0,1,2,1,1,5,1,4,3,3,2,6,18,7,2,30,1,1,0,1,0,2,1,1,2,1,4,2,2,2,3,2,16,12,7
422084330,2,èºâYés,í≤êÏí¨,0,,,180,5,8,10,10,3,3,5,6,6,7,7,15,20,19,18,23,82,75,38,91,4,4,6,6,2,0,4,2,4,1,4,6,15,11,6,14,44,33,16,89,1,4,4,4,1,3,1,4,2,6,3,9,5,8,12,9,38,42,22
422084340,2,èºâYés,í≤êÏí¨,0,,,106,0,3,3,3,2,1,2,4,5,8,8,12,5,16,7,6,50,50,27,56,0,1,3,1,2,1,1,2,2,6,4,8,4,7,4,4,31,21,10,50,0,2,0,2,0,0,1,2,3,2,4,4,1,9,3,2,19,29,17
422084350,2,èºâYés,í≤êÏí¨,0,,,139,4,7,3,5,0,3,2,5,8,3,10,10,15,14,20,14,61,59,25,70,2,3,0,4,0,1,1,2,6,1,5,7,9,4,14,5,36,25,7,69,2,4,3,1,0,2,1,3,2,2,5,3,6,10,6,9,25,34,18
422084360,2,èºâYés,í≤êÏí¨,0,,,1241,32,56,61,45,63,108,61,62,66,79,62,79,85,96,105,149,710,354,153,623,12,19,32,24,44,43,28,39,37,45,32,40,48,52,46,63,380,160,62,618,20,37,29,21,19,65,33,23,29,34,30,39,37,44,59,86,330,194,91
422085210,2,èºâYés,ç°ïüí¨,0,,,947,46,45,44,31,30,31,46,53,35,47,48,73,80,93,71,135,474,324,160,434,25,22,17,17,12,18,26,25,19,26,19,32,37,47,34,64,231,135,54,513,21,23,27,14,18,13,20,28,16,21,29,41,43,46,37,71,243,189,106
422085220,2,èºâYés,ç°ïüí¨,0,,,383,6,14,9,12,12,9,14,15,13,11,23,30,48,46,46,29,187,160,68,178,4,6,6,7,4,4,6,8,7,7,11,12,21,23,24,16,87,73,26,205,2,8,3,5,8,5,8,7,6,4,12,18,27,23,22,13,100,87,42
422085230,2,èºâYés,ç°ïüí¨,0,,,186,2,6,4,9,9,5,5,7,7,8,18,11,17,24,21,12,96,77,32,92,0,4,2,4,5,2,3,4,4,4,6,7,10,12,10,6,49,36,14,94,2,2,2,5,4,3,2,3,3,4,12,4,7,12,11,6,47,41,18
422085240,2,èºâYés,ç°ïüí¨,0,,,118,2,6,4,2,1,3,4,4,7,3,5,13,15,13,13,12,57,49,23,57,2,0,1,1,1,1,1,2,6,1,3,5,7,7,8,3,28,26,11,61,0,6,3,1,0,2,3,2,1,2,2,8,8,6,5,9,29,23,12
422085250,2,èºâYés,ç°ïüí¨,0,,,115,2,1,2,5,6,2,6,9,5,5,12,5,14,6,8,5,69,41,27,57,1,0,1,0,4,2,2,6,4,3,3,5,8,3,2,2,37,18,13,58,1,1,1,5,2,0,4,3,1,2,9,0,6,3,6,3,32,23,14
422085260,2,èºâYés,ç°ïüí¨,0,,,109,2,6,5,3,2,4,5,3,9,3,1,9,11,9,13,13,50,46,24,60,1,4,4,3,2,3,3,1,5,2,1,5,4,5,4,9,29,22,13,49,1,2,1,0,0,1,2,2,4,1,0,4,7,4,9,4,21,24,11
422085270,2,èºâYés,ç°ïüí¨,0,,,219,5,6,7,11,1,10,2,6,17,7,19,15,11,20,20,18,99,102,62,95,2,1,3,5,0,7,0,4,8,4,8,6,10,9,9,6,52,37,19,124,3,5,4,6,1,3,2,2,9,3,11,9,1,11,11,12,47,65,43
422085280,2,èºâYés,ç°ïüí¨,0,,,335,5,9,8,5,11,9,9,9,18,17,24,25,23,34,38,22,150,163,91,151,0,4,2,2,5,6,3,4,12,9,13,10,15,17,17,6,79,66,32,184,5,5,6,3,6,3,6,5,6,8,11,15,8,17,21,16,71,97,59
422085290,2,èºâYés,ç°ïüí¨,0,,,33,0,0,0,0,0,0,2,1,0,0,1,3,3,7,3,0,10,23,13,17,0,0,0,0,0,0,2,1,0,0,0,2,0,5,3,0,5,12,4,16,0,0,0,0,0,0,0,0,0,0,1,1,3,2,0,0,5,11,9
422086060,3,èºâYés,ïüìáí¨,0,,,1183,37,49,62,45,43,38,36,58,58,45,57,71,97,111,104,148,548,487,272,544,18,22,32,26,22,24,15,27,28,23,26,34,44,52,55,72,269,203,96,639,19,27,30,19,21,14,21,31,30,22,31,37,53,59,49,76,279,284,176
42208606000,4,èºâYés,ïüìáí¨,0,,,0,0,0,0,0,0,0,0,0,0,0,0,0,0,0,0,0,0,0,0,0,0,0,0,0,0,0,0,0,0,0,0,0,0,0,0,0,0,0,0,0,0,0,0,0,0,0,0,0,0,0,0,0,0,0,0,0,0,0,0
42208606001,4,èºâYés,ïüìáí¨,0,,,444,11,14,18,11,17,11,11,16,20,19,17,27,39,41,31,43,188,213,141,195,5,7,5,7,10,6,5,8,12,8,8,12,18,21,13,17,94,84,50,249,6,7,13,4,7,5,6,8,8,11,9,15,21,20,18,26,94,129,91
42208606002,4,èºâYés,ïüìáí¨,1,,606003,228,10,6,11,6,13,11,8,6,10,13,12,13,16,24,27,27,108,93,42,113,5,2,8,4,7,9,3,3,4,8,5,6,7,11,15,15,56,42,16,115,5,4,3,2,6,2,5,3,6,5,7,7,9,13,12,12,52,51,26
42208606003,4,èºâYés,ïüìáí¨,2,606002,,0,0,0,0,0,0,0,0,0,0,0,0,0,0,0,0,0,0,0,0,0,0,0,0,0,0,0,0,0,0,0,0,0,0,0,0,0,0,0,0,0,0,0,0,0,0,0,0,0,0,0,0,0,0,0,0,0,0,0,0
42208606004,4,èºâYés,ïüìáí¨,0,,,376,10,22,22,18,8,10,8,25,19,9,17,23,36,37,37,54,173,149,75,178,5,13,13,11,3,5,4,11,8,5,8,13,17,16,21,31,85,62,25,198,5,9,9,7,5,5,4,14,11,4,9,10,19,21,16,23,88,87,50
42208606014,4,èºâYés,ïüìáí¨,0,,,135,6,7,11,10,5,6,9,11,9,4,11,8,6,9,9,24,79,32,14,58,3,0,6,4,2,4,3,5,4,2,5,3,2,4,6,9,34,15,5,77,3,7,5,6,3,2,6,6,5,2,6,5,4,5,3,15,45,17,9
422086070,3,èºâYés,ïüìáí¨,0,,,202,4,8,8,6,9,7,5,10,8,7,6,18,19,17,20,20,95,87,50,100,1,4,3,4,5,3,2,5,6,1,5,11,12,7,12,8,54,38,19,102,3,4,5,2,4,4,3,5,2,6,1,7,7,10,8,12,41,49,31
42208607005,4,èºâYés,ïüìáí¨,0,,,162,2,8,7,4,6,6,3,10,7,3,6,11,15,16,16,17,71,74,42,82,1,4,3,2,3,3,1,5,5,0,5,9,8,7,12,8,41,33,14,80,1,4,4,2,3,3,2,5,2,3,1,2,7,9,4,9,30,41,28
42208607006,4,èºâYés,ïüìáí¨,0,,,40,2,0,1,2,3,1,2,0,1,4,0,7,4,1,4,3,24,13,8,18,0,0,0,2,2,0,1,0,1,1,0,2,4,0,0,0,13,5,5,22,2,0,1,0,1,1,1,0,0,3,0,5,0,1,4,3,11,8,3
422086080,2,èºâYés,ïüìáí¨,0,,,156,5,5,5,1,9,8,2,5,9,3,10,12,9,19,16,15,68,73,38,78,4,4,3,1,5,6,0,4,2,0,4,8,6,11,5,11,36,31,15,78,1,1,2,0,4,2,2,1,7,3,6,4,3,8,11,4,32,42,23
422086090,2,èºâYés,ïüìáí¨,0,,,141,6,5,6,2,2,6,8,6,5,5,7,14,10,14,16,17,65,59,29,78,5,4,4,2,1,3,4,5,2,5,2,8,7,8,7,13,39,26,11,63,1,1,2,0,1,3,4,1,3,0,5,6,3,6,9,4,26,33,18
422086100,2,èºâYés,ïüìáí¨,0,,,168,7,11,4,3,0,8,15,2,4,12,17,14,5,14,14,22,80,66,38,89,4,8,3,2,0,6,7,1,3,8,8,6,3,8,5,15,44,30,17,79,3,3,1,1,0,2,8,1,1,4,9,8,2,6,9,7,36,36,21
422086110,2,èºâYés,ïüìáí¨,0,,,175,5,10,10,3,1,5,7,8,10,7,3,17,19,17,18,25,80,70,35,87,2,3,6,2,1,2,4,3,7,4,2,7,12,10,10,11,44,32,12,88,3,7,4,1,0,3,3,5,3,3,1,10,7,7,8,14,36,38,23
422086120,3,èºâYés,ïüìáí¨,0,,,241,5,5,1,9,2,4,5,4,8,9,11,14,20,33,28,11,86,141,80,113,2,3,0,5,1,2,3,2,3,5,5,6,10,20,15,5,42,64,29,128,3,2,1,4,1,2,2,2,5,4,6,8,10,13,13,6,44,77,51
42208612011,4,èºâYés,ïüìáí¨,0,,,83,4,2,1,7,0,3,0,1,4,3,5,4,9,12,8,7,36,40,20,39,1,2,0,4,0,2,0,0,1,2,2,2,5,8,3,3,18,18,7,44,3,0,1,3,0,1,0,1,3,1,3,2,4,4,5,4,18,22,13
42208612012,4,èºâYés,ïüìáí¨,0,,,40,0,0,0,0,2,0,0,1,3,2,3,2,4,6,3,0,17,21,12,19,0,0,0,0,1,0,0,1,1,1,2,1,2,2,2,0,9,8,4,21,0,0,0,0,1,0,0,0,2,1,1,1,2,4,1,0,8,13,8
42208612013,4,èºâYés,ïüìáí¨,0,,,50,1,3,0,2,0,0,4,2,1,3,2,5,3,4,8,4,22,23,11,26,1,1,0,1,0,0,3,1,1,2,1,1,1,3,4,2,11,13,6,24,0,2,0,1,0,0,1,1,0,1,1,4,2,1,4,2,11,10,5
42208612014,4,èºâYés,ïüìáí¨,0,,,68,0,0,0,0,0,1,1,0,0,1,1,3,4,11,9,0,11,57,37,29,0,0,0,0,0,0,0,0,0,0,0,2,2,7,6,0,4,25,12,39,0,0,0,0,0,1,1,0,0,1,1,1,2,4,3,0,7,32,25
422086130,3,èºâYés,ïüìáí¨,0,,,113,2,7,5,1,3,3,4,7,5,4,3,12,8,13,10,14,50,49,26,57,2,2,3,0,2,2,1,5,5,2,1,7,3,8,4,7,28,22,10,56,0,5,2,1,1,1,3,2,0,2,2,5,5,5,6,7,22,27,16
42208613000,4,èºâYés,ïüìáí¨,0,,,0,0,0,0,0,0,0,0,0,0,0,0,0,0,0,0,0,0,0,0,0,0,0,0,0,0,0,0,0,0,0,0,0,0,0,0,0,0,0,0,0,0,0,0,0,0,0,0,0,0,0,0,0,0,0,0,0,0,0,0
42208613015,4,èºâYés,ïüìáí¨,0,,,60,0,2,3,0,2,0,3,4,2,4,3,6,2,9,5,5,26,29,15,29,0,1,1,0,1,0,1,3,2,2,1,3,1,6,1,2,14,13,6,31,0,1,2,0,1,0,2,1,0,2,2,3,1,3,4,3,12,16,9
42208613016,4,èºâYés,ïüìáí¨,0,,,53,2,5,2,1,1,3,1,3,3,0,0,6,6,4,5,9,24,20,11,28,2,1,2,0,1,2,0,2,3,0,0,4,2,2,3,5,14,9,4,25,0,4,0,1,0,1,1,1,0,0,0,2,4,2,2,4,10,11,7
422087140,2,èºâYés,ëÈìáí¨,0,,,32,0,0,0,0,0,0,0,0,0,0,0,1,5,3,2,0,6,26,21,17,0,0,0,0,0,0,0,0,0,0,0,1,3,3,1,0,4,13,9,15,0,0,0,0,0,0,0,0,0,0,0,0,2,0,1,0,2,13,12
422087150,2,èºâYés,ëÈìáí¨,0,,,71,0,0,0,2,1,0,1,0,1,3,7,8,6,4,8,0,29,42,30,34,0,0,0,1,1,0,1,0,1,0,3,6,3,2,5,0,16,18,11,37,0,0,0,1,0,0,0,0,0,3,4,2,3,2,3,0,13,24,19
422087160,2,èºâYés,ëÈìáí¨,0,,,117,2,2,6,1,1,2,1,4,1,3,8,10,15,13,14,10,46,61,34,55,2,1,2,1,0,2,1,1,0,0,3,5,10,9,8,5,23,27,10,62,0,1,4,0,1,0,0,3,1,3,5,5,5,4,6,5,23,34,24
422087170,2,èºâYés,ëÈìáí¨,0,,,93,3,5,3,3,4,1,7,6,5,8,3,3,8,12,4,11,48,34,18,46,2,2,1,1,2,1,2,5,3,4,1,2,3,7,3,5,24,17,7,47,1,3,2,2,2,0,5,1,2,4,2,1,5,5,1,6,24,17,11
422087180,2,èºâYés,ëÈìáí¨,0,,,88,2,3,4,5,0,1,2,1,6,7,9,9,9,6,5,9,49,30,19,46,0,2,2,4,0,0,1,1,3,4,4,6,5,4,2,4,28,14,8,42,2,1,2,1,0,1,1,0,3,3,5,3,4,2,3,5,21,16,11
422087190,2,èºâYés,ëÈìáí¨,0,,,265,6,17,17,9,1,7,7,16,17,15,17,11,12,21,32,40,112,112,59,120,4,12,9,3,0,3,5,5,9,6,9,4,6,10,17,25,50,44,17,145,2,5,8,6,1,4,2,11,8,9,8,7,6,11,15,15,62,68,42
422087200,2,èºâYés,ëÈìáí¨,0,,,191,4,8,8,8,3,4,3,5,3,10,10,11,23,26,16,20,80,91,49,90,0,4,4,6,1,2,1,2,1,6,4,7,16,16,9,8,46,36,11,101,4,4,4,2,2,2,2,3,2,4,6,4,7,10,7,12,34,55,38
422087210,2,èºâYés,ëÈìáí¨,0,,,533,11,19,19,18,8,18,17,18,24,23,31,32,47,70,55,49,236,247,122,261,7,9,5,10,5,11,9,10,13,12,12,18,23,40,24,21,123,117,53,272,4,10,14,8,3,7,8,8,11,11,19,14,24,30,31,28,113,130,69
422087220,2,èºâYés,ëÈìáí¨,0,,,70,1,4,4,1,0,2,0,4,5,4,4,2,4,8,8,9,26,35,19,31,0,1,2,0,0,1,0,1,3,2,3,1,3,3,2,3,14,14,9,39,1,3,2,1,0,1,0,3,2,2,1,1,1,5,6,6,12,21,10
422087230,2,èºâYés,ëÈìáí¨,0,,,74,2,4,3,3,1,0,2,2,6,5,2,6,4,7,5,9,31,34,22,37,1,1,1,3,1,0,1,1,3,1,2,2,2,4,3,3,16,18,11,37,1,3,2,0,0,0,1,1,3,4,0,4,2,3,2,6,15,16,11
422087240,2,èºâYés,ëÈìáí¨,0,,,75,5,6,5,0,0,3,4,4,3,2,5,2,12,3,6,16,35,24,15,35,2,1,2,0,0,1,3,2,2,1,3,1,6,2,5,5,19,11,4,40,3,5,3,0,0,2,1,2,1,1,2,1,6,1,1,11,16,13,11
422087250,2,èºâYés,ëÈìáí¨,0,,,92,0,1,4,1,1,0,0,1,5,4,1,7,10,11,13,5,30,57,33,45,0,1,1,1,0,0,0,0,4,2,0,4,7,5,7,2,18,25,13,47,0,0,3,0,1,0,0,1,1,2,1,3,3,6,6,3,12,32,20
42209,1,ëŒînés,,0,,,28502,982,1134,1195,909,623,822,1149,1465,1626,1695,1632,1836,2409,2750,2624,3311,14166,10989,5615,14060,529,599,623,443,361,466,653,753,879,955,881,960,1197,1368,1236,1751,7548,4736,2132,14442,453,535,572,466,262,356,496,712,747,740,751,876,1212,1382,1388,1560,6618,6253,3483
422090010,2,ëŒînés,åµå¥í¨éVå¥,0,,,772,30,25,27,35,86,73,57,52,42,53,54,30,43,61,42,82,525,161,58,444,15,10,10,26,77,61,33,32,26,27,34,17,16,24,16,35,349,57,17,328,15,15,17,9,9,12,24,20,16,26,20,13,27,37,26,47,176,104,41
422090020,2,ëŒînés,åµå¥í¨ã{íJ,0,,,846,27,49,32,84,25,42,29,59,50,77,65,61,56,46,53,108,548,188,89,438,16,24,17,27,18,25,20,30,30,47,35,35,30,20,23,57,297,82,39,408,11,25,15,57,7,17,9,29,20,30,30,26,26,26,30,51,251,106,50
422090030,2,ëŒînés,åµå¥í¨ì˙ãg,0,,,514,16,32,20,17,10,21,27,39,39,35,42,43,33,40,23,68,306,133,70,251,9,18,8,7,1,13,15,21,22,18,23,23,15,24,6,35,158,53,23,263,7,14,12,10,9,8,12,18,17,17,19,20,18,16,17,33,148,80,47
422090040,2,ëŒînés,åµå¥í¨ìVìπñŒ,0,,,261,5,12,15,12,2,8,8,13,18,17,13,17,17,21,28,32,125,104,55,119,0,4,9,3,1,6,5,8,9,8,11,8,8,9,13,13,67,39,17,142,5,8,6,9,1,2,3,5,9,9,2,9,9,12,15,19,58,65,38
422090050,2,ëŒînés,åµå¥í¨íÜë∫,0,,,189,9,4,5,13,5,5,15,6,8,10,13,11,11,17,19,18,97,73,37,88,5,2,2,4,3,2,9,3,4,6,8,3,5,8,8,9,47,31,15,101,4,2,3,9,2,3,6,3,4,4,5,8,6,9,11,9,50,42,22
422090060,2,ëŒînés,åµå¥í¨ç°âÆï~,0,,,362,10,21,12,17,4,7,8,18,14,20,21,14,36,24,33,43,159,157,100,162,6,14,7,5,2,3,2,6,8,11,10,7,17,11,13,27,71,62,38,200,4,7,5,12,2,4,6,12,6,9,11,7,19,13,20,16,88,95,62
422090070,2,ëŒînés,åµå¥í¨ìcü∫,0,,,616,17,28,23,15,13,19,27,27,44,33,27,43,40,53,45,68,288,257,159,281,9,20,12,8,3,11,15,15,25,16,14,19,22,25,16,41,148,90,49,335,8,8,11,7,10,8,12,12,19,17,13,24,18,28,29,27,140,167,110
422090080,2,ëŒînés,åµå¥í¨ëÂéËã¥,0,,,457,14,12,11,10,11,14,16,17,10,19,30,25,20,25,30,37,172,242,187,189,7,6,6,3,6,8,11,9,4,7,14,14,11,13,14,19,87,80,53,268,7,6,5,7,5,6,5,8,6,12,16,11,9,12,16,18,85,162,134
422090090,2,ëŒînés,åµå¥í¨çëï™,0,,,371,10,18,10,8,2,8,12,20,21,22,23,17,32,44,40,38,165,167,83,164,4,10,5,5,1,4,4,10,9,12,12,6,14,20,18,19,77,67,29,207,6,8,5,3,1,4,8,10,12,10,11,11,18,24,22,19,88,100,54
422090100,2,ëŒînés,åµå¥í¨ã»,0,,,201,3,7,7,7,3,2,5,6,12,8,6,9,16,34,22,17,74,110,54,106,2,3,5,2,1,0,3,4,7,5,4,4,8,21,11,10,38,58,26,95,1,4,2,5,2,2,2,2,5,3,2,5,8,13,11,7,36,52,28
422090110,2,ëŒînés,åµå¥í¨è¨âY,0,,,628,34,45,34,24,10,27,42,31,57,54,41,34,47,37,55,113,367,148,56,316,19,32,17,13,4,13,26,13,27,33,22,13,26,11,25,68,190,58,22,312,15,13,17,11,6,14,16,18,30,21,19,21,21,26,30,45,177,90,34
422090120,2,ëŒînés,åµå¥í¨ìÏé∫,0,,,200,4,5,1,6,2,2,4,2,13,16,15,7,17,25,34,10,84,106,47,96,1,4,1,2,1,1,2,2,5,11,7,5,7,13,17,6,43,47,17,104,3,1,0,4,1,1,2,0,8,5,8,2,10,12,17,4,41,59,30
422090130,2,ëŒînés,åµå¥í¨ñkó¢,0,,,212,6,0,7,9,5,6,14,11,13,19,15,14,18,28,18,13,124,75,29,121,3,0,5,5,5,4,10,5,7,15,10,10,11,12,8,8,82,31,11,91,3,0,2,4,0,2,4,6,6,4,5,4,7,16,10,5,42,44,18
422090140,2,ëŒînés,åµå¥í¨ãvìcìπ,0,,,431,12,14,14,9,5,6,15,23,25,24,28,27,32,50,56,40,194,197,91,201,6,8,9,5,3,4,8,11,14,14,10,11,16,22,20,23,96,82,40,230,6,6,5,4,2,2,7,12,11,10,18,16,16,28,36,17,98,115,51
422090150,2,ëŒînés,åµå¥í¨ãvìc,0,,,1067,57,64,79,46,30,49,51,75,77,80,74,80,84,79,52,200,646,220,89,535,38,28,40,25,16,23,21,32,39,42,43,41,48,42,23,106,330,98,33,532,19,36,39,21,14,26,30,43,38,38,31,39,36,37,29,94,316,122,56
422090160,2,ëŒînés,åµå¥í¨ãvìc,0,,,823,55,46,37,32,23,35,33,79,79,67,78,34,59,53,47,138,519,166,66,466,33,24,23,20,11,19,22,45,49,52,49,17,27,31,21,80,311,75,23,357,22,22,14,12,12,16,11,34,30,15,29,17,32,22,26,58,208,91,43
422090170,2,ëŒînés,åµå¥í¨ãvìc,0,,,27,0,1,0,2,1,1,2,0,2,0,2,0,3,2,5,1,13,12,5,13,0,1,0,1,1,1,2,0,1,0,1,0,1,1,3,1,8,4,0,14,0,0,0,1,0,0,0,0,1,0,1,0,2,1,2,0,5,8,5
422090180,2,ëŒînés,åµå¥í¨îˆâY,0,,,42,2,0,1,0,1,0,4,0,2,0,2,8,6,3,1,3,23,16,12,21,0,0,0,0,1,0,2,0,1,0,1,4,3,2,0,0,12,9,7,21,2,0,1,0,0,0,2,0,1,0,1,4,3,1,1,3,11,7,5
422090190,2,ëŒînés,åµå¥í¨à¿ê_,0,,,70,0,0,0,0,0,4,7,5,9,12,9,4,2,7,2,0,52,18,9,56,0,0,0,0,0,4,7,5,8,12,9,3,1,4,1,0,49,7,2,14,0,0,0,0,0,0,0,0,1,0,0,1,1,3,1,0,3,11,7
422090200,2,ëŒînés,åµå¥í¨ãvòa,0,,,85,0,4,3,3,2,0,2,5,2,4,3,2,10,9,12,7,33,45,24,39,0,3,1,0,0,0,0,4,2,3,1,2,5,5,5,4,17,18,8,46,0,1,2,3,2,0,2,1,0,1,2,0,5,4,7,3,16,27,16
422090210,2,ëŒînés,åµå¥í¨ó^ó«ì‡â@,0,,,86,0,1,8,2,1,1,3,6,5,5,4,8,8,15,8,9,43,34,11,43,0,0,3,1,0,1,0,3,3,2,4,6,3,8,6,3,23,17,3,43,0,1,5,1,1,0,3,3,2,3,0,2,5,7,2,6,20,17,8
422090220,2,ëŒînés,åµå¥í¨ì§Áƒì‡â@,0,,,26,0,0,0,0,0,0,0,2,0,0,0,3,5,5,6,0,10,16,5,14,0,0,0,0,0,0,0,2,0,0,0,0,3,2,4,0,5,9,3,12,0,0,0,0,0,0,0,0,0,0,0,3,2,3,2,0,5,7,2
422090230,2,ëŒînés,åµå¥í¨ì‡éR,0,,,106,2,1,0,1,1,4,1,2,2,5,6,7,10,17,18,3,39,64,29,58,1,0,0,1,1,2,1,0,1,3,3,5,9,10,9,1,26,31,12,48,1,1,0,0,0,2,0,2,1,2,3,2,1,7,9,2,13,33,17
422090240,2,ëŒînés,åµå¥í¨ç≤ê{ê£,0,,,61,1,3,2,3,0,1,0,3,2,4,1,6,12,9,4,6,32,23,10,29,1,1,1,1,0,0,0,1,1,2,1,4,4,7,2,3,14,12,3,32,0,2,1,2,0,1,0,2,1,2,0,2,8,2,2,3,18,11,7
422090250,2,ëŒînés,åµå¥í¨êÛëî,0,,,100,0,2,2,1,2,0,1,5,3,0,7,6,8,8,16,4,33,63,39,48,0,2,0,1,1,0,1,3,3,0,3,4,3,5,7,2,19,27,15,52,0,0,2,0,1,0,0,2,0,0,4,2,5,3,9,2,14,36,24
422090260,2,ëŒînés,åµå¥í¨ì§Áƒ,0,,,611,5,13,29,14,2,3,9,18,18,23,26,39,66,86,99,47,218,346,161,298,3,9,17,9,2,2,3,7,10,13,11,18,37,42,40,29,112,157,75,313,2,4,12,5,0,1,6,11,8,10,15,21,29,44,59,18,106,189,86
422090270,2,ëŒînés,åµå¥í¨à¢òA,0,,,217,3,3,5,6,4,3,7,3,7,15,17,12,26,25,31,11,100,106,50,108,2,3,3,4,3,2,5,2,5,7,6,5,13,12,18,8,52,48,18,109,1,0,2,2,1,1,2,1,2,8,11,7,13,13,13,3,48,58,32
422090280,2,ëŒînés,åµå¥í¨è¨ñŒìc,0,,,145,2,3,2,6,0,2,6,7,4,9,9,12,14,15,23,7,69,69,31,76,2,3,0,3,0,1,4,3,2,6,6,5,8,7,11,5,38,33,15,69,0,0,2,3,0,1,2,4,2,3,3,7,6,8,12,2,31,36,16
422090290,2,ëŒînés,åµå¥í¨è¨ñŒìc,0,,,72,1,4,4,5,1,2,1,0,7,2,2,7,7,9,5,9,34,29,15,35,0,4,3,2,0,0,1,0,4,1,2,4,2,6,3,7,16,12,3,37,1,0,1,3,1,2,0,0,3,1,0,3,5,3,2,2,18,17,12
422090300,2,ëŒînés,åµå¥í¨í≈ç™,0,,,127,1,2,1,2,3,0,6,4,5,3,4,14,13,18,20,4,54,69,31,58,1,1,1,0,0,0,1,3,4,1,3,7,7,8,8,3,26,29,13,69,0,1,0,2,3,0,5,1,1,2,1,7,6,10,12,1,28,40,18
422090310,2,ëŒînés,åµå¥í¨ä~ç™,0,,,50,2,2,3,1,0,0,1,4,2,2,2,2,1,9,10,7,15,28,9,27,2,2,2,0,0,0,0,1,1,2,2,2,0,3,7,6,8,13,3,23,0,0,1,1,0,0,1,3,1,0,0,0,1,6,3,1,7,15,6
422090320,2,ëŒînés,åµå¥í¨â∫å¥,0,,,60,2,2,3,3,0,1,3,6,2,1,3,4,5,11,3,7,28,25,11,28,0,0,1,2,0,1,2,3,2,1,2,2,3,5,1,1,18,9,3,32,2,2,2,1,0,0,1,3,0,0,1,2,2,6,2,6,10,16,8
422090330,2,ëŒînés,åµå¥í¨â∫å¥,0,,,135,12,6,3,5,3,8,8,7,12,2,8,10,10,11,12,21,73,41,18,69,7,4,1,2,2,6,3,3,7,1,3,5,3,9,8,12,35,22,5,66,5,2,2,3,1,2,5,4,5,1,5,5,7,2,4,9,38,19,13
422090340,2,ëŒînés,åµå¥í¨â∫å¥,0,,,55,1,2,1,1,1,0,1,1,3,2,2,1,1,15,10,4,13,38,13,27,1,1,0,0,0,0,1,0,3,1,1,0,1,6,5,2,7,18,7,28,0,1,1,1,1,0,0,1,0,1,1,1,0,9,5,2,6,20,6
422090350,2,ëŒînés,åµå¥í¨â∫å¥,0,,,36,0,6,1,0,0,0,1,2,1,3,0,1,3,2,6,7,11,18,10,14,0,2,0,0,0,0,0,0,0,2,0,0,1,1,3,2,3,9,5,22,0,4,1,0,0,0,1,2,1,1,0,1,2,1,3,5,8,9,5
422090360,2,ëŒînés,åµå¥í¨è„íŒ,0,,,49,1,0,0,0,2,0,2,2,1,0,4,3,8,7,7,1,22,26,12,19,1,0,0,0,0,0,1,1,1,0,1,1,4,3,3,1,9,9,3,30,0,0,0,0,2,0,1,1,0,0,3,2,4,4,4,0,13,17,9
422090370,2,ëŒînés,åµå¥í¨ãvç™ìcé…,0,,,100,2,1,2,2,2,0,1,2,2,5,5,4,11,15,18,5,34,61,28,46,2,0,2,0,1,0,1,1,2,2,2,3,6,6,10,4,18,24,8,54,0,1,0,2,1,0,0,1,0,3,3,1,5,9,8,1,16,37,20
422090380,2,ëŒînés,åµå¥í¨ãvç™ïl,0,,,90,0,1,4,4,2,0,1,3,9,9,3,7,8,11,13,5,46,39,15,46,0,1,0,1,2,0,1,2,4,7,2,3,4,5,8,1,26,19,6,44,0,0,4,3,0,0,0,1,5,2,1,4,4,6,5,4,20,20,9
422090390,2,ëŒînés,î¸í√ìáí¨å{ím,0,,,3712,221,232,238,150,91,138,196,271,265,250,193,218,275,246,202,691,2047,967,519,1761,107,113,130,79,41,70,110,123,135,118,98,108,137,117,96,350,1019,387,174,1951,114,119,108,71,50,68,86,148,130,132,95,110,138,129,106,341,1028,580,345
422090400,2,ëŒînés,î¸í√ìáí¨ç™èè,0,,,236,7,3,11,6,6,1,5,11,12,14,14,16,25,23,23,21,110,105,59,104,5,1,8,2,4,0,1,5,5,6,7,10,12,12,9,14,52,38,17,132,2,2,3,4,2,1,4,6,7,8,7,6,13,11,14,7,58,67,42
422090410,2,ëŒînés,î¸í√ìáí¨èFëî,0,,,133,3,3,1,2,4,3,9,5,5,6,12,16,14,15,10,7,76,50,25,67,0,3,1,1,2,2,4,2,5,3,5,8,8,6,6,4,40,23,11,66,3,0,0,1,2,1,5,3,0,3,7,8,6,9,4,3,36,27,14
422090420,2,ëŒînés,î¸í√ìáí¨ñ•å`,0,,,47,0,0,0,3,1,0,1,2,2,2,3,2,6,7,6,0,22,25,12,22,0,0,0,2,0,0,0,2,0,1,1,1,3,5,2,0,10,12,5,25,0,0,0,1,1,0,1,0,2,1,2,1,3,2,4,0,12,13,7
422090430,2,ëŒînés,î¸í√ìáí¨êÅçË,0,,,43,0,0,0,0,1,0,3,1,1,0,4,4,7,6,2,0,21,22,14,20,0,0,0,0,0,0,1,1,1,0,4,1,3,4,1,0,11,9,4,23,0,0,0,0,1,0,2,0,0,0,0,3,4,2,1,0,10,13,10
422090440,2,ëŒînés,î¸í√ìáí¨â¡éu,0,,,72,3,0,0,1,3,0,5,2,2,4,3,3,6,10,5,3,29,40,25,38,2,0,0,0,2,0,3,1,1,3,1,2,3,5,4,2,16,20,11,34,1,0,0,1,1,0,2,1,1,1,2,1,3,5,1,1,13,20,14
422090450,2,ëŒînés,î¸í√ìáí¨ç°ó¢,0,,,173,1,5,4,6,3,4,5,9,6,11,7,14,18,16,20,10,83,80,44,90,1,2,2,4,2,2,5,4,4,5,5,7,10,9,11,5,48,37,17,83,0,3,2,2,1,2,0,5,2,6,2,7,8,7,9,5,35,43,27
422090460,2,ëŒînés,î¸í√ìáí¨îˆçË,0,,,185,6,8,12,6,3,6,5,12,6,7,10,10,24,20,14,26,89,70,36,85,1,2,6,3,0,3,3,7,4,3,4,5,12,12,7,9,44,32,13,100,5,6,6,3,3,3,2,5,2,4,6,5,12,8,7,17,45,38,23
422090470,2,ëŒînés,î¸í√ìáí¨íãÉPâY,0,,,74,0,3,1,2,1,3,1,6,2,4,2,4,6,16,6,4,31,39,17,37,0,2,0,1,0,2,1,4,2,1,0,2,3,11,1,2,16,19,7,37,0,1,1,1,1,1,0,2,0,3,2,2,3,5,5,2,15,20,10
422090480,2,ëŒînés,î¸í√ìáí¨çïê£,0,,,45,0,1,2,2,0,0,2,2,1,1,1,6,7,4,3,3,22,20,13,21,0,0,2,1,0,0,0,2,0,1,0,3,4,2,2,2,11,8,4,24,0,1,0,1,0,0,2,0,1,0,1,3,3,2,1,1,11,12,9
422090490,2,ëŒînés,î¸í√ìáí¨í|ï~,0,,,250,7,6,12,8,5,3,13,19,13,17,12,13,32,26,31,25,135,90,33,130,5,2,5,3,3,2,8,12,6,13,6,8,13,16,12,12,74,44,16,120,2,4,7,5,2,1,5,7,7,4,6,5,19,10,19,13,61,46,17
422090500,2,ëŒînés,î¸í√ìáí¨ìáéR,0,,,25,0,1,0,0,0,1,1,0,3,1,1,4,1,6,2,1,12,12,4,13,0,1,0,0,0,0,1,0,2,1,0,2,0,4,0,1,6,6,2,12,0,0,0,0,0,1,0,0,1,0,1,2,1,2,2,0,6,6,2
422090510,2,ëŒînés,î¸í√ìáí¨ëÂëDâz,0,,,649,25,34,41,23,14,15,22,31,35,39,52,52,56,61,57,100,339,210,92,314,13,18,24,7,6,9,12,14,14,20,28,24,26,30,25,55,160,99,44,335,12,16,17,16,8,6,10,17,21,19,24,28,30,31,32,45,179,111,48
422090520,2,ëŒînés,î¸í√ìáí¨èèï˚,0,,,103,2,6,7,3,2,0,2,4,10,5,6,5,10,15,6,15,47,41,20,52,1,2,3,1,1,0,1,1,6,3,6,3,3,8,4,6,25,21,9,51,1,4,4,2,1,0,1,3,4,2,0,2,7,7,2,9,22,20,11
422090530,2,ëŒînés,î¸í√ìáí¨ãvê{ï€,0,,,228,10,8,14,12,4,4,14,11,15,9,9,20,16,22,23,32,114,82,37,117,7,5,8,7,2,2,7,6,8,4,7,8,8,10,12,20,59,38,16,111,3,3,6,5,2,2,7,5,7,5,2,12,8,12,11,12,55,44,21
422090540,2,ëŒînés,î¸í√ìáí¨å¢ñi,0,,,125,0,0,2,2,1,2,2,4,6,5,6,13,13,21,15,2,54,69,33,64,0,0,1,1,0,1,1,4,3,3,3,7,6,10,10,1,29,34,14,61,0,0,1,1,1,1,1,0,3,2,3,6,7,11,5,1,25,35,19
422090550,2,ëŒînés,î¸í√ìáí¨ëÂéR,0,,,113,2,8,3,5,3,3,2,4,7,5,4,8,13,11,7,13,54,46,28,58,1,4,3,5,2,1,2,0,4,3,3,4,7,6,4,8,31,19,9,55,1,4,0,0,1,2,0,4,3,2,1,4,6,5,3,5,23,27,19
422090560,2,ëŒînés,î¸í√ìáí¨è¨ëDâz,0,,,134,0,2,4,2,1,1,2,0,7,9,6,9,17,10,22,6,54,74,42,63,0,2,2,1,1,0,2,0,1,7,3,5,8,5,10,4,28,31,16,71,0,0,2,1,0,1,0,0,6,2,3,4,9,5,12,2,26,43,26
422090570,2,ëŒînés,î¸í√ìáí¨à∞âY,0,,,115,1,7,6,2,0,1,3,8,5,2,6,2,12,21,12,14,41,60,27,62,0,5,3,1,0,1,1,4,3,1,3,0,9,12,7,8,23,31,12,53,1,2,3,1,0,0,2,4,2,1,3,2,3,9,5,6,18,29,15
422090580,2,ëŒînés,î¸í√ìáí¨âÍíJ,0,,,171,6,5,6,4,1,1,3,4,13,8,9,11,13,22,20,17,67,87,45,77,1,1,2,2,0,0,1,2,7,6,5,8,4,9,6,4,35,38,23,94,5,4,4,2,1,1,2,2,6,2,4,3,9,13,14,13,32,49,22
422090590,2,ëŒînés,î¸í√ìáí¨îZïî,0,,,67,2,0,2,3,1,3,0,1,2,7,6,6,3,7,6,4,32,31,18,35,2,0,1,2,1,1,0,0,0,3,3,4,1,4,3,3,15,17,10,32,0,0,1,1,0,2,0,1,2,4,3,2,2,3,3,1,17,14,8
422090600,2,ëŒînés,î¸í√ìáí¨äõãèê£,0,,,324,4,7,1,4,5,4,7,6,13,22,10,22,23,51,50,12,116,196,95,166,2,3,1,2,3,3,4,2,8,12,9,14,10,26,25,6,67,93,42,158,2,4,0,2,2,1,3,4,5,10,1,8,13,25,25,6,49,103,53
422090610,2,ëŒînés,ñLã í¨êmà ,0,,,1002,51,57,54,32,39,35,58,59,76,56,63,76,74,84,54,162,568,272,134,475,24,29,23,17,22,16,35,26,45,28,26,37,34,47,30,76,286,113,36,527,27,28,31,15,17,19,23,33,31,28,37,39,40,37,24,86,282,159,98
422090620,2,ëŒînés,ñLã í¨ç≤éuâÍ,0,,,52,1,2,0,1,1,1,2,1,2,2,3,2,6,5,10,3,21,28,13,27,0,2,0,1,0,1,1,1,1,1,2,1,2,3,6,2,11,14,5,25,1,0,0,0,1,0,1,0,1,1,1,1,4,2,4,1,10,14,8
422090630,2,ëŒînés,ñLã í¨çµâ„,0,,,215,2,2,4,3,4,2,3,4,2,14,15,18,23,32,28,8,88,119,59,112,0,2,4,2,2,1,2,3,0,7,7,12,11,16,15,6,47,59,28,103,2,0,0,1,2,1,1,1,2,7,8,6,12,16,13,2,41,60,31
422090640,2,ëŒînés,ñLã í¨äLï©,0,,,25,2,0,1,1,0,0,0,2,1,3,1,1,2,1,6,3,11,11,4,13,1,0,0,0,0,0,0,1,1,2,0,0,2,0,3,1,6,6,3,12,1,0,1,1,0,0,0,1,0,1,1,1,0,1,3,2,5,5,1
422090650,2,ëŒînés,ñLã í¨éÖê£,0,,,35,0,3,2,1,0,0,0,3,4,2,0,3,3,8,0,5,16,14,6,17,0,1,1,0,0,0,0,2,2,1,0,2,2,3,0,2,9,6,3,18,0,2,1,1,0,0,0,1,2,1,0,1,1,5,0,3,7,8,3
422090660,2,ëŒînés,ñLã í¨òaî¬,0,,,123,4,6,1,3,0,6,9,7,8,9,11,18,14,5,13,11,85,27,9,71,2,2,1,2,0,3,4,5,2,6,7,12,11,3,10,5,52,14,1,52,2,4,0,1,0,3,5,2,6,3,4,6,3,2,3,6,33,13,8
422090670,2,ëŒînés,ñLã í¨â°âY,0,,,213,3,4,4,1,4,2,6,2,11,16,14,17,18,22,23,11,91,111,66,102,2,3,2,1,3,1,5,1,5,8,7,10,7,12,10,7,48,47,25,111,1,1,2,0,1,1,1,1,6,8,7,7,11,10,13,4,43,64,41
422090680,2,ëŒînés,ñLã í¨ñ¯êÏ,0,,,81,4,1,1,2,1,3,2,4,5,6,3,4,8,8,18,6,38,37,11,43,3,0,1,2,0,2,1,2,4,4,2,1,4,3,8,4,22,17,6,38,1,1,0,0,1,1,1,2,1,2,1,3,4,5,10,2,16,20,5
422090690,2,ëŒînés,ñLã í¨êÁêqëî,0,,,245,0,13,14,9,5,3,5,15,11,11,11,14,24,36,28,27,108,110,46,120,0,9,7,7,3,2,2,8,6,5,5,7,13,16,14,16,58,46,16,125,0,4,7,2,2,1,3,7,5,6,6,7,11,20,14,11,50,64,30
422090700,2,ëŒînés,ñLã í¨ë],0,,,266,1,1,8,3,3,4,10,2,10,16,17,22,26,38,39,10,113,143,66,130,0,1,5,3,1,1,7,2,6,7,12,13,9,20,17,6,61,63,26,136,1,0,3,0,2,3,3,0,4,9,5,9,17,18,22,4,52,80,40
422090710,2,ëŒînés,ñLã í¨âKîû,0,,,85,3,2,5,2,0,2,4,4,2,5,4,4,9,8,8,10,36,39,23,41,1,2,5,1,0,1,2,3,2,1,2,1,5,4,2,8,18,15,9,44,2,0,0,1,0,1,2,1,0,4,2,3,4,4,6,2,18,24,14
422090720,2,ëŒînés,ñLã í¨ç≤ï€,0,,,72,0,3,0,0,0,1,4,1,3,2,3,3,15,12,8,3,32,37,17,37,0,2,0,0,0,1,3,0,2,1,2,1,7,6,5,2,17,18,7,35,0,1,0,0,0,0,1,1,1,1,1,2,8,6,3,1,15,19,10
422090730,2,ëŒînés,ñLã í¨äLå˚,0,,,25,1,0,0,0,0,1,1,0,1,0,1,1,2,3,4,1,7,17,10,10,0,0,0,0,0,0,1,0,1,0,1,1,1,1,2,0,5,5,2,15,1,0,0,0,0,1,0,0,0,0,0,0,1,2,2,1,2,12,8
422090740,2,ëŒînés,ñLã í¨ìÇèF,0,,,144,3,2,6,4,0,0,4,2,5,5,4,7,20,19,14,11,51,82,49,64,1,1,3,1,0,0,2,1,3,3,2,3,11,9,8,5,26,33,16,80,2,1,3,3,0,0,2,1,2,2,2,4,9,10,6,6,25,49,33
422090750,2,ëŒînés,ñLã í¨âÙ,0,,,82,0,1,3,0,0,2,1,1,3,1,3,6,14,13,13,4,31,47,21,36,0,1,1,0,0,0,1,1,1,1,1,3,7,5,7,2,15,19,7,46,0,0,2,0,0,2,0,0,2,0,2,3,7,8,6,2,16,28,14
422090760,2,ëŒînés,ñLã í¨éuëΩâY,0,,,43,0,1,2,2,1,0,0,1,3,3,2,0,2,6,6,3,14,26,14,22,0,1,1,2,0,0,0,1,1,2,2,0,0,3,2,2,8,12,7,21,0,0,1,0,1,0,0,0,2,1,0,0,2,3,4,1,6,14,7
422090770,2,ëŒînés,ñLã í¨ëÂçj,0,,,93,5,6,6,2,1,5,5,3,6,3,3,5,11,7,7,17,44,32,18,46,2,4,4,1,0,1,4,2,1,3,2,1,7,2,4,10,22,14,8,47,3,2,2,1,1,4,1,1,5,0,1,4,4,5,3,7,22,18,10
422090780,2,ëŒînés,ñLã í¨è¨çj,0,,,99,3,1,2,2,1,1,2,2,6,10,2,6,9,14,14,6,41,52,24,51,2,1,1,1,1,0,0,1,4,7,2,3,5,6,9,4,24,23,8,48,1,0,1,1,0,1,2,1,2,3,0,3,4,8,5,2,17,29,16
422090790,2,ëŒînés,ñLã í¨ñ¡,0,,,22,0,1,1,2,0,0,0,1,1,1,1,1,2,1,3,2,9,11,7,9,0,1,0,1,0,0,0,0,1,1,0,0,1,0,2,1,4,4,2,13,0,0,1,1,0,0,0,1,0,0,1,1,1,1,1,1,5,7,5
422090800,2,ëŒînés,ñLã í¨ìc,0,,,121,1,2,7,5,1,0,3,2,9,5,9,5,13,17,20,10,52,59,22,60,1,2,6,0,0,0,2,2,4,4,5,2,7,8,11,9,26,25,6,61,0,0,1,5,1,0,1,0,5,1,4,3,6,9,9,1,26,34,16
422090810,2,ëŒînés,ïÙí¨éOç™,0,,,532,16,19,28,11,9,13,17,22,27,17,23,39,46,65,47,63,224,245,133,244,9,7,13,9,5,4,8,12,11,10,7,23,20,34,29,29,109,106,43,288,7,12,15,2,4,9,9,10,16,7,16,16,26,31,18,34,115,139,90
422090820,2,ëŒînés,ïÙí¨í√ñˆ,0,,,36,0,0,0,0,0,1,1,0,0,2,3,4,7,5,7,0,18,18,6,19,0,0,0,0,0,1,1,0,0,1,2,2,4,2,4,0,11,8,2,17,0,0,0,0,0,0,0,0,0,1,1,2,3,3,3,0,7,10,4
422090830,2,ëŒînés,ïÙí¨ê¬äC,0,,,38,0,2,1,1,0,0,0,0,4,1,1,4,4,4,8,3,15,20,8,20,0,1,1,0,0,0,0,0,3,0,0,2,3,2,4,2,8,10,4,18,0,1,0,1,0,0,0,0,1,1,1,2,1,2,4,1,7,10,4
422090840,2,ëŒînés,ïÙí¨ñÿç‚,0,,,41,0,0,1,1,1,0,2,2,0,1,1,2,3,7,5,1,13,27,15,20,0,0,1,1,0,0,2,2,0,0,1,2,1,2,3,1,9,10,5,21,0,0,0,0,1,0,0,0,0,1,0,0,2,5,2,0,4,17,10
422090850,2,ëŒînés,ïÙí¨éÎîˆ,0,,,82,1,1,4,3,1,3,0,2,4,6,9,5,5,11,9,6,38,38,18,45,0,1,1,3,1,0,0,1,2,5,4,4,1,6,5,2,21,22,11,37,1,0,3,0,0,3,0,1,2,1,5,1,4,5,4,4,17,16,7
422090860,2,ëŒînés,ïÙí¨âÍç≤,0,,,18,1,0,0,2,0,1,0,0,2,1,0,0,2,6,0,1,8,9,3,5,0,0,0,0,0,0,0,0,1,0,0,0,1,3,0,0,2,3,0,13,1,0,0,2,0,1,0,0,1,1,0,0,1,3,0,1,6,6,3
422090870,2,ëŒînés,ïÙí¨ãgìc,0,,,109,4,0,1,1,1,1,4,2,4,3,4,7,14,21,15,5,41,63,27,48,1,0,1,0,0,1,2,1,3,0,1,4,7,11,8,2,19,27,8,61,3,0,0,1,1,0,2,1,1,3,3,3,7,10,7,3,22,36,19
422090880,2,ëŒînés,ïÙí¨ã˘,0,,,170,4,6,7,2,3,3,1,4,6,18,8,9,11,14,32,17,65,88,42,87,2,3,7,1,1,3,0,2,3,11,5,7,3,6,15,12,36,39,18,83,2,3,0,1,2,0,1,2,3,7,3,2,8,8,17,5,29,49,24
422090890,2,ëŒînés,ïÙí¨ç≤âÍ,0,,,522,22,24,25,6,7,8,15,30,34,20,22,39,52,39,62,71,233,218,117,252,15,10,11,2,4,4,7,18,19,9,10,21,26,20,27,36,120,96,49,270,7,14,14,4,3,4,8,12,15,11,12,18,26,19,35,35,113,122,68
422090900,2,ëŒînés,ïÙí¨éuëΩâÍ,0,,,280,3,6,9,9,1,2,2,11,17,9,10,13,35,34,37,18,109,153,82,134,1,4,4,2,1,0,2,5,10,4,5,7,17,19,16,9,53,72,37,146,2,2,5,7,0,2,0,6,7,5,5,6,18,15,21,9,56,81,45
422090910,2,ëŒînés,è„åßí¨ç≤ê{ìﬁ,0,,,797,39,27,27,16,13,27,38,47,37,42,43,51,56,64,74,93,370,334,196,407,24,15,10,6,10,15,18,27,22,27,26,27,30,31,35,49,208,150,84,390,15,12,17,10,3,12,20,20,15,15,17,24,26,33,39,44,162,184,112
422090920,2,ëŒînés,è„åßí¨êºí√âÆ,0,,,44,0,0,1,2,0,0,0,1,0,0,4,1,6,7,9,1,14,29,13,19,0,0,1,0,0,0,0,1,0,0,2,1,3,3,5,1,7,11,3,25,0,0,0,2,0,0,0,0,0,0,2,0,3,4,4,0,7,18,10
422090930,2,ëŒînés,è„åßí¨ç≤åÏ,0,,,534,14,13,14,7,4,5,14,22,12,20,17,46,68,55,62,41,215,278,161,256,6,6,8,6,2,2,10,8,7,9,10,22,40,37,28,20,116,120,55,278,8,7,6,1,2,3,4,14,5,11,7,24,28,18,34,21,99,158,106
422090940,2,ëŒînés,è„åßí¨éuëΩóØ,0,,,75,2,1,2,0,1,4,2,4,3,3,2,5,8,9,5,5,32,38,24,37,2,1,1,0,0,3,0,4,0,3,0,2,4,6,2,4,16,17,9,38,0,0,1,0,1,1,2,0,3,0,2,3,4,3,3,1,16,21,15
422090950,2,ëŒînés,è„åßí¨à…ìﬁ,0,,,93,0,1,5,2,0,0,2,2,7,2,3,9,6,9,11,6,33,54,34,49,0,1,3,1,0,0,2,1,5,2,2,6,4,8,3,4,23,22,11,44,0,0,2,1,0,0,0,1,2,0,1,3,2,1,8,2,10,32,23
422090960,2,ëŒînés,è„åßí¨âzçÇ,0,,,46,1,2,2,1,0,0,2,3,3,1,0,1,3,10,6,5,14,27,11,23,0,2,0,0,0,0,1,1,2,1,0,1,2,3,5,2,8,13,5,23,1,0,2,1,0,0,1,2,1,0,0,0,1,7,1,3,6,14,6
422090970,2,ëŒînés,è„åßí¨å‰âÄ,0,,,80,0,2,1,1,2,1,2,3,3,4,6,9,9,10,7,3,40,37,20,41,0,2,0,0,1,1,1,2,1,4,2,5,3,6,3,2,20,19,10,39,0,0,1,1,1,0,1,1,2,0,4,4,6,4,4,1,20,18,10
422090980,2,ëŒînés,è„åßí¨å¢ÉPâY,0,,,96,2,2,8,1,0,1,2,8,7,5,10,8,6,12,5,12,48,36,19,43,2,2,4,0,0,1,1,3,3,2,6,4,1,5,4,8,21,14,5,53,0,0,4,1,0,0,1,5,4,3,4,4,5,7,1,4,27,22,14
422090990,2,ëŒînés,è„åßí¨ä~ëÍ,0,,,269,10,13,16,9,12,10,12,12,18,18,19,20,20,26,20,39,150,80,34,136,4,7,6,4,9,5,8,6,9,11,10,12,10,10,11,17,84,35,14,133,6,6,10,5,3,5,4,6,9,7,9,8,10,16,9,22,66,45,20
422091000,2,ëŒînés,è„åßí¨ê£ìc,0,,,234,5,3,12,3,4,5,7,8,8,17,13,14,27,30,25,20,106,108,53,119,2,2,9,1,3,3,4,4,5,10,7,7,14,10,9,13,58,48,29,115,3,1,3,2,1,2,3,4,3,7,6,7,13,20,16,7,48,60,24
422091010,2,ëŒînés,è„åßí¨éîèä,0,,,146,2,0,6,2,6,2,3,3,8,13,8,11,9,23,14,8,65,73,36,72,1,0,2,2,4,2,1,1,4,8,4,4,4,13,7,3,34,35,15,74,1,0,4,0,2,0,2,2,4,5,4,7,5,10,7,5,31,38,21
422091020,2,ëŒînés,è„åßí¨é≠å©,0,,,160,2,3,4,8,6,3,3,6,8,8,15,9,16,11,24,9,82,69,34,85,1,1,2,7,4,2,2,1,4,5,9,6,9,5,11,4,49,32,16,75,1,2,2,1,2,1,1,5,4,3,6,3,7,6,13,5,33,37,18
422091030,2,ëŒînés,è„åßí¨ãvå¥,0,,,119,6,7,12,2,1,3,4,10,5,8,3,6,9,9,14,25,51,43,20,59,4,3,5,2,1,2,2,5,2,3,2,5,4,3,7,12,28,19,9,60,2,4,7,0,0,1,2,5,3,5,1,1,5,6,7,13,23,24,11
422091040,2,ëŒînés,è„åßí¨èóòA,0,,,86,0,0,0,0,1,1,3,3,1,4,3,5,16,14,9,0,37,49,26,40,0,0,0,0,0,0,3,3,0,4,1,3,7,5,4,0,21,19,10,46,0,0,0,0,1,1,0,0,1,0,2,2,9,9,5,0,16,30,16
422091050,2,ëŒînés,è„ëŒîní¨êºîë,0,,,167,2,3,7,7,1,4,5,9,9,6,9,11,15,22,24,12,76,79,33,84,2,3,3,4,1,2,4,4,5,1,5,4,7,13,11,8,37,39,15,83,0,0,4,3,0,2,1,5,4,5,4,7,8,9,13,4,39,40,18
422091060,2,ëŒînés,è„ëŒîní¨å√ó¢,0,,,381,20,16,21,18,14,14,24,19,21,39,24,11,21,28,33,57,205,119,58,178,9,8,6,8,5,8,11,8,10,22,15,7,10,17,10,23,104,51,24,203,11,8,15,10,9,6,13,11,11,17,9,4,11,11,23,34,101,68,34
422091070,2,ëŒînés,è„ëŒîní¨î‰ìcèü,0,,,811,39,40,28,27,23,49,51,56,58,62,44,56,45,58,71,107,471,233,104,421,26,15,13,13,13,30,28,34,28,38,28,31,21,26,31,54,264,103,46,390,13,25,15,14,10,19,23,22,30,24,16,25,24,32,40,53,207,130,58
422091080,2,ëŒînés,è„ëŒîní¨ñ‘ë„,0,,,82,2,2,1,3,2,3,2,3,5,0,7,5,6,10,3,5,36,41,28,43,1,2,1,0,1,1,2,2,3,0,3,3,5,4,2,4,20,19,13,39,1,0,0,3,1,2,0,1,2,0,4,2,1,6,1,1,16,22,15
422091090,2,ëŒînés,è„ëŒîní¨ã’,0,,,215,2,7,9,4,2,3,3,4,9,8,19,16,18,26,18,18,86,111,67,100,1,4,5,2,1,2,2,2,4,3,7,11,10,13,8,10,44,46,25,115,1,3,4,2,1,1,1,2,5,5,12,5,8,13,10,8,42,65,42
422091100,2,ëŒînés,è„ëŒîní¨à∞å©,0,,,67,4,2,2,1,0,1,3,2,2,0,2,5,8,11,9,8,24,35,15,39,4,1,2,1,0,0,2,2,1,0,1,5,3,5,6,7,15,17,6,28,0,1,0,0,0,1,1,0,1,0,1,0,5,6,3,1,9,18,9
422091110,2,ëŒînés,è„ëŒîní¨àÍèd,0,,,96,0,0,2,2,0,0,1,2,2,3,7,10,5,10,8,2,32,62,44,42,0,0,1,1,0,0,0,2,1,2,4,6,2,6,2,1,18,23,15,54,0,0,1,1,0,0,1,0,1,1,3,4,3,4,6,1,14,39,29
422091120,2,ëŒînés,è„ëŒîní¨è¨é≠,0,,,166,6,6,3,3,0,2,9,6,2,6,12,13,16,23,24,15,69,82,35,87,3,4,2,1,0,2,5,3,1,2,6,8,5,15,12,9,33,45,18,79,3,2,1,2,0,0,4,3,1,4,6,5,11,8,12,6,36,37,17
422091130,2,ëŒînés,è„ëŒîní¨ãËê{,0,,,54,0,0,0,0,1,0,0,1,0,0,4,2,3,5,5,0,11,43,33,17,0,0,0,0,0,0,0,0,0,0,3,1,1,2,2,0,5,12,8,37,0,0,0,0,1,0,0,1,0,0,1,1,2,3,3,0,6,31,25
422091140,2,ëŒînés,è„ëŒîní¨ïlãvê{,0,,,54,1,2,0,0,1,0,0,3,3,0,0,4,10,8,5,3,21,30,17,26,0,1,0,0,1,0,0,1,2,0,0,2,5,5,3,1,11,14,6,28,1,1,0,0,0,0,0,2,1,0,0,2,5,3,2,2,10,16,11
422091150,2,ëŒînés,è„ëŒîní¨ïxâY,0,,,21,0,0,0,0,1,1,0,0,1,1,2,2,2,3,3,0,10,11,5,9,0,0,0,0,1,0,0,0,0,0,0,2,1,1,2,0,4,5,2,12,0,0,0,0,0,1,0,0,1,1,2,0,1,2,1,0,6,6,3
422091160,2,ëŒînés,è„ëŒîní¨ìÇèMéu,0,,,58,2,0,0,2,0,0,1,1,2,7,3,4,6,11,5,2,26,30,14,26,1,0,0,1,0,0,0,0,1,4,2,1,2,6,3,1,11,14,5,32,1,0,0,1,0,0,1,1,1,3,1,3,4,5,2,1,15,16,9
422091170,2,ëŒînés,è„ëŒîní¨ëÂëù,0,,,67,0,3,1,0,0,3,1,2,5,0,3,1,7,8,11,4,22,41,22,35,0,2,1,0,0,2,1,1,4,0,1,1,3,2,7,3,13,19,10,32,0,1,0,0,0,1,0,1,1,0,2,0,4,6,4,1,9,22,12
422091180,2,ëŒînés,è„ëŒîní¨èMéu,0,,,97,0,2,2,2,0,0,2,1,1,4,6,8,18,6,11,4,42,51,34,40,0,0,1,1,0,0,1,0,0,1,3,4,9,4,5,1,19,20,11,57,0,2,1,1,0,0,1,1,1,3,3,4,9,2,6,3,23,31,23
422091190,2,ëŒînés,è„ëŒîní¨å‹ç™èè,0,,,39,0,0,0,0,0,0,0,1,1,2,0,3,3,5,11,0,10,29,13,19,0,0,0,0,0,0,0,0,1,2,0,0,2,3,5,0,5,14,6,20,0,0,0,0,0,0,0,1,0,0,0,3,1,2,6,0,5,15,7
422091200,2,ëŒînés,è„ëŒîní¨âÕì‡,0,,,85,2,2,4,0,2,1,5,0,1,2,4,8,14,9,10,8,37,40,21,39,0,0,2,0,0,1,3,0,0,1,1,4,7,6,5,2,17,20,9,46,2,2,2,0,2,0,2,0,1,1,3,4,7,3,5,6,20,20,12
422091210,2,ëŒînés,è„ëŒîní¨ëÂâY,0,,,241,6,9,4,1,6,9,13,5,7,15,7,14,24,18,10,19,101,121,93,112,2,5,2,1,6,5,10,4,3,11,5,5,14,7,5,9,64,39,27,129,4,4,2,0,0,4,3,1,4,4,2,9,10,11,5,10,37,82,66
422091220,2,ëŒînés,è„ëŒîní¨òkâY,0,,,191,3,0,3,1,9,15,19,14,9,11,5,13,19,13,8,6,115,70,49,126,3,0,3,1,8,14,15,12,8,8,3,6,15,2,6,6,90,30,22,65,0,0,0,0,1,1,4,2,1,3,2,7,4,11,2,0,25,40,27
422091230,2,ëŒînés,è„ëŒîní¨ñL,0,,,314,21,18,9,10,5,7,17,25,31,18,19,15,23,26,26,48,170,96,44,175,16,10,6,3,3,4,9,15,20,15,15,8,11,12,13,32,103,40,15,139,5,8,3,7,2,3,8,10,11,3,4,7,12,14,13,16,67,56,29
422091240,2,ëŒînés,è„ëŒîní¨êÚ,0,,,273,8,4,15,10,7,0,5,11,15,25,12,18,16,28,31,27,119,127,68,127,4,2,6,3,5,0,3,6,8,14,4,12,7,15,12,12,62,53,26,146,4,2,9,7,2,0,2,5,7,11,8,6,9,13,19,15,57,74,42
422091250,2,ëŒînés,è„ëŒîní¨àÍèd,0,,,0,0,0,0,0,0,0,0,0,0,0,0,0,0,0,0,0,0,0,0,0,0,0,0,0,0,0,0,0,0,0,0,0,0,0,0,0,0,0,0,0,0,0,0,0,0,0,0,0,0,0,0,0,0,0,0,0,0,0,0
422091260,2,ëŒînés,åµå¥í¨ì§Áƒê£,0,,,49,0,0,2,2,1,1,0,1,2,5,6,3,2,6,7,2,23,24,11,24,0,0,1,1,1,0,0,1,2,3,1,2,1,1,5,1,12,11,5,25,0,0,1,1,0,1,0,0,0,2,5,1,1,5,2,1,11,13,6
42210,1,àÎäÚés,,0,,,24948,868,1122,1223,984,502,695,906,1216,1517,1484,1349,1557,1852,2123,2247,3213,12062,9640,5270,11837,450,580,631,500,268,359,476,622,769,773,688,758,941,1024,1077,1661,6154,4013,1912,13111,418,542,592,484,234,336,430,594,748,711,661,799,911,1099,1170,1552,5908,5627,3358
422100100,3,àÎäÚés,ãΩÉmâYí¨ñ{ë∫êG,0,,,631,21,35,39,32,22,19,37,31,41,53,34,38,37,30,41,95,344,192,121,314,12,20,24,18,16,9,22,12,21,27,22,17,18,19,18,56,182,76,39,317,9,15,15,14,6,10,15,19,20,26,12,21,19,11,23,39,162,116,82
42210010001,4,àÎäÚés,ãΩÉmâYí¨ñ{ë∫êGçÆâÆí¨,0,,,163,1,7,5,9,1,3,3,8,5,13,3,8,10,11,17,13,63,87,59,61,1,3,3,4,1,0,2,3,3,6,2,2,6,6,8,7,29,25,11,102,0,4,2,5,0,3,1,5,2,7,1,6,4,5,9,6,34,62,48
42210010002,4,àÎäÚés,ãΩÉmâYí¨ñ{ë∫êGëÂó¢,0,,,78,3,8,6,4,1,3,5,2,13,7,6,3,3,0,8,17,47,14,6,43,2,5,3,2,1,1,4,0,7,3,4,1,2,0,4,10,25,8,4,35,1,3,3,2,0,2,1,2,6,4,2,2,1,0,4,7,22,6,2
42210010003,4,àÎäÚés,ãΩÉmâYí¨ñ{ë∫êG,0,,,168,6,6,14,10,4,1,7,8,10,11,8,16,13,13,11,26,88,54,30,81,2,3,9,8,1,1,3,3,4,7,3,8,5,9,3,14,43,24,12,87,4,3,5,2,3,0,4,5,6,4,5,8,8,4,8,12,45,30,18
42210010004,4,àÎäÚés,ãΩÉmâYí¨ñ{ë∫êGëÂê_,0,,,71,5,5,2,4,8,8,5,8,3,9,7,3,2,2,0,12,57,2,0,49,2,3,0,3,7,6,4,4,1,7,6,3,2,1,0,5,43,1,0,22,3,2,2,1,1,2,1,4,2,2,1,0,0,1,0,7,14,1,0
42210010005,4,àÎäÚés,ãΩÉmâYí¨ñ{ë∫êGñ{ë∫êºïî,0,,,151,6,9,12,5,8,4,17,5,10,13,10,8,9,4,5,27,89,35,26,80,5,6,9,1,6,1,9,2,6,4,7,3,3,3,3,20,42,18,12,71,1,3,3,4,2,3,8,3,4,9,3,5,6,1,2,7,47,17,14
422100110,3,àÎäÚés,ãΩÉmâYí¨èØêG,0,,,341,13,15,14,10,5,22,29,11,20,31,20,32,21,25,26,42,201,97,46,177,6,5,9,4,2,15,16,5,10,19,12,18,12,13,13,20,113,44,18,164,7,10,5,6,3,7,13,6,10,12,8,14,9,12,13,22,88,53,28
42210011006,4,àÎäÚés,ãΩÉmâYí¨èØêGèØìÏïî,0,,,98,5,4,1,1,2,3,5,2,5,2,6,11,14,9,6,10,51,37,22,46,3,1,1,1,1,1,4,1,1,1,2,5,8,6,2,5,25,16,8,52,2,3,0,0,1,2,1,1,4,1,4,6,6,3,4,5,26,21,14
42210011007,4,àÎäÚés,ãΩÉmâYí¨èØêGèØíÜïî,0,,,124,1,9,6,3,2,10,12,5,11,17,12,13,2,4,7,16,87,21,10,74,1,3,3,1,0,6,8,2,8,10,9,10,2,2,4,7,56,11,5,50,0,6,3,2,2,4,4,3,3,7,3,3,0,2,3,9,31,10,5
42210011008,4,àÎäÚés,ãΩÉmâYí¨èØêGèØñkïî,0,,,119,7,2,7,6,1,9,12,4,4,12,2,8,5,12,13,16,63,39,14,57,2,1,5,2,1,8,4,2,1,8,1,3,2,5,7,8,32,17,5,62,5,1,2,4,0,1,8,2,3,4,1,5,3,7,6,8,31,22,9
422100120,3,àÎäÚés,ãΩÉmâYí¨ìåêG,0,,,681,35,34,38,16,17,40,44,34,50,44,28,36,32,43,45,107,341,233,145,339,16,12,25,11,9,26,25,17,24,33,12,17,18,20,21,53,192,94,53,342,19,22,13,5,8,14,19,17,26,11,16,19,14,23,24,54,149,139,92
42210012009,4,àÎäÚés,ãΩÉmâYí¨ìåêG,0,,,331,21,19,24,8,12,26,26,22,29,22,14,13,16,23,23,64,188,79,33,180,10,8,15,6,7,19,16,12,14,15,6,6,9,10,12,33,110,37,15,151,11,11,9,2,5,7,10,10,15,7,8,7,7,13,11,31,78,42,18
42210012010,4,àÎäÚés,ãΩÉmâYí¨ìåêG,0,,,350,14,15,14,8,5,14,18,12,21,22,14,23,16,20,22,43,153,154,112,159,6,4,10,5,2,7,9,5,10,18,6,11,9,10,9,20,82,57,38,191,8,11,4,3,3,7,9,7,11,4,8,12,7,10,13,23,71,97,74
422100130,3,àÎäÚés,ãΩÉmâYí¨âiìcêG,0,,,566,33,42,39,22,12,15,25,42,36,37,33,34,33,30,36,114,289,163,97,255,15,18,18,13,9,11,10,16,20,16,15,14,16,14,18,51,140,64,32,311,18,24,21,9,3,4,15,26,16,21,18,20,17,16,18,63,149,99,65
42210013012,4,àÎäÚés,ãΩÉmâYí¨âiìcêGç°ã{,0,,,219,14,12,12,12,6,4,8,19,12,13,10,16,15,12,13,38,115,66,41,89,4,4,7,6,5,4,4,6,6,3,4,7,5,7,5,15,50,24,12,130,10,8,5,6,1,0,4,13,6,10,6,9,10,5,8,23,65,42,29
42210013013,4,àÎäÚés,ãΩÉmâYí¨âiìcêGâiìc,0,,,347,19,30,27,10,6,11,17,23,24,24,23,18,18,18,23,76,174,97,56,166,11,14,11,7,4,7,6,10,14,13,11,7,11,7,13,36,90,40,20,181,8,16,16,3,2,4,11,13,10,11,12,11,7,11,10,40,84,57,36
422100140,3,àÎäÚés,ãΩÉmâYí¨ï–å¥êG,0,,,1248,73,66,70,62,39,59,65,92,96,96,86,75,62,76,64,209,732,299,159,593,29,35,37,28,18,29,35,40,53,49,47,37,32,33,29,101,368,121,59,655,44,31,33,34,21,30,30,52,43,47,39,38,30,43,35,108,364,178,100
42210014014,4,àÎäÚés,ãΩÉmâYí¨ï–å¥êGè¨ó—,0,,,165,6,5,11,12,8,7,11,7,15,20,9,15,10,10,7,22,114,29,12,81,2,2,7,6,5,5,4,2,10,11,4,8,5,3,3,11,60,10,4,84,4,3,4,6,3,2,7,5,5,9,5,7,5,7,4,11,54,19,8
42210014015,4,àÎäÚés,ãΩÉmâYí¨ï–å¥êGï–å¥ñkïî,0,,,242,21,22,14,11,9,15,16,23,24,12,16,9,9,10,8,57,144,41,23,110,8,11,7,5,3,6,10,12,10,6,8,4,4,5,3,26,68,16,8,132,13,11,7,6,6,9,6,11,14,6,8,5,5,5,5,31,76,25,15
42210014016,4,àÎäÚés,ãΩÉmâYí¨ï–å¥êGï–å¥íÜïî,1,,014020,177,13,7,11,7,7,5,8,13,4,12,9,6,8,10,13,31,79,66,43,72,3,2,6,3,3,1,4,5,3,5,7,2,3,6,4,11,36,25,15,105,10,5,5,4,4,4,4,8,1,7,2,4,5,4,9,20,43,41,28
42210014017,4,àÎäÚés,ãΩÉmâYí¨ï–å¥êGï–å¥ìÏïî,0,,,254,11,10,14,9,6,16,12,15,19,19,19,20,8,18,16,35,143,69,35,122,3,5,7,4,3,12,7,6,11,8,10,10,4,8,8,15,75,29,13,132,8,5,7,5,3,4,5,9,8,11,9,10,4,10,8,20,68,40,22
42210014018,4,àÎäÚés,ãΩÉmâYí¨ï–å¥êGï–å¥ìåïî,0,,,316,13,12,13,18,8,16,12,21,27,26,29,17,24,22,16,38,198,80,42,157,9,7,5,7,4,5,8,9,16,16,16,7,13,9,8,21,101,35,18,159,4,5,8,11,4,11,4,12,11,10,13,10,11,13,8,17,97,45,24
42210014019,4,àÎäÚés,ãΩÉmâYí¨ï–å¥êGäÏâûéõÉñãu,0,,,94,9,10,7,5,1,0,6,13,7,7,4,8,3,6,4,26,54,14,4,51,4,8,5,3,0,0,2,6,3,3,2,6,3,2,3,17,28,6,1,43,5,2,2,2,1,0,4,7,4,4,2,2,0,4,1,9,26,8,3
42210014020,4,àÎäÚés,ãΩÉmâYí¨ï–å¥êGóŒÉñãu,2,14016,,0,0,0,0,0,0,0,0,0,0,0,0,0,0,0,0,0,0,0,0,0,0,0,0,0,0,0,0,0,0,0,0,0,0,0,0,0,0,0,0,0,0,0,0,0,0,0,0,0,0,0,0,0,0,0,0,0,0,0,0
422100150,3,àÎäÚés,ãΩÉmâYí¨ãΩÉmâY,0,,,675,13,23,28,35,14,17,27,36,49,30,40,39,41,76,78,64,328,278,124,314,3,14,14,23,7,12,12,18,27,13,20,16,16,35,38,31,164,117,44,361,10,9,14,12,7,5,15,18,22,17,20,23,25,41,40,33,164,161,80
42210015021,4,àÎäÚés,ãΩÉmâYí¨ãΩÉmâYñ{í¨,0,,,109,1,1,1,7,1,1,0,3,5,2,7,7,5,10,14,3,38,68,44,43,0,0,0,3,1,0,0,1,2,1,2,4,2,4,9,0,16,27,14,66,1,1,1,4,0,1,0,2,3,1,5,3,3,6,5,3,22,41,30
42210015022,4,àÎäÚés,ãΩÉmâYí¨ãΩÉmâYëOâ∫Éãí¨,0,,,45,1,1,3,1,1,0,3,5,3,1,1,1,2,8,3,5,18,22,11,21,0,1,1,1,0,0,1,1,3,1,1,0,0,5,1,2,8,11,5,24,1,0,2,0,1,0,2,4,0,0,0,1,2,3,2,3,10,11,6
42210015023,4,àÎäÚés,ãΩÉmâYí¨ãΩÉmâYêÊâ∫Éãí¨,0,,,67,0,4,3,1,0,2,3,6,3,6,6,3,5,5,11,7,35,22,6,31,0,2,1,1,0,2,1,4,2,2,4,1,2,1,5,3,19,8,2,36,0,2,2,0,0,0,2,2,1,4,2,2,3,4,6,4,16,14,4
42210015024,4,àÎäÚés,ãΩÉmâYí¨ãΩÉmâYãTêÏå}í¨,0,,,94,0,3,1,12,7,6,4,4,4,5,6,4,3,6,6,4,55,33,21,49,0,2,1,11,3,4,3,2,1,2,5,2,0,3,2,3,33,12,7,45,0,1,0,1,4,2,1,2,3,3,1,2,3,3,4,1,22,21,14
42210015025,4,àÎäÚés,ãΩÉmâYí¨ãΩÉmâYízèo,0,,,49,3,0,1,2,0,1,7,2,5,1,5,7,5,3,4,4,35,10,3,21,1,0,0,1,0,1,2,1,5,0,1,2,3,0,2,1,16,4,2,28,2,0,1,1,0,0,5,1,0,1,4,5,2,3,2,3,19,6,1
42210015026,4,àÎäÚés,ãΩÉmâYí¨ãΩÉmâYêÊí¨,0,,,109,5,5,9,6,2,1,4,9,10,5,6,5,11,9,11,19,59,31,11,49,1,4,4,4,1,1,2,6,3,1,4,3,3,5,5,9,28,12,2,60,4,1,5,2,1,0,2,3,7,4,2,2,8,4,6,10,31,19,9
42210015028,4,àÎäÚés,ãΩÉmâYí¨ãΩÉmâYè„í¨ÅCå≥ãè,0,,,202,3,9,10,6,3,6,6,7,19,10,9,12,10,35,29,22,88,92,28,100,1,5,7,2,2,4,3,3,11,6,3,4,6,17,14,13,44,43,12,102,2,4,3,4,1,2,3,4,8,4,6,8,4,18,15,9,44,49,16
422100200,3,àÎäÚés,ãΩÉmâYí¨ìnó«ìÏêG,0,,,141,6,10,8,5,1,5,5,9,10,5,5,6,15,14,9,24,66,51,28,64,3,7,4,3,1,1,3,5,5,1,2,4,8,6,2,14,33,17,9,77,3,3,4,2,0,4,2,4,5,4,3,2,7,8,7,10,33,34,19
42210020001,4,àÎäÚés,ãΩÉmâYí¨ìnó«ìÏêGëOñ⁄,0,,,38,1,2,1,0,0,2,2,1,3,1,2,2,3,2,5,4,16,18,11,13,0,1,0,0,0,0,1,1,1,0,0,2,2,0,1,1,7,5,4,25,1,1,1,0,0,2,1,0,2,1,2,0,1,2,4,3,9,13,7
42210020002,4,àÎäÚés,ãΩÉmâYí¨ìnó«ìÏêGéΩ,0,,,44,4,4,5,3,0,1,1,6,6,0,0,0,3,6,2,13,20,11,3,25,2,4,4,2,0,0,1,3,3,0,0,0,2,2,1,10,11,4,1,19,2,0,1,1,0,1,0,3,3,0,0,0,1,4,1,3,9,7,2
42210020003,4,àÎäÚés,ãΩÉmâYí¨ìnó«ìÏêGîó,0,,,59,1,4,2,2,1,2,2,2,1,4,3,4,9,6,2,7,30,22,14,26,1,2,0,1,1,1,1,1,1,1,2,2,4,4,0,3,15,8,4,33,0,2,2,1,0,1,1,1,0,3,1,2,5,2,2,4,15,14,10
422100210,2,àÎäÚés,ãΩÉmâYí¨ìnó«êºêG,0,,,129,4,7,6,5,0,4,8,8,1,10,6,12,8,7,15,17,62,50,28,58,2,2,4,1,0,2,5,3,0,1,3,7,6,3,7,8,28,22,12,71,2,5,2,4,0,2,3,5,1,9,3,5,2,4,8,9,34,28,16
422100220,3,àÎäÚés,ãΩÉmâYí¨ìnó«ìåêG,0,,,219,3,10,10,7,4,2,11,2,16,11,11,6,16,19,30,23,86,110,61,111,2,6,7,4,2,1,6,1,9,8,5,3,7,12,14,15,46,50,24,108,1,4,3,3,2,1,5,1,7,3,6,3,9,7,16,8,40,60,37
42210022005,4,àÎäÚés,ãΩÉmâYí¨ìnó«ìåêGëÂìå,0,,,90,3,5,5,5,1,2,6,1,10,4,1,3,4,5,14,13,37,40,21,49,2,4,4,3,0,1,4,0,6,3,0,2,2,4,5,10,21,18,9,41,1,1,1,2,1,1,2,1,4,1,1,1,2,1,9,3,16,22,12
42210022006,4,àÎäÚés,ãΩÉmâYí¨ìnó«ìåêGåIäx,0,,,36,0,2,0,0,1,0,2,0,0,0,2,1,5,5,6,2,11,23,12,17,0,1,0,0,1,0,1,0,0,0,1,0,2,3,3,1,5,11,5,19,0,1,0,0,0,0,1,0,0,0,1,1,3,2,3,1,6,12,7
42210022007,4,àÎäÚés,ãΩÉmâYí¨ìnó«ìåêGñqëO,0,,,41,0,0,0,2,2,0,1,1,1,3,5,1,3,3,3,0,19,22,16,21,0,0,0,1,1,0,1,1,0,2,3,0,2,2,1,0,11,10,7,20,0,0,0,1,1,0,0,0,1,1,2,1,1,1,2,0,8,12,9
42210022008,4,àÎäÚés,ãΩÉmâYí¨ìnó«ìåêGñqå„,0,,,52,0,3,5,0,0,0,2,0,5,4,3,1,4,6,7,8,19,25,12,24,0,1,3,0,0,0,0,0,3,3,1,1,1,3,5,4,9,11,3,28,0,2,2,0,0,0,2,0,2,1,2,0,3,3,2,4,10,14,9
422100230,3,àÎäÚés,ãΩÉmâYí¨îûíJêG,0,,,263,9,16,17,11,4,6,9,16,9,13,17,12,27,31,19,42,124,97,47,123,5,9,6,3,3,0,4,10,7,6,10,6,10,17,8,20,59,44,19,140,4,7,11,8,1,6,5,6,2,7,7,6,17,14,11,22,65,53,28
42210023009,4,àÎäÚés,ãΩÉmâYí¨îûíJêGêÁêÖ,0,,,19,0,0,0,0,0,1,0,1,0,0,1,0,3,5,3,0,6,13,5,9,0,0,0,0,0,0,0,1,0,0,1,0,1,3,1,0,3,6,2,10,0,0,0,0,0,1,0,0,0,0,0,0,2,2,2,0,3,7,3
42210023010,4,àÎäÚés,ãΩÉmâYí¨îûíJêGîûíJ,0,,,73,1,2,7,0,1,3,1,5,4,3,2,5,7,10,7,10,31,32,15,33,0,0,2,0,1,0,0,2,4,2,1,3,2,5,3,2,15,16,8,40,1,2,5,0,0,3,1,3,0,1,1,2,5,5,4,8,16,16,7
42210023011,4,àÎäÚés,ãΩÉmâYí¨îûíJêGê_Émñÿ,0,,,57,0,1,2,7,1,0,2,0,2,7,6,3,5,4,5,3,33,21,12,25,0,1,1,2,1,0,1,0,2,2,4,1,2,2,2,2,15,8,4,32,0,0,1,5,0,0,1,0,0,5,2,2,3,2,3,1,18,13,8
42210023012,4,àÎäÚés,ãΩÉmâYí¨îûíJêGâFìy,0,,,79,7,9,6,3,1,0,4,6,2,3,4,2,9,8,4,22,34,23,11,39,4,7,3,0,0,0,2,4,0,2,2,1,4,4,2,14,15,10,4,40,3,2,3,3,1,0,2,2,2,1,2,1,5,4,2,8,19,13,7
42210023013,4,àÎäÚés,ãΩÉmâYí¨îûíJêGëDâz,0,,,35,1,4,2,1,1,2,2,4,1,0,4,2,3,4,0,7,20,8,4,17,1,1,0,1,1,0,1,3,1,0,2,1,1,3,0,2,11,4,1,18,0,3,2,0,0,2,1,1,0,0,2,1,2,1,0,5,9,4,3
422100240,3,àÎäÚés,ãΩÉmâYí¨ìnó«âY,0,,,394,16,14,21,12,5,8,14,30,24,29,18,27,41,37,38,51,208,134,59,183,7,7,11,7,3,3,8,12,15,16,9,13,23,18,16,25,109,49,15,211,9,7,10,5,2,5,6,18,9,13,9,14,18,19,22,26,99,85,44
42210024014,4,àÎäÚés,ãΩÉmâYí¨ìnó«âYê_ìc,0,,,75,6,3,2,3,0,0,2,8,2,3,2,6,11,10,8,11,37,27,9,39,3,2,1,3,0,0,2,3,1,1,1,3,6,6,4,6,20,13,3,36,3,1,1,0,0,0,0,5,1,2,1,3,5,4,4,5,17,14,6
42210024015,4,àÎäÚés,ãΩÉmâYí¨ìnó«âYìnó«âY,0,,,103,3,4,9,4,1,2,1,9,12,8,2,5,8,3,9,16,52,35,23,45,2,2,3,2,1,1,0,3,8,4,2,2,4,2,4,7,27,11,5,58,1,2,6,2,0,1,1,6,4,4,0,3,4,1,5,9,25,24,18
42210024016,4,àÎäÚés,ãΩÉmâYí¨ìnó«âYè¨çËìå,0,,,117,4,4,4,3,3,5,5,8,6,12,6,9,11,13,11,12,68,37,13,57,1,1,3,2,2,2,3,2,5,8,2,6,7,7,3,5,39,13,3,60,3,3,1,1,1,3,2,6,1,4,4,3,4,6,8,7,29,24,10
42210024017,4,àÎäÚés,ãΩÉmâYí¨ìnó«âYè¨çËêº,0,,,99,3,3,6,2,1,1,6,5,4,6,8,7,11,11,10,12,51,35,14,42,1,2,4,0,0,0,3,4,1,3,4,2,6,3,5,7,23,12,4,57,2,1,2,2,1,1,3,1,3,3,4,5,5,8,5,5,28,23,10
422100250,2,àÎäÚés,ãΩÉmâYí¨ëÂìá,0,,,93,0,1,0,4,3,0,1,1,2,6,4,9,2,11,8,1,32,60,41,48,0,1,0,1,1,0,1,1,2,2,2,7,1,5,3,1,18,29,21,45,0,0,0,3,2,0,0,0,0,4,2,2,1,6,5,0,14,31,20
422100260,2,àÎäÚés,ãΩÉmâYí¨í∑ìá,0,,,91,2,3,0,7,2,2,1,3,7,4,6,8,13,12,6,5,53,33,15,48,2,0,0,3,2,2,1,1,5,1,3,6,6,8,3,2,30,16,5,43,0,3,0,4,0,0,0,2,2,3,3,2,7,4,3,3,23,17,10
422100270,2,àÎäÚés,ãΩÉmâYí¨å¥ìá,0,,,71,0,0,2,5,1,0,0,0,0,9,7,9,7,5,10,2,38,31,16,31,0,0,2,2,1,0,0,0,0,5,1,5,2,3,4,2,16,13,6,40,0,0,0,3,0,0,0,0,0,4,6,4,5,2,6,0,22,18,10
422100300,2,àÎäÚés,ãΩÉmâYí¨ï®ïîñ{ë∫êG,0,,,45,0,0,0,0,0,4,2,0,1,1,2,6,3,4,4,0,19,26,18,24,0,0,0,0,0,3,1,0,1,0,1,4,2,3,2,0,12,12,7,21,0,0,0,0,0,1,1,0,0,1,1,2,1,1,2,0,7,14,11
422100310,3,àÎäÚés,ãΩÉmâYí¨ìcíÜêG,0,,,486,20,31,36,23,12,17,23,32,33,33,37,32,23,32,39,87,265,133,62,231,12,17,19,11,8,11,11,13,13,20,17,13,9,13,16,48,126,57,28,255,8,14,17,12,4,6,12,19,20,13,20,19,14,19,23,39,139,76,34
42210031002,4,àÎäÚés,ãΩÉmâYí¨ìcíÜêG,0,,,157,9,12,2,5,4,10,12,9,8,12,8,7,4,15,12,23,79,54,27,85,4,8,2,3,3,5,8,5,3,6,6,4,2,6,7,14,45,26,13,72,5,4,0,2,1,5,4,4,5,6,2,3,2,9,5,9,34,28,14
42210031011,4,àÎäÚés,ãΩÉmâYí¨ìcíÜêGå√èÈ,0,,,329,11,19,34,18,8,7,11,23,25,21,29,25,19,17,27,64,186,79,35,146,8,9,17,8,5,6,3,8,10,14,11,9,7,7,9,34,81,31,15,183,3,10,17,10,3,1,8,15,15,7,18,16,12,10,18,30,105,48,20
422100320,2,àÎäÚés,ãΩÉmâYí¨ñˆìcêG,0,,,221,9,16,19,7,3,7,4,14,15,13,16,13,9,18,20,44,101,76,38,105,3,11,9,1,0,2,2,9,9,6,10,5,5,7,10,23,49,33,16,116,6,5,10,6,3,5,2,5,6,7,6,8,4,11,10,21,52,43,22
422100330,2,àÎäÚés,ãΩÉmâYí¨ñÿìcêG,0,,,67,1,4,3,0,0,2,1,2,3,1,3,7,5,11,5,8,24,35,19,32,1,3,0,0,0,1,0,1,1,1,1,2,4,5,5,4,11,17,7,35,0,1,3,0,0,1,1,1,2,0,2,5,1,6,0,4,13,18,12
422100340,2,àÎäÚés,ãΩÉmâYí¨îºèÈñ{ë∫êG,0,,,144,6,5,3,8,4,1,5,7,6,11,13,6,9,10,19,14,70,60,31,60,4,4,0,2,0,1,3,1,2,4,6,3,4,6,8,8,26,26,12,84,2,1,3,6,4,0,2,6,4,7,7,3,5,4,11,6,44,34,19
422100350,2,àÎäÚés,ãΩÉmâYí¨ãçï˚êG,0,,,111,3,4,5,3,1,3,2,8,4,0,3,13,10,9,16,12,47,52,27,50,1,1,4,1,1,1,2,3,2,0,2,5,7,4,6,6,24,20,10,61,2,3,1,2,0,2,0,5,2,0,1,8,3,5,10,6,23,32,17
422100360,2,àÎäÚés,ãΩÉmâYí¨ëÂâYêG,0,,,74,0,4,3,3,0,2,4,0,4,5,6,2,7,11,4,7,33,34,19,41,0,4,3,2,0,0,2,0,1,4,3,0,4,8,2,7,16,18,8,33,0,0,0,1,0,2,2,0,3,1,3,2,3,3,2,0,17,16,11
422100400,2,àÎäÚés,ãΩÉmâYí¨êVìcêG,0,,,149,9,4,4,4,5,7,8,4,5,7,7,12,12,12,15,17,71,61,34,63,2,1,3,3,1,3,4,1,3,2,4,5,5,7,7,6,31,26,12,86,7,3,1,1,4,4,4,3,2,5,3,7,7,5,8,11,40,35,22
422100410,2,àÎäÚés,ãΩÉmâYí¨ó¢êG,0,,,88,2,1,4,3,1,5,5,4,5,1,5,8,8,10,9,7,45,36,17,38,2,0,0,0,0,4,5,2,2,0,3,4,2,3,6,2,22,14,5,50,0,1,4,3,1,1,0,2,3,1,2,4,6,7,3,5,23,22,12
422100420,3,àÎäÚés,ãΩÉmâYí¨è¨ñqìåêG,0,,,125,8,5,5,4,0,3,5,5,14,7,5,8,8,4,14,18,59,48,30,56,3,3,1,4,0,2,4,3,7,3,2,2,5,3,3,7,32,17,11,69,5,2,4,0,0,1,1,2,7,4,3,6,3,1,11,11,27,31,19
42210042005,4,àÎäÚés,ãΩÉmâYí¨è¨ñqìåêGêX,0,,,46,2,1,2,1,0,0,0,2,5,3,3,2,3,1,6,5,19,22,15,17,0,0,0,1,0,0,0,2,3,0,1,1,2,1,1,0,10,7,5,29,2,1,2,0,0,0,0,0,2,3,2,1,1,0,5,5,9,15,10
42210042006,4,àÎäÚés,ãΩÉmâYí¨è¨ñqìåêGè¨ñqìå,0,,,48,3,4,2,2,0,2,5,1,5,2,1,4,2,2,4,9,24,15,9,25,3,3,1,2,0,1,4,0,2,2,0,1,1,1,1,7,13,5,3,23,0,1,1,0,0,1,1,1,3,0,1,3,1,1,3,2,11,10,6
42210042007,4,àÎäÚés,ãΩÉmâYí¨è¨ñqìåêG,0,,,31,3,0,1,1,0,1,0,2,4,2,1,2,3,1,4,4,16,11,6,14,0,0,0,1,0,1,0,1,2,1,1,0,2,1,1,0,9,5,3,17,3,0,1,0,0,0,0,1,2,1,0,2,1,0,3,4,7,6,3
422100430,3,àÎäÚés,ãΩÉmâYí¨è¨ñqêºêG,0,,,76,4,1,2,2,0,0,2,4,3,4,3,5,6,6,3,7,29,40,31,38,0,1,0,2,0,0,2,3,2,3,3,4,3,1,1,1,22,15,13,38,4,0,2,0,0,0,0,1,1,1,0,1,3,5,2,6,7,25,18
42210043003,4,àÎäÚés,ãΩÉmâYí¨è¨ñqêºêGè¨ñq,0,,,16,0,0,0,0,0,0,2,1,0,0,0,4,1,1,0,0,8,8,7,9,0,0,0,0,0,0,2,1,0,0,0,3,0,0,0,0,6,3,3,7,0,0,0,0,0,0,0,0,0,0,0,1,1,1,0,0,2,5,4
42210043004,4,àÎäÚés,ãΩÉmâYí¨è¨ñqêºêGïÍÉñâY,0,,,60,4,1,2,2,0,0,0,3,3,4,3,1,5,5,3,7,21,32,24,29,0,1,0,2,0,0,0,2,2,3,3,1,3,1,1,1,16,12,10,31,4,0,2,0,0,0,0,1,1,1,0,0,2,4,2,6,5,20,14
422100440,3,àÎäÚés,ãΩÉmâYí¨í∑ïÙñ{ë∫êG,0,,,133,4,6,4,1,2,5,8,6,6,3,6,7,12,20,17,14,56,63,26,62,1,4,2,1,1,2,4,3,2,2,3,4,6,10,11,7,28,27,6,71,3,2,2,0,1,3,4,3,4,1,3,3,6,10,6,7,28,36,20
42210044007,4,àÎäÚés,ãΩÉmâYí¨í∑ïÙñ{ë∫êG,0,,,28,0,2,2,0,0,1,1,0,2,1,1,3,3,2,4,4,12,12,6,17,0,1,2,0,0,1,1,0,1,1,1,2,2,1,3,3,9,5,1,11,0,1,0,0,0,0,0,0,1,0,0,1,1,1,1,1,3,7,5
42210044008,4,àÎäÚés,ãΩÉmâYí¨í∑ïÙñ{ë∫êGé¬êŒ,0,,,61,3,1,0,1,2,2,3,1,3,2,2,1,7,12,8,4,24,33,13,29,1,1,0,1,1,1,1,1,1,1,1,0,4,7,5,2,12,15,3,32,2,0,0,0,1,1,2,0,2,1,1,1,3,5,3,2,12,18,10
42210044009,4,àÎäÚés,ãΩÉmâYí¨í∑ïÙñ{ë∫êGí∑ïÙñ{ë∫,0,,,44,1,3,2,0,0,2,4,5,1,0,3,3,2,6,5,6,20,18,7,16,0,2,0,0,0,0,2,2,0,0,1,2,0,2,3,2,7,7,2,28,1,1,2,0,0,2,2,3,1,0,2,1,2,4,2,4,13,11,5
422100450,3,àÎäÚés,ãΩÉmâYí¨í∑ïÙìåêG,0,,,66,1,2,1,2,1,1,3,0,1,3,6,2,3,6,9,4,22,40,25,30,1,1,1,0,1,0,2,0,1,2,2,1,1,4,4,3,10,17,9,36,0,1,0,2,0,1,1,0,0,1,4,1,2,2,5,1,12,23,16
42210045010,4,àÎäÚés,ãΩÉmâYí¨í∑ïÙìåêGéRå˚,0,,,37,1,2,1,2,0,0,2,0,1,2,3,2,1,3,3,4,13,20,14,18,1,1,1,0,0,0,1,0,1,1,1,1,0,2,1,3,5,10,7,19,0,1,0,2,0,0,1,0,0,1,2,1,1,1,2,1,8,10,7
42210045011,4,àÎäÚés,ãΩÉmâYí¨í∑ïÙìåêGñÏéuòa,0,,,29,0,0,0,0,1,1,1,0,0,1,3,0,2,3,6,0,9,20,11,12,0,0,0,0,1,0,1,0,0,1,1,0,1,2,3,0,5,7,2,17,0,0,0,0,0,1,0,0,0,0,2,0,1,1,3,0,4,13,9
422100460,3,àÎäÚés,ãΩÉmâYí¨óLà¿êG,0,,,171,4,8,5,4,2,4,4,3,5,7,11,11,21,14,15,17,72,82,53,78,2,3,2,1,1,3,2,2,2,5,4,4,11,4,10,7,35,36,22,93,2,5,3,3,1,1,2,1,3,2,7,7,10,10,5,10,37,46,31
42210046012,4,àÎäÚés,ãΩÉmâYí¨óLà¿êGì˙Émëg,0,,,45,3,4,2,2,1,2,2,1,1,2,2,5,6,3,2,9,24,12,7,21,2,2,1,0,0,2,0,1,0,2,0,2,3,0,2,5,10,6,4,24,1,2,1,2,1,0,2,0,1,0,2,3,3,3,0,4,14,6,3
42210046013,4,àÎäÚés,ãΩÉmâYí¨óLà¿êGìcÉmì™,0,,,30,1,2,0,0,0,0,0,1,2,1,2,1,3,5,5,3,10,17,7,15,0,1,0,0,0,0,0,0,1,1,1,0,3,1,4,1,6,8,3,15,1,1,0,0,0,0,0,1,1,0,1,1,0,4,1,2,4,9,4
42210046014,4,àÎäÚés,ãΩÉmâYí¨óLà¿êGäCã»,0,,,24,0,0,0,1,1,0,0,0,0,3,4,3,2,0,2,0,14,10,8,13,0,0,0,1,1,0,0,0,0,2,1,1,2,0,2,0,8,5,3,11,0,0,0,0,0,0,0,0,0,1,3,2,0,0,0,0,6,5,5
42210046015,4,àÎäÚés,ãΩÉmâYí¨óLà¿êGîˆâz,0,,,40,0,2,2,1,0,0,2,1,2,1,0,1,6,4,5,4,14,22,13,14,0,0,0,0,0,0,2,1,1,0,0,0,2,1,2,0,6,8,5,26,0,2,2,1,0,0,0,0,1,1,0,1,4,3,3,4,8,14,8
42210046016,4,àÎäÚés,ãΩÉmâYí¨óLà¿êGçËï”,0,,,32,0,0,1,0,0,2,0,0,0,0,3,1,4,2,1,1,10,21,18,15,0,0,1,0,0,1,0,0,0,0,2,1,1,2,0,1,5,9,7,17,0,0,0,0,0,1,0,0,0,0,1,0,3,0,1,0,5,12,11
422100500,2,àÎäÚés,ãΩÉmâYí¨ïΩêlêG,0,,,129,1,6,11,6,3,3,3,5,7,11,3,8,8,18,10,18,57,54,26,60,0,3,8,2,2,1,3,2,4,4,2,5,3,9,3,11,28,21,9,69,1,3,3,4,1,2,0,3,3,7,1,3,5,9,7,7,29,33,17
422100510,2,àÎäÚés,ãΩÉmâYí¨ìBéRêG,0,,,85,2,7,3,4,1,3,6,3,6,4,2,7,8,2,12,12,44,29,15,41,1,3,0,3,1,2,2,1,3,3,0,2,6,0,8,4,23,14,6,44,1,4,3,1,0,1,4,2,3,1,2,5,2,2,4,8,21,15,9
422100520,3,àÎäÚés,ãΩÉmâYí¨éuå¥ìÏêG,0,,,128,3,8,5,2,0,4,4,5,3,7,4,9,11,14,13,16,49,63,36,55,0,6,1,0,0,0,2,2,1,5,2,3,7,6,6,7,22,26,14,73,3,2,4,2,0,4,2,3,2,2,2,6,4,8,7,9,27,37,22
42210052003,4,àÎäÚés,ãΩÉmâYí¨éuå¥ìÏêGéuå¥ìÏëÊàÍ,0,,,50,1,2,1,0,0,1,2,2,0,4,1,3,7,3,4,4,20,26,19,21,0,1,0,0,0,0,1,1,0,2,0,1,5,2,1,1,10,10,7,29,1,1,1,0,0,1,1,1,0,2,1,2,2,1,3,3,10,16,12
42210052004,4,àÎäÚés,ãΩÉmâYí¨éuå¥ìÏêGéuå¥ìÏëÊìÒ,0,,,78,2,6,4,2,0,3,2,3,3,3,3,6,4,11,9,12,29,37,17,34,0,5,1,0,0,0,1,1,1,3,2,2,2,4,5,6,12,16,7,44,2,1,3,2,0,3,1,2,2,0,1,4,2,7,4,6,17,21,10
422100530,2,àÎäÚés,ãΩÉmâYí¨éuå¥êºêG,0,,,326,10,16,13,5,7,13,11,14,19,9,15,18,22,34,21,39,133,152,97,124,3,5,6,1,2,8,5,8,11,4,7,8,11,18,9,14,65,44,17,202,7,11,7,4,5,5,6,6,8,5,8,10,11,16,12,25,68,108,80
422100540,3,àÎäÚés,ãΩÉmâYí¨ëÂå¥êG,0,,,203,11,11,10,11,6,7,7,15,6,10,14,14,12,16,23,32,102,69,30,104,6,5,7,7,4,2,4,10,4,5,5,8,7,6,11,18,56,30,13,99,5,6,3,4,2,5,3,5,2,5,9,6,5,10,12,14,46,39,17
42210054006,4,àÎäÚés,ãΩÉmâYí¨ëÂå¥êGëÂå¥è„,0,,,76,3,2,1,2,3,3,2,2,3,1,7,9,6,6,10,6,38,32,16,37,1,1,1,1,2,0,1,1,1,1,2,5,4,3,5,3,18,16,8,39,2,1,0,1,1,3,1,1,2,0,5,4,2,3,5,3,20,16,8
42210054007,4,àÎäÚés,ãΩÉmâYí¨ëÂå¥êGëÂå¥â∫,0,,,127,8,9,9,9,3,4,5,13,3,9,7,5,6,10,13,26,64,37,14,67,5,4,6,6,2,2,3,9,3,4,3,3,3,3,6,15,38,14,5,60,3,5,3,3,1,2,2,4,0,5,4,2,3,7,7,11,26,23,9
422100600,3,àÎäÚés,ãΩÉmâYí¨èâéRìåêG,0,,,295,9,12,13,11,1,11,14,17,22,13,8,24,29,25,34,34,150,111,52,143,4,6,5,7,0,5,6,12,11,7,7,12,14,11,19,15,81,47,17,152,5,6,8,4,1,6,8,5,11,6,1,12,15,14,15,19,69,64,35
42210060001,4,àÎäÚés,ãΩÉmâYí¨èâéRìåêGèâê£ÇÃàÍïî,0,,,139,3,11,4,3,0,3,6,11,8,5,2,15,13,15,16,18,66,55,24,65,1,6,2,1,0,1,3,8,4,2,2,7,6,6,7,9,34,22,9,74,2,5,2,2,0,2,3,3,4,3,0,8,7,9,9,9,32,33,15
42210060002,4,àÎäÚés,ãΩÉmâYí¨èâéRìåêGìåÉmìåïî,0,,,44,3,0,0,1,1,0,4,1,3,4,2,3,6,3,7,3,25,16,6,21,1,0,0,0,0,0,2,1,2,2,2,1,3,1,6,1,13,7,0,23,2,0,0,1,1,0,2,0,1,2,0,2,3,2,1,2,12,9,6
42210060003,4,àÎäÚés,ãΩÉmâYí¨èâéRìåêGìåÉmêºïî,0,,,112,3,1,9,7,0,8,4,5,11,4,4,6,10,7,11,13,59,40,22,57,2,0,3,6,0,4,1,3,5,3,3,4,5,4,6,5,34,18,8,55,1,1,6,1,0,4,3,2,6,1,1,2,5,3,5,8,25,22,14
422100610,3,àÎäÚés,ãΩÉmâYí¨èâéRêºêG,0,,,205,7,6,6,11,6,6,4,5,11,20,16,15,13,13,20,19,107,79,46,97,2,2,2,7,5,2,3,5,5,9,9,8,5,6,8,6,58,33,19,108,5,4,4,4,1,4,1,0,6,11,7,7,8,7,12,13,49,46,27
42210061004,4,àÎäÚés,ãΩÉmâYí¨èâéRêºêGêºÉmíÜïî,0,,,83,4,3,2,1,2,2,4,2,2,6,5,6,10,4,7,9,40,34,23,40,1,2,1,0,2,1,3,2,0,4,1,3,4,3,3,4,20,16,10,43,3,1,1,1,0,1,1,0,2,2,4,3,6,1,4,5,20,18,13
42210061005,4,àÎäÚés,ãΩÉmâYí¨èâéRêºêGêºÉmìÏïî,0,,,97,3,3,2,7,4,3,0,3,8,10,9,6,3,8,10,8,53,36,18,44,1,0,0,5,3,0,0,3,4,4,6,4,1,3,3,1,30,13,7,53,2,3,2,2,1,3,0,0,4,6,3,2,2,5,7,7,23,23,11
42210061006,4,àÎäÚés,ãΩÉmâYí¨èâéRêºêGêºÉmñkïî,0,,,25,0,0,2,3,0,1,0,0,1,4,2,3,0,1,3,2,14,9,5,13,0,0,1,2,0,1,0,0,1,1,2,1,0,0,2,1,8,4,2,12,0,0,1,1,0,0,0,0,0,3,0,2,0,1,1,1,6,5,3
422100620,3,àÎäÚés,ãΩÉmâYí¨é·èºêG,0,,,236,6,10,9,6,3,3,6,9,19,7,14,16,20,27,33,25,103,108,48,116,3,7,7,3,1,2,3,4,9,6,10,7,12,11,15,17,57,42,16,120,3,3,2,3,2,1,3,5,10,1,4,9,8,16,18,8,46,66,32
42210062007,4,àÎäÚés,ãΩÉmâYí¨é·èºêGé·èºìåïî,0,,,78,0,1,4,3,1,2,1,1,4,3,11,8,6,4,12,5,40,33,17,40,0,1,4,2,0,1,0,0,2,3,8,3,4,2,4,5,23,12,6,38,0,0,0,1,1,1,1,1,2,0,3,5,2,2,8,0,17,21,11
42210062008,4,àÎäÚés,ãΩÉmâYí¨é·èºêGé·èºíÜïî,0,,,97,4,6,3,1,2,1,2,4,8,2,2,4,8,16,13,13,34,50,21,45,2,3,1,0,1,1,1,2,3,2,2,2,5,7,7,6,19,20,6,52,2,3,2,1,1,0,1,2,5,0,0,2,3,9,6,7,15,30,15
42210062009,4,àÎäÚés,ãΩÉmâYí¨é·èºêGé·èºêºïî,0,,,61,2,3,2,2,0,0,3,4,7,2,1,4,6,7,8,7,29,25,10,31,1,3,2,1,0,0,2,2,4,1,0,2,3,2,4,6,15,10,4,30,1,0,0,1,0,0,1,2,3,1,1,2,3,5,4,1,14,15,6
422100630,3,àÎäÚés,ãΩÉmâYí¨íÿêG,0,,,261,5,9,9,10,2,4,13,11,15,19,18,23,23,32,21,23,138,97,44,131,2,3,6,4,1,3,9,5,8,8,8,11,14,18,11,11,71,47,18,130,3,6,3,6,1,1,4,6,7,11,10,12,9,14,10,12,67,50,26
42210063010,4,àÎäÚés,ãΩÉmâYí¨íÿêGíÿìåïî,0,,,67,1,1,2,1,0,1,1,5,1,3,6,7,3,10,9,4,28,35,16,35,1,0,2,0,0,1,0,3,1,3,3,3,2,6,4,3,16,16,6,32,0,1,0,1,0,0,1,2,0,0,3,4,1,4,5,1,12,19,10
42210063011,4,àÎäÚés,ãΩÉmâYí¨íÿêGíÿíÜïî,0,,,101,2,7,1,6,1,1,7,4,10,9,4,9,9,8,6,10,60,29,15,49,1,3,1,1,0,1,5,1,5,3,2,4,5,5,4,5,27,16,7,52,1,4,0,5,1,0,2,3,5,6,2,5,4,3,2,5,33,13,8
42210063012,4,àÎäÚés,ãΩÉmâYí¨íÿêGíÿìÏïî,0,,,93,2,1,6,3,1,2,5,2,4,7,8,7,11,14,6,9,50,33,13,47,0,0,3,3,1,1,4,1,2,2,3,4,7,7,3,3,28,15,5,46,2,1,3,0,0,1,1,1,2,5,5,3,4,7,3,6,22,18,8
422100640,3,àÎäÚés,èüñ{í¨èüñ{âY,0,,,1704,35,54,73,61,31,32,38,62,94,120,98,120,129,182,198,162,785,756,376,815,18,28,36,28,14,21,20,38,48,60,57,57,66,83,94,82,409,324,147,889,17,26,37,33,17,11,18,24,46,60,41,63,63,99,104,80,376,432,229
42210064011,4,àÎäÚés,èüñ{í¨èüñ{âYìVÉñå¥,0,,,246,8,8,23,11,8,4,8,9,25,20,15,20,16,22,21,39,136,71,28,121,3,6,8,7,4,2,3,5,13,9,12,6,9,11,9,17,70,34,14,125,5,2,15,4,4,2,5,4,12,11,3,14,7,11,12,22,66,37,14
42210064012,4,àÎäÚés,èüñ{í¨èüñ{âYâñíJ,0,,,165,5,11,5,3,2,4,7,8,10,10,8,14,12,18,15,21,78,65,32,79,3,5,2,2,1,3,5,4,7,3,5,6,5,9,9,10,41,28,10,86,2,6,3,1,1,1,2,4,3,7,3,8,7,9,6,11,37,37,22
42210064013,4,àÎäÚés,èüñ{í¨èüñ{âYê‘ëÍ,0,,,61,0,2,1,1,1,0,1,3,4,3,0,3,9,8,6,3,25,33,19,22,0,1,0,0,1,0,0,2,1,1,0,1,4,3,1,1,10,11,7,39,0,1,1,1,0,0,1,1,3,2,0,2,5,5,5,2,15,22,12
42210064014,4,àÎäÚés,èüñ{í¨èüñ{âYí¨ÇÃêÊ,0,,,115,7,1,0,3,4,6,4,1,3,9,8,12,3,17,14,8,53,54,23,52,6,1,0,2,3,2,2,1,0,4,5,6,1,8,4,7,26,19,7,63,1,0,0,1,1,4,2,0,3,5,3,6,2,9,10,1,27,35,16
42210064015,4,àÎäÚés,èüñ{í¨èüñ{âYêVí¨,0,,,77,0,6,4,4,0,1,1,6,7,2,4,1,3,13,9,10,29,38,16,34,0,3,2,1,0,0,0,3,4,1,2,1,1,5,7,5,13,16,4,43,0,3,2,3,0,1,1,3,3,1,2,0,2,8,2,5,16,22,12
42210064016,4,àÎäÚés,èüñ{í¨èüñ{âYìíìc,0,,,67,0,0,0,1,1,1,1,3,2,5,0,7,8,9,8,0,29,38,21,35,0,0,0,1,0,0,1,3,1,4,0,2,7,3,6,0,19,16,7,32,0,0,0,0,1,1,0,0,1,1,0,5,1,6,2,0,10,22,14
42210064017,4,àÎäÚés,èüñ{í¨èüñ{âYìcÇÃíÜ,0,,,82,1,3,2,0,0,2,0,4,3,5,7,1,6,15,13,6,28,48,20,37,0,0,2,0,0,2,0,3,2,3,1,0,3,7,4,2,14,21,10,45,1,3,0,0,0,0,0,1,1,2,6,1,3,8,9,4,14,27,10
42210064018,4,àÎäÚés,èüñ{í¨èüñ{âYè„ï˚,0,,,75,1,1,1,3,3,0,0,1,2,5,7,6,9,7,8,3,36,36,21,30,0,0,0,1,0,0,0,0,1,2,5,3,4,5,2,0,16,14,7,45,1,1,1,2,3,0,0,1,1,3,2,3,5,2,6,3,20,22,14
42210064019,4,àÎäÚés,èüñ{í¨èüñ{âYçïê£êº,0,,,83,0,5,6,6,1,1,0,0,5,12,3,5,3,8,12,11,36,36,16,44,0,4,6,4,1,1,0,0,1,8,1,1,2,3,5,10,19,15,7,39,0,1,0,2,0,0,0,0,4,4,2,4,1,5,7,1,17,21,9
42210064020,4,àÎäÚés,èüñ{í¨èüñ{âYé≠ÇÃâ∫ìå,0,,,53,2,1,0,0,0,1,2,2,2,1,1,6,5,8,7,3,20,30,15,28,1,1,0,0,0,1,2,1,2,1,1,3,2,5,4,2,13,13,4,25,1,0,0,0,0,0,0,1,0,0,0,3,3,3,3,1,7,17,11
42210064021,4,àÎäÚés,èüñ{í¨èüñ{âYã’ïΩ,0,,,42,0,0,3,3,0,0,0,3,2,1,6,2,1,6,1,3,18,21,14,22,0,0,2,1,0,0,0,2,1,1,4,1,0,5,0,2,10,10,5,20,0,0,1,2,0,0,0,1,1,0,2,1,1,1,1,1,8,11,9
42210064022,4,àÎäÚés,èüñ{í¨èüñ{âYé≠ÇÃâ∫êº,0,,,93,0,4,2,4,0,1,3,4,4,9,3,9,13,6,18,6,50,37,13,49,0,2,1,2,0,1,1,2,4,5,1,5,8,3,9,3,29,17,5,44,0,2,1,2,0,0,2,2,0,4,2,4,5,3,9,3,21,20,8
42210064023,4,àÎäÚés,èüñ{í¨èüñ{âYìcä‘,0,,,59,1,0,4,1,0,3,1,3,1,2,4,6,6,5,6,5,27,27,16,29,0,0,1,0,0,2,1,2,1,1,2,4,3,2,4,1,16,12,6,30,1,0,3,1,0,1,0,1,0,1,2,2,3,3,2,4,11,15,10
42210064024,4,àÎäÚés,èüñ{í¨èüñ{âYêÏêK,0,,,119,3,2,5,3,3,3,4,9,3,6,3,5,12,11,17,10,51,58,30,61,2,1,4,0,2,3,2,6,2,3,2,2,7,4,8,7,29,25,13,58,1,1,1,3,1,0,2,3,1,3,1,3,5,7,9,3,22,33,17
42210064025,4,àÎäÚés,èüñ{í¨èüñ{âYê≥ë∫,0,,,112,1,1,7,9,3,0,1,0,5,14,7,7,7,9,13,9,53,50,28,50,0,0,2,3,0,0,1,0,1,7,4,5,3,3,7,2,24,24,14,62,1,1,5,6,3,0,0,0,4,7,3,2,4,6,6,7,29,26,14
42210064026,4,àÎäÚés,èüñ{í¨èüñ{âYíáê‹,0,,,124,3,7,6,5,1,2,4,3,9,10,7,9,4,7,15,16,54,54,32,56,1,4,2,2,0,2,2,3,3,6,4,5,1,2,6,7,28,21,13,68,2,3,4,3,1,0,2,0,6,4,3,4,3,5,9,9,26,33,19
42210064027,4,àÎäÚés,èüñ{í¨èüñ{âYînèÍêÊ,0,,,131,3,2,4,4,4,3,1,3,7,6,15,7,12,13,15,9,62,60,32,66,2,0,4,2,2,2,0,1,4,1,8,6,6,5,9,6,32,28,14,65,1,2,0,2,2,1,1,2,3,5,7,1,6,8,6,3,30,32,18
422100650,3,àÎäÚés,èüñ{í¨ìåêG,0,,,367,16,27,18,16,4,13,10,23,30,27,22,15,27,32,24,61,187,119,63,196,8,16,10,14,0,5,5,13,17,17,14,7,17,18,12,34,109,53,23,171,8,11,8,2,4,8,5,10,13,10,8,8,10,14,12,27,78,66,40
42210065001,4,àÎäÚés,èüñ{í¨ìåêG,0,,,352,16,27,18,16,4,13,10,20,27,20,20,15,27,32,24,61,172,119,63,181,8,16,10,14,0,5,5,10,14,10,12,7,17,18,12,34,94,53,23,171,8,11,8,2,4,8,5,10,13,10,8,8,10,14,12,27,78,66,40
42210065010,4,àÎäÚés,èüñ{í¨ìåêG,0,,,15,0,0,0,0,0,0,0,3,3,7,2,0,0,0,0,0,15,0,0,15,0,0,0,0,0,0,0,3,3,7,2,0,0,0,0,0,15,0,0,0,0,0,0,0,0,0,0,0,0,0,0,0,0,0,0,0,0,0,0
422100660,2,àÎäÚés,èüñ{í¨íáêG,0,,,307,13,13,20,11,4,9,13,17,29,21,26,21,15,25,25,46,166,95,45,155,7,7,9,6,1,6,5,8,18,14,17,10,8,13,10,23,93,39,16,152,6,6,11,5,3,3,8,9,11,7,9,11,7,12,15,23,73,56,29
422100670,2,àÎäÚés,èüñ{í¨êºåÀêG,0,,,248,8,19,11,11,3,4,9,13,28,10,3,12,18,29,24,38,111,99,46,110,4,7,3,7,2,2,2,7,13,6,2,5,7,10,15,14,53,43,18,138,4,12,8,4,1,2,7,6,15,4,1,7,11,19,9,24,58,56,28
422100680,2,àÎäÚés,èüñ{í¨ëÂãvï€êG,0,,,228,6,12,14,9,5,7,7,7,20,18,13,9,16,10,29,32,111,85,46,121,3,7,12,6,3,3,3,3,11,12,6,5,9,6,13,22,61,38,19,107,3,5,2,3,2,4,4,4,9,6,7,4,7,4,16,10,50,47,27
422100690,2,àÎäÚés,èüñ{í¨ç‚ñ{êG,0,,,179,3,10,8,5,2,2,4,11,5,12,6,13,13,19,22,21,73,85,44,82,1,3,5,3,1,0,2,6,2,7,2,6,5,10,12,9,34,39,17,97,2,7,3,2,1,2,2,5,3,5,4,7,8,9,10,12,39,46,27
422100700,2,àÎäÚés,èüñ{í¨ñkêG,0,,,127,1,1,3,6,5,2,1,2,4,2,8,11,8,13,15,5,49,73,45,63,1,1,2,3,1,1,1,2,1,1,5,7,3,9,8,4,25,34,17,64,0,0,1,3,4,1,0,0,3,1,3,4,5,4,7,1,24,39,28
422100710,2,àÎäÚés,èüñ{í¨êVèÈìåêG,0,,,141,4,7,3,7,4,5,6,8,7,8,4,10,11,15,9,14,70,57,33,68,2,5,2,1,2,1,3,5,3,3,3,5,6,7,6,9,32,27,14,73,2,2,1,6,2,4,3,3,4,5,1,5,5,8,3,5,38,30,19
422100720,2,àÎäÚés,èüñ{í¨ï–éRêG,0,,,97,3,3,7,3,4,0,5,3,4,7,8,6,8,5,6,13,48,36,25,49,2,2,5,2,1,0,2,1,3,4,4,2,7,3,2,9,26,14,9,48,1,1,2,1,3,0,3,2,1,3,4,4,1,2,4,4,22,22,16
422100730,2,àÎäÚés,èüñ{í¨êVèÈêºêG,0,,,151,4,9,7,2,0,2,6,10,16,6,3,8,16,17,13,20,69,62,32,74,3,3,5,1,0,2,3,6,5,3,1,6,7,9,6,11,34,29,14,77,1,6,2,1,0,0,3,4,11,3,2,2,9,8,7,9,35,33,18
422100740,2,àÎäÚés,èüñ{í¨óßêŒêºêG,0,,,69,0,1,4,3,1,1,0,1,4,5,7,4,4,11,10,5,30,34,13,32,0,0,2,2,1,1,0,0,3,2,4,2,2,4,6,2,17,13,3,37,0,1,2,1,0,0,0,1,1,3,3,2,2,7,4,3,13,21,10
422100750,2,àÎäÚés,èüñ{í¨óßêŒìÏêG,0,,,76,4,4,5,2,1,5,3,2,2,4,6,7,4,5,4,13,36,27,18,34,4,1,2,1,0,2,1,1,1,3,3,3,1,3,2,7,16,11,6,42,0,3,3,1,1,3,2,1,1,1,3,4,3,2,2,6,20,16,12
422100760,2,àÎäÚés,èüñ{í¨óßêŒíáêG,0,,,80,2,3,6,1,1,3,1,6,3,7,2,3,7,14,9,11,34,35,12,37,0,2,4,0,0,1,0,3,2,2,2,1,4,6,7,6,15,16,3,43,2,1,2,1,1,2,1,3,1,5,0,2,3,8,2,5,19,19,9
422100770,2,àÎäÚés,èüñ{í¨óßêŒìåêG,0,,,84,3,2,3,3,1,0,3,5,1,4,5,4,6,10,11,8,32,44,23,35,1,0,2,1,0,0,1,1,0,2,2,3,2,5,6,3,12,20,9,49,2,2,1,2,1,0,2,4,1,2,3,1,4,5,5,5,20,24,14
422100780,2,àÎäÚés,èüñ{í¨ïSçáî®êG,0,,,66,1,3,5,3,1,1,1,2,1,7,3,3,2,7,11,9,24,33,15,32,0,2,2,2,1,1,1,1,1,3,1,2,0,4,5,4,13,15,6,34,1,1,3,1,0,0,0,1,0,4,2,1,2,3,6,5,11,18,9
422100790,2,àÎäÚés,èüñ{í¨ïzãCêG,0,,,61,1,5,5,3,1,0,1,4,5,3,2,5,2,6,3,11,26,24,15,29,0,2,1,2,0,0,0,1,3,1,1,4,0,5,3,3,12,14,6,32,1,3,4,1,1,0,1,3,2,2,1,1,2,1,0,8,14,10,9
422100800,2,àÎäÚés,èüñ{í¨è„èÍêG,0,,,34,2,0,0,1,0,1,0,0,3,2,1,0,3,3,8,2,11,21,10,19,2,0,0,1,0,1,0,0,1,2,0,0,2,1,5,2,7,10,4,15,0,0,0,0,0,0,0,0,2,0,1,0,1,2,3,0,4,11,6
422100810,2,àÎäÚés,èüñ{í¨ìíñ{âY,0,,,143,8,6,5,11,3,5,2,9,10,6,4,10,8,9,15,19,68,55,31,66,7,2,2,9,2,1,0,5,6,3,3,4,3,3,6,11,36,19,10,77,1,4,3,2,1,4,2,4,4,3,1,6,5,6,9,8,32,36,21
422100820,2,àÎäÚés,èüñ{í¨è„èÍêGìíÉmâY,0,,,309,7,8,9,3,13,11,6,7,8,14,6,4,8,14,12,24,80,205,179,98,5,2,7,1,4,4,4,1,5,6,4,2,4,7,3,14,35,49,39,211,2,6,2,2,9,7,2,6,3,8,2,2,4,7,9,10,45,156,140
422100830,2,àÎäÚés,èüñ{í¨ñ{ã{íáêG,0,,,109,0,0,4,4,2,0,2,4,6,7,8,8,8,15,13,4,49,56,28,48,0,0,1,1,1,0,0,4,2,6,5,2,4,4,9,1,25,22,9,61,0,0,3,3,1,0,2,0,4,1,3,6,4,11,4,3,24,34,19
422100840,2,àÎäÚés,èüñ{í¨ñ{ã{êºêG,0,,,131,6,6,7,7,0,2,3,6,10,5,2,8,11,9,21,19,54,58,28,59,3,3,1,4,0,1,1,3,5,3,1,4,5,3,14,7,27,25,8,72,3,3,6,3,0,1,2,3,5,2,1,4,6,6,7,12,27,33,20
422100850,2,àÎäÚés,èüñ{í¨ñ{ã{ìåêG,0,,,75,2,1,6,5,0,2,2,0,5,4,9,4,5,6,6,9,36,30,18,36,1,1,4,1,0,1,1,0,2,2,5,2,3,2,3,6,17,13,8,39,1,0,2,4,0,1,1,0,3,2,4,2,2,4,3,3,19,17,10
422100860,3,àÎäÚés,èüñ{í¨ñ{ã{ìÏêG,0,,,235,4,3,9,5,0,2,3,9,10,6,6,9,14,13,15,16,64,155,127,90,0,2,4,5,0,1,2,4,7,2,4,5,7,7,6,6,37,47,34,145,4,1,5,0,0,1,1,5,3,4,2,4,7,6,9,10,27,108,93
42210086040,4,àÎäÚés,èüñ{í¨ñ{ã{ìÏêGîíëÍ,0,,,133,4,3,9,5,0,2,3,9,10,6,6,9,14,13,12,16,64,53,28,64,0,2,4,5,0,1,2,4,7,2,4,5,7,7,5,6,37,21,9,69,4,1,5,0,0,1,1,5,3,4,2,4,7,6,7,10,27,32,19
42210086041,4,àÎäÚés,èüñ{í¨ñ{ã{ìÏêGëÂãvï€,0,,,102,0,0,0,0,0,0,0,0,0,0,0,0,0,0,3,0,0,102,99,26,0,0,0,0,0,0,0,0,0,0,0,0,0,0,1,0,0,26,25,76,0,0,0,0,0,0,0,0,0,0,0,0,0,0,2,0,0,76,74
422100870,3,àÎäÚés,à∞ï”í¨à∞ï”âY,0,,,673,30,30,26,20,23,21,25,27,33,44,39,43,41,61,59,86,316,269,149,315,22,17,14,9,14,10,10,11,14,25,17,23,20,26,31,53,153,108,51,358,8,13,12,11,9,11,15,16,19,19,22,20,21,35,28,33,163,161,98
42210087001,4,àÎäÚés,à∞ï”í¨à∞ï”âYì˙ÇÃèoí¨,0,,,94,8,4,2,2,7,8,8,4,4,7,2,2,8,6,9,14,52,27,12,55,5,1,1,2,5,7,4,3,2,6,1,0,3,4,5,7,33,14,5,39,3,3,1,0,2,1,4,1,2,1,1,2,5,2,4,7,19,13,7
42210087002,4,àÎäÚés,à∞ï”í¨à∞ï”âYìcí¨,0,,,31,1,1,2,0,2,1,2,0,0,1,1,3,3,3,2,4,13,14,9,17,1,1,1,0,2,0,1,0,0,1,0,2,2,2,0,3,8,6,4,14,0,0,1,0,0,1,1,0,0,0,1,1,1,1,2,1,5,8,5
42210087003,4,àÎäÚés,à∞ï”í¨à∞ï”âYå¸í¨,0,,,19,1,1,0,0,1,1,0,1,0,0,2,2,1,2,2,2,8,9,5,7,0,0,0,0,1,0,0,0,0,0,1,1,0,1,1,0,3,4,2,12,1,1,0,0,0,1,0,1,0,0,1,1,1,1,1,2,5,5,3
42210087004,4,àÎäÚés,à∞ï”í¨à∞ï”âYìåïî,0,,,60,1,3,5,2,0,0,2,2,1,4,1,6,2,4,8,9,20,31,19,26,1,1,4,1,0,0,0,1,1,2,0,3,1,3,3,6,9,11,5,34,0,2,1,1,0,0,2,1,0,2,1,3,1,1,5,3,11,20,14
42210087005,4,àÎäÚés,à∞ï”í¨à∞ï”âYìåéDèÍ,0,,,36,1,0,1,0,1,2,0,2,1,2,3,5,5,3,1,2,21,13,9,17,1,0,1,0,0,1,0,1,0,1,1,3,3,2,1,2,10,5,2,19,0,0,0,0,1,1,0,1,1,1,2,2,2,1,0,0,11,8,7
42210087006,4,àÎäÚés,à∞ï”í¨à∞ï”âYïΩòaí¨,0,,,33,0,2,1,0,1,0,0,2,0,0,3,1,0,9,5,3,7,23,9,15,0,2,0,0,0,0,0,1,0,0,2,1,0,2,4,2,4,9,3,18,0,0,1,0,1,0,0,1,0,0,1,0,0,7,1,1,3,14,6
42210087007,4,àÎäÚés,à∞ï”í¨à∞ï”âYéRå˚í¨,0,,,44,4,2,3,3,1,0,0,1,6,4,2,2,1,2,3,9,20,15,10,21,3,1,2,2,0,0,0,0,2,3,1,1,1,0,2,6,10,5,3,23,1,1,1,1,1,0,0,1,4,1,1,1,0,2,1,3,10,10,7
42210087008,4,àÎäÚés,à∞ï”í¨à∞ï”âYêºïî,0,,,61,4,7,2,1,1,4,5,4,6,4,2,1,2,6,4,13,30,18,8,28,3,4,2,0,1,0,2,1,3,1,0,0,2,2,2,9,10,9,5,33,1,3,0,1,0,4,3,3,3,3,2,1,0,4,2,4,20,9,3
42210087009,4,àÎäÚés,à∞ï”í¨à∞ï”âYêºí¨,0,,,56,4,0,5,0,1,0,0,5,4,5,3,4,2,4,9,9,24,23,10,25,4,0,1,0,0,0,0,2,0,3,1,3,1,2,4,5,10,10,4,31,0,0,4,0,1,0,0,3,4,2,2,1,1,2,5,4,14,13,6
42210087010,4,àÎäÚés,à∞ï”í¨à∞ï”âYà¿îë,0,,,112,2,7,2,2,3,3,6,0,3,6,5,4,5,15,11,11,37,64,38,47,1,5,2,0,1,1,2,0,2,2,3,2,1,7,6,8,14,25,12,65,1,2,0,2,2,2,4,0,1,4,2,2,4,8,5,3,23,39,26
42210087011,4,àÎäÚés,à∞ï”í¨à∞ï”âYóŒÉPãu,0,,,69,3,1,1,6,3,2,2,4,4,4,6,6,8,2,3,5,45,19,14,28,2,1,0,3,2,1,1,1,2,2,1,3,3,0,2,3,19,6,4,41,1,0,1,3,1,1,1,3,2,2,5,3,5,2,1,2,26,13,10
42210087012,4,àÎäÚés,à∞ï”í¨à∞ï”âYãgÉPãvï€,0,,,58,1,2,2,4,2,0,0,2,4,7,9,7,4,5,2,5,39,13,6,29,1,1,0,1,2,0,0,1,2,4,6,4,3,1,1,2,23,4,2,29,0,1,2,3,0,0,0,1,2,3,3,3,1,4,1,3,16,9,4
422100880,3,àÎäÚés,í¨íöéöÉRÅ[Éh0880ÇÃåv,0,,,1217,45,40,61,56,30,26,36,62,74,73,51,73,106,108,122,146,587,484,254,585,26,23,30,30,15,13,21,33,35,34,28,29,55,50,60,79,293,213,103,632,19,17,31,26,15,13,15,29,39,39,23,44,51,58,62,67,294,271,151
42210088001,4,àÎäÚés,à∞ï”í¨èîãgìÒñíêGìÒñí,0,,,97,5,3,1,1,4,4,5,5,5,6,6,7,8,7,10,9,51,37,20,45,4,1,0,0,3,2,3,3,3,2,3,4,4,4,4,5,27,13,5,52,1,2,1,1,1,2,2,2,2,4,3,3,4,3,6,4,24,24,15
42210088002,4,àÎäÚés,à∞ï”í¨èîãgìÒñíêGçÇîˆ,0,,,38,2,3,1,0,2,0,1,1,5,3,2,1,0,7,2,6,15,17,8,21,2,2,1,0,0,0,0,1,3,1,2,0,0,3,1,5,7,9,5,17,0,1,0,0,2,0,1,0,2,2,0,1,0,4,1,1,8,8,3
42210088003,4,àÎäÚés,à∞ï”í¨èîãgìÒñíêGí“ó—,0,,,62,3,3,3,4,0,2,3,6,5,3,3,4,2,7,4,9,32,21,10,29,1,3,0,2,0,2,2,2,3,1,2,1,1,4,1,4,16,9,4,33,2,0,3,2,0,0,1,4,2,2,1,3,1,3,3,5,16,12,6
42210088004,4,àÎäÚés,à∞ï”í¨èîãgìÒñíêGê{ãC,0,,,52,2,3,1,1,0,0,2,3,3,1,1,4,8,7,4,6,23,23,12,26,2,1,0,1,0,0,1,1,1,1,1,2,4,3,4,3,12,11,4,26,0,2,1,0,0,0,1,2,2,0,0,2,4,4,0,3,11,12,8
42210088005,4,àÎäÚés,à∞ï”í¨èîãgñ{ë∫êGñ{ë∫,0,,,62,0,0,1,1,1,0,2,1,2,4,2,9,10,5,5,1,32,29,19,31,0,0,0,1,0,0,2,1,0,3,1,4,7,3,0,0,19,12,9,31,0,0,1,0,1,0,0,0,2,1,1,5,3,2,5,1,13,17,10
42210088006,4,àÎäÚés,à∞ï”í¨èîãgíáêGì‡ç‚,0,,,70,9,4,0,7,0,2,4,3,3,4,2,2,8,4,3,13,35,22,15,34,4,2,0,4,0,0,2,2,2,1,2,1,2,4,1,6,16,12,7,36,5,2,0,3,0,2,2,1,1,3,0,1,6,0,2,7,19,10,8
42210088007,4,àÎäÚés,à∞ï”í¨èîãgíáêGå„ñ⁄,0,,,37,3,0,3,0,0,0,2,1,1,0,1,4,7,3,1,6,16,15,11,16,2,0,1,0,0,0,1,0,1,0,1,1,4,2,0,3,8,5,3,21,1,0,2,0,0,0,1,1,0,0,0,3,3,1,1,3,8,10,8
42210088008,4,àÎäÚés,à∞ï”í¨èîãgìåêGéRâ§,0,,,58,2,4,2,2,1,2,2,1,3,0,3,4,5,9,9,8,23,27,9,28,1,2,1,1,1,1,1,0,2,0,1,2,3,4,4,4,12,12,4,30,1,2,1,1,0,1,1,1,1,0,2,2,2,5,5,4,11,15,5
42210088009,4,àÎäÚés,à∞ï”í¨èîãgìåêGìﬁó«,0,,,65,2,6,6,4,2,2,2,6,2,4,3,2,5,5,6,14,32,19,8,30,2,3,2,2,1,1,1,3,1,1,2,0,3,2,3,7,15,8,3,35,0,3,4,2,1,1,1,3,1,3,1,2,2,3,3,7,17,11,5
42210088010,4,àÎäÚés,à∞ï”í¨èîãgìåêGê¥êÖ,0,,,73,3,1,0,6,3,4,1,2,4,5,7,3,5,2,8,4,40,29,19,36,1,1,0,4,1,2,0,1,3,2,5,1,3,2,3,2,22,12,7,37,2,0,0,2,2,2,1,1,1,3,2,2,2,0,5,2,18,17,12
42210088011,4,àÎäÚés,à∞ï”í¨èîãgìÏêGìÏ,0,,,52,0,1,5,1,2,0,1,4,1,2,0,3,7,11,3,6,21,25,11,24,0,0,2,1,1,0,0,3,0,1,0,1,3,5,2,2,10,12,5,28,0,1,3,0,1,0,1,1,1,1,0,2,4,6,1,4,11,13,6
42210088012,4,àÎäÚés,à∞ï”í¨èîãgìÏêGç°ó¢,0,,,71,3,1,5,4,1,1,1,2,7,3,3,4,8,6,9,9,34,28,13,33,1,0,4,3,0,0,1,0,4,1,1,1,4,2,6,5,15,13,5,38,2,1,1,1,1,1,0,2,3,2,2,3,4,4,3,4,19,15,8
42210088013,4,àÎäÚés,à∞ï”í¨èîãgñ{ë∫êGäOäC,0,,,35,1,2,2,0,1,0,2,3,1,1,1,4,2,2,7,5,15,15,6,16,0,0,2,0,0,0,2,2,0,1,0,1,1,2,4,2,7,7,1,19,1,2,0,0,1,0,0,1,1,0,1,3,1,0,3,3,8,8,5
42210088014,4,àÎäÚés,à∞ï”í¨èîãgìÏêGì‡äC,0,,,124,4,3,11,6,6,0,1,7,8,9,1,8,12,9,7,18,58,48,32,59,2,2,4,3,5,0,1,4,3,3,1,3,6,2,4,8,29,22,16,65,2,1,7,3,1,0,0,3,5,6,0,5,6,7,3,10,29,26,16
42210088015,4,àÎäÚés,à∞ï”í¨èîãgñ{ë∫êGëÂãvï€,0,,,63,0,0,4,2,2,1,0,3,3,8,1,4,2,9,7,4,26,33,17,29,0,0,2,1,1,0,0,2,1,6,0,2,1,4,3,2,14,13,6,34,0,0,2,1,1,1,0,1,2,2,1,2,1,5,4,2,12,20,11
42210088016,4,àÎäÚés,à∞ï”í¨èîãgìåêGéRì°,0,,,67,5,1,4,2,0,1,5,4,9,2,1,2,3,7,10,10,29,28,11,32,3,1,3,0,0,1,2,3,4,1,0,1,2,1,6,7,14,11,4,35,2,0,1,2,0,0,3,1,5,1,1,1,1,6,4,3,15,17,7
42210088017,4,àÎäÚés,à∞ï”í¨èîãgëÂêŒêGëÂêŒ,0,,,100,0,2,7,5,1,4,1,7,6,10,4,4,10,5,14,9,52,39,20,52,0,2,4,3,0,3,1,4,2,5,2,2,5,2,10,6,27,19,7,48,0,0,3,2,1,1,0,3,4,5,2,2,5,3,4,3,25,20,13
42210088018,4,àÎäÚés,à∞ï”í¨èîãgëÂêŒêGè∫òaí¨,0,,,91,1,3,5,10,4,3,1,3,6,8,10,4,4,3,13,9,53,29,13,44,1,3,4,4,2,1,1,1,2,4,4,2,2,1,4,8,23,13,8,47,0,0,1,6,2,2,0,2,4,4,6,2,2,2,9,1,30,16,5
422100890,3,àÎäÚés,à∞ï”í¨èîãgñ{ë∫êGî™î¶,0,,,587,15,20,29,14,16,22,22,22,22,29,32,43,57,60,59,64,279,244,125,283,8,11,16,9,6,12,15,12,6,13,14,18,29,31,30,35,134,114,53,304,7,9,13,5,10,10,7,10,16,16,18,25,28,29,29,29,145,130,72
42210089001,4,àÎäÚés,à∞ï”í¨èîãgñ{ë∫êGî™î¶ìåí¨,0,,,117,2,3,4,2,3,2,3,5,3,8,10,11,9,12,6,9,56,52,34,56,2,1,0,0,1,2,1,3,2,3,6,5,5,7,3,3,28,25,15,61,0,2,4,2,2,0,2,2,1,5,4,6,4,5,3,6,28,27,19
42210089002,4,àÎäÚés,à∞ï”í¨èîãgñ{ë∫êGî™î¶êºêVí¨ÇÃêº,0,,,249,11,9,8,8,7,12,10,10,9,10,11,21,26,24,31,28,124,97,42,119,6,4,5,6,2,5,8,5,0,4,2,9,13,15,15,15,54,50,20,130,5,5,3,2,5,7,2,5,9,6,9,12,13,9,16,13,70,47,22
42210089003,4,àÎäÚés,à∞ï”í¨èîãgñ{ë∫êGî™î¶êºí¨,0,,,68,0,5,2,2,0,3,4,4,2,1,5,2,8,7,7,7,31,30,16,33,0,4,1,2,0,1,3,2,0,1,2,2,3,1,5,5,16,12,6,35,0,1,1,0,0,2,1,2,2,0,3,0,5,6,2,2,15,18,10
42210089004,4,àÎäÚés,à∞ï”í¨èîãgñ{ë∫êGî™î¶êºíÜí¨,0,,,50,0,0,0,0,2,1,1,2,1,3,2,4,6,9,8,0,22,28,11,23,0,0,0,0,2,1,1,1,1,2,2,0,2,4,4,0,12,11,3,27,0,0,0,0,0,0,0,1,0,1,0,4,4,5,4,0,10,17,8
42210089005,4,àÎäÚés,à∞ï”í¨èîãgñ{ë∫êGî™î¶ìåíÜí¨,0,,,69,2,3,10,1,2,4,4,1,4,0,2,4,8,7,4,15,30,24,13,35,0,2,6,0,1,3,2,1,2,0,1,1,6,3,2,8,17,10,5,34,2,1,4,1,1,1,2,0,2,0,1,3,2,4,2,7,13,14,8
42210089006,4,àÎäÚés,à∞ï”í¨èîãgñ{ë∫êGî™î¶éOå¨âÆ,0,,,34,0,0,5,1,2,0,0,0,3,7,2,1,0,1,3,5,16,13,9,17,0,0,4,1,0,0,0,0,1,3,1,1,0,1,1,4,7,6,4,17,0,0,1,0,2,0,0,0,2,4,1,0,0,0,2,1,9,7,5
422100900,3,àÎäÚés,í¨íöéöÉRÅ[Éh0900ÇÃåv,0,,,499,22,28,23,20,2,10,18,15,28,26,33,23,51,40,64,73,226,200,96,247,9,19,15,11,0,4,12,6,12,20,14,8,21,24,33,43,108,96,39,252,13,9,8,9,2,6,6,9,16,6,19,15,30,16,31,30,118,104,57
42210090001,4,àÎäÚés,à∞ï”í¨ê[ç]ìåêG,0,,,77,6,2,3,3,1,1,2,0,2,6,4,3,3,6,20,11,25,41,15,36,1,2,2,1,0,1,1,0,0,5,2,1,2,2,10,5,13,18,6,41,5,0,1,2,1,0,1,0,2,1,2,2,1,4,10,6,12,23,9
42210090002,4,àÎäÚés,à∞ï”í¨ê[ç]ìÏêG,0,,,95,4,5,4,3,0,3,5,1,8,3,7,7,9,5,9,13,46,36,22,46,3,2,4,2,0,0,3,0,4,3,2,3,3,4,4,9,20,17,9,49,1,3,0,1,0,3,2,1,4,0,5,4,6,1,5,4,26,19,13
42210090003,4,àÎäÚés,à∞ï”í¨ê[ç]ñ{ë∫êG,0,,,57,1,5,5,1,0,0,0,3,1,4,4,2,8,7,9,11,23,23,7,30,1,4,5,1,0,0,0,1,1,1,1,2,3,5,3,10,10,10,2,27,0,1,0,0,0,0,0,2,0,3,3,0,5,2,6,1,13,13,5
42210090004,4,àÎäÚés,à∞ï”í¨ê[ç]âhêGâh,0,,,42,2,2,3,1,0,0,1,4,3,0,3,2,6,4,2,7,20,15,9,20,2,1,0,1,0,0,1,2,2,0,1,0,3,4,1,3,10,7,2,22,0,1,3,0,0,0,0,2,1,0,2,2,3,0,1,4,10,8,7
42210090005,4,àÎäÚés,à∞ï”í¨ê[ç]âhêGâhìå,0,,,63,3,4,3,2,0,2,1,1,5,2,4,2,5,6,8,10,24,29,15,28,0,3,2,0,0,0,1,1,2,2,2,0,2,2,5,5,10,13,6,35,3,1,1,2,0,2,0,0,3,0,2,2,3,4,3,5,14,16,9
42210090006,4,àÎäÚés,à∞ï”í¨ê[ç]íﬂãTêG,0,,,80,4,7,2,2,0,2,5,3,5,7,1,3,9,5,9,13,37,30,16,44,1,6,1,2,0,1,4,0,1,7,0,1,3,4,5,8,19,17,8,36,3,1,1,0,0,1,1,3,4,0,1,2,6,1,4,5,18,13,8
42210090007,4,àÎäÚés,à∞ï”í¨ê[ç]ïΩêGïΩ,0,,,45,2,1,2,1,1,0,3,3,2,1,3,3,6,5,5,5,23,17,7,25,1,1,1,1,0,0,1,2,1,1,3,1,2,3,3,3,12,10,4,20,1,0,1,0,1,0,2,1,1,0,0,2,4,2,2,2,11,7,3
42210090008,4,àÎäÚés,à∞ï”í¨ê[ç]âhêGëOñ⁄,0,,,40,0,2,1,7,0,2,1,0,2,3,7,1,5,2,2,3,28,9,5,18,0,0,0,3,0,2,1,0,1,1,3,0,3,0,2,0,14,4,2,22,0,2,1,4,0,0,0,0,1,2,4,1,2,2,0,3,14,5,3
422100910,3,àÎäÚés,í¨íöéöÉRÅ[Éh0910ÇÃåv,0,,,1287,49,51,42,59,23,29,25,78,73,64,75,100,90,112,135,142,616,526,279,632,34,27,24,29,16,15,16,41,40,32,37,56,43,49,63,85,325,222,110,655,15,24,18,30,7,14,9,37,33,32,38,44,47,63,72,57,291,304,169
42210091001,4,àÎäÚés,à∞ï”í¨íÜñÏãΩêºêG,0,,,113,3,5,3,6,1,1,1,4,7,7,6,2,7,20,18,11,42,60,22,56,2,4,1,3,1,0,1,2,4,5,2,2,3,8,9,7,23,26,9,57,1,1,2,3,0,1,0,2,3,2,4,0,4,12,9,4,19,34,13
42210091002,4,àÎäÚés,à∞ï”í¨íÜñÏãΩñ{ë∫êG,0,,,91,2,1,3,1,2,5,0,5,7,1,9,13,4,4,8,6,47,38,26,50,1,1,3,1,2,2,0,2,6,1,3,7,2,0,6,5,26,19,13,41,1,0,0,0,0,3,0,3,1,0,6,6,2,4,2,1,21,19,13
42210091003,4,àÎäÚés,à∞ï”í¨íÜñÏãΩíáêGå≥Émå˚,0,,,36,2,2,3,0,1,0,0,2,8,0,2,4,1,4,3,7,18,11,4,18,0,1,2,0,1,0,0,2,5,0,0,3,0,0,3,3,11,4,1,18,2,1,1,0,0,0,0,0,3,0,2,1,1,4,0,4,7,7,3
42210091004,4,àÎäÚés,à∞ï”í¨íÜñÏãΩíáêGëyê¥,0,,,82,3,2,3,2,5,3,1,4,3,6,3,5,3,10,8,8,35,39,21,40,2,0,3,2,2,3,0,3,2,3,2,3,1,4,4,5,21,14,6,42,1,2,0,0,3,0,1,1,1,3,1,2,2,6,4,3,14,25,15
42210091005,4,àÎäÚés,à∞ï”í¨íÜñÏãΩìåêG,0,,,89,2,1,4,11,1,0,1,4,3,4,3,9,9,12,7,7,45,37,18,42,0,1,4,4,1,0,1,1,1,1,3,6,6,5,4,5,24,13,4,47,2,0,0,7,0,0,0,3,2,3,0,3,3,7,3,2,21,24,14
42210091006,4,àÎäÚés,à∞ï”í¨ìíäxñ{ë∫êG,0,,,96,1,2,3,5,2,4,4,3,3,5,9,10,9,4,10,6,54,34,20,45,1,2,0,2,2,2,3,2,1,1,5,6,5,3,2,3,29,13,8,51,0,0,3,3,0,2,1,1,2,4,4,4,4,1,8,3,25,21,12
42210091007,4,àÎäÚés,à∞ï”í¨ìíäxç°ç‚êG,0,,,50,1,2,0,4,0,0,0,2,5,4,0,6,0,4,4,3,21,26,18,23,1,1,0,2,0,0,0,0,2,4,0,3,0,2,2,2,11,10,6,27,0,1,0,2,0,0,0,2,3,0,0,3,0,2,2,1,10,16,12
42210091008,4,àÎäÚés,à∞ï”í¨ìíäxãªêGí“ó¢í“ó¢,0,,,90,9,4,2,5,1,4,0,7,3,1,10,6,7,7,10,15,44,31,14,46,8,1,1,3,1,2,0,4,2,1,3,3,5,3,3,10,24,12,6,44,1,3,1,2,0,2,0,3,1,0,7,3,2,4,7,5,20,19,8
42210091009,4,àÎäÚés,à∞ï”í¨èZãgéRêMêG,0,,,64,0,3,1,4,0,2,0,2,3,5,5,4,3,2,13,4,28,32,17,30,0,3,0,2,0,1,0,1,1,2,3,1,2,0,6,3,13,14,8,34,0,0,1,2,0,1,0,1,2,3,2,3,1,2,7,1,15,18,9
42210091010,4,àÎäÚés,à∞ï”í¨èZãgìåêG,0,,,44,1,1,1,0,2,0,1,2,1,2,2,4,6,3,6,3,20,21,12,24,1,1,1,0,1,0,1,0,0,2,1,1,5,2,3,3,11,10,5,20,0,0,0,0,1,0,0,2,1,0,1,3,1,1,3,0,9,11,7
42210091011,4,àÎäÚés,à∞ï”í¨èZãgëOêG,0,,,103,4,9,7,3,1,0,3,9,8,5,1,2,8,10,15,20,40,43,18,45,4,4,2,1,0,0,2,5,5,2,1,0,2,4,8,10,18,17,5,58,0,5,5,2,1,0,1,4,3,3,0,2,6,6,7,10,22,26,13
42210091012,4,àÎäÚés,à∞ï”í¨èZãgå„êG,0,,,35,0,1,1,2,0,0,0,0,7,0,0,1,1,8,5,2,11,22,9,18,0,1,1,2,0,0,0,0,4,0,0,0,0,4,2,2,6,10,4,17,0,0,0,0,0,0,0,0,3,0,0,1,1,4,3,0,5,12,5
42210091013,4,àÎäÚés,à∞ï”í¨çëï™êÏå}êG,0,,,80,2,7,3,5,1,0,2,12,3,5,2,4,9,3,5,12,43,25,17,39,2,4,2,2,0,0,1,7,1,2,2,1,3,3,2,8,19,12,7,41,0,3,1,3,1,0,1,5,2,3,0,3,6,0,3,4,24,13,10
42210091014,4,àÎäÚés,à∞ï”í¨çëï™ñ{ë∫êG,0,,,102,6,2,1,2,1,7,4,11,2,4,7,14,9,5,8,9,61,31,18,52,4,1,0,2,1,4,1,7,2,2,3,9,4,2,3,5,35,12,7,50,2,1,1,0,0,3,3,4,0,2,4,5,5,3,5,4,26,19,11
42210091015,4,àÎäÚés,à∞ï”í¨çëï™ñ{ë∫êGäJëÒ,0,,,37,3,2,0,0,0,2,2,1,1,0,5,3,3,4,2,5,17,15,9,19,3,0,0,0,0,1,1,1,1,0,3,2,0,2,1,3,9,7,4,18,0,2,0,0,0,1,1,0,0,0,2,1,3,2,1,2,8,8,5
42210091016,4,àÎäÚés,à∞ï”í¨çëï™ìåêG,0,,,109,10,5,1,5,4,1,4,8,5,12,7,7,4,7,8,16,57,36,21,56,5,2,1,3,3,0,3,3,2,5,3,5,2,4,2,8,29,19,13,53,5,3,0,2,1,1,1,5,3,7,4,2,2,3,6,8,28,17,8
42210091017,4,àÎäÚés,à∞ï”í¨çëï™ìñìcêG,0,,,66,0,2,6,4,1,0,2,2,4,3,4,6,7,5,5,8,33,25,15,29,0,0,3,0,1,0,2,1,1,1,3,4,3,3,3,3,16,10,4,37,0,2,3,4,0,0,0,1,3,2,1,2,4,2,2,5,17,15,11
422100920,3,àÎäÚés,í¨íöéöÉRÅ[Éh0920ÇÃåv,0,,,1335,54,60,49,34,36,28,70,61,64,70,68,69,137,129,103,163,637,534,302,636,31,30,21,14,21,12,33,38,35,36,32,34,69,72,55,82,324,230,103,699,23,30,28,20,15,16,37,23,29,34,36,35,68,57,48,81,313,304,199
42210092001,4,àÎäÚés,à∞ï”í¨î†çËìBÉmîˆêG,0,,,93,4,5,2,4,4,7,1,3,3,3,4,6,4,9,8,11,39,42,25,46,2,4,1,2,2,3,1,3,2,0,1,4,2,3,5,7,20,19,11,47,2,1,1,2,2,4,0,0,1,3,3,2,2,6,3,4,19,23,14
42210092002,4,àÎäÚés,à∞ï”í¨î†çËíJç]êG,0,,,86,5,5,2,0,0,5,5,3,4,4,5,7,11,11,6,12,44,30,13,39,1,1,0,0,0,3,2,2,2,2,3,4,5,8,2,2,23,14,4,47,4,4,2,0,0,2,3,1,2,2,2,3,6,3,4,10,21,16,9
42210092003,4,àÎäÚés,à∞ï”í¨î†çËñ{ë∫êG,0,,,133,6,8,6,1,3,4,7,8,7,3,9,8,13,5,12,20,63,50,33,61,2,3,2,0,2,0,3,6,4,0,4,3,10,4,6,7,32,22,12,72,4,5,4,1,1,4,4,2,3,3,5,5,3,1,6,13,31,28,21
42210092004,4,àÎäÚés,à∞ï”í¨î†çËç]äpêG,0,,,149,5,3,10,4,9,0,9,4,8,9,12,7,19,11,12,18,81,50,27,77,5,1,3,2,4,0,6,1,6,4,7,4,12,5,8,9,46,22,9,72,0,2,7,2,5,0,3,3,2,5,5,3,7,6,4,9,35,28,18
42210092005,4,àÎäÚés,à∞ï”í¨î†çËèîí√êG,0,,,226,9,7,6,6,5,3,8,12,10,7,11,12,31,27,19,22,105,99,53,107,6,3,5,2,4,1,2,8,5,2,7,4,14,15,11,14,49,44,18,119,3,4,1,4,1,2,6,4,5,5,4,8,17,12,8,8,56,55,35
42210092006,4,àÎäÚés,à∞ï”í¨î†çËëÂç∂âEêG,0,,,343,12,19,12,4,10,6,24,10,15,23,13,14,24,41,21,43,143,157,95,156,7,11,4,2,8,4,11,6,5,16,6,6,12,20,11,22,76,58,27,187,5,8,8,2,2,2,13,4,10,7,7,8,12,21,10,21,67,99,68
42210092007,4,àÎäÚés,à∞ï”í¨î†çËíÜéRêG,0,,,305,13,13,11,15,5,3,16,21,17,21,14,15,35,25,25,37,162,106,56,150,8,7,6,6,1,1,8,12,11,12,4,9,14,17,12,21,78,51,22,155,5,6,5,9,4,2,8,9,6,9,10,6,21,8,13,16,84,55,34
422100930,3,àÎäÚés,à∞ï”í¨ê£åÀâY,0,,,1045,37,61,50,37,13,29,50,49,53,50,55,61,89,72,106,148,486,411,233,469,20,25,28,11,7,11,22,31,28,23,23,37,39,33,45,73,232,164,86,576,17,36,22,26,6,18,28,18,25,27,32,24,50,39,61,75,254,247,147
42210093001,4,àÎäÚés,à∞ï”í¨ê£åÀâYêÊÉmêÏí¨,0,,,100,0,2,0,2,0,0,3,2,6,4,4,7,14,6,20,2,42,56,30,47,0,0,0,1,0,0,3,1,3,3,1,5,7,2,11,0,24,23,10,53,0,2,0,1,0,0,0,1,3,1,3,2,7,4,9,2,18,33,20
42210093002,4,àÎäÚés,à∞ï”í¨ê£åÀâYìÏí¨,0,,,76,3,2,2,2,1,3,4,5,1,3,4,7,9,8,6,7,39,30,16,34,2,1,2,1,1,1,2,3,1,1,2,3,5,3,2,5,20,9,4,42,1,1,0,1,0,2,2,2,0,2,2,4,4,5,4,2,19,21,12
42210093003,4,àÎäÚés,à∞ï”í¨ê£åÀâYíáí¨,0,,,42,0,0,4,0,0,0,1,2,3,1,1,2,4,9,8,4,14,24,7,15,0,0,1,0,0,0,1,0,1,0,1,2,1,3,3,1,6,8,2,27,0,0,3,0,0,0,0,2,2,1,0,0,3,6,5,3,8,16,5
42210093004,4,àÎäÚés,à∞ï”í¨ê£åÀâYêŒã¥í¨,0,,,56,3,4,3,3,0,2,3,3,3,2,2,4,3,4,6,10,25,21,11,28,1,2,2,2,0,1,1,2,3,1,1,2,1,2,3,5,14,9,4,28,2,2,1,1,0,1,2,1,0,1,1,2,2,2,3,5,11,12,7
42210093005,4,àÎäÚés,à∞ï”í¨ê£åÀâYêºí¨,0,,,142,6,3,3,5,2,3,4,6,8,3,13,6,13,11,14,12,63,67,42,63,4,1,2,2,1,0,2,4,4,1,5,4,4,5,7,7,27,29,17,79,2,2,1,3,1,3,2,2,4,2,8,2,9,6,7,5,36,38,25
42210093006,4,àÎäÚés,à∞ï”í¨ê£åÀâYå¸í¨,0,,,121,1,3,8,1,4,6,5,4,4,8,5,8,9,8,16,12,54,55,31,56,1,2,6,0,2,2,2,3,2,3,2,6,3,5,7,9,25,22,10,65,0,1,2,1,2,4,3,1,2,5,3,2,6,3,9,3,29,33,21
42210093007,4,àÎäÚés,à∞ï”í¨ê£åÀâYåbî¸ê{,0,,,136,5,8,4,6,0,0,9,4,7,8,4,10,11,9,15,17,59,60,36,62,2,4,3,2,0,0,3,3,3,4,2,8,5,5,5,9,30,23,13,74,3,4,1,4,0,0,6,1,4,4,2,2,6,4,10,8,29,37,23
42210093008,4,àÎäÚés,à∞ï”í¨ê£åÀâYè≠ìÛ,0,,,60,0,3,1,2,0,0,5,3,4,4,1,5,3,7,7,4,27,29,15,28,0,1,1,0,0,0,3,1,3,2,0,1,2,2,2,2,12,14,10,32,0,2,0,2,0,0,2,2,1,2,1,4,1,5,5,2,15,15,5
42210093009,4,àÎäÚés,à∞ï”í¨ê£åÀâYí√éù,0,,,195,13,27,20,11,4,9,10,12,12,10,15,6,15,2,5,60,104,31,24,83,8,10,8,2,2,4,3,8,5,4,6,4,7,2,1,26,45,12,9,112,5,17,12,9,2,5,7,4,7,6,9,2,8,0,4,34,59,19,15
42210093010,4,àÎäÚés,à∞ï”í¨ê£åÀâYç˜ñÿí¨,0,,,117,6,9,5,5,2,6,6,8,5,7,6,6,8,8,9,20,59,38,21,53,2,4,3,1,1,3,2,6,3,4,3,2,4,4,4,9,29,15,7,64,4,5,2,4,1,3,4,2,2,3,3,4,4,4,5,11,30,23,14
422100940,2,àÎäÚés,êŒìcí¨ñ{ë∫êG,0,,,169,5,5,14,4,2,3,6,15,13,12,9,9,20,20,9,24,93,52,23,85,4,4,7,1,2,3,5,7,6,6,4,5,9,11,4,15,48,22,7,84,1,1,7,3,0,0,1,8,7,6,5,4,11,9,5,9,45,30,16
422100950,2,àÎäÚés,êŒìcí¨ìÏêG,0,,,98,1,1,5,2,0,1,3,2,2,0,8,7,14,9,13,7,39,52,30,46,1,0,3,1,0,0,2,0,2,0,4,3,8,5,5,4,20,22,12,52,0,1,2,1,0,1,1,2,0,0,4,4,6,4,8,3,19,30,18
422100960,3,àÎäÚés,êŒìcí¨êŒìcêºêG,0,,,600,23,29,62,44,16,15,10,31,50,49,42,28,25,38,50,114,310,176,88,290,11,21,30,23,10,7,7,17,21,18,24,15,12,15,24,62,154,74,35,310,12,8,32,21,6,8,3,14,29,31,18,13,13,23,26,52,156,102,53
42210096003,4,àÎäÚés,êŒìcí¨êŒìcêºêGêŒìcêºëO,0,,,272,15,18,39,21,8,6,5,21,24,25,15,6,8,18,15,72,139,61,28,128,9,13,16,12,5,3,3,10,8,9,8,4,3,8,8,38,65,25,9,144,6,5,23,9,3,3,2,11,16,16,7,2,5,10,7,34,74,36,19
42210096004,4,àÎäÚés,êŒìcí¨êŒìcêºêGêŒìcêºå¥,0,,,172,8,6,11,11,4,9,4,5,12,10,15,13,6,12,16,25,89,58,30,86,2,5,8,4,2,4,3,4,7,3,8,7,3,5,9,15,45,26,12,86,6,1,3,7,2,5,1,1,5,7,7,6,3,7,7,10,44,32,18
42210096009,4,àÎäÚés,êŒìcí¨êŒìcêºêGè∫òaí¨,0,,,156,0,5,12,12,4,0,1,5,14,14,12,9,11,8,19,17,82,57,30,76,0,3,6,7,3,0,1,3,6,6,8,4,6,2,7,9,44,23,14,80,0,2,6,5,1,0,0,2,8,8,4,5,5,6,12,8,38,34,16
422100970,2,àÎäÚés,êŒìcí¨êŒìcìåêG,0,,,128,3,7,8,13,2,0,4,6,4,14,8,6,13,11,16,18,70,40,13,61,1,4,2,9,0,0,2,3,0,6,5,4,9,5,10,7,38,16,1,67,2,3,6,4,2,0,2,3,4,8,3,2,4,6,6,11,32,24,12
422100980,3,àÎäÚés,êŒìcí¨àÛí éõâY,0,,,1070,36,53,64,54,23,39,31,54,90,66,64,59,98,71,66,153,578,337,200,500,20,29,31,28,13,22,12,29,45,34,30,23,58,34,22,80,294,126,70,570,16,24,33,26,10,17,19,25,45,32,34,36,40,37,44,73,284,211,130
42210098007,4,àÎäÚés,êŒìcí¨àÛí éõâYåNÉñâYìå,0,,,210,2,7,5,11,3,15,6,11,13,13,11,15,25,17,16,14,123,73,40,100,0,4,3,6,0,8,5,6,8,7,4,8,14,10,3,7,66,27,14,110,2,3,2,5,3,7,1,5,5,6,7,7,11,7,13,7,57,46,26
42210098008,4,àÎäÚés,êŒìcí¨àÛí éõâYåNÉñâYêº,0,,,240,7,13,21,12,8,8,9,15,16,11,15,11,31,16,8,41,136,62,38,106,1,6,10,7,5,4,2,9,9,6,6,2,20,8,2,17,70,19,9,134,6,7,11,5,3,4,7,6,7,5,9,9,11,8,6,24,66,43,29
42210098009,4,àÎäÚés,êŒìcí¨àÛí éõâYìcÇÃíÜ,0,,,96,4,7,3,1,0,4,4,7,8,4,1,4,15,8,3,14,48,34,23,45,3,5,1,1,0,3,1,6,3,2,0,2,7,3,1,9,25,11,7,51,1,2,2,0,0,1,3,1,5,2,1,2,8,5,2,5,23,23,16
42210098010,4,àÎäÚés,êŒìcí¨àÛí éõâYñ{í¨ìå,0,,,231,13,11,14,9,3,8,3,8,28,17,21,10,6,10,24,38,113,80,46,113,7,7,7,7,2,4,1,3,14,10,12,4,4,3,9,21,61,31,19,118,6,4,7,2,1,4,2,5,14,7,9,6,2,7,15,17,52,49,27
42210098011,4,àÎäÚés,êŒìcí¨àÛí éõâYèjí¨ÇÃàÍïî,0,,,293,10,15,21,21,9,4,9,13,25,21,16,19,21,20,15,46,158,88,53,136,9,7,10,7,6,3,3,5,11,9,8,7,13,10,7,26,72,38,21,157,1,8,11,14,3,1,6,8,14,12,8,12,8,10,8,20,86,50,32
422100990,2,àÎäÚés,êŒìcí¨ç»Éñìá,0,,,0,0,0,0,0,0,0,0,0,0,0,0,0,0,0,0,0,0,0,0,0,0,0,0,0,0,0,0,0,0,0,0,0,0,0,0,0,0,0,0,0,0,0,0,0,0,0,0,0,0,0,0,0,0,0,0,0,0,0,0
422101000,3,àÎäÚés,êŒìcí¨írìcêºêG,0,,,177,4,5,10,9,3,6,6,7,12,7,6,20,10,15,14,19,86,72,43,85,2,3,6,5,2,3,3,3,6,5,1,11,7,6,7,11,46,28,15,92,2,2,4,4,1,3,3,4,6,2,5,9,3,9,7,8,40,44,28
42210100012,4,àÎäÚés,êŒìcí¨írìcêºêGírìcêºè„,0,,,83,1,2,4,4,2,2,1,1,9,4,2,8,5,9,9,7,38,38,20,40,0,0,3,3,1,0,1,0,5,3,0,4,4,4,4,3,21,16,8,43,1,2,1,1,1,2,0,1,4,1,2,4,1,5,5,4,17,22,12
42210100013,4,àÎäÚés,êŒìcí¨írìcêºêGírìcêºâ∫,0,,,94,3,3,6,5,1,4,5,6,3,3,4,12,5,6,5,12,48,34,23,45,2,3,3,2,1,3,2,3,1,2,1,7,3,2,3,8,25,12,7,49,1,0,3,3,0,1,3,3,2,1,3,5,2,4,2,4,23,22,16
422101010,3,àÎäÚés,êŒìcí¨írìcíáêG,0,,,210,14,10,15,10,5,4,4,17,17,16,12,7,17,15,18,39,109,62,29,101,10,2,8,3,4,4,0,9,10,9,6,2,9,8,8,20,56,25,9,109,4,8,7,7,1,0,4,8,7,7,6,5,8,7,10,19,53,37,20
42210101014,4,àÎäÚés,êŒìcí¨írìcíáêGírìcíáè„,0,,,92,3,1,7,5,2,2,1,7,6,10,7,6,9,5,9,11,55,26,12,43,1,0,5,0,1,2,0,2,5,6,4,1,5,2,4,6,26,11,5,49,2,1,2,5,1,0,1,5,1,4,3,5,4,3,5,5,29,15,7
42210101015,4,àÎäÚés,êŒìcí¨írìcíáêGírìcíáâ∫,0,,,118,11,9,8,5,3,2,3,10,11,6,5,1,8,10,9,28,54,36,17,58,9,2,3,3,3,2,0,7,5,3,2,1,4,6,4,14,30,14,4,60,2,7,5,2,0,0,3,3,6,3,3,0,4,4,5,14,24,22,13
422101020,2,àÎäÚés,êŒìcí¨írìcìåêG,0,,,199,6,10,8,9,4,9,9,16,14,12,9,16,14,15,12,24,112,63,36,103,4,7,2,4,1,5,6,10,7,9,4,8,7,7,6,13,61,29,16,96,2,3,6,5,3,4,3,6,7,3,5,8,7,8,6,11,51,34,20
422101030,2,àÎäÚés,êŒìcí¨ìõèÈêºêG,0,,,130,5,7,7,3,3,3,2,3,11,14,8,8,9,9,9,19,64,47,29,63,2,3,5,2,2,1,0,1,5,9,5,5,5,3,3,10,35,18,12,67,3,4,2,1,1,2,2,2,6,5,3,3,4,6,6,9,29,29,17
422101040,2,àÎäÚés,êŒìcí¨éRçËêG,0,,,128,1,6,10,7,2,2,6,5,8,5,5,9,8,16,12,17,57,54,26,55,0,3,4,3,2,0,3,4,2,4,1,4,5,9,5,7,28,20,6,73,1,3,6,4,0,2,3,1,6,1,4,5,3,7,7,10,29,34,20
422101050,3,àÎäÚés,êŒìcí¨ìõèÈíáêG,0,,,215,7,12,10,8,5,7,3,14,17,8,3,14,15,23,23,29,94,92,46,103,5,9,4,2,3,5,2,7,8,4,1,6,11,9,12,18,49,36,15,112,2,3,6,6,2,2,1,7,9,4,2,8,4,14,11,11,45,56,31
42210105019,4,àÎäÚés,êŒìcí¨ìõèÈíáêGìõèÈíáè„,0,,,89,1,3,2,2,1,3,0,5,8,2,1,6,10,10,13,6,38,45,22,43,1,2,0,0,1,3,0,2,5,1,1,2,7,4,8,3,22,18,6,46,0,1,2,2,0,0,0,3,3,1,0,4,3,6,5,3,16,27,16
42210105020,4,àÎäÚés,êŒìcí¨ìõèÈíáêGìõèÈíáâ∫,0,,,126,6,9,8,6,4,4,3,9,9,6,2,8,5,13,10,23,56,47,24,60,4,7,4,2,2,2,2,5,3,3,0,4,4,5,4,15,27,18,9,66,2,2,4,4,2,2,1,4,6,3,2,4,1,8,6,8,29,29,15
422101060,3,àÎäÚés,êŒìcí¨ìõèÈìåêG,0,,,233,7,9,6,4,3,5,10,8,15,12,4,21,18,20,17,22,100,110,73,117,5,4,5,2,2,2,6,3,7,6,2,13,8,13,6,14,51,52,33,116,2,5,1,2,1,3,4,5,8,6,2,8,10,7,11,8,49,58,40
42210106021,4,àÎäÚés,êŒìcí¨ìõèÈìåêGìõèÈìåñk,0,,,97,4,2,3,0,2,2,4,1,6,3,4,5,10,8,8,9,37,51,35,51,3,1,2,0,1,0,2,0,3,2,2,4,5,5,4,6,19,26,17,46,1,1,1,0,1,2,2,1,3,1,2,1,5,3,4,3,18,25,18
42210106022,4,àÎäÚés,êŒìcí¨ìõèÈìåêGìõèÈìåìÏ,0,,,136,3,7,3,4,1,3,6,7,9,9,0,16,8,12,9,13,63,59,38,66,2,3,3,2,1,2,4,3,4,4,0,9,3,8,2,8,32,26,16,70,1,4,0,2,0,1,2,4,5,5,0,7,5,4,7,5,31,33,22
422101070,2,àÎäÚés,êŒìcí¨ãväÏêG,0,,,416,16,22,18,24,12,13,16,16,28,25,25,29,34,34,24,56,222,137,79,205,6,9,5,16,8,6,11,7,16,14,11,14,19,16,14,20,122,63,33,211,10,13,13,8,4,7,5,9,12,11,14,15,15,18,10,36,100,74,46
422101080,2,àÎäÚés,êŒìcí¨ìíäxãªêG,0,,,53,2,2,0,2,2,0,1,6,3,3,4,2,5,7,3,4,28,21,11,28,2,2,0,1,2,0,0,5,0,0,3,1,4,4,1,4,16,8,3,25,0,0,0,1,0,0,1,1,3,3,1,1,1,3,2,0,12,13,8
422101090,2,àÎäÚés,êŒìcí¨ìíäxéÀéËãgêG,0,,,91,0,5,9,6,2,0,3,3,7,6,5,7,1,5,9,14,40,37,23,43,0,3,3,3,1,0,2,1,3,2,2,5,0,3,5,6,19,18,10,48,0,2,6,3,1,0,1,2,4,4,3,2,1,2,4,8,21,19,13
42211,1,å‹ìáés,,0,,,34391,1045,1220,1346,1098,622,963,1163,1557,1678,1939,2044,2497,3116,3441,3079,3611,16677,14002,7482,16141,497,593,710,553,341,501,582,734,873,966,1005,1230,1529,1725,1489,1800,8314,5961,2747,18250,548,627,636,545,281,462,581,823,805,973,1039,1267,1587,1716,1590,1811,8363,8041,4735
422110010,2,å‹ìáés,â∫ëÂí√í¨,0,,,878,32,42,44,33,29,25,38,40,49,70,50,61,64,75,70,118,459,301,156,428,19,17,22,13,14,15,23,20,29,32,25,27,34,39,43,58,232,138,56,450,13,25,22,20,15,10,15,20,20,38,25,34,30,36,27,60,227,163,100
422110020,2,å‹ìáés,è„ëÂí√í¨,0,,,2028,99,100,93,82,49,90,100,116,137,134,141,164,159,153,111,292,1172,552,288,969,47,49,52,44,27,48,52,43,67,66,71,77,76,78,51,148,571,242,113,1059,52,51,41,38,22,42,48,73,70,68,70,87,83,75,60,144,601,310,175
422110030,3,å‹ìáés,éOîˆñÏ,0,,,314,22,19,10,8,6,4,12,26,25,21,32,20,17,30,20,51,171,92,42,157,8,9,8,5,2,2,6,11,19,9,16,13,8,16,12,25,91,41,13,157,14,10,2,3,4,2,6,15,6,12,16,7,9,14,8,26,80,51,29
42211003001,4,å‹ìáés,éOîˆñÏàÍíöñ⁄,0,,,97,3,5,3,0,3,1,2,5,7,9,9,10,5,8,11,11,51,35,16,51,2,2,2,0,1,0,1,2,5,5,5,6,3,4,7,6,28,17,6,46,1,3,1,0,2,1,1,3,2,4,4,4,2,4,4,5,23,18,10
42211003002,4,å‹ìáés,éOîˆñÏìÒíöñ⁄,0,,,176,15,9,6,7,3,2,8,12,13,8,21,9,12,21,8,30,95,51,22,86,5,3,5,5,1,2,4,6,9,3,10,7,5,11,4,13,52,21,6,90,10,6,1,2,2,0,4,6,4,5,11,2,7,10,4,17,43,30,16
42211003003,4,å‹ìáés,éOîˆñÏéOíöñ⁄,0,,,41,4,5,1,1,0,1,2,9,5,4,2,1,0,1,1,10,25,6,4,20,1,4,1,0,0,0,1,3,5,1,1,0,0,1,1,6,11,3,1,21,3,1,0,1,0,1,1,6,0,3,1,1,0,0,0,4,14,3,3
422110031,2,å‹ìáés,éOîˆñÏí¨,0,,,384,22,38,38,23,9,25,22,27,29,32,21,29,20,20,12,98,237,46,14,187,7,24,22,10,5,11,12,11,15,14,13,11,9,9,5,53,111,21,7,197,15,14,16,13,4,14,10,16,14,18,8,18,11,11,7,45,126,25,7
422110041,2,å‹ìáés,írìcí¨,0,,,128,1,4,6,42,2,5,3,9,5,5,7,6,7,13,6,11,91,26,7,68,1,2,5,23,1,2,1,5,2,1,6,2,5,6,4,8,48,12,2,60,0,2,1,19,1,3,2,4,3,4,1,4,2,7,2,3,43,14,5
422110042,3,å‹ìáés,ìåïlí¨,0,,,229,8,9,8,5,6,6,10,14,13,10,15,16,23,24,11,25,118,86,51,115,5,3,5,2,2,5,6,4,8,6,10,10,14,13,5,13,67,35,17,114,3,6,3,3,4,1,4,10,5,4,5,6,9,11,6,12,51,51,34
42211004201,4,å‹ìáés,ìåïlí¨àÍíöñ⁄,0,,,189,8,9,8,5,4,6,9,14,12,9,15,10,15,20,10,25,99,65,35,95,5,3,5,2,1,5,5,4,8,5,10,6,10,10,5,13,56,26,11,94,3,6,3,3,3,1,4,10,4,4,5,4,5,10,5,12,43,39,24
42211004202,4,å‹ìáés,ìåïlí¨ìÒíöñ⁄,0,,,0,0,0,0,0,0,0,0,0,0,0,0,0,0,0,0,0,0,0,0,0,0,0,0,0,0,0,0,0,0,0,0,0,0,0,0,0,0,0,0,0,0,0,0,0,0,0,0,0,0,0,0,0,0,0,0,0,0,0,0
42211004203,4,å‹ìáés,ìåïlí¨éOíöñ⁄,0,,,40,0,0,0,0,2,0,1,0,1,1,0,6,8,4,1,0,19,21,16,20,0,0,0,0,1,0,1,0,0,1,0,4,4,3,0,0,11,9,6,20,0,0,0,0,1,0,0,0,1,0,0,2,4,1,1,0,8,12,10
422110043,2,å‹ìáés,çÆâÆí¨,0,,,82,2,2,1,1,1,8,1,2,2,5,7,10,9,2,8,5,46,31,21,42,1,0,0,0,1,4,1,2,2,3,2,8,5,1,3,1,28,13,9,40,1,2,1,1,0,4,0,0,0,2,5,2,4,1,5,4,18,18,12
422110044,3,å‹ìáés,ïüç]í¨,0,,,758,10,16,23,25,8,13,25,30,38,49,44,65,74,72,90,49,371,329,167,347,4,7,13,15,6,6,10,15,15,26,22,31,34,38,42,24,180,138,58,411,6,9,10,10,2,7,15,15,23,23,22,34,40,34,48,25,191,191,109
42211004401,4,å‹ìáés,ïüç]í¨,2,4402,,0,0,0,0,0,0,0,0,0,0,0,0,0,0,0,0,0,0,0,0,0,0,0,0,0,0,0,0,0,0,0,0,0,0,0,0,0,0,0,0,0,0,0,0,0,0,0,0,0,0,0,0,0,0,0,0,0,0,0,0
42211004402,4,å‹ìáés,ïüç]í¨,1,,004401,237,3,7,7,4,1,1,7,10,9,13,15,21,21,26,23,17,102,112,63,109,2,5,3,3,1,0,1,5,5,9,6,9,9,14,12,10,48,48,22,128,1,2,4,1,0,1,6,5,4,4,9,12,12,12,11,7,54,64,41
42211004404,4,å‹ìáés,ïüç]í¨,0,,,114,2,4,9,11,3,2,5,7,8,13,8,8,10,5,6,15,75,24,13,46,0,0,6,7,2,0,2,4,2,4,4,2,6,2,2,6,33,7,3,68,2,4,3,4,1,2,3,3,6,9,4,6,4,3,4,9,42,17,10
42211004405,4,å‹ìáés,ïüç]í¨,0,,,207,3,1,5,4,0,4,8,5,12,9,11,18,21,18,38,9,92,105,49,101,2,0,3,2,0,3,4,2,5,6,9,9,11,8,17,5,51,44,19,106,1,1,2,2,0,1,4,3,7,3,2,9,10,10,21,4,41,61,30
42211004406,4,å‹ìáés,ïüç]í¨,0,,,200,2,4,2,6,4,6,5,8,9,14,10,18,22,23,23,8,102,88,42,91,0,2,1,3,3,3,3,4,3,7,3,11,8,14,11,3,48,39,14,109,2,2,1,3,1,3,2,4,6,7,7,7,14,9,12,5,54,49,28
422110050,2,å‹ìáés,çKí¨,0,,,141,5,5,2,1,5,8,4,5,7,5,5,17,17,8,12,12,74,55,35,65,2,4,0,0,3,3,2,3,3,5,3,6,9,5,6,6,37,22,11,76,3,1,2,1,2,5,2,2,4,0,2,11,8,3,6,6,37,33,24
422110060,2,å‹ìáés,ã—í¨,0,,,67,0,2,2,1,1,3,1,3,1,2,9,9,6,2,7,4,36,27,18,31,0,1,2,0,1,2,0,2,0,1,4,8,2,1,3,3,20,8,4,36,0,1,0,1,0,1,1,1,1,1,5,1,4,1,4,1,16,19,14
422110070,2,å‹ìáés,ç]êÏí¨,0,,,179,1,3,7,2,1,5,6,13,5,14,15,11,14,15,24,11,86,80,41,83,0,1,6,1,1,3,3,10,2,8,6,6,7,9,6,7,47,28,13,96,1,2,1,1,0,2,3,3,3,6,9,5,7,6,18,4,39,52,28
422110080,2,å‹ìáés,âhí¨,0,,,150,8,5,2,5,2,3,7,10,7,9,8,11,8,18,12,15,70,65,35,68,3,2,2,4,1,2,2,6,5,2,4,4,5,10,2,7,35,26,14,82,5,3,0,1,1,1,5,4,2,7,4,7,3,8,10,8,35,39,21
422110090,2,å‹ìáés,íÜâõí¨,0,,,208,8,6,4,7,2,7,9,8,6,10,5,15,28,28,13,18,97,92,51,98,5,2,2,4,1,4,6,6,3,2,3,8,12,15,7,9,49,39,17,110,3,4,2,3,1,3,3,2,3,8,2,7,16,13,6,9,48,53,34
422110100,2,å‹ìáés,ññçLí¨,0,,,108,2,1,1,2,0,5,3,1,1,1,10,3,9,8,4,4,35,69,57,49,1,0,0,2,0,4,3,0,1,0,6,3,5,5,2,1,24,24,17,59,1,1,1,0,0,1,0,1,0,1,4,0,4,3,2,3,11,45,40
422110110,2,å‹ìáés,èºéRí¨,0,,,1575,34,52,47,40,37,49,57,71,78,96,95,138,122,140,138,133,783,657,379,685,13,26,22,15,19,26,31,33,46,48,47,62,59,60,62,61,386,236,114,890,21,26,25,25,18,23,26,38,32,48,48,76,63,80,76,72,397,421,265
422110120,2,å‹ìáés,ëÂçrí¨,0,,,2389,97,113,121,94,43,70,81,148,145,172,140,157,188,183,168,331,1238,805,454,1089,49,61,62,48,17,35,36,66,86,70,64,73,85,94,75,172,580,329,160,1300,48,52,59,46,26,35,45,82,59,102,76,84,103,89,93,159,658,476,294
422110130,2,å‹ìáés,ñÿèÍí¨,0,,,2548,92,121,104,78,62,121,117,156,173,156,166,179,210,200,196,317,1418,797,401,1196,50,49,47,35,37,68,57,70,89,88,84,81,101,88,87,146,710,329,154,1352,42,72,57,43,25,53,60,86,84,68,82,98,109,112,109,171,708,468,247
422110140,2,å‹ìáés,ãgãvñÿí¨,0,,,1678,77,61,97,72,34,64,72,97,113,138,103,121,132,114,126,235,946,488,248,748,39,27,46,30,19,27,35,44,58,60,51,54,59,47,58,112,437,193,88,930,38,34,51,42,15,37,37,53,55,78,52,67,73,67,68,123,509,295,160
422110150,2,å‹ìáés,‚ƒï£í¨,0,,,965,58,45,42,23,20,42,45,67,67,60,82,58,78,95,74,145,542,277,108,465,29,16,21,16,7,21,18,32,34,34,40,26,34,51,34,66,262,136,51,500,29,29,21,7,13,21,27,35,33,26,42,32,44,44,40,79,280,141,57
422110160,2,å‹ìáés,ïΩë†í¨,0,,,403,8,13,21,24,3,3,8,5,14,29,23,28,39,39,36,42,176,177,102,174,4,6,10,11,1,0,3,2,4,16,10,11,22,17,16,20,80,70,37,229,4,7,11,13,2,3,5,3,10,13,13,17,17,22,20,22,96,107,65
422110170,2,å‹ìáés,âúâYí¨,0,,,389,5,20,16,8,4,10,10,17,13,21,26,35,40,38,32,41,184,164,94,183,2,13,10,5,2,4,7,8,7,7,12,20,20,20,17,25,92,66,29,206,3,7,6,3,2,6,3,9,6,14,14,15,20,18,15,16,92,98,65
422110180,2,å‹ìáés,åÀäÚí¨,1,,1430,123,0,0,2,0,0,2,1,2,1,7,5,5,9,11,16,2,32,88,61,64,0,0,2,0,0,1,1,2,1,3,4,3,4,7,9,2,19,42,26,59,0,0,0,0,0,1,0,0,0,4,1,2,5,4,7,0,13,46,35
422110190,2,å‹ìáés,â∫çËéRí¨,0,,,524,16,8,18,13,11,15,9,25,27,23,28,42,62,64,51,42,255,226,111,238,7,2,6,9,7,7,3,10,12,8,9,25,31,36,25,15,121,101,40,286,9,6,12,4,4,8,6,15,15,15,19,17,31,28,26,27,134,125,71
422110200,2,å‹ìáés,è„çËéRí¨,0,,,516,11,19,17,20,10,10,17,12,23,31,30,44,49,52,47,47,246,221,122,236,4,9,10,10,6,2,8,5,7,15,13,21,29,23,21,23,116,96,52,280,7,10,7,10,4,8,9,7,16,16,17,23,20,29,26,24,130,125,70
422110210,2,å‹ìáés,å¸í¨,0,,,266,7,6,6,5,4,7,7,10,9,13,15,11,31,38,31,19,112,135,66,128,3,4,3,1,2,3,4,7,6,6,5,8,14,20,17,10,56,62,25,138,4,2,3,4,2,4,3,3,3,7,10,3,17,18,14,9,56,73,41
422110220,2,å‹ìáés,í∑éËí¨,1,,0230,171,0,1,6,3,1,2,1,3,8,7,8,12,13,25,29,7,58,106,52,79,0,1,5,3,1,1,1,1,3,5,4,6,6,10,11,6,31,42,21,92,0,0,1,0,0,1,0,2,5,2,4,6,7,15,18,1,27,64,31
422110230,2,å‹ìáés,ê‘ìáí¨,2,220,,0,0,0,0,0,0,0,0,0,0,0,0,0,0,0,0,0,0,0,0,0,0,0,0,0,0,0,0,0,0,0,0,0,0,0,0,0,0,0,0,0,0,0,0,0,0,0,0,0,0,0,0,0,0,0,0,0,0,0,0
422110240,2,å‹ìáés,íÁí¨,0,,,387,5,20,18,12,9,11,12,14,25,24,22,25,27,35,44,43,181,163,84,173,2,4,12,8,7,3,5,8,13,10,11,13,11,15,19,18,89,66,32,214,3,16,6,4,2,8,7,6,12,14,11,12,16,20,25,25,92,97,52
422110250,2,å‹ìáés,ãgìcí¨,0,,,1053,37,26,42,25,21,31,45,41,54,51,51,67,103,102,89,105,489,459,268,474,19,13,18,14,12,14,25,16,24,30,23,31,60,52,46,50,249,175,77,579,18,13,24,11,9,17,20,25,30,21,28,36,43,50,43,55,240,284,191
422110260,2,å‹ìáés,çÇìcí¨,0,,,207,2,3,8,10,4,4,3,12,10,19,13,16,16,24,20,13,107,86,42,94,1,2,2,3,2,2,1,7,4,8,7,7,8,13,9,5,49,39,17,113,1,1,6,7,2,2,2,5,6,11,6,9,8,11,11,8,58,47,25
422110270,2,å‹ìáés,ñÏÅXêÿí¨,0,,,703,22,29,41,19,8,14,14,33,30,36,31,33,58,89,68,92,276,335,178,321,13,13,24,9,4,8,6,16,14,19,13,17,23,43,37,50,129,142,62,382,9,16,17,10,4,6,8,17,16,17,18,16,35,46,31,42,147,193,116
422110280,2,å‹ìáés,ïlí¨,0,,,255,7,2,7,4,3,1,8,6,5,19,9,19,23,27,36,16,97,142,79,114,4,2,4,4,1,0,4,2,2,12,4,12,8,14,16,10,49,55,25,141,3,0,3,0,2,1,4,4,3,7,5,7,15,13,20,6,48,87,54
422110290,2,å‹ìáés,è¨îëí¨,0,,,320,12,15,14,8,2,9,5,15,18,13,11,13,33,36,31,41,127,152,85,150,6,11,7,2,2,4,2,10,9,7,4,6,19,15,14,24,65,61,32,170,6,4,7,6,0,5,3,5,9,6,7,7,14,21,17,17,62,91,53
422110300,2,å‹ìáés,ëùìcí¨,0,,,143,3,4,7,5,2,0,3,3,10,7,7,11,12,17,13,14,60,69,39,67,1,2,5,3,1,0,2,1,5,3,5,7,4,6,8,8,31,28,14,76,2,2,2,2,1,0,1,2,5,4,2,4,8,11,5,6,29,41,25
422110310,2,å‹ìáés,â©ìáí¨,0,,,32,1,0,0,0,0,0,0,0,2,0,2,2,3,6,5,1,9,22,11,17,1,0,0,0,0,0,0,0,0,0,1,0,2,2,3,1,3,13,8,15,0,0,0,0,0,0,0,0,2,0,1,2,1,4,2,0,6,9,3
422110320,2,å‹ìáés,ñ{óqí¨,0,,,29,0,0,0,0,0,0,1,0,0,1,0,2,5,1,2,0,9,20,17,16,0,0,0,0,0,0,1,0,0,1,0,2,3,0,0,0,7,9,9,13,0,0,0,0,0,0,0,0,0,0,0,0,2,1,2,0,2,11,8
422110330,2,å‹ìáés,à…ïüãMí¨,0,,,66,0,0,0,0,0,1,3,2,3,2,1,4,9,9,9,0,25,41,23,34,0,0,0,0,0,1,3,1,2,2,0,2,5,4,6,0,16,18,8,32,0,0,0,0,0,0,0,1,1,0,1,2,4,5,3,0,9,23,15
422110340,2,å‹ìáés,ãvâÍí¨,0,,,126,5,3,6,1,0,2,4,3,1,7,10,11,10,12,7,14,49,63,44,68,4,2,1,1,0,1,1,1,0,6,6,9,6,7,4,7,31,30,19,58,1,1,5,0,0,1,3,2,1,1,4,2,4,5,3,7,18,33,25
422110350,2,å‹ìáés,òní¨,0,,,46,1,0,0,0,1,1,2,1,1,1,2,1,3,6,5,1,13,32,21,23,0,0,0,0,0,1,2,1,1,1,1,0,1,5,2,0,8,15,8,23,1,0,0,0,1,0,0,0,0,0,1,1,2,1,3,1,5,17,13
422110360,2,å‹ìáés,íñîVñÿí¨,0,,,48,1,0,4,0,1,0,2,1,0,2,1,3,5,6,5,5,15,28,17,23,0,0,4,0,0,0,0,1,0,2,0,2,3,3,3,4,8,11,5,25,1,0,0,0,1,0,2,0,0,0,1,1,2,3,2,1,7,17,12
422110370,2,å‹ìáés,ìcÉmâYí¨,0,,,44,1,0,0,1,0,0,1,1,1,3,2,3,6,6,7,1,18,25,12,18,0,0,0,0,0,0,0,1,0,2,2,2,4,3,1,0,11,7,3,26,1,0,0,1,0,0,1,0,1,1,0,1,2,3,6,1,7,18,9
422110450,3,å‹ìáés,ïêâ∆âÆï~,0,,,633,38,41,34,21,9,29,32,44,40,47,39,46,32,36,46,113,339,170,88,298,17,23,17,9,1,18,14,21,23,18,20,24,16,18,13,57,164,70,39,335,21,18,17,12,8,11,18,23,17,29,19,22,16,18,33,56,175,100,49
42211045001,4,å‹ìáés,ïêâ∆âÆï~àÍíöñ⁄,0,,,240,17,12,10,6,1,22,10,16,20,9,19,16,15,16,15,39,134,63,32,112,7,6,4,3,1,13,3,6,12,3,12,9,8,8,5,17,70,23,10,128,10,6,6,3,0,9,7,10,8,6,7,7,7,8,10,22,64,40,22
42211045002,4,å‹ìáés,ïêâ∆âÆï~ìÒíöñ⁄,0,,,162,6,11,10,4,7,2,8,10,4,12,12,16,7,9,11,27,82,46,26,73,1,8,4,1,0,2,3,6,1,4,4,8,4,5,2,13,33,22,15,89,5,3,6,3,7,0,5,4,3,8,8,8,3,4,9,14,49,24,11
42211045003,4,å‹ìáés,ïêâ∆âÆï~éOíöñ⁄,0,,,231,15,18,14,11,1,5,14,18,16,26,8,14,10,11,20,47,123,61,30,113,9,9,9,5,0,3,8,9,10,11,4,7,4,5,6,27,61,25,14,118,6,9,5,6,1,2,6,9,6,15,4,7,6,6,14,20,62,36,16
422110460,2,å‹ìáés,ç‚ÇÃè„,0,,,202,12,8,14,17,15,9,6,10,17,9,12,17,14,18,13,34,126,42,11,98,5,5,8,6,5,5,3,5,9,5,4,8,8,12,6,18,58,22,4,104,7,3,6,11,10,4,3,5,8,4,8,9,6,6,7,16,68,20,7
422110470,2,å‹ìáés,ëÂâ~éõí¨,0,,,128,6,8,6,6,3,4,5,8,11,4,8,12,3,10,8,20,64,44,26,59,4,4,4,4,2,3,1,4,6,3,2,7,1,6,2,12,33,14,6,69,2,4,2,2,1,1,4,4,5,1,6,5,2,4,6,8,31,30,20
422110480,2,å‹ìáés,êVç`í¨,0,,,268,1,9,14,15,7,9,8,12,14,27,28,24,23,35,18,24,167,76,23,140,1,4,7,8,5,4,6,6,7,16,15,13,10,16,11,12,90,37,10,128,0,5,7,7,2,5,2,6,7,11,13,11,13,19,7,12,77,39,13
422110990,2,å‹ìáés,ìåïlí¨,0,,,0,0,0,0,0,0,0,0,0,0,0,0,0,0,0,0,0,0,0,0,0,0,0,0,0,0,0,0,0,0,0,0,0,0,0,0,0,0,0,0,0,0,0,0,0,0,0,0,0,0,0,0,0,0,0,0,0,0,0,0
422111000,3,å‹ìáés,ïxç]í¨ïxç],0,,,975,26,35,42,33,15,15,41,44,33,50,57,65,84,107,101,103,437,435,227,450,10,19,25,18,9,11,19,23,13,22,29,29,36,51,46,54,209,187,90,525,16,16,17,15,6,4,22,21,20,28,28,36,48,56,55,49,228,248,137
42211100001,4,å‹ìáés,ïxç]í¨ïxç],0,,,67,0,2,2,1,5,2,1,3,1,5,5,3,4,3,6,4,30,33,24,32,0,1,1,0,3,2,1,1,0,2,2,2,2,2,1,2,15,15,12,35,0,1,1,1,2,0,0,2,1,3,3,1,2,1,5,2,15,18,12
42211100003,4,å‹ìáés,ïxç]í¨ïxç],0,,,84,5,4,5,0,0,0,7,7,6,8,0,4,4,15,10,14,36,34,9,33,1,3,1,0,0,0,3,3,2,4,0,1,1,7,5,5,14,14,2,51,4,1,4,0,0,0,4,4,4,4,0,3,3,8,5,9,22,20,7
42211100004,4,å‹ìáés,ïxç]í¨ïxç],0,,,123,4,6,6,9,1,2,2,10,5,10,8,11,13,9,11,16,71,36,16,58,3,5,4,4,1,1,0,4,2,6,5,4,5,4,3,12,32,14,7,65,1,1,2,5,0,1,2,6,3,4,3,7,8,5,8,4,39,22,9
42211100005,4,å‹ìáés,ïxç]í¨ïxç],0,,,58,2,2,0,1,0,3,2,2,0,2,6,4,5,5,2,4,25,29,22,27,1,0,0,1,0,1,1,1,0,2,3,3,2,2,0,1,14,12,10,31,1,2,0,0,0,2,1,1,0,0,3,1,3,3,2,3,11,17,12
42211100006,4,å‹ìáés,ïxç]í¨ïxç],0,,,84,2,1,5,3,2,1,6,3,2,3,4,7,6,5,10,8,37,39,24,32,0,1,2,0,1,0,4,3,0,1,2,2,3,3,3,3,16,13,7,52,2,0,3,3,1,1,2,0,2,2,2,5,3,2,7,5,21,26,17
42211100007,4,å‹ìáés,ïxç]í¨ïxç],0,,,54,1,2,0,1,0,0,1,1,1,0,4,2,6,7,7,3,16,35,21,22,0,1,0,0,0,0,1,0,0,0,2,1,2,5,3,1,6,15,7,32,1,1,0,1,0,0,0,1,1,0,2,1,4,2,4,2,10,20,14
42211100008,4,å‹ìáés,ïxç]í¨ïxç],0,,,167,7,8,9,5,1,2,8,6,6,6,13,15,15,23,15,24,77,66,28,78,3,3,7,4,1,2,4,4,3,2,7,5,5,11,7,13,37,28,10,89,4,5,2,1,0,0,4,2,3,4,6,10,10,12,8,11,40,38,18
42211100009,4,å‹ìáés,ïxç]í¨ïxç],0,,,49,0,0,2,2,2,0,3,0,1,6,4,3,1,4,5,2,22,25,16,24,0,0,0,2,1,0,2,0,0,2,2,2,0,0,4,0,11,13,9,25,0,0,2,0,1,0,1,0,1,4,2,1,1,4,1,2,11,12,7
42211100010,4,å‹ìáés,ïxç]í¨ïxç],0,,,42,0,0,3,1,0,0,2,1,3,0,1,1,8,10,6,3,17,22,6,23,0,0,3,1,0,0,1,1,2,0,1,1,3,4,3,3,10,10,3,19,0,0,0,0,0,0,1,0,1,0,0,0,5,6,3,0,7,12,3
42211100012,4,å‹ìáés,ïxç]í¨ïxç],0,,,21,0,0,1,1,1,0,1,0,1,3,0,3,2,4,1,1,12,8,3,11,0,0,1,0,0,0,0,0,1,1,0,1,2,3,1,1,5,5,1,10,0,0,0,1,1,0,1,0,0,2,0,2,0,1,0,0,7,3,2
42211100013,4,å‹ìáés,ïxç]í¨ïxç],0,,,226,5,10,9,9,3,5,8,11,7,7,12,12,20,22,28,24,94,108,58,110,2,5,6,6,2,5,2,6,3,2,5,7,11,10,16,13,49,48,22,116,3,5,3,3,1,0,6,5,4,5,7,5,9,12,12,11,45,60,36
422111010,3,å‹ìáés,ïxç]í¨éÎóß,0,,,637,31,31,31,19,18,12,31,38,35,41,29,41,63,75,50,93,327,217,92,307,12,15,16,13,11,5,13,20,17,23,10,14,36,39,26,43,162,102,37,330,19,16,15,6,7,7,18,18,18,18,19,27,27,36,24,50,165,115,55
42211101001,4,å‹ìáés,ïxç]í¨éÎóß,2,101002,,0,0,0,0,0,0,0,0,0,0,0,0,0,0,0,0,0,0,0,0,0,0,0,0,0,0,0,0,0,0,0,0,0,0,0,0,0,0,0,0,0,0,0,0,0,0,0,0,0,0,0,0,0,0,0,0,0,0,0,0
42211101002,4,å‹ìáés,ïxç]í¨éÎóß,1,,101001,180,12,11,11,6,6,6,7,12,14,18,12,4,12,13,15,34,97,49,21,83,5,8,2,4,3,2,3,7,6,12,4,1,8,5,6,15,50,18,7,97,7,3,9,2,3,4,4,5,8,6,8,3,4,8,9,19,47,31,14
42211101004,4,å‹ìáés,ïxç]í¨éÎóß,2,101019,,0,0,0,0,0,0,0,0,0,0,0,0,0,0,0,0,0,0,0,0,0,0,0,0,0,0,0,0,0,0,0,0,0,0,0,0,0,0,0,0,0,0,0,0,0,0,0,0,0,0,0,0,0,0,0,0,0,0,0,0
42211101019,4,å‹ìáés,ïxç]í¨éÎóß,1,,101004,143,11,5,5,4,5,3,5,11,8,5,5,7,13,23,13,21,66,56,20,77,6,2,4,3,4,1,2,5,6,2,1,2,7,13,9,12,33,32,10,66,5,3,1,1,1,2,3,6,2,3,4,5,6,10,4,9,33,24,10
42211101020,4,å‹ìáés,ïxç]í¨éÎóß,0,,,290,8,15,15,8,5,3,19,14,12,14,11,28,31,37,22,38,145,107,48,135,1,5,10,5,3,2,8,8,5,7,5,11,16,20,11,16,70,49,18,155,7,10,5,3,2,1,11,6,7,7,6,17,15,17,11,22,75,58,30
42211101022,4,å‹ìáés,ïxç]í¨éÎóß,0,,,24,0,0,0,1,2,0,0,1,1,4,1,2,7,2,0,0,19,5,3,12,0,0,0,1,1,0,0,0,0,2,0,0,5,1,0,0,9,3,2,12,0,0,0,0,1,0,0,1,1,2,1,2,2,1,0,0,10,2,1
422111020,3,å‹ìáés,ïxç]í¨èºîˆ,0,,,272,1,8,14,6,2,3,4,6,9,18,14,13,27,36,37,23,102,146,73,130,1,4,10,0,1,1,2,2,6,10,9,7,14,17,15,15,52,62,30,142,0,4,4,6,1,2,2,4,3,8,5,6,13,19,22,8,50,84,43
42211102004,4,å‹ìáés,ïxç]í¨èºîˆ,0,,,0,0,0,0,0,0,0,0,0,0,0,0,0,0,0,0,0,0,0,0,0,0,0,0,0,0,0,0,0,0,0,0,0,0,0,0,0,0,0,0,0,0,0,0,0,0,0,0,0,0,0,0,0,0,0,0,0,0,0,0
42211102017,4,å‹ìáés,ïxç]í¨èºîˆ,0,,,127,0,4,7,3,1,1,2,3,3,9,8,6,15,17,15,11,51,65,33,62,0,2,7,0,1,0,2,1,3,3,5,4,9,8,4,9,28,25,13,65,0,2,0,3,0,1,0,2,0,6,3,2,6,9,11,2,23,40,20
42211102018,4,å‹ìáés,ïxç]í¨èºîˆ,0,,,47,1,3,4,0,1,0,0,1,4,7,1,0,5,9,2,8,19,20,9,22,1,1,1,0,0,0,0,0,2,5,0,0,1,5,2,3,8,11,4,25,0,2,3,0,1,0,0,1,2,2,1,0,4,4,0,5,11,9,5
42211102019,4,å‹ìáés,ïxç]í¨èºîˆ,0,,,0,0,0,0,0,0,0,0,0,0,0,0,0,0,0,0,0,0,0,0,0,0,0,0,0,0,0,0,0,0,0,0,0,0,0,0,0,0,0,0,0,0,0,0,0,0,0,0,0,0,0,0,0,0,0,0,0,0,0,0
42211102021,4,å‹ìáés,ïxç]í¨èºîˆ,0,,,30,0,0,2,2,0,1,0,1,1,1,4,1,5,2,6,2,16,12,4,16,0,0,2,0,0,1,0,0,1,1,3,0,3,1,3,2,9,5,1,14,0,0,0,2,0,0,0,1,0,0,1,1,2,1,3,0,7,7,3
42211102022,4,å‹ìáés,ïxç]í¨èºîˆ,0,,,68,0,1,1,1,0,1,2,1,1,1,1,6,2,8,14,2,16,49,27,30,0,1,0,0,0,0,0,1,0,1,1,3,1,3,6,1,7,21,12,38,0,0,1,1,0,1,2,0,1,0,0,3,1,5,8,1,9,28,15
422111030,2,å‹ìáés,ïxç]í¨ìcîˆ,0,,,86,0,0,2,4,0,0,3,1,4,4,4,8,13,15,9,2,41,43,19,39,0,0,0,1,0,0,3,1,2,1,2,4,4,10,2,0,18,21,9,47,0,0,2,3,0,0,0,0,2,3,2,4,9,5,7,2,23,22,10
422111040,2,å‹ìáés,ïxç]í¨î…ï~,0,,,20,0,0,0,0,0,1,0,0,0,0,2,1,3,3,3,0,7,13,7,10,0,0,0,0,0,0,0,0,0,0,2,1,1,2,2,0,4,6,2,10,0,0,0,0,0,1,0,0,0,0,0,0,2,1,1,0,3,7,5
422111050,3,å‹ìáés,ïxç]í¨éRéË,0,,,96,1,2,0,5,1,1,4,3,5,4,2,12,15,15,10,3,52,41,16,45,0,2,0,3,1,0,2,2,1,2,1,5,6,9,5,2,23,20,6,51,1,0,0,2,0,1,2,1,4,2,1,7,9,6,5,1,29,21,10
42211105023,4,å‹ìáés,ïxç]í¨éRéË,0,,,51,0,0,0,3,0,1,1,3,4,3,2,4,8,9,8,0,29,22,5,22,0,0,0,1,0,0,0,2,1,1,1,1,4,4,4,0,11,11,3,29,0,0,0,2,0,1,1,1,3,2,1,3,4,5,4,0,18,11,2
42211105030,4,å‹ìáés,ïxç]í¨éRéË,0,,,45,1,2,0,2,1,0,3,0,1,1,0,8,7,6,2,3,23,19,11,23,0,2,0,2,1,0,2,0,0,1,0,4,2,5,1,2,12,9,3,22,1,0,0,0,0,0,1,0,1,0,0,4,5,1,1,1,11,10,8
422111060,3,å‹ìáés,ïxç]í¨í∑ïÙ,0,,,114,1,1,2,0,0,1,1,0,2,5,5,6,9,9,19,4,29,81,53,54,0,1,1,0,0,1,1,0,0,3,5,2,4,4,11,2,16,36,21,60,1,0,1,0,0,0,0,0,2,2,0,4,5,5,8,2,13,45,32
42211106030,4,å‹ìáés,ïxç]í¨í∑ïÙ,2,106031,,0,0,0,0,0,0,0,0,0,0,0,0,0,0,0,0,0,0,0,0,0,0,0,0,0,0,0,0,0,0,0,0,0,0,0,0,0,0,0,0,0,0,0,0,0,0,0,0,0,0,0,0,0,0,0,0,0,0,0,0
42211106031,4,å‹ìáés,ïxç]í¨í∑ïÙ,1,,106030,66,1,1,2,0,0,0,1,0,2,5,3,1,6,6,15,4,18,44,23,31,0,1,1,0,0,0,1,0,0,3,3,0,2,2,9,2,9,20,9,35,1,0,1,0,0,0,0,0,2,2,0,1,4,4,6,2,9,24,14
42211106032,4,å‹ìáés,ïxç]í¨í∑ïÙ,0,,,23,0,0,0,0,0,0,0,0,0,0,0,1,0,1,2,0,1,22,19,12,0,0,0,0,0,0,0,0,0,0,0,1,0,1,2,0,1,11,8,11,0,0,0,0,0,0,0,0,0,0,0,0,0,0,0,0,0,11,11
42211106033,4,å‹ìáés,ïxç]í¨í∑ïÙ,0,,,25,0,0,0,0,0,1,0,0,0,0,2,4,3,2,2,0,10,15,11,11,0,0,0,0,0,1,0,0,0,0,2,1,2,1,0,0,6,5,4,14,0,0,0,0,0,0,0,0,0,0,0,3,1,1,2,0,4,10,7
422111070,3,å‹ìáés,ïxç]í¨çïê£,0,,,403,5,11,11,4,1,12,11,15,8,22,17,40,43,50,37,27,173,202,115,187,3,5,6,3,0,9,7,6,3,9,9,16,21,30,22,14,83,89,37,216,2,6,5,1,1,3,4,9,5,13,8,24,22,20,15,13,90,113,78
42211107022,4,å‹ìáés,ïxç]í¨çïê£,2,107030,,0,0,0,0,0,0,0,0,0,0,0,0,0,0,0,0,0,0,0,0,0,0,0,0,0,0,0,0,0,0,0,0,0,0,0,0,0,0,0,0,0,0,0,0,0,0,0,0,0,0,0,0,0,0,0,0,0,0,0,0
42211107029,4,å‹ìáés,ïxç]í¨çïê£,0,,,36,1,1,0,0,0,0,1,4,1,2,0,3,4,8,4,2,15,19,7,17,0,1,0,0,0,0,1,2,0,1,0,2,2,4,2,1,8,8,2,19,1,0,0,0,0,0,0,2,1,1,0,1,2,4,2,1,7,11,5
42211107030,4,å‹ìáés,ïxç]í¨çïê£,1,,107022,367,4,10,11,4,1,12,10,11,7,20,17,37,39,42,33,25,158,183,108,170,3,4,6,3,0,9,6,4,3,8,9,14,19,26,20,13,75,81,35,197,1,6,5,1,1,3,4,7,4,12,8,23,20,16,13,12,83,102,73
422111080,2,å‹ìáés,ïxç]í¨éRâ∫,0,,,687,18,29,29,11,5,12,20,32,24,28,30,41,62,106,75,76,265,346,165,327,11,13,17,6,2,5,12,16,14,12,16,20,25,52,41,41,128,158,65,360,7,16,12,5,3,7,8,16,10,16,14,21,37,54,34,35,137,188,100
422111090,3,å‹ìáés,ïxç]í¨äx,0,,,376,3,5,15,11,3,5,7,13,9,7,26,20,54,58,42,23,155,198,98,189,2,3,11,3,2,4,4,8,3,2,15,8,26,33,21,16,75,98,44,187,1,2,4,8,1,1,3,5,6,5,11,12,28,25,21,7,80,100,54
42211109025,4,å‹ìáés,ïxç]í¨äx,0,,,164,2,1,3,5,1,5,4,3,4,3,15,5,23,24,18,6,68,90,48,82,1,0,2,2,1,4,3,1,2,0,8,3,9,15,8,3,33,46,23,82,1,1,1,3,0,1,1,2,2,3,7,2,14,9,10,3,35,44,25
42211109026,4,å‹ìáés,ïxç]í¨äx,0,,,145,0,3,8,5,1,0,2,5,3,4,9,12,23,22,16,11,64,70,32,71,0,3,6,1,1,0,1,3,0,2,6,4,13,9,11,9,31,31,11,74,0,0,2,4,0,0,1,2,3,2,3,8,10,13,5,2,33,39,21
42211109027,4,å‹ìáés,ïxç]í¨äx,0,,,67,1,1,4,1,1,0,1,5,2,0,2,3,8,12,8,6,23,38,18,36,1,0,3,0,0,0,0,4,1,0,1,1,4,9,2,4,11,21,10,31,0,1,1,1,1,0,1,1,1,0,1,2,4,3,6,2,12,17,8
422111100,3,å‹ìáés,ïxç]í¨êEêl,0,,,269,7,12,9,6,4,6,8,14,11,8,16,8,24,30,27,28,105,136,79,119,4,7,4,3,3,2,2,6,7,5,8,3,11,14,16,15,50,54,24,150,3,5,5,3,1,4,6,8,4,3,8,5,13,16,11,13,55,82,55
42211110011,4,å‹ìáés,ïxç]í¨êEêl,0,,,230,7,8,8,6,1,6,7,13,8,7,14,8,22,24,23,23,92,115,68,101,4,6,4,3,1,2,2,6,5,5,7,3,10,12,12,14,44,43,19,129,3,2,4,3,0,4,5,7,3,2,7,5,12,12,11,9,48,72,49
42211110012,4,å‹ìáés,ïxç]í¨êEêl,0,,,28,0,4,1,0,1,0,1,0,2,1,0,0,1,5,3,5,6,17,9,12,0,1,0,0,0,0,0,0,1,0,0,0,1,2,3,1,2,9,4,16,0,3,1,0,1,0,1,0,1,1,0,0,0,3,0,4,4,8,5
42211110025,4,å‹ìáés,ïxç]í¨êEêl,0,,,11,0,0,0,0,2,0,0,1,1,0,2,0,1,1,1,0,7,4,2,6,0,0,0,0,2,0,0,0,1,0,1,0,0,0,1,0,4,2,1,5,0,0,0,0,0,0,0,1,0,0,1,0,1,1,0,0,3,2,1
422111110,3,å‹ìáés,ïxç]í¨ìyéÊ,0,,,230,11,8,1,8,1,9,7,11,7,7,14,12,19,40,22,20,95,115,53,119,5,4,0,6,1,4,6,4,7,4,8,7,5,24,12,9,52,58,22,111,6,4,1,2,0,5,1,7,0,3,6,5,14,16,10,11,43,57,31
42211111011,4,å‹ìáés,ïxç]í¨ìyéÊ,2,111012,,0,0,0,0,0,0,0,0,0,0,0,0,0,0,0,0,0,0,0,0,0,0,0,0,0,0,0,0,0,0,0,0,0,0,0,0,0,0,0,0,0,0,0,0,0,0,0,0,0,0,0,0,0,0,0,0,0,0,0,0
42211111012,4,å‹ìáés,ïxç]í¨ìyéÊ,1,,111011,119,7,7,1,5,0,6,4,7,4,3,8,5,9,17,8,15,51,53,28,62,3,3,0,3,0,2,3,4,4,1,4,3,3,11,6,6,27,29,12,57,4,4,1,2,0,4,1,3,0,2,4,2,6,6,2,9,24,24,16
42211111024,4,å‹ìáés,ïxç]í¨ìyéÊ,0,,,97,4,1,0,3,1,3,3,3,3,4,5,6,10,19,9,5,41,51,23,51,2,1,0,3,1,2,3,0,3,3,3,3,2,12,4,3,23,25,9,46,2,0,0,0,0,1,0,3,0,1,2,3,8,7,5,2,18,26,14
42211111025,4,å‹ìáés,ïxç]í¨ìyéÊ,1,,1120,14,0,0,0,0,0,0,0,1,0,0,1,1,0,4,5,0,3,11,2,6,0,0,0,0,0,0,0,0,0,0,1,1,0,1,2,0,2,4,1,8,0,0,0,0,0,0,0,1,0,0,0,0,0,3,3,0,1,7,1
422111120,2,å‹ìáés,ïxç]í¨çïìá,2,111025,,0,0,0,0,0,0,0,0,0,0,0,0,0,0,0,0,0,0,0,0,0,0,0,0,0,0,0,0,0,0,0,0,0,0,0,0,0,0,0,0,0,0,0,0,0,0,0,0,0,0,0,0,0,0,0,0,0,0,0,0
422111130,2,å‹ìáés,ã îVâYí¨ã îVâY,0,,,435,6,14,14,3,2,1,10,15,14,19,17,31,43,63,69,34,155,246,114,213,2,6,9,1,2,0,5,4,7,14,8,15,27,31,38,17,83,113,44,222,4,8,5,2,0,1,5,11,7,5,9,16,16,32,31,17,72,133,70
422111140,2,å‹ìáés,ã îVâYí¨ëÂïÛ,1,,1230,216,3,5,4,4,4,2,3,7,4,6,20,20,22,19,27,12,92,112,66,113,1,3,3,3,3,1,1,4,2,5,12,13,10,10,10,7,54,52,32,103,2,2,1,1,1,1,2,3,2,1,8,7,12,9,17,5,38,60,34
422111150,2,å‹ìáés,ã îVâYí¨è¨êÏ,0,,,61,0,1,4,3,1,0,2,4,1,1,5,1,7,7,8,5,25,31,16,30,0,0,2,1,0,0,2,2,0,1,3,1,2,4,4,2,12,16,8,31,0,1,2,2,1,0,0,2,1,0,2,0,5,3,4,3,13,15,8
422111160,2,å‹ìáés,ã îVâYí¨íÜê{,0,,,84,0,5,2,1,1,1,1,5,4,2,6,9,4,7,9,7,34,43,27,41,0,3,1,0,1,1,0,2,3,2,3,3,3,3,5,4,18,19,11,43,0,2,1,1,0,0,1,3,1,0,3,6,1,4,4,3,16,24,16
422111170,2,å‹ìáés,ã îVâYí¨äÙãvéR,0,,,89,0,0,0,0,1,0,2,1,2,0,4,6,5,13,8,0,21,68,47,45,0,0,0,0,1,0,2,0,2,0,2,2,3,10,2,0,12,33,21,44,0,0,0,0,0,0,0,1,0,0,2,4,2,3,6,0,9,35,26
422111180,2,å‹ìáés,ã îVâYí¨è„ÇÃïΩ,0,,,36,0,0,0,0,0,0,1,0,1,2,2,6,2,6,10,0,14,22,6,15,0,0,0,0,0,0,1,0,0,1,0,3,1,2,5,0,6,9,2,21,0,0,0,0,0,0,0,0,1,1,2,3,1,4,5,0,8,13,4
422111190,2,å‹ìáés,ã îVâYí¨çrêÏ,0,,,178,3,1,0,2,2,3,8,4,0,4,9,11,11,16,22,4,54,120,82,79,1,0,0,2,2,2,3,1,0,2,4,7,7,9,13,1,30,48,26,99,2,1,0,0,0,1,5,3,0,2,5,4,4,7,9,3,24,72,56
422111200,2,å‹ìáés,ã îVâYí¨ïzâY,0,,,25,0,0,1,0,1,0,0,0,0,0,2,1,3,3,3,1,7,17,11,12,0,0,1,0,1,0,0,0,0,0,1,0,2,2,0,1,4,7,5,13,0,0,0,0,0,0,0,0,0,0,1,1,1,1,3,0,3,10,6
422111210,2,å‹ìáés,ã îVâYí¨ì⁄îë,0,,,12,2,0,0,0,0,1,2,0,0,0,0,0,0,0,4,2,3,7,3,7,1,0,0,0,0,0,2,0,0,0,0,0,0,0,3,1,2,4,1,5,1,0,0,0,0,1,0,0,0,0,0,0,0,0,1,1,1,3,2
422111220,2,å‹ìáés,ã îVâYí¨íOìﬁ,0,,,39,0,0,0,1,0,0,1,0,1,2,4,2,5,3,4,0,16,23,16,19,0,0,0,0,0,0,1,0,0,1,2,2,4,1,1,0,10,9,7,20,0,0,0,1,0,0,0,0,1,1,2,0,1,2,3,0,6,14,9
422111230,2,å‹ìáés,ã îVâYí¨óßíJ,2,1140,,0,0,0,0,0,0,0,0,0,0,0,0,0,0,0,0,0,0,0,0,0,0,0,0,0,0,0,0,0,0,0,0,0,0,0,0,0,0,0,0,0,0,0,0,0,0,0,0,0,0,0,0,0,0,0,0,0,0,0,0
422111240,3,å‹ìáés,éOà‰äyí¨ïlÉmî»,0,,,1439,45,51,50,48,24,33,50,61,49,84,94,101,139,156,133,146,683,609,320,688,18,22,24,31,14,15,25,30,30,42,40,52,68,84,71,64,347,276,121,751,27,29,26,17,10,18,25,31,19,42,54,49,71,72,62,82,336,333,199
42211124001,4,å‹ìáés,éOà‰äyí¨ïlÉmî»,0,,,114,0,4,0,6,4,1,0,1,4,9,12,11,12,12,11,4,60,50,27,47,0,0,0,4,2,1,0,0,1,2,5,6,5,7,5,0,26,21,9,67,0,4,0,2,2,0,0,1,3,7,7,5,7,5,6,4,34,29,18
42211124002,4,å‹ìáés,éOà‰äyí¨ïlÉmî»,0,,,156,6,5,10,10,1,4,9,7,3,12,14,15,11,12,11,21,86,49,26,70,1,1,5,9,1,1,3,2,1,4,6,8,5,7,5,7,40,23,11,86,5,4,5,1,0,3,6,5,2,8,8,7,6,5,6,14,46,26,15
42211124003,4,å‹ìáés,éOà‰äyí¨ïlÉmî»,0,,,209,1,1,1,5,2,1,2,2,0,7,12,15,29,23,26,3,75,131,82,92,1,0,0,4,1,0,2,2,0,4,4,7,12,14,13,1,36,55,28,117,0,1,1,1,1,1,0,0,0,3,8,8,17,9,13,2,39,76,54
42211124004,4,å‹ìáés,éOà‰äyí¨ïlÉmî»,0,,,99,2,2,4,4,2,2,2,6,4,3,7,6,4,17,6,8,40,51,28,49,1,1,3,1,0,2,1,3,2,2,3,4,2,8,4,5,20,24,12,50,1,1,1,3,2,0,1,3,2,1,4,2,2,9,2,3,20,27,16
42211124005,4,å‹ìáés,éOà‰äyí¨ïlÉmî»,0,,,168,7,7,9,4,2,6,6,15,9,6,7,10,21,21,9,23,86,59,29,89,4,6,3,3,1,1,2,9,8,3,3,7,11,12,5,13,48,28,11,79,3,1,6,1,1,5,4,6,1,3,4,3,10,9,4,10,38,31,18
42211124006,4,å‹ìáés,éOà‰äyí¨ïlÉmî»,0,,,106,3,5,3,2,2,0,4,5,3,7,2,11,8,15,10,11,44,51,26,48,0,2,2,1,1,0,1,3,2,4,1,5,4,6,6,4,22,22,10,58,3,3,1,1,1,0,3,2,1,3,1,6,4,9,4,7,22,29,16
42211124007,4,å‹ìáés,éOà‰äyí¨ïlÉmî»,0,,,296,20,16,18,8,9,12,21,20,18,22,20,8,19,21,27,54,157,84,36,156,8,6,8,4,7,7,13,9,12,15,10,4,9,10,16,22,90,43,17,140,12,10,10,4,2,5,8,11,6,7,10,4,10,11,11,32,67,41,19
42211124008,4,å‹ìáés,éOà‰äyí¨ïlÉmî»,0,,,168,5,11,5,5,2,4,4,4,6,12,6,9,18,21,23,21,70,77,33,79,2,6,3,3,1,1,2,1,3,4,2,5,12,9,14,11,34,34,11,89,3,5,2,2,1,3,2,3,3,8,4,4,6,12,9,10,36,43,22
42211124023,4,å‹ìáés,éOà‰äyí¨ïlÉmî»,0,,,33,1,0,0,1,0,1,1,0,1,0,5,5,4,4,2,1,18,14,8,15,1,0,0,1,0,1,1,0,0,0,2,1,2,3,0,1,8,6,3,18,0,0,0,0,0,0,0,0,1,0,3,4,2,1,2,0,10,8,5
42211124024,4,å‹ìáés,éOà‰äyí¨ïlÉmî»,0,,,90,0,0,0,3,0,2,1,1,1,6,9,11,13,10,8,0,47,43,25,43,0,0,0,1,0,1,0,1,1,4,4,5,6,8,3,0,23,20,9,47,0,0,0,2,0,1,1,0,0,2,5,6,7,2,5,0,24,23,16
422111250,3,å‹ìáés,éOà‰äyí¨äLí√,0,,,120,1,1,2,2,1,3,0,5,2,5,10,9,7,18,15,4,44,72,39,58,0,0,0,1,1,0,0,3,0,3,5,7,3,10,9,0,23,35,16,62,1,1,2,1,0,3,0,2,2,2,5,2,4,8,6,4,21,37,23
42211125009,4,å‹ìáés,éOà‰äyí¨äLí√,0,,,47,0,0,0,1,0,2,0,0,1,0,6,5,1,8,5,0,16,31,18,21,0,0,0,0,0,0,0,0,0,0,2,4,0,4,3,0,6,15,8,26,0,0,0,1,0,2,0,0,1,0,4,1,1,4,2,0,10,16,10
42211125010,4,å‹ìáés,éOà‰äyí¨äLí√,0,,,73,1,1,2,1,1,1,0,5,1,5,4,4,6,10,10,4,28,41,21,37,0,0,0,1,1,0,0,3,0,3,3,3,3,6,6,0,17,20,8,36,1,1,2,0,0,1,0,2,1,2,1,1,3,4,4,4,11,21,13
422111260,2,å‹ìáés,éOà‰äyí¨âñêÖ,0,,,43,0,1,3,4,0,0,0,2,3,5,3,4,3,6,2,4,24,15,7,20,0,1,2,2,0,0,0,1,2,1,2,3,1,3,1,3,12,5,1,23,0,0,1,2,0,0,0,1,1,4,1,1,2,3,1,1,12,10,6
422111270,2,å‹ìáés,éOà‰äyí¨âNÉmâY,0,,,22,0,0,0,1,0,0,0,0,0,0,2,3,4,4,0,0,10,12,8,12,0,0,0,0,0,0,0,0,0,0,1,2,2,3,0,0,5,7,4,10,0,0,0,1,0,0,0,0,0,0,1,1,2,1,0,0,5,5,4
422111280,2,å‹ìáés,éOà‰äyí¨îgçªä‘,0,,,60,2,0,0,4,2,1,0,0,1,3,1,9,7,7,4,2,28,30,19,30,1,0,0,3,1,0,0,0,0,1,0,6,3,3,1,1,14,15,11,30,1,0,0,1,1,1,0,0,1,2,1,3,4,4,3,1,14,15,8
422111290,2,å‹ìáés,éOà‰äyí¨ïlçÛ,0,,,90,0,0,1,1,1,0,3,1,0,0,5,10,12,5,12,1,33,56,39,47,0,0,0,1,1,0,1,1,0,0,4,6,5,4,5,0,19,28,19,43,0,0,1,0,0,0,2,0,0,0,1,4,7,1,7,1,14,28,20
422111300,3,å‹ìáés,éOà‰äyí¨îê,0,,,239,1,0,2,6,1,3,1,8,2,8,15,24,42,22,27,3,110,124,75,114,1,0,0,4,0,1,1,6,1,5,9,10,25,11,16,1,62,50,23,125,0,0,2,2,1,2,0,2,1,3,6,14,17,11,11,2,48,74,52
42211130015,4,å‹ìáés,éOà‰äyí¨îê,0,,,71,0,0,0,1,1,0,0,0,0,2,6,6,9,7,6,0,25,44,31,31,0,0,0,0,0,0,0,0,0,1,3,3,5,3,4,0,12,18,11,40,0,0,0,1,1,0,0,0,0,1,3,3,4,4,2,0,13,26,20
42211130016,4,å‹ìáés,éOà‰äyí¨îê,0,,,76,0,0,1,3,0,1,0,2,2,3,4,7,13,9,13,1,35,40,18,37,0,0,0,2,0,0,0,1,1,2,2,3,9,3,8,0,20,17,6,39,0,0,1,1,0,1,0,1,1,1,2,4,4,6,5,1,15,23,12
42211130017,4,å‹ìáés,éOà‰äyí¨îê,0,,,92,1,0,1,2,0,2,1,6,0,3,5,11,20,6,8,2,50,40,26,46,1,0,0,2,0,1,1,5,0,2,4,4,11,5,4,1,30,15,6,46,0,0,1,0,0,1,0,1,0,1,1,7,9,1,4,1,20,25,20
422111310,2,å‹ìáés,éOà‰äyí¨çÇçË,0,,,41,0,1,3,0,0,1,0,0,1,1,2,3,11,3,4,4,19,18,11,21,0,0,1,0,0,1,0,0,0,1,1,1,6,2,2,1,10,10,6,20,0,1,2,0,0,0,0,0,1,0,1,2,5,1,2,3,9,8,5
422111320,2,å‹ìáés,éOà‰äyí¨ëÂêÏ,0,,,11,0,0,0,0,0,0,0,0,1,1,0,1,2,0,0,0,5,6,6,4,0,0,0,0,0,0,0,0,1,1,0,0,1,0,0,0,3,1,1,7,0,0,0,0,0,0,0,0,0,0,0,1,1,0,0,0,2,5,5
422111330,3,å‹ìáés,éOà‰äyí¨äx,0,,,105,1,2,1,2,25,12,9,3,2,3,5,0,8,7,3,4,69,32,22,65,1,1,1,2,22,9,8,2,2,1,2,0,5,3,2,3,53,9,4,40,0,1,0,0,3,3,1,1,0,2,3,0,3,4,1,1,16,23,18
42211133020,4,å‹ìáés,éOà‰äyí¨äx,0,,,58,1,2,1,0,0,2,1,2,1,3,5,0,8,7,3,4,22,32,22,25,1,1,1,0,0,2,1,1,1,1,2,0,5,3,2,3,13,9,4,33,0,1,0,0,0,0,0,1,0,2,3,0,3,4,1,1,9,23,18
42211133022,4,å‹ìáés,éOà‰äyí¨äx,0,,,47,0,0,0,2,25,10,8,1,1,0,0,0,0,0,0,0,47,0,0,40,0,0,0,2,22,7,7,1,1,0,0,0,0,0,0,0,40,0,0,7,0,0,0,0,3,3,1,0,0,0,0,0,0,0,0,0,7,0,0
422111340,2,å‹ìáés,éOà‰äyí¨ï£Émå≥,0,,,20,0,0,1,0,0,0,1,0,0,1,1,2,4,1,0,1,9,10,9,12,0,0,1,0,0,0,0,0,0,0,1,1,3,1,0,1,5,6,5,8,0,0,0,0,0,0,1,0,0,1,0,1,1,0,0,0,4,4,4
422111350,3,å‹ìáés,éOà‰äyí¨çµâ„ìá,0,,,79,0,2,1,1,2,6,3,4,0,3,4,11,11,10,7,3,45,31,14,45,0,1,1,0,2,5,2,2,0,2,2,6,6,4,6,2,27,16,6,34,0,1,0,1,0,1,1,2,0,1,2,5,5,6,1,1,18,15,8
42211135025,4,å‹ìáés,éOà‰äyí¨çµâ„ìá,0,,,27,0,1,0,1,0,0,0,1,0,1,2,5,5,1,4,1,15,11,6,13,0,0,0,0,0,0,0,0,0,0,1,3,2,0,4,0,6,7,3,14,0,1,0,1,0,0,0,1,0,1,1,2,3,1,0,1,9,4,3
42211135026,4,å‹ìáés,éOà‰äyí¨çµâ„ìá,0,,,52,0,1,1,0,2,6,3,3,0,2,2,6,6,9,3,2,30,20,8,32,0,1,1,0,2,5,2,2,0,2,1,3,4,4,2,2,21,9,3,20,0,0,0,0,0,1,1,1,0,0,1,3,2,5,1,0,9,11,5
422111360,3,å‹ìáés,äÚèhí¨äÚèh,0,,,965,22,25,35,35,24,30,24,28,38,52,56,53,76,92,101,82,416,467,274,438,8,14,16,20,10,15,4,17,17,30,30,26,35,45,52,38,204,196,99,527,14,11,19,15,14,15,20,11,21,22,26,27,41,47,49,44,212,271,175
42211136001,4,å‹ìáés,äÚèhí¨äÚèh,0,,,79,1,3,1,4,1,2,3,1,2,1,4,8,7,3,10,5,33,41,28,38,0,2,1,3,1,2,0,1,1,0,4,4,2,2,6,3,18,17,9,41,1,1,0,1,0,0,3,0,1,1,0,4,5,1,4,2,15,24,19
42211136002,4,å‹ìáés,äÚèhí¨äÚèh,0,,,69,3,1,7,3,3,3,1,3,2,6,3,3,6,3,5,11,33,25,17,26,1,0,1,0,1,2,0,2,1,3,1,0,2,3,3,2,12,12,6,43,2,1,6,3,2,1,1,1,1,3,2,3,4,0,2,9,21,13,11
42211136003,4,å‹ìáés,äÚèhí¨äÚèh,0,,,42,1,1,2,2,1,1,1,0,2,5,0,3,4,2,5,4,19,19,12,18,0,1,1,0,1,0,0,0,1,2,0,1,4,0,4,2,9,7,3,24,1,0,1,2,0,1,1,0,1,3,0,2,0,2,1,2,10,12,9
42211136004,4,å‹ìáés,äÚèhí¨äÚèh,0,,,50,0,0,0,2,0,1,0,1,8,3,8,3,2,3,5,0,28,22,14,25,0,0,0,1,0,1,0,0,4,2,7,1,1,2,1,0,17,8,5,25,0,0,0,1,0,0,0,1,4,1,1,2,1,1,4,0,11,14,9
42211136005,4,å‹ìáés,äÚèhí¨äÚèh,0,,,288,14,12,11,10,4,8,9,10,13,17,15,14,21,26,23,37,121,130,81,127,6,5,7,6,1,6,2,6,5,9,5,7,10,13,9,18,57,52,30,161,8,7,4,4,3,2,7,4,8,8,10,7,11,13,14,19,64,78,51
42211136006,4,å‹ìáés,äÚèhí¨äÚèh,0,,,112,2,3,4,3,0,3,1,6,3,5,4,8,9,17,17,9,42,61,27,56,1,1,2,1,0,1,0,3,1,4,3,5,3,9,10,4,21,31,12,56,1,2,2,2,0,2,1,3,2,1,1,3,6,8,7,5,21,30,15
42211136007,4,å‹ìáés,äÚèhí¨äÚèh,0,,,55,0,0,0,0,0,0,0,1,1,0,5,2,7,8,7,0,16,39,24,26,0,0,0,0,0,0,0,1,0,0,2,1,3,6,3,0,7,19,10,29,0,0,0,0,0,0,0,0,1,0,3,1,4,2,4,0,9,20,14
42211136008,4,å‹ìáés,äÚèhí¨äÚèh,0,,,115,1,2,3,5,2,5,0,2,4,7,3,3,11,15,15,6,42,67,37,56,0,2,2,4,2,2,0,1,2,4,2,0,6,5,8,4,23,29,16,59,1,0,1,1,0,3,0,1,2,3,1,3,5,10,7,2,19,38,21
42211136009,4,å‹ìáés,äÚèhí¨äÚèh,0,,,155,0,3,7,6,13,7,9,4,3,8,14,9,9,15,14,10,82,63,34,66,0,3,2,5,4,1,2,3,2,6,6,7,4,5,8,5,40,21,8,89,0,0,5,1,9,6,7,1,1,2,8,2,5,10,6,5,42,42,26
422111370,3,å‹ìáés,äÚèhí¨âÕñ±,0,,,68,1,2,2,1,2,2,2,3,1,7,1,5,9,1,8,5,33,30,21,35,0,1,2,1,2,2,1,2,1,2,0,3,5,0,4,3,19,13,9,33,1,1,0,0,0,0,1,1,0,5,1,2,4,1,4,2,14,17,12
42211137010,4,å‹ìáés,äÚèhí¨âÕñ±,0,,,53,1,2,2,1,2,2,2,2,1,3,1,5,7,0,5,5,26,22,17,29,0,1,2,1,2,2,1,1,1,1,0,3,4,0,2,3,16,10,8,24,1,1,0,0,0,0,1,1,0,2,1,2,3,0,3,2,10,12,9
42211137011,4,å‹ìáés,äÚèhí¨âÕñ±,0,,,15,0,0,0,0,0,0,0,1,0,4,0,0,2,1,3,0,7,8,4,6,0,0,0,0,0,0,0,1,0,1,0,0,1,0,2,0,3,3,1,9,0,0,0,0,0,0,0,0,0,3,0,0,1,1,1,0,4,5,3
422111380,3,å‹ìáés,äÚèhí¨ìÌå¥,0,,,250,5,8,4,10,2,4,6,8,6,8,17,36,31,33,25,17,128,105,47,114,2,3,3,4,0,3,3,4,2,3,7,19,17,17,12,8,62,44,15,136,3,5,1,6,2,1,3,4,4,5,10,17,14,16,13,9,66,61,32
42211138012,4,å‹ìáés,äÚèhí¨ìÌå¥,0,,,111,2,3,1,5,1,3,1,5,2,4,7,17,12,15,13,6,57,48,20,49,0,0,1,2,0,3,1,2,1,0,4,10,6,7,6,1,29,19,6,62,2,3,0,3,1,0,0,3,1,4,3,7,6,8,7,5,28,29,14
42211138013,4,å‹ìáés,äÚèhí¨ìÌå¥,0,,,83,0,2,3,5,0,1,1,2,4,3,5,14,11,14,5,5,46,32,13,38,0,0,2,2,0,0,0,2,1,2,1,7,6,10,1,2,21,15,4,45,0,2,1,3,0,1,1,0,3,1,4,7,5,4,4,3,25,17,9
42211138014,4,å‹ìáés,äÚèhí¨ìÌå¥,0,,,56,3,3,0,0,1,0,4,1,0,1,5,5,8,4,7,6,25,25,14,27,2,3,0,0,0,0,2,0,0,1,2,2,5,0,5,5,12,10,5,29,1,0,0,0,1,0,2,1,0,0,3,3,3,4,2,1,13,15,9
422111390,3,å‹ìáés,äÚèhí¨êÏå¥,0,,,597,17,31,28,38,6,13,17,20,40,42,40,47,56,47,41,76,319,202,114,288,6,18,15,18,6,10,9,9,24,21,17,25,30,18,22,39,169,80,40,309,11,13,13,20,0,3,8,11,16,21,23,22,26,29,19,37,150,122,74
42211139015,4,å‹ìáés,äÚèhí¨êÏå¥,0,,,71,3,5,4,2,0,1,4,4,3,2,2,6,9,7,3,12,33,26,16,31,2,1,2,2,0,0,3,2,2,1,0,3,4,3,2,5,17,9,4,40,1,4,2,0,0,1,1,2,1,1,2,3,5,4,1,7,16,17,12
42211139016,4,å‹ìáés,äÚèhí¨êÏå¥,0,,,168,4,6,9,16,1,6,3,5,14,12,13,14,11,10,11,19,95,54,33,88,1,4,4,9,1,5,1,2,9,6,7,6,8,3,6,9,54,25,16,80,3,2,5,7,0,1,2,3,5,6,6,8,3,7,5,10,41,29,17
42211139017,4,å‹ìáés,äÚèhí¨êÏå¥,0,,,209,2,16,10,14,1,3,5,8,11,18,20,11,22,11,16,28,113,68,41,100,1,10,6,7,1,3,2,3,7,9,8,9,11,4,8,17,60,23,11,109,1,6,4,7,0,0,3,5,4,9,12,2,11,7,8,11,53,45,30
42211139018,4,å‹ìáés,äÚèhí¨êÏå¥,0,,,123,8,4,5,6,3,2,5,2,11,10,5,7,12,14,10,17,63,43,19,56,2,3,3,0,3,1,3,1,5,5,2,4,6,7,5,8,30,18,6,67,6,1,2,6,0,1,2,1,6,5,3,3,6,7,5,9,33,25,13
42211139019,4,å‹ìáés,äÚèhí¨êÏå¥,1,,139020,26,0,0,0,0,1,1,0,1,1,0,0,9,2,5,1,0,15,11,5,13,0,0,0,0,1,1,0,1,1,0,0,3,1,1,1,0,8,5,3,13,0,0,0,0,0,0,0,0,0,0,0,6,1,4,0,0,7,6,2
42211139020,4,å‹ìáés,äÚèhí¨êÏå¥,2,139019,,0,0,0,0,0,0,0,0,0,0,0,0,0,0,0,0,0,0,0,0,0,0,0,0,0,0,0,0,0,0,0,0,0,0,0,0,0,0,0,0,0,0,0,0,0,0,0,0,0,0,0,0,0,0,0,0,0,0,0,0
422111400,3,å‹ìáés,äÚèhí¨èºéR,0,,,323,4,7,10,11,10,7,6,6,12,16,30,20,39,39,30,21,157,145,76,152,3,4,3,6,4,5,2,2,5,8,10,10,22,25,14,10,74,68,29,171,1,3,7,5,6,2,4,4,7,8,20,10,17,14,16,11,83,77,47
42211140021,4,å‹ìáés,äÚèhí¨èºéR,0,,,25,0,0,0,0,3,1,1,0,0,4,3,1,2,1,3,0,15,10,6,12,0,0,0,0,1,1,1,0,0,2,1,1,1,0,2,0,8,4,2,13,0,0,0,0,2,0,0,0,0,2,2,0,1,1,1,0,7,6,4
42211140022,4,å‹ìáés,äÚèhí¨èºéR,0,,,128,3,4,3,4,2,2,2,3,7,6,11,6,17,23,12,10,60,58,23,67,3,3,1,2,1,1,1,1,3,3,5,1,9,17,6,7,27,33,10,61,0,1,2,2,1,1,1,2,4,3,6,5,8,6,6,3,33,25,13
42211140023,4,å‹ìáés,äÚèhí¨èºéR,0,,,170,1,3,7,7,5,4,3,3,5,6,16,13,20,15,15,11,82,77,47,73,0,1,2,4,2,3,0,1,2,3,4,8,12,8,6,3,39,31,17,97,1,2,5,3,3,1,3,2,3,3,12,5,8,7,9,8,43,46,30
422111410,3,å‹ìáés,äÚèhí¨íÜõ‘,0,,,500,24,14,28,15,7,15,12,19,32,15,38,31,52,51,32,66,236,198,115,238,14,7,17,7,4,7,6,12,15,7,19,14,24,25,18,38,115,85,42,262,10,7,11,8,3,8,6,7,17,8,19,17,28,26,14,28,121,113,73
42211141024,4,å‹ìáés,äÚèhí¨íÜõ‘,0,,,154,8,4,6,4,6,4,3,4,9,10,9,8,16,17,12,18,73,63,34,72,3,2,5,1,3,2,2,2,4,5,4,3,8,9,7,10,34,28,12,82,5,2,1,3,3,2,1,2,5,5,5,5,8,8,5,8,39,35,22
42211141025,4,å‹ìáés,äÚèhí¨íÜõ‘,0,,,142,10,7,4,1,1,3,5,4,8,1,13,18,14,12,5,21,68,53,36,67,7,4,3,1,1,2,3,2,3,1,5,8,6,6,3,14,32,21,12,75,3,3,1,0,0,1,2,2,5,0,8,10,8,6,2,7,36,32,24
42211141026,4,å‹ìáés,äÚèhí¨íÜõ‘,0,,,204,6,3,18,10,0,8,4,11,15,4,16,5,22,22,15,27,95,82,45,99,4,1,9,5,0,3,1,8,8,1,10,3,10,10,8,14,49,36,18,105,2,2,9,5,0,5,3,3,7,3,6,2,12,12,7,13,46,46,27
422111420,2,å‹ìáés,äÚèhí¨ìÒñ{ìÌ,0,,,228,1,2,8,0,5,4,5,4,5,5,8,18,22,23,19,11,76,141,99,94,0,2,7,0,1,4,4,1,3,2,5,9,10,15,8,9,39,46,23,134,1,0,1,0,4,0,1,3,2,3,3,9,12,8,11,2,37,95,76
422111430,2,å‹ìáés,äÚèhí¨ìÇëDÉmâY,2,180,,0,0,0,0,0,0,0,0,0,0,0,0,0,0,0,0,0,0,0,0,0,0,0,0,0,0,0,0,0,0,0,0,0,0,0,0,0,0,0,0,0,0,0,0,0,0,0,0,0,0,0,0,0,0,0,0,0,0,0,0
422111440,2,å‹ìáés,äÚèhí¨åÀäÚÉméÒ,0,,,10,0,0,0,0,0,1,0,0,0,0,3,0,0,1,0,0,4,6,5,6,0,0,0,0,0,1,0,0,0,0,2,0,0,1,0,0,3,3,2,4,0,0,0,0,0,0,0,0,0,0,1,0,0,0,0,0,1,3,3
422111450,2,å‹ìáés,äÚèhí¨ïPìá,0,,,0,0,0,0,0,0,0,0,0,0,0,0,0,0,0,0,0,0,0,0,0,0,0,0,0,0,0,0,0,0,0,0,0,0,0,0,0,0,0,0,0,0,0,0,0,0,0,0,0,0,0,0,0,0,0,0,0,0,0,0
422111460,3,å‹ìáés,ìﬁóØí¨âY,0,,,1224,21,21,29,31,8,14,35,40,59,44,56,119,152,169,157,71,558,594,268,592,9,13,13,12,4,6,19,20,34,28,31,67,76,79,75,35,297,259,105,632,12,8,16,19,4,8,16,20,25,16,25,52,76,90,82,36,261,335,163
42211146001,4,å‹ìáés,ìﬁóØí¨âY,0,,,160,6,6,1,7,2,2,5,3,9,10,9,13,14,20,20,13,74,73,33,72,1,2,1,3,0,0,2,1,7,5,5,9,4,8,10,4,36,32,14,88,5,4,0,4,2,2,3,2,2,5,4,4,10,12,10,9,38,41,19
42211146002,4,å‹ìáés,ìﬁóØí¨âY,0,,,118,1,0,2,1,0,1,1,3,3,4,6,14,15,10,19,3,48,66,37,60,1,0,0,1,0,1,1,2,1,3,5,9,7,5,9,1,30,28,14,58,0,0,2,0,0,0,0,1,2,1,1,5,8,5,10,2,18,38,23
42211146003,4,å‹ìáés,ìﬁóØí¨âY,0,,,534,7,11,21,18,3,8,18,21,31,20,22,54,60,66,70,39,255,240,104,267,5,9,9,7,3,4,9,11,17,13,11,30,31,30,33,23,136,108,45,267,2,2,12,11,0,4,9,10,14,7,11,24,29,36,37,16,119,132,59
42211146004,4,å‹ìáés,ìﬁóØí¨âY,0,,,254,5,2,4,5,2,3,6,10,12,9,13,27,36,44,26,11,123,120,50,123,1,1,3,1,1,1,4,6,7,6,7,12,19,21,15,5,64,54,18,131,4,1,1,4,1,2,2,4,5,3,6,15,17,23,11,6,59,66,32
42211146005,4,å‹ìáés,ìﬁóØí¨âY,0,,,137,2,2,1,0,1,0,5,3,4,1,6,11,24,25,18,5,55,77,34,63,1,1,0,0,0,0,3,0,2,1,3,7,14,13,6,2,30,31,12,74,1,1,1,0,1,0,2,3,2,0,3,4,10,12,12,3,25,46,22
42211146006,4,å‹ìáés,ìﬁóØí¨âY,1,,146007,21,0,0,0,0,0,0,0,0,0,0,0,0,3,4,4,0,3,18,10,7,0,0,0,0,0,0,0,0,0,0,0,0,1,2,2,0,1,6,2,14,0,0,0,0,0,0,0,0,0,0,0,0,2,2,2,0,2,12,8
42211146007,4,å‹ìáés,ìﬁóØí¨âY,2,146006,,0,0,0,0,0,0,0,0,0,0,0,0,0,0,0,0,0,0,0,0,0,0,0,0,0,0,0,0,0,0,0,0,0,0,0,0,0,0,0,0,0,0,0,0,0,0,0,0,0,0,0,0,0,0,0,0,0,0,0,0
422111470,3,å‹ìáés,ìﬁóØí¨îë,0,,,320,3,5,4,3,3,1,1,6,10,8,11,27,51,58,41,12,121,187,88,146,0,1,2,1,2,0,1,1,5,5,4,16,24,30,22,3,59,84,32,174,3,4,2,2,1,1,0,5,5,3,7,11,27,28,19,9,62,103,56
42211147008,4,å‹ìáés,ìﬁóØí¨îë,0,,,84,1,2,2,1,3,0,0,2,3,2,5,9,16,13,9,5,41,38,16,34,0,0,1,0,2,0,0,0,2,1,2,4,7,7,5,1,18,15,3,50,1,2,1,1,1,0,0,2,1,1,3,5,9,6,4,4,23,23,13
42211147009,4,å‹ìáés,ìﬁóØí¨îë,0,,,49,2,2,0,0,0,0,0,1,3,1,2,2,5,8,4,4,14,31,19,21,0,1,0,0,0,0,0,0,1,1,0,2,2,5,2,1,6,14,7,28,2,1,0,0,0,0,0,1,2,0,2,0,3,3,2,3,8,17,12
42211147010,4,å‹ìáés,ìﬁóØí¨îë,0,,,23,0,0,0,0,0,1,1,1,0,0,0,0,3,5,6,0,6,17,6,11,0,0,0,0,0,0,1,1,0,0,0,0,0,2,4,0,2,9,3,12,0,0,0,0,0,1,0,0,0,0,0,0,3,3,2,0,4,8,3
42211147011,4,å‹ìáés,ìﬁóØí¨îë,0,,,30,0,0,0,1,0,0,0,1,2,0,1,1,7,8,5,0,13,17,4,16,0,0,0,1,0,0,0,0,1,0,1,0,5,4,2,0,8,8,2,14,0,0,0,0,0,0,0,1,1,0,0,1,2,4,3,0,5,9,2
42211147012,4,å‹ìáés,ìﬁóØí¨îë,0,,,50,0,1,2,1,0,0,0,1,1,1,2,5,10,10,5,3,21,26,11,22,0,0,1,0,0,0,0,0,1,0,1,3,6,3,3,1,11,10,4,28,0,1,1,1,0,0,0,1,0,1,1,2,4,7,2,2,10,16,7
42211147013,4,å‹ìáés,ìﬁóØí¨îë,0,,,22,0,0,0,0,0,0,0,0,0,1,0,0,4,4,4,0,5,17,9,10,0,0,0,0,0,0,0,0,0,1,0,0,1,2,2,0,2,8,4,12,0,0,0,0,0,0,0,0,0,0,0,0,3,2,2,0,3,9,5
42211147014,4,å‹ìáés,ìﬁóØí¨îë,0,,,29,0,0,0,0,0,0,0,0,0,3,1,5,3,5,3,0,12,17,9,15,0,0,0,0,0,0,0,0,0,2,0,4,1,4,1,0,7,8,3,14,0,0,0,0,0,0,0,0,0,1,1,1,2,1,2,0,5,9,6
42211147015,4,å‹ìáés,ìﬁóØí¨îë,0,,,33,0,0,0,0,0,0,0,0,1,0,0,5,3,5,5,0,9,24,14,17,0,0,0,0,0,0,0,0,0,0,0,3,2,3,3,0,5,12,6,16,0,0,0,0,0,0,0,0,1,0,0,2,1,2,2,0,4,12,8
422111480,3,å‹ìáés,ìﬁóØí¨ëDâÙ,0,,,263,0,0,0,3,2,0,0,3,2,5,10,25,28,42,29,0,78,185,114,111,0,0,0,0,2,0,0,1,1,3,6,14,14,20,15,0,41,70,35,152,0,0,0,3,0,0,0,2,1,2,4,11,14,22,14,0,37,115,79
42211148016,4,å‹ìáés,ìﬁóØí¨ëDâÙ,0,,,102,0,0,0,2,1,0,0,1,0,1,2,8,10,16,11,0,25,77,50,29,0,0,0,0,1,0,0,0,0,0,1,4,4,8,5,0,10,19,6,73,0,0,0,2,0,0,0,1,0,1,1,4,6,8,6,0,15,58,44
42211148017,4,å‹ìáés,ìﬁóØí¨ëDâÙ,0,,,73,0,0,0,1,1,0,0,2,1,2,7,7,10,15,7,0,31,42,20,39,0,0,0,0,1,0,0,1,0,1,4,6,5,7,5,0,18,21,9,34,0,0,0,1,0,0,0,1,1,1,3,1,5,8,2,0,13,21,11
42211148018,4,å‹ìáés,ìﬁóØí¨ëDâÙ,0,,,33,0,0,0,0,0,0,0,0,0,0,0,2,4,5,3,0,6,27,19,16,0,0,0,0,0,0,0,0,0,0,0,1,3,2,1,0,4,12,9,17,0,0,0,0,0,0,0,0,0,0,0,1,1,3,2,0,2,15,10
42211148019,4,å‹ìáés,ìﬁóØí¨ëDâÙ,0,,,55,0,0,0,0,0,0,0,0,1,2,1,8,4,6,8,0,16,39,25,27,0,0,0,0,0,0,0,0,1,2,1,3,2,3,4,0,9,18,11,28,0,0,0,0,0,0,0,0,0,0,0,5,2,3,4,0,7,21,14
422111490,3,å‹ìáés,ìﬁóØí¨ëÂã¯,0,,,143,0,0,0,0,0,1,1,0,0,1,8,9,19,23,23,0,39,104,58,82,0,0,0,0,0,1,1,0,0,1,6,5,15,13,11,0,29,53,29,61,0,0,0,0,0,0,0,0,0,0,2,4,4,10,12,0,10,51,29
42211149020,4,å‹ìáés,ìﬁóØí¨ëÂã¯,1,,149021,79,0,0,0,0,0,0,0,0,0,1,5,5,12,14,14,0,23,56,28,43,0,0,0,0,0,0,0,0,0,1,4,2,10,7,6,0,17,26,13,36,0,0,0,0,0,0,0,0,0,0,1,3,2,7,8,0,6,30,15
42211149021,4,å‹ìáés,ìﬁóØí¨ëÂã¯,2,149020,,0,0,0,0,0,0,0,0,0,0,0,0,0,0,0,0,0,0,0,0,0,0,0,0,0,0,0,0,0,0,0,0,0,0,0,0,0,0,0,0,0,0,0,0,0,0,0,0,0,0,0,0,0,0,0,0,0,0,0,0
42211149022,4,å‹ìáés,ìﬁóØí¨ëÂã¯,0,,,64,0,0,0,0,0,1,1,0,0,0,3,4,7,9,9,0,16,48,30,39,0,0,0,0,0,1,1,0,0,0,2,3,5,6,5,0,12,27,16,25,0,0,0,0,0,0,0,0,0,0,1,1,2,3,4,0,4,21,14
42212,1,êºäCés,,0,,,26275,853,998,985,900,883,1011,1109,1233,1295,1458,1380,1818,1997,2432,2283,2836,13084,10182,5467,13120,425,520,495,504,559,612,658,676,703,759,667,930,1035,1283,1126,1440,7103,4404,1995,13155,428,478,490,396,324,399,451,557,592,699,713,888,962,1149,1157,1396,5981,5778,3472
422120010,3,êºäCés,ëÂê£åÀí¨ê£åÀìåïlãΩ,0,,,370,13,12,14,8,4,13,13,23,18,15,26,29,33,45,38,39,182,149,66,186,9,7,9,4,3,9,5,13,10,5,15,13,14,29,18,25,91,70,23,184,4,5,5,4,1,4,8,10,8,10,11,16,19,16,20,14,91,79,43
42212001013,4,êºäCés,ëÂê£åÀí¨ê£åÀìåïlãΩ,0,,,303,11,12,14,7,2,10,12,20,17,14,20,22,25,33,31,37,149,117,53,150,8,7,9,3,2,6,5,11,9,5,12,10,11,21,15,24,74,52,16,153,3,5,5,4,0,4,7,9,8,9,8,12,14,12,16,13,75,65,37
42212001029,4,êºäCés,ëÂê£åÀí¨ê£åÀìåïlãΩ,0,,,67,2,0,0,1,2,3,1,3,1,1,6,7,8,12,7,2,33,32,13,36,1,0,0,1,1,3,0,2,1,0,3,3,3,8,3,1,17,18,7,31,1,0,0,0,1,0,1,1,0,1,3,4,5,4,4,1,16,14,6
422120020,3,êºäCés,ëÂê£åÀí¨ê£åÀêºïlãΩ,0,,,1072,42,58,47,28,17,33,40,57,59,58,68,83,97,120,88,147,540,385,177,531,22,36,27,15,10,16,15,31,32,26,32,39,51,70,40,85,267,179,69,541,20,22,20,13,7,17,25,26,27,32,36,44,46,50,48,62,273,206,108
42212002012,4,êºäCés,ëÂê£åÀí¨ê£åÀêºïlãΩ,0,,,124,0,0,0,0,1,0,1,4,7,13,14,15,12,21,11,0,67,57,25,65,0,0,0,0,1,0,0,3,5,5,7,7,9,13,6,0,37,28,9,59,0,0,0,0,0,0,1,1,2,8,7,8,3,8,5,0,30,29,16
42212002014,4,êºäCés,ëÂê£åÀí¨ê£åÀêºïlãΩ,0,,,760,27,36,36,22,14,26,26,40,38,33,48,61,76,83,65,99,384,277,129,368,13,22,20,12,7,12,10,20,19,15,22,29,38,50,30,55,184,129,49,392,14,14,16,10,7,14,16,20,19,18,26,32,38,33,35,44,200,148,80
42212002030,4,êºäCés,ëÂê£åÀí¨ê£åÀêºïlãΩ,0,,,188,15,22,11,6,2,7,13,13,14,12,6,7,9,16,12,48,89,51,23,98,9,14,7,3,2,4,5,8,8,6,3,3,4,7,4,30,46,22,11,90,6,8,4,3,0,3,8,5,6,6,3,4,5,9,8,18,43,29,12
422120030,2,êºäCés,ëÂê£åÀí¨ê£åÀä~âYãΩ,0,,,351,6,12,15,6,2,8,11,15,28,29,19,24,37,33,33,33,179,138,72,193,4,6,8,5,1,4,4,10,18,23,9,17,19,16,15,18,110,64,33,158,2,6,7,1,1,4,7,5,10,6,10,7,18,17,18,15,69,74,39
422120040,2,êºäCés,ëÂê£åÀí¨ê£åÀî¬âYãΩ,0,,,563,18,21,17,15,29,29,17,25,20,31,38,38,36,35,40,56,278,228,153,249,9,15,6,7,16,17,9,13,10,17,15,19,24,17,18,30,147,71,36,314,9,6,11,8,13,12,8,12,10,14,23,19,12,18,22,26,131,157,117
422120050,3,êºäCés,ëÂê£åÀí¨ê£åÀïüìáãΩ,0,,,638,9,11,22,16,26,28,21,24,35,39,36,55,63,66,65,42,343,248,117,349,6,6,9,8,19,21,11,17,21,22,17,33,38,33,36,21,207,116,47,289,3,5,13,8,7,7,10,7,14,17,19,22,25,33,29,21,136,132,70
42212005017,4,êºäCés,ëÂê£åÀí¨ê£åÀïüìáãΩ,0,,,365,3,3,12,8,8,7,13,9,20,19,27,38,29,42,37,18,178,169,90,188,2,2,6,2,2,4,7,8,12,9,15,21,19,22,20,10,99,79,37,177,1,1,6,6,6,3,6,1,8,10,12,17,10,20,17,8,79,90,53
42212005018,4,êºäCés,ëÂê£åÀí¨ê£åÀïüìáãΩ,0,,,273,6,8,10,8,18,21,8,15,15,20,9,17,34,24,28,24,165,79,27,161,4,4,3,6,17,17,4,9,9,13,2,12,19,11,16,11,108,37,10,112,2,4,7,2,1,4,4,6,6,7,7,5,15,13,12,13,57,42,17
422120060,3,êºäCés,ëÂê£åÀí¨ê£åÀâ∫éRãΩ,0,,,185,7,9,5,6,6,4,6,8,7,17,10,21,22,16,15,21,107,57,26,98,3,6,4,4,4,3,1,3,5,7,3,15,13,9,8,13,58,27,10,87,4,3,1,2,2,1,5,5,2,10,7,6,9,7,7,8,49,30,16
42212006010,4,êºäCés,ëÂê£åÀí¨ê£åÀâ∫éRãΩ,0,,,13,0,2,0,0,0,0,0,1,1,3,0,2,1,0,2,2,8,3,1,8,0,2,0,0,0,0,0,0,1,2,0,1,1,0,0,2,5,1,1,5,0,0,0,0,0,0,0,1,0,1,0,1,0,0,2,0,3,2,0
42212006012,4,êºäCés,ëÂê£åÀí¨ê£åÀâ∫éRãΩ,0,,,172,7,7,5,6,6,4,6,7,6,14,10,19,21,16,13,19,99,54,25,90,3,4,4,4,4,3,1,3,4,5,3,14,12,9,8,11,53,26,9,82,4,3,1,2,2,1,5,4,2,9,7,5,9,7,5,8,46,28,16
422120070,2,êºäCés,ëÂê£åÀí¨ê£åÀâHèoêÏãΩ,0,,,91,2,3,1,5,0,2,2,4,2,5,9,10,12,7,5,6,51,34,22,47,1,2,0,2,0,2,2,2,1,5,4,4,7,4,3,3,29,15,8,44,1,1,1,3,0,0,0,2,1,0,5,6,5,3,2,3,22,19,14
422120080,3,êºäCés,ëÂê£åÀí¨èºìáì‡ãΩ,0,,,335,2,7,6,1,2,3,6,8,6,11,7,29,25,34,33,15,98,128,61,221,1,3,4,1,1,2,3,5,4,7,5,16,16,19,21,8,60,59,19,114,1,4,2,0,1,1,3,3,2,4,2,13,9,15,12,7,38,69,42
42212008005,4,êºäCés,ëÂê£åÀí¨èºìáì‡ãΩ,0,,,65,0,0,4,0,2,0,0,3,5,0,2,11,5,9,8,4,28,33,16,31,0,0,3,0,1,0,0,2,3,0,1,5,2,3,4,3,14,14,7,34,0,0,1,0,1,0,0,1,2,0,1,6,3,6,4,1,14,19,9
42212008006,4,êºäCés,ëÂê£åÀí¨èºìáì‡ãΩ,0,,,75,0,1,2,1,0,1,2,1,1,2,3,5,8,11,11,3,24,48,26,36,0,0,1,1,0,1,1,1,1,0,2,2,4,6,8,1,13,22,8,39,0,1,1,0,0,0,1,0,0,2,1,3,4,5,3,2,11,26,18
42212008009,4,êºäCés,ëÂê£åÀí¨èºìáì‡ãΩ,0,,,195,2,6,0,0,0,2,4,4,0,9,2,13,12,14,14,8,46,47,19,154,1,3,0,0,0,1,2,2,0,7,2,9,10,10,9,4,33,23,4,41,1,3,0,0,0,1,2,2,0,2,0,4,2,4,5,4,13,24,15
422120090,3,êºäCés,ëÂê£åÀí¨èºìáäOãΩ,0,,,161,3,2,6,0,3,2,2,5,6,7,8,19,10,21,25,11,62,88,42,77,2,2,2,0,2,1,1,2,4,4,5,9,4,13,14,6,32,39,12,84,1,0,4,0,1,1,1,3,2,3,3,10,6,8,11,5,30,49,30
42212009007,4,êºäCés,ëÂê£åÀí¨èºìáäOãΩ,0,,,26,0,0,2,0,1,0,0,0,0,4,1,4,1,6,1,2,11,13,6,15,0,0,2,0,1,0,0,0,0,2,0,3,1,4,0,2,7,6,2,11,0,0,0,0,0,0,0,0,0,2,1,1,0,2,1,0,4,7,4
42212009008,4,êºäCés,ëÂê£åÀí¨èºìáäOãΩ,0,,,135,3,2,4,0,2,2,2,5,6,3,7,15,9,15,24,9,51,75,36,62,2,2,0,0,1,1,1,2,4,2,5,6,3,9,14,4,25,33,10,73,1,0,4,0,1,1,1,3,2,1,2,9,6,6,10,5,26,42,26
422120100,3,êºäCés,ëÂê£åÀí¨ëΩà»ó«äOãΩ,0,,,234,4,10,7,4,4,1,5,13,4,10,7,6,35,29,29,21,89,123,65,108,1,7,4,4,2,0,4,7,2,5,3,4,13,13,16,12,44,51,22,126,3,3,3,0,2,1,1,6,2,5,4,2,22,16,13,9,45,72,43
42212010001,4,êºäCés,ëÂê£åÀí¨ëΩà»ó«äOãΩ,0,,,113,3,2,1,1,3,0,3,4,2,6,3,2,20,15,16,6,44,63,32,47,0,1,0,1,1,0,2,2,1,3,0,2,9,5,10,1,21,25,10,66,3,1,1,0,2,0,1,2,1,3,3,0,11,10,6,5,23,38,22
42212010004,4,êºäCés,ëÂê£åÀí¨ëΩà»ó«äOãΩ,0,,,121,1,8,6,3,1,1,2,9,2,4,4,4,15,14,13,15,45,60,33,61,1,6,4,3,1,0,2,5,1,2,3,2,4,8,6,11,23,26,12,60,0,2,2,0,0,1,0,4,1,2,1,2,11,6,7,4,22,34,21
422120110,3,êºäCés,ëÂê£åÀí¨ëΩà»ó«ì‡ãΩ,0,,,392,8,11,14,12,16,12,7,18,18,14,24,24,32,40,40,33,177,182,102,188,3,4,8,5,10,5,5,9,10,7,10,13,18,20,21,15,92,81,40,204,5,7,6,7,6,7,2,9,8,7,14,11,14,20,19,18,85,101,62
42212011002,4,êºäCés,ëÂê£åÀí¨ëΩà»ó«ì‡ãΩ,0,,,130,1,2,0,1,5,3,1,3,1,3,6,10,13,16,14,3,46,81,51,67,1,0,0,1,5,2,1,1,1,1,3,4,8,9,9,1,27,39,21,63,0,2,0,0,0,1,0,2,0,2,3,6,5,7,5,2,19,42,30
42212011003,4,êºäCés,ëÂê£åÀí¨ëΩà»ó«ì‡ãΩ,0,,,262,7,9,14,11,11,9,6,15,17,11,18,14,19,24,26,30,131,101,51,121,2,4,8,4,5,3,4,8,9,6,7,9,10,11,12,14,65,42,19,141,5,5,6,7,6,6,2,7,8,5,11,5,9,13,14,16,66,59,32
422120120,2,êºäCés,ëÂê£åÀí¨ê·âYè¨èºãΩ,0,,,176,2,5,5,6,4,2,4,4,10,8,8,8,13,19,14,12,67,97,64,85,2,1,4,4,0,1,2,2,5,5,4,5,8,9,7,7,36,42,26,91,0,4,1,2,4,1,2,2,5,3,4,3,5,10,7,5,31,55,38
422120130,3,êºäCés,ëÂê£åÀí¨ê·âYâ∫ãΩ,0,,,151,11,10,5,6,1,2,11,11,8,9,3,16,13,9,11,26,80,45,25,71,5,7,1,4,0,1,6,4,4,4,2,7,8,3,7,13,40,18,8,80,6,3,4,2,1,1,5,7,4,5,1,9,5,6,4,13,40,27,17
42212013020,4,êºäCés,ëÂê£åÀí¨ê·âYâ∫ãΩ,0,,,121,10,7,4,5,1,2,11,10,7,7,3,11,10,7,7,21,67,33,19,57,4,5,1,3,0,1,6,4,3,3,2,5,7,2,5,10,34,13,6,64,6,2,3,2,1,1,5,6,4,4,1,6,3,5,2,11,33,20,13
42212013021,4,êºäCés,ëÂê£åÀí¨ê·âYâ∫ãΩ,0,,,30,1,3,1,1,0,0,0,1,1,2,0,5,3,2,4,5,13,12,6,14,1,2,0,1,0,0,0,0,1,1,0,2,1,1,2,3,6,5,2,16,0,1,1,0,0,0,0,1,0,1,0,3,2,1,2,2,7,7,4
422120140,3,êºäCés,ëÂê£åÀí¨ê·âYè„ãΩ,0,,,165,5,9,6,4,5,2,5,11,6,7,11,15,22,14,7,20,88,57,36,71,2,3,1,4,2,2,1,5,3,4,4,6,12,5,5,6,43,22,12,94,3,6,5,0,3,0,4,6,3,3,7,9,10,9,2,14,45,35,24
42212014021,4,êºäCés,ëÂê£åÀí¨ê·âYè„ãΩ,0,,,87,3,4,5,4,2,2,1,6,4,3,6,6,10,7,4,12,44,31,20,37,1,1,0,4,0,2,0,3,2,1,2,3,6,1,3,2,23,12,8,50,2,3,5,0,2,0,1,3,2,2,4,3,4,6,1,10,21,19,12
42212014022,4,êºäCés,ëÂê£åÀí¨ê·âYè„ãΩ,0,,,78,2,5,1,0,3,0,4,5,2,4,5,9,12,7,3,8,44,26,16,34,1,2,1,0,2,0,1,2,1,3,2,3,6,4,2,4,20,10,4,44,1,3,0,0,1,0,3,3,1,1,3,6,6,3,1,4,24,16,12
422120150,2,êºäCés,ëÂê£åÀí¨ê·âYâ∫äòãΩ,0,,,170,4,4,5,6,3,3,4,10,10,4,4,12,14,26,6,13,70,87,55,81,3,2,3,5,3,2,2,5,5,3,1,6,8,12,3,8,40,33,18,89,1,2,2,1,0,1,2,5,5,1,3,6,6,14,3,5,30,54,37
422120160,3,êºäCés,ëÂê£åÀí¨ê·âYâúâYãΩ,0,,,106,3,5,1,1,0,1,4,4,5,4,3,5,9,21,20,9,36,61,20,55,2,2,1,0,0,0,2,2,3,4,2,4,4,13,8,5,21,29,8,51,1,3,0,1,0,1,2,2,2,0,1,1,5,8,12,4,15,32,12
42212016025,4,êºäCés,ëÂê£åÀí¨ê·âYâúâYãΩ,0,,,45,1,3,1,1,0,1,2,3,1,2,1,1,3,9,6,5,15,25,10,23,0,1,1,0,0,0,1,2,1,2,0,1,2,5,3,2,9,12,4,22,1,2,0,1,0,1,1,1,0,0,1,0,1,4,3,3,6,13,6
42212016026,4,êºäCés,ëÂê£åÀí¨ê·âYâúâYãΩ,0,,,61,2,2,0,0,0,0,2,1,4,2,2,4,6,12,14,4,21,36,10,32,2,1,0,0,0,0,1,0,2,2,2,3,2,8,5,3,12,17,4,29,0,1,0,0,0,0,1,1,2,0,0,1,4,4,9,1,9,19,6
422120170,3,êºäCés,ëÂê£åÀí¨ê·âYçKï®ãΩ,0,,,144,2,1,0,3,3,8,3,3,5,5,8,14,18,20,23,3,70,71,28,75,1,1,0,1,1,6,1,2,3,3,5,8,13,10,10,2,43,30,10,69,1,0,0,2,2,2,2,1,2,2,3,6,5,10,13,1,27,41,18
42212017027,4,êºäCés,ëÂê£åÀí¨ê·âYçKï®ãΩ,0,,,122,2,1,0,3,2,7,3,3,5,3,6,11,15,18,17,3,58,61,26,63,1,1,0,1,1,5,1,2,3,2,4,7,10,8,8,2,36,25,9,59,1,0,0,2,1,2,2,1,2,1,2,4,5,10,9,1,22,36,17
42212017028,4,êºäCés,ëÂê£åÀí¨ê·âYçKï®ãΩ,0,,,22,0,0,0,0,1,1,0,0,0,2,2,3,3,2,6,0,12,10,2,12,0,0,0,0,0,1,0,0,0,1,1,1,3,2,2,0,7,5,1,10,0,0,0,0,1,0,0,0,0,1,1,2,0,0,4,0,5,5,1
422120180,2,êºäCés,ëÂê£åÀí¨ê·âYâÕí ãΩ,0,,,21,0,0,1,0,0,0,0,1,1,0,2,0,1,2,5,1,5,15,8,12,0,0,0,0,0,0,0,1,1,0,1,0,1,1,3,0,4,8,4,9,0,0,1,0,0,0,0,0,0,0,1,0,0,1,2,1,1,7,4
422120190,3,êºäCés,êºîﬁí¨à…ÉmâYãΩ,0,,,456,11,18,28,23,8,7,12,23,30,28,31,27,27,31,35,57,216,183,117,201,5,5,11,11,4,4,5,11,22,15,14,13,14,15,13,21,113,67,39,255,6,13,17,12,4,3,7,12,8,13,17,14,13,16,22,36,103,116,78
42212019001,4,êºäCés,êºîﬁí¨à…ÉmâYãΩ,0,,,248,8,6,11,5,4,3,5,9,15,14,17,14,13,13,21,25,99,124,90,104,4,3,2,1,2,3,1,5,10,8,8,6,8,7,6,9,52,43,30,144,4,3,9,4,2,0,4,4,5,6,9,8,5,6,15,16,47,81,60
42212019002,4,êºäCés,êºîﬁí¨à…ÉmâYãΩ,0,,,208,3,12,17,18,4,4,7,14,15,14,14,13,14,18,14,32,117,59,27,97,1,2,9,10,2,1,4,6,12,7,6,7,6,8,7,12,61,24,9,111,2,10,8,8,2,3,3,8,3,7,8,6,8,10,7,20,56,35,18
422120200,3,êºäCés,êºîﬁí¨è¨å}ãΩ,0,,,1174,66,65,67,42,34,59,60,80,67,87,62,74,63,76,86,198,628,348,186,577,38,37,33,22,18,26,32,41,29,48,25,37,30,40,44,108,308,161,77,597,28,28,34,20,16,33,28,39,38,39,37,37,33,36,42,90,320,187,109
42212020003,4,êºäCés,êºîﬁí¨è¨å}ãΩ,0,,,133,7,7,5,3,4,8,2,7,11,7,7,8,8,5,17,19,65,49,27,61,5,3,3,1,3,2,1,5,5,3,4,2,4,2,8,11,30,20,10,72,2,4,2,2,1,6,1,2,6,4,3,6,4,3,9,8,35,29,17
42212020004,4,êºäCés,êºîﬁí¨è¨å}ãΩ,0,,,110,1,6,6,3,1,3,2,7,6,10,5,8,9,9,5,13,54,43,29,51,1,4,0,2,1,0,2,3,2,6,1,4,4,6,2,5,25,21,13,59,0,2,6,1,0,3,0,4,4,4,4,4,5,3,3,8,29,22,16
42212020005,4,êºäCés,êºîﬁí¨è¨å}ãΩ,0,,,60,3,1,2,1,0,1,1,2,1,4,0,8,6,9,4,6,24,30,17,32,2,1,2,1,0,1,1,1,0,3,0,5,2,6,1,5,14,13,6,28,1,0,0,0,0,0,0,1,1,1,0,3,4,3,3,1,10,17,11
42212020006,4,êºäCés,êºîﬁí¨è¨å}ãΩ,0,,,45,2,2,1,0,0,1,2,5,2,0,2,4,4,10,4,5,20,20,6,20,1,1,1,0,0,0,0,2,1,0,0,3,2,4,3,3,8,9,2,25,1,1,0,0,0,1,2,3,1,0,2,1,2,6,1,2,12,11,4
42212020007,4,êºäCés,êºîﬁí¨è¨å}ãΩ,0,,,202,16,6,11,7,3,10,9,17,12,19,9,19,14,11,15,33,119,50,24,104,9,4,7,4,2,4,4,10,7,12,3,9,6,7,7,20,61,23,9,98,7,2,4,3,1,6,5,7,5,7,6,10,8,4,8,13,58,27,15
42212020008,4,êºäCés,êºîﬁí¨è¨å}ãΩ,0,,,624,37,43,42,28,26,36,44,42,35,47,39,27,22,32,41,122,346,156,83,309,20,24,20,14,12,19,24,20,14,24,17,14,12,15,23,64,170,75,37,315,17,19,22,14,14,17,20,22,21,23,22,13,10,17,18,58,176,81,46
422120210,3,êºäCés,êºîﬁí¨î™ñÿå¥ãΩ,0,,,889,31,30,26,20,15,24,36,30,36,39,50,54,74,84,102,87,378,424,238,436,16,13,16,14,7,10,20,12,22,20,26,28,42,49,52,45,201,190,89,453,15,17,10,6,8,14,16,18,14,19,24,26,32,35,50,42,177,234,149
42212021009,4,êºäCés,êºîﬁí¨î™ñÿå¥ãΩ,0,,,143,6,6,7,2,6,7,5,5,6,9,15,10,10,9,15,19,75,49,25,70,4,2,5,2,2,2,1,3,4,6,7,5,6,6,7,11,38,21,8,73,2,4,2,0,4,5,4,2,2,3,8,5,4,3,8,8,37,28,17
42212021010,4,êºäCés,êºîﬁí¨î™ñÿå¥ãΩ,0,,,107,8,8,4,0,0,6,12,3,3,2,6,11,12,8,8,20,55,32,16,48,2,4,1,0,0,2,6,2,2,2,2,5,6,4,4,7,27,14,6,59,6,4,3,0,0,4,6,1,1,0,4,6,6,4,4,13,28,18,10
42212021011,4,êºäCés,êºîﬁí¨î™ñÿå¥ãΩ,0,,,156,9,8,3,8,4,7,7,8,6,10,12,5,8,16,19,20,75,61,26,78,5,4,2,6,3,4,4,2,4,4,5,3,3,8,8,11,38,29,13,78,4,4,1,2,1,3,3,6,2,6,7,2,5,8,11,9,37,32,13
42212021012,4,êºäCés,êºîﬁí¨î™ñÿå¥ãΩ,0,,,22,1,2,1,0,0,0,1,1,2,3,2,0,0,1,3,4,9,9,5,11,0,1,1,0,0,0,1,0,1,1,2,0,0,0,1,2,5,4,3,11,1,1,0,0,0,0,0,1,1,2,0,0,0,1,2,2,4,5,2
42212021013,4,êºäCés,êºîﬁí¨î™ñÿå¥ãΩ,0,,,115,5,4,7,2,2,3,7,8,3,6,5,11,9,18,8,16,56,43,17,53,3,0,4,1,1,2,4,3,1,3,2,6,4,10,4,7,27,19,5,62,2,4,3,1,1,1,3,5,2,3,3,5,5,8,4,9,29,24,12
42212021014,4,êºäCés,êºîﬁí¨î™ñÿå¥ãΩ,0,,,58,0,2,3,2,0,0,0,1,5,1,4,4,5,12,7,5,22,31,12,34,0,2,2,2,0,0,0,1,4,0,3,1,3,7,3,4,14,16,6,24,0,0,1,0,0,0,0,0,1,1,1,3,2,5,4,1,8,15,6
42212021015,4,êºäCés,êºîﬁí¨î™ñÿå¥ãΩ,0,,,63,2,0,0,4,2,1,2,4,4,4,2,4,6,5,10,2,33,28,13,26,2,0,0,2,1,0,2,1,1,2,1,1,2,1,6,2,13,11,4,37,0,0,0,2,1,1,0,3,3,2,1,3,4,4,4,0,20,17,9
42212021016,4,êºäCés,êºîﬁí¨î™ñÿå¥ãΩ,0,,,225,0,0,1,2,1,0,2,0,7,4,4,9,24,15,32,1,53,171,124,116,0,0,1,1,0,0,2,0,5,2,4,7,18,13,19,1,39,76,44,109,0,0,0,1,1,0,0,0,2,2,0,2,6,2,13,0,14,95,80
422120220,3,êºäCés,êºîﬁí¨ëÂã¯ãΩ,0,,,768,43,42,22,29,29,42,32,44,45,35,48,48,50,57,56,107,402,259,146,350,21,22,8,13,12,24,16,20,23,19,21,23,28,22,25,51,199,100,53,418,22,20,14,16,17,18,16,24,22,16,27,25,22,35,31,56,203,159,93
42212022017,4,êºäCés,êºîﬁí¨ëÂã¯ãΩ,0,,,49,2,2,0,0,1,3,1,3,2,1,6,2,2,5,5,4,21,24,14,22,0,2,0,0,1,1,1,2,1,0,3,0,1,1,4,2,10,10,5,27,2,0,0,0,0,2,0,1,1,1,3,2,1,4,1,2,11,14,9
42212022018,4,êºäCés,êºîﬁí¨ëÂã¯ãΩ,0,,,58,2,5,1,2,0,2,1,4,5,2,3,6,4,1,4,8,29,21,16,27,1,3,0,1,0,1,0,2,4,1,1,4,2,1,1,4,16,7,5,31,1,2,1,1,0,1,1,2,1,1,2,2,2,0,3,4,13,14,11
42212022019,4,êºäCés,êºîﬁí¨ëÂã¯ãΩ,0,,,63,0,1,0,1,4,3,3,1,1,3,4,9,6,5,5,1,35,27,17,27,0,0,0,1,1,2,2,0,1,2,1,6,3,3,2,0,19,8,3,36,0,1,0,0,3,1,1,1,0,1,3,3,3,2,3,1,16,19,14
42212022020,4,êºäCés,êºîﬁí¨ëÂã¯ãΩ,0,,,76,1,3,2,5,4,6,2,5,3,2,4,5,5,5,6,6,41,29,18,32,0,2,1,3,1,3,0,2,3,0,2,3,2,2,3,3,19,10,5,44,1,1,1,2,3,3,2,3,0,2,2,2,3,3,3,3,22,19,13
42212022021,4,êºäCés,êºîﬁí¨ëÂã¯ãΩ,0,,,144,9,9,5,5,3,7,9,3,5,11,6,10,14,13,11,23,73,48,24,71,4,5,2,3,1,5,5,2,2,5,4,4,8,5,6,11,39,21,10,73,5,4,3,2,2,2,4,1,3,6,2,6,6,8,5,12,34,27,14
42212022022,4,êºäCés,êºîﬁí¨ëÂã¯ãΩ,0,,,64,3,1,0,4,3,7,4,6,5,1,5,4,7,8,3,4,46,14,3,32,1,1,0,2,3,6,1,2,3,0,2,0,5,2,2,2,24,6,2,32,2,0,0,2,0,1,3,4,2,1,3,4,2,6,1,2,22,8,1
42212022023,4,êºäCés,êºîﬁí¨ëÂã¯ãΩ,0,,,197,18,18,12,9,10,11,9,14,12,9,15,6,2,11,9,48,97,52,32,79,8,9,4,1,2,3,6,5,5,6,5,3,1,4,2,21,37,21,15,118,10,9,8,8,8,8,3,9,7,3,10,3,1,7,7,27,60,31,17
42212022024,4,êºäCés,êºîﬁí¨ëÂã¯ãΩ,0,,,117,8,3,2,3,4,3,3,8,12,6,5,6,10,9,13,13,60,44,22,60,7,0,1,2,3,3,1,5,4,5,3,3,6,4,5,8,35,17,8,57,1,3,1,1,1,0,2,3,8,1,2,3,4,5,8,5,25,27,14
422120230,3,êºäCés,êºîﬁí¨ïΩéRãΩ,0,,,678,35,32,29,28,28,30,36,39,33,46,41,36,41,56,56,96,358,223,111,328,19,18,12,14,11,12,18,19,19,22,20,22,15,28,29,49,172,106,49,350,16,14,17,14,17,18,18,20,14,24,21,14,26,28,27,47,186,117,62
42212023025,4,êºäCés,êºîﬁí¨ïΩéRãΩ,0,,,81,4,8,2,2,0,4,7,2,8,0,4,5,5,7,5,14,37,30,18,39,3,5,1,1,0,1,2,1,5,0,1,4,1,4,3,9,16,14,7,42,1,3,1,1,0,3,5,1,3,0,3,1,4,3,2,5,21,16,11
42212023026,4,êºäCés,êºîﬁí¨ïΩéRãΩ,0,,,55,0,1,0,5,1,2,3,1,1,6,1,7,5,5,6,1,32,22,11,25,0,0,0,2,0,0,2,1,1,2,1,3,2,2,3,0,14,11,6,30,0,1,0,3,1,2,1,0,0,4,0,4,3,3,3,1,18,11,5
42212023027,4,êºäCés,êºîﬁí¨ïΩéRãΩ,0,,,63,1,2,3,1,1,2,2,3,5,3,8,2,1,10,9,6,28,29,10,31,1,2,1,1,1,1,1,2,3,2,3,2,0,3,3,4,16,11,5,32,0,0,2,0,0,1,1,1,2,1,5,0,1,7,6,2,12,18,5
42212023028,4,êºäCés,êºîﬁí¨ïΩéRãΩ,0,,,48,1,1,0,4,3,2,2,1,2,4,4,1,4,6,4,2,27,19,9,28,0,1,0,3,2,1,1,0,1,3,2,1,3,4,1,1,17,10,5,20,1,0,0,1,1,1,1,1,1,1,2,0,1,2,3,1,10,9,4
42212023029,4,êºäCés,êºîﬁí¨ïΩéRãΩ,0,,,15,0,3,1,0,0,0,0,0,3,1,0,0,0,2,2,4,4,7,3,6,0,1,1,0,0,0,0,0,1,0,0,0,0,1,1,2,1,3,1,9,0,2,0,0,0,0,0,0,2,1,0,0,0,1,1,2,3,4,2
42212023030,4,êºäCés,êºîﬁí¨ïΩéRãΩ,0,,,34,0,0,1,0,0,0,0,3,1,1,5,1,1,5,4,1,12,21,12,16,0,0,1,0,0,0,0,2,0,1,2,1,1,2,2,1,7,8,4,18,0,0,0,0,0,0,0,1,1,0,3,0,0,3,2,0,5,13,8
42212023031,4,êºäCés,êºîﬁí¨ïΩéRãΩ,0,,,51,1,3,2,0,1,1,3,6,2,5,3,3,3,2,6,6,27,18,10,28,0,2,2,0,0,0,3,3,2,3,2,2,0,1,4,4,15,9,4,23,1,1,0,0,1,1,0,3,0,2,1,1,3,1,2,2,12,9,6
42212023032,4,êºäCés,êºîﬁí¨ïΩéRãΩ,0,,,120,12,2,7,6,13,13,6,8,6,8,8,9,2,5,3,21,79,19,11,54,5,1,3,3,5,6,1,4,4,3,5,4,0,3,2,9,35,9,4,66,7,1,4,3,8,7,5,4,2,5,3,5,2,2,1,12,44,10,7
42212023033,4,êºäCés,êºîﬁí¨ïΩéRãΩ,0,,,211,16,12,13,10,9,6,13,15,5,18,8,8,20,14,17,41,112,58,27,101,10,6,3,4,3,3,8,6,2,8,4,5,8,8,10,19,51,31,13,110,6,6,10,6,6,3,5,9,3,10,4,3,12,6,7,22,61,27,14
422120240,3,êºäCés,êºîﬁí¨íπâ¡ãΩ,0,,,478,13,9,12,7,7,8,16,11,14,24,17,23,44,25,35,34,171,273,213,189,7,6,7,5,3,5,6,4,6,13,9,10,24,14,15,20,85,84,55,289,6,3,5,2,4,3,10,7,8,11,8,13,20,11,20,14,86,189,158
42212024034,4,êºäCés,êºîﬁí¨íπâ¡ãΩ,0,,,55,1,1,2,1,0,2,4,3,3,2,3,5,7,9,3,4,30,21,9,30,1,1,2,1,0,2,1,1,2,1,1,3,3,6,1,4,15,11,4,25,0,0,0,0,0,0,3,2,1,1,2,2,4,3,2,0,15,10,5
42212024035,4,êºäCés,êºîﬁí¨íπâ¡ãΩ,0,,,47,2,3,3,1,3,1,2,0,2,4,1,5,6,1,2,8,25,14,11,24,1,2,3,1,1,0,1,0,1,1,0,1,5,1,1,6,11,7,5,23,1,1,0,0,2,1,1,0,1,3,1,4,1,0,1,2,14,7,6
42212024036,4,êºäCés,êºîﬁí¨íπâ¡ãΩ,0,,,23,0,0,0,0,0,0,0,2,0,0,2,2,5,1,4,0,11,12,7,10,0,0,0,0,0,0,0,1,0,0,0,2,2,1,1,0,5,5,3,13,0,0,0,0,0,0,0,1,0,0,2,0,3,0,3,0,6,7,4
42212024037,4,êºäCés,êºîﬁí¨íπâ¡ãΩ,0,,,34,2,2,1,1,0,0,4,1,0,5,2,1,5,0,5,5,19,10,5,18,1,2,0,1,0,0,2,0,0,2,2,1,3,0,2,3,11,4,2,16,1,0,1,0,0,0,2,1,0,3,0,0,2,0,3,2,8,6,3
42212024038,4,êºäCés,êºîﬁí¨íπâ¡ãΩ,0,,,32,0,0,2,0,0,1,0,1,0,3,1,2,8,3,2,2,16,14,9,14,0,0,1,0,0,0,0,0,0,2,1,1,3,2,1,1,7,6,3,18,0,0,1,0,0,1,0,1,0,1,0,1,5,1,1,1,9,8,6
42212024039,4,êºäCés,êºîﬁí¨íπâ¡ãΩ,0,,,69,3,2,2,2,2,2,2,3,3,8,4,3,6,3,9,7,35,27,15,35,3,1,0,0,1,1,1,2,1,5,4,1,4,1,3,4,20,11,7,34,0,1,2,2,1,1,1,1,2,3,0,2,2,2,6,3,15,16,8
42212024040,4,êºäCés,êºîﬁí¨íπâ¡ãΩ,0,,,218,5,1,2,2,2,2,4,1,6,2,4,5,7,8,10,8,35,175,157,58,1,0,1,2,1,2,1,0,2,2,1,1,4,3,6,2,16,40,31,160,4,1,1,0,1,0,3,1,4,0,3,4,3,5,4,6,19,135,126
422120250,3,êºäCés,êºîﬁí¨îíçËãΩ,0,,,383,18,16,11,10,13,12,15,15,15,32,24,28,32,30,32,45,196,142,80,186,8,9,7,4,8,8,5,8,10,18,12,12,12,15,14,24,97,65,36,197,10,7,4,6,5,4,10,7,5,14,12,16,20,15,18,21,99,77,44
42212025041,4,êºäCés,êºîﬁí¨îíçËãΩ,0,,,118,7,5,8,2,4,4,5,5,3,15,7,9,8,6,7,20,62,36,23,62,6,3,5,1,2,3,1,3,2,9,3,6,3,1,2,14,33,15,12,56,1,2,3,1,2,1,4,2,1,6,4,3,5,5,5,6,29,21,11
42212025042,4,êºäCés,êºîﬁí¨îíçËãΩ,0,,,88,2,1,1,3,5,2,2,3,6,4,8,8,8,6,7,4,49,35,22,41,0,0,1,0,4,1,0,3,2,2,3,3,5,4,4,1,23,17,9,47,2,1,0,3,1,1,2,0,4,2,5,5,3,2,3,3,26,18,13
42212025043,4,êºäCés,êºîﬁí¨îíçËãΩ,0,,,97,3,5,1,5,3,1,3,4,3,9,7,8,9,8,9,9,52,36,19,46,0,4,1,3,1,1,2,1,3,5,4,3,3,4,4,5,26,15,7,51,3,1,0,2,2,0,1,3,0,4,3,5,6,4,5,4,26,21,12
42212025044,4,êºäCés,êºîﬁí¨îíçËãΩ,0,,,80,6,5,1,0,1,5,5,3,3,4,2,3,7,10,9,12,33,35,16,37,2,2,0,0,1,3,2,1,3,2,2,0,1,6,4,4,15,18,8,43,4,3,1,0,0,2,3,2,0,2,0,3,6,4,5,8,18,17,8
422120260,3,êºäCés,êºîﬁí¨â∫äxãΩ,0,,,558,34,29,24,25,14,24,24,30,30,18,21,54,36,54,42,87,276,195,99,269,15,17,9,12,7,9,16,15,16,8,8,28,17,28,21,41,136,92,43,289,19,12,15,13,7,15,8,15,14,10,13,26,19,26,21,46,140,103,56
42212026045,4,êºäCés,êºîﬁí¨â∫äxãΩ,0,,,73,2,1,2,3,3,1,2,4,2,2,4,8,6,4,3,5,35,33,26,34,1,1,0,1,2,0,2,1,2,2,0,4,4,2,3,2,18,14,9,39,1,0,2,2,1,1,0,3,0,0,4,4,2,2,0,3,17,19,17
42212026046,4,êºäCés,êºîﬁí¨â∫äxãΩ,0,,,97,5,6,9,4,5,3,5,6,6,3,4,9,5,10,5,20,50,27,12,50,0,6,3,1,2,2,3,5,3,0,2,6,3,6,2,9,27,14,6,47,5,0,6,3,3,1,2,1,3,3,2,3,2,4,3,11,23,13,6
42212026047,4,êºäCés,êºîﬁí¨â∫äxãΩ,0,,,25,0,0,0,0,0,0,1,0,2,0,0,2,5,3,6,0,10,15,6,13,0,0,0,0,0,0,1,0,2,0,0,1,1,1,3,0,5,8,4,12,0,0,0,0,0,0,0,0,0,0,0,1,4,2,3,0,5,7,2
42212026048,4,êºäCés,êºîﬁí¨â∫äxãΩ,0,,,133,16,7,2,8,1,14,7,5,6,6,6,10,4,15,10,25,67,41,16,70,9,5,0,4,1,6,3,4,3,3,3,6,2,7,7,14,35,21,7,63,7,2,2,4,0,8,4,1,3,3,3,4,2,8,3,11,32,20,9
42212026049,4,êºäCés,êºîﬁí¨â∫äxãΩ,0,,,99,6,8,2,1,2,3,7,8,3,0,2,12,9,8,6,16,47,36,22,42,2,4,2,1,0,0,5,2,2,0,1,4,3,6,1,8,18,16,9,57,4,4,0,0,2,3,2,6,1,0,1,8,6,2,5,8,29,20,13
42212026050,4,êºäCés,êºîﬁí¨â∫äxãΩ,0,,,131,5,7,9,9,3,3,2,7,11,7,5,13,7,14,12,21,67,43,17,60,3,1,4,5,2,1,2,3,4,3,2,7,4,6,5,8,33,19,8,71,2,6,5,4,1,2,0,4,7,4,3,6,3,8,7,13,34,24,9
422120270,3,êºäCés,êºîﬁí¨è„äxãΩ,0,,,648,22,23,38,18,23,21,16,22,27,57,52,44,23,41,54,83,303,262,167,302,7,14,18,12,14,12,11,8,13,21,31,23,14,23,19,39,159,104,62,346,15,9,20,6,9,9,5,14,14,36,21,21,9,18,35,44,144,158,105
42212027051,4,êºäCés,êºîﬁí¨è„äxãΩ,0,,,94,1,0,7,4,2,4,1,2,3,8,13,10,6,5,7,8,53,33,21,49,1,0,4,2,1,4,1,1,1,3,8,5,5,3,2,5,31,13,8,45,0,0,3,2,1,0,0,1,2,5,5,5,1,2,5,3,22,20,13
42212027052,4,êºäCés,êºîﬁí¨è„äxãΩ,0,,,98,5,4,1,3,2,4,2,2,4,7,9,12,0,8,8,10,45,43,27,44,1,1,1,3,1,1,1,1,0,3,4,7,0,4,2,3,21,20,14,54,4,3,0,0,1,3,1,1,4,4,5,5,0,4,6,7,24,23,13
42212027053,4,êºäCés,êºîﬁí¨è„äxãΩ,0,,,172,3,1,4,3,4,1,5,1,7,11,9,3,5,17,17,8,49,115,81,72,2,1,1,2,3,0,4,0,4,2,6,3,2,11,6,4,26,42,25,100,1,0,3,1,1,1,1,1,3,9,3,0,3,6,11,4,23,73,56
42212027054,4,êºäCés,êºîﬁí¨è„äxãΩ,0,,,284,13,18,26,8,15,12,8,17,13,31,21,19,12,11,22,57,156,71,38,137,3,12,12,5,9,7,5,6,8,13,13,8,7,5,9,27,81,29,15,147,10,6,14,3,6,5,3,11,5,18,8,11,5,6,13,30,75,42,23
422120280,3,êºäCés,êºîﬁí¨ïΩå¥ãΩ,0,,,225,9,13,12,4,3,3,6,13,11,13,11,13,22,23,21,34,99,92,48,116,6,4,8,2,2,1,3,6,7,9,6,6,12,11,10,18,54,44,23,109,3,9,4,2,1,2,3,7,4,4,5,7,10,12,11,16,45,48,25
42212028058,4,êºäCés,êºîﬁí¨ïΩå¥ãΩ,0,,,126,6,11,8,2,1,2,4,6,6,10,7,5,12,7,15,25,55,46,24,59,3,3,5,0,1,0,2,2,3,7,3,2,6,3,7,11,26,22,12,67,3,8,3,2,0,2,2,4,3,3,4,3,6,4,8,14,29,24,12
42212028059,4,êºäCés,êºîﬁí¨ïΩå¥ãΩ,0,,,50,0,0,2,1,1,0,1,3,2,2,3,6,4,6,5,2,23,25,14,29,0,0,1,1,0,0,1,2,2,1,3,3,3,3,2,1,16,12,7,21,0,0,1,0,1,0,0,1,0,1,0,3,1,3,3,1,7,13,7
42212028060,4,êºäCés,êºîﬁí¨ïΩå¥ãΩ,0,,,49,3,2,2,1,1,1,1,4,3,1,1,2,6,10,1,7,21,21,10,28,3,1,2,1,1,1,0,2,2,1,0,1,3,5,1,6,12,10,4,21,0,1,0,0,0,0,1,2,1,0,1,1,3,5,0,1,9,11,6
422120290,3,êºäCés,êºîﬁí¨îíéóìcãΩ,0,,,480,18,20,18,20,22,25,12,24,20,23,36,30,41,37,44,56,253,171,90,231,11,9,9,7,12,13,6,12,10,12,15,17,18,19,17,29,122,80,44,249,7,11,9,13,10,12,6,12,10,11,21,13,23,18,27,27,131,91,46
42212029061,4,êºäCés,êºîﬁí¨îíéóìcãΩ,0,,,62,4,5,3,0,0,4,1,7,4,0,4,4,1,5,10,12,25,25,10,26,2,2,2,0,0,0,0,3,2,0,2,2,1,2,3,6,10,10,5,36,2,3,1,0,0,4,1,4,2,0,2,2,0,3,7,6,15,15,5
42212029062,4,êºäCés,êºîﬁí¨îíéóìcãΩ,0,,,35,0,0,0,3,0,0,1,3,0,2,3,1,4,4,4,0,17,18,10,16,0,0,0,0,0,0,1,2,0,1,2,1,1,2,1,0,8,8,5,19,0,0,0,3,0,0,0,1,0,1,1,0,3,2,3,0,9,10,5
42212029063,4,êºäCés,êºîﬁí¨îíéóìcãΩ,0,,,144,8,10,9,14,7,12,6,9,6,10,11,6,9,7,4,27,90,27,16,69,6,4,3,6,3,7,4,5,3,5,4,2,4,3,1,13,43,13,9,75,2,6,6,8,4,5,2,4,3,5,7,4,5,4,3,14,47,14,7
42212029064,4,êºäCés,êºîﬁí¨îíéóìcãΩ,0,,,71,2,1,0,0,7,2,1,3,2,3,6,8,9,3,10,3,41,27,14,36,1,1,0,0,4,2,0,1,1,1,2,5,5,2,4,2,21,13,7,35,1,0,0,0,3,0,1,2,1,2,4,3,4,1,6,1,20,14,7
42212029065,4,êºäCés,êºîﬁí¨îíéóìcãΩ,0,,,83,4,2,1,0,5,5,2,2,1,3,10,6,12,6,4,7,46,30,20,42,2,1,1,0,3,3,0,1,1,2,4,5,5,3,2,4,24,14,9,41,2,1,0,0,2,2,2,1,0,1,6,1,7,3,2,3,22,16,11
42212029066,4,êºäCés,êºîﬁí¨îíéóìcãΩ,0,,,85,0,2,5,3,3,2,1,0,7,5,2,5,6,12,12,7,34,44,20,42,0,1,3,1,2,1,1,0,3,3,1,2,2,7,6,4,16,22,9,43,0,1,2,2,1,1,0,0,4,2,1,3,4,5,6,3,18,22,11
422120300,3,êºäCés,êºîﬁí¨ïóëÅãΩ,0,,,235,4,6,7,6,5,4,15,4,11,6,9,23,23,41,20,17,106,112,51,101,2,2,0,2,2,2,6,2,7,3,5,9,7,26,11,4,45,52,15,134,2,4,7,4,3,2,9,2,4,3,4,14,16,15,9,13,61,60,36
42212030067,4,êºäCés,êºîﬁí¨ïóëÅãΩ,0,,,44,2,1,3,1,1,0,2,1,3,2,0,4,4,5,1,6,18,20,14,18,2,1,0,0,0,0,0,1,2,1,0,2,1,3,1,3,7,8,4,26,0,0,3,1,1,0,2,0,1,1,0,2,3,2,0,3,11,12,10
42212030068,4,êºäCés,êºîﬁí¨ïóëÅãΩ,0,,,62,1,2,1,3,3,3,3,1,3,0,4,5,7,13,2,4,32,26,11,24,0,0,0,1,1,1,1,0,2,0,2,2,2,8,1,0,12,12,3,38,1,2,1,2,2,2,2,1,1,0,2,3,5,5,1,4,20,14,8
42212030069,4,êºäCés,êºîﬁí¨ïóëÅãΩ,0,,,69,0,1,2,2,1,1,5,1,2,2,2,8,7,14,9,3,31,35,12,33,0,0,0,1,1,1,3,1,1,0,2,2,1,11,5,0,13,20,4,36,0,1,2,1,0,0,2,0,1,2,0,6,6,3,4,3,18,15,8
42212030070,4,êºäCés,êºîﬁí¨ïóëÅãΩ,0,,,60,1,2,1,0,0,0,5,1,3,2,3,6,5,9,8,4,25,31,14,26,0,1,0,0,0,0,2,0,2,2,1,3,3,4,4,1,13,12,4,34,1,1,1,0,0,0,3,1,1,0,2,3,2,5,4,3,12,19,10
422120310,3,êºäCés,êºîﬁí¨ãTâYãΩ,0,,,278,7,11,12,9,4,6,11,19,9,17,12,24,17,29,29,30,128,120,62,138,3,6,9,4,1,3,6,11,6,7,8,11,7,16,17,18,64,56,23,140,4,5,3,5,3,3,5,8,3,10,4,13,10,13,12,12,64,64,39
42212031071,4,êºäCés,êºîﬁí¨ãTâYãΩ,0,,,117,5,6,4,4,2,3,9,8,3,4,7,11,5,11,9,15,56,46,26,58,2,2,2,2,0,2,5,4,2,1,5,6,2,6,6,6,29,23,11,59,3,4,2,2,2,1,4,4,1,3,2,5,3,5,3,9,27,23,15
42212031072,4,êºäCés,êºîﬁí¨ãTâYãΩ,0,,,161,2,5,8,5,2,3,2,11,6,13,5,13,12,18,20,15,72,74,36,80,1,4,7,2,1,1,1,7,4,6,3,5,5,10,11,12,35,33,12,81,1,1,1,3,1,2,1,4,2,7,2,8,7,8,9,3,37,41,24
422120320,3,êºäCés,êºîﬁí¨ã{âYãΩ,0,,,259,4,9,6,8,8,6,5,8,12,17,15,13,23,26,33,19,115,125,66,130,2,4,2,4,5,4,4,6,5,8,7,8,11,18,13,8,62,60,29,129,2,5,4,4,3,2,1,2,7,9,8,5,12,8,20,11,53,65,37
42212032073,4,êºäCés,êºîﬁí¨ã{âYãΩ,0,,,88,1,3,1,2,0,1,1,6,3,9,3,4,8,11,15,5,37,46,20,46,1,2,1,1,0,1,1,4,0,6,1,2,4,7,5,4,20,22,10,42,0,1,0,1,0,0,0,2,3,3,2,2,4,4,10,1,17,24,10
42212032074,4,êºäCés,êºîﬁí¨ã{âYãΩ,0,,,40,0,0,0,2,2,0,3,2,2,0,1,0,6,4,6,0,18,22,12,20,0,0,0,1,1,0,2,2,1,0,0,0,2,2,4,0,9,11,5,20,0,0,0,1,1,0,1,0,1,0,1,0,4,2,2,0,9,11,7
42212032075,4,êºäCés,êºîﬁí¨ã{âYãΩ,0,,,131,3,6,5,4,6,5,1,0,7,8,11,9,9,11,12,14,60,57,34,64,1,2,1,2,4,3,1,0,4,2,6,6,5,9,4,4,33,27,14,67,2,4,4,2,2,2,0,0,3,6,5,3,4,2,8,10,27,30,20
422120330,3,êºäCés,êºîﬁí¨íÜéRãΩ,0,,,315,1,11,14,10,16,10,9,14,16,5,18,28,37,38,16,26,163,126,72,157,1,6,7,5,11,5,5,9,8,3,8,14,21,17,10,14,89,54,27,158,0,5,7,5,5,5,4,5,8,2,10,14,16,21,6,12,74,72,45
42212033076,4,êºäCés,êºîﬁí¨íÜéRãΩ,0,,,78,1,5,5,0,1,0,1,7,8,2,1,6,11,15,6,11,37,30,9,40,1,3,3,0,0,0,1,4,3,2,0,3,6,8,4,7,19,14,2,38,0,2,2,0,1,0,0,3,5,0,1,3,5,7,2,4,18,16,7
42212033077,4,êºäCés,êºîﬁí¨íÜéRãΩ,0,,,128,0,4,4,8,7,8,5,5,1,2,8,11,10,14,0,8,65,55,41,60,0,2,2,3,6,4,3,3,0,1,3,6,5,7,0,4,34,22,15,68,0,2,2,5,1,4,2,2,1,1,5,5,5,7,0,4,31,33,26
42212033078,4,êºäCés,êºîﬁí¨íÜéRãΩ,0,,,109,0,2,5,2,8,2,3,2,7,1,9,11,16,9,10,7,61,41,22,57,0,1,2,2,5,1,1,2,5,0,5,5,10,2,6,3,36,18,10,52,0,1,3,0,3,1,2,0,2,1,4,6,6,7,4,4,25,23,12
422120340,3,êºäCés,êºîﬁí¨ãÚèÍãΩ,0,,,339,16,12,20,18,20,16,10,18,24,31,30,19,28,29,14,48,214,77,34,162,7,3,11,6,11,8,7,5,12,18,19,6,16,14,8,21,108,33,11,177,9,9,9,12,9,8,3,13,12,13,11,13,12,15,6,27,106,44,23
42212034055,4,êºäCés,êºîﬁí¨ãÚèÍãΩ,0,,,199,8,6,5,9,14,16,8,10,12,19,21,14,16,16,5,19,139,41,20,98,3,1,3,5,7,8,5,2,6,13,13,4,10,8,3,7,73,18,7,101,5,5,2,4,7,8,3,8,6,6,8,10,6,8,2,12,66,23,13
42212034056,4,êºäCés,êºîﬁí¨ãÚèÍãΩ,0,,,109,6,6,14,6,3,0,1,8,9,11,7,2,8,10,5,26,55,28,13,46,2,2,7,0,2,0,1,3,4,5,5,1,3,5,2,11,24,11,4,63,4,4,7,6,1,0,0,5,5,6,2,1,5,5,3,15,31,17,9
42212034057,4,êºäCés,êºîﬁí¨ãÚèÍãΩ,0,,,31,2,0,1,3,3,0,1,0,3,1,2,3,4,3,4,3,20,8,1,18,2,0,1,1,2,0,1,0,2,0,1,1,3,1,3,3,11,4,0,13,0,0,0,2,1,0,0,0,1,1,1,2,1,2,1,0,9,4,1
422120350,3,êºäCés,êºäCí¨ñÿèÍãΩ,0,,,502,12,16,26,23,14,20,22,15,33,49,27,34,28,50,41,54,265,183,92,241,6,9,14,13,11,9,14,8,16,27,11,14,15,28,20,29,138,74,26,261,6,7,12,10,3,11,8,7,17,22,16,20,13,22,21,25,127,109,66
42212035001,4,êºäCés,êºäCí¨ñÿèÍãΩ,0,,,154,3,5,8,10,7,4,3,3,10,14,4,5,10,22,16,16,70,68,30,76,2,2,6,4,6,2,3,2,5,8,1,2,4,10,10,10,37,29,9,78,1,3,2,6,1,2,0,1,5,6,3,3,6,12,6,6,33,39,21
42212035002,4,êºäCés,êºäCí¨ñÿèÍãΩ,0,,,55,2,0,1,2,3,3,0,1,3,3,7,5,3,5,5,3,30,22,12,27,1,0,0,2,2,2,0,0,2,1,3,2,2,2,2,1,16,10,6,28,1,0,1,0,1,1,0,1,1,2,4,3,1,3,3,2,14,12,6
42212035004,4,êºäCés,êºäCí¨ñÿèÍãΩ,0,,,293,7,11,17,11,4,13,19,11,20,32,16,24,15,23,20,35,165,93,50,138,3,7,8,7,3,5,11,6,9,18,7,10,9,16,8,18,85,35,11,155,4,4,9,4,1,8,8,5,11,14,9,14,6,7,12,17,80,58,39
422120360,3,êºäCés,êºäCí¨íOî[ãΩ,0,,,595,26,40,37,32,27,13,28,35,44,43,27,34,38,47,49,103,321,171,75,296,13,20,18,19,15,9,15,16,22,21,14,20,20,19,29,51,171,74,26,299,13,20,19,13,12,4,13,19,22,22,13,14,18,28,20,52,150,97,49
42212036003,4,êºäCés,êºäCí¨íOî[ãΩ,0,,,348,13,24,23,17,24,7,17,23,28,29,16,17,19,26,31,60,197,91,34,171,7,10,8,12,14,5,8,9,16,13,8,12,10,7,21,25,107,39,11,177,6,14,15,5,10,2,9,14,12,16,8,5,9,19,10,35,90,52,23
42212036010,4,êºäCés,êºäCí¨íOî[ãΩ,0,,,247,13,16,14,15,3,6,11,12,16,14,11,17,19,21,18,43,124,80,41,125,6,10,10,7,1,4,7,7,6,8,6,8,10,12,8,26,64,35,15,122,7,6,4,8,2,2,4,5,10,6,5,9,9,9,10,17,60,45,26
422120370,3,êºäCés,êºäCí¨ëæìcå¥ãΩ,0,,,265,9,5,6,4,6,7,11,6,7,7,7,23,11,27,16,20,89,156,113,112,5,3,4,3,3,3,6,4,4,4,3,14,3,15,9,12,47,53,29,153,4,2,2,1,3,4,5,2,3,3,4,9,8,12,7,8,42,103,84
42212037005,4,êºäCés,êºäCí¨ëæìcå¥ãΩ,0,,,109,8,3,2,2,3,6,5,4,4,5,5,16,7,14,7,13,57,39,18,54,4,1,0,2,1,3,2,3,2,3,1,10,2,9,4,5,29,20,7,55,4,2,2,0,2,3,3,1,2,2,4,6,5,5,3,8,28,19,11
42212037006,4,êºäCés,êºäCí¨ëæìcå¥ãΩ,0,,,156,1,2,4,2,3,1,6,2,3,2,2,7,4,13,9,7,32,117,95,58,1,2,4,1,2,0,4,1,2,1,2,4,1,6,5,7,18,33,22,98,0,0,0,1,1,1,2,1,1,1,0,3,3,7,4,0,14,84,73
422120380,3,êºäCés,êºäCí¨êÏì‡ãΩ,0,,,428,15,15,24,24,11,12,18,19,21,24,21,28,37,31,23,54,215,159,105,194,9,8,11,11,7,4,10,12,9,11,9,12,21,17,10,28,106,60,33,234,6,7,13,13,4,8,8,7,12,13,12,16,16,14,13,26,109,99,72
42212038007,4,êºäCés,êºäCí¨êÏì‡ãΩ,0,,,114,1,1,13,6,2,2,6,2,10,3,8,9,16,14,4,15,64,35,17,56,1,1,6,4,2,0,4,2,6,0,4,5,9,7,2,8,36,12,3,58,0,0,7,2,0,2,2,0,4,3,4,4,7,7,2,7,28,23,14
42212038008,4,êºäCés,êºäCí¨êÏì‡ãΩ,0,,,163,9,5,7,6,7,9,11,9,2,13,11,13,6,5,12,21,87,55,38,73,5,2,2,2,4,3,6,5,0,6,5,5,4,2,5,9,40,24,17,90,4,3,5,4,3,6,5,4,2,7,6,8,2,3,7,12,47,31,21
42212038009,4,êºäCés,êºäCí¨êÏì‡ãΩ,0,,,151,5,9,4,12,2,1,1,8,9,8,2,6,15,12,7,18,64,69,50,65,3,5,3,5,1,1,0,5,3,5,0,2,8,8,3,11,30,24,13,86,2,4,1,7,1,0,1,3,6,3,2,4,7,4,4,7,34,45,37
422120390,3,êºäCés,êºäCí¨êÖâYãΩ,0,,,579,13,12,18,27,17,14,22,25,17,35,27,47,60,77,47,43,291,245,121,292,6,9,10,17,7,8,13,14,11,16,11,22,29,43,26,25,148,119,50,287,7,3,8,10,10,6,9,11,6,19,16,25,31,34,21,18,143,126,71
42212039011,4,êºäCés,êºäCí¨êÖâYãΩ,0,,,296,9,8,13,14,7,7,17,10,10,16,11,24,34,38,26,30,150,116,52,145,4,5,6,8,3,3,10,5,6,7,5,10,18,18,15,15,75,55,22,151,5,3,7,6,4,4,7,5,4,9,6,14,16,20,11,15,75,61,30
42212039012,4,êºäCés,êºäCí¨êÖâYãΩ,0,,,180,4,1,1,8,6,7,2,11,3,9,11,16,21,27,15,6,94,80,38,91,2,1,1,6,3,5,1,7,3,2,5,8,9,16,9,4,49,38,13,89,2,0,0,2,3,2,1,4,0,7,6,8,12,11,6,2,45,42,25
42212039013,4,êºäCés,êºäCí¨êÖâYãΩ,0,,,103,0,3,4,5,4,0,3,4,4,10,5,7,5,12,6,7,47,49,31,56,0,3,3,3,1,0,2,2,2,7,1,4,2,9,2,6,24,26,15,47,0,0,1,2,3,0,1,2,2,3,4,3,3,3,4,1,23,23,16
422120400,3,êºäCés,êºäCí¨â°ê£ãΩ,0,,,1184,38,57,43,51,42,45,45,48,58,79,60,79,85,102,106,138,592,453,245,565,21,26,22,25,22,21,21,22,32,36,31,41,39,52,57,69,290,205,96,619,17,31,21,26,20,24,24,26,26,43,29,38,46,50,49,69,302,248,149
42212040014,4,êºäCés,êºäCí¨â°ê£ãΩ,0,,,159,2,8,13,4,8,4,7,7,9,10,7,10,12,13,9,23,78,58,36,77,1,3,4,2,6,2,5,3,5,5,2,7,5,8,5,8,42,27,14,82,1,5,9,2,2,2,2,4,4,5,5,3,7,5,4,15,36,31,22
42212040015,4,êºäCés,êºäCí¨â°ê£ãΩ,0,,,177,7,12,10,8,3,6,8,11,7,15,5,12,12,12,17,29,87,61,32,89,2,9,8,4,1,4,4,4,3,7,2,5,5,9,8,19,39,31,14,88,5,3,2,4,2,2,4,7,4,8,3,7,7,3,9,10,48,30,18
42212040016,4,êºäCés,êºäCí¨â°ê£ãΩ,0,,,95,2,2,6,4,0,2,3,2,4,8,4,8,5,14,13,10,40,45,18,50,1,1,3,2,0,2,2,1,2,4,2,5,3,5,8,5,23,22,9,45,1,1,3,2,0,0,1,1,2,4,2,3,2,9,5,5,17,23,9
42212040017,4,êºäCés,êºäCí¨â°ê£ãΩ,0,,,71,0,3,0,3,1,5,1,3,3,6,2,6,3,8,14,3,33,35,13,31,0,1,0,1,0,1,0,2,3,3,1,4,2,4,6,1,17,13,3,40,0,2,0,2,1,4,1,1,0,3,1,2,1,4,8,2,16,22,10
42212040018,4,êºäCés,êºäCí¨â°ê£ãΩ,0,,,148,8,9,7,8,8,8,7,6,7,8,12,12,8,10,7,24,84,40,23,66,5,4,4,3,4,5,2,4,2,3,4,7,4,3,5,13,38,15,7,82,3,5,3,5,4,3,5,2,5,5,8,5,4,7,2,11,46,25,16
42212040019,4,êºäCés,êºäCí¨â°ê£ãΩ,0,,,87,2,5,1,2,3,1,4,2,1,2,6,1,9,11,7,8,31,48,30,37,2,2,0,0,1,0,3,2,0,0,3,0,5,5,4,4,14,19,10,50,0,3,1,2,2,1,1,0,1,2,3,1,4,6,3,4,17,29,20
42212040020,4,êºäCés,êºäCí¨â°ê£ãΩ,0,,,144,3,8,1,6,4,6,4,8,7,9,8,11,11,8,11,12,74,58,39,74,2,3,1,4,3,3,2,4,3,4,6,4,3,6,7,6,36,32,19,70,1,5,0,2,1,3,2,4,4,5,2,7,8,2,4,6,38,26,20
42212040021,4,êºäCés,êºäCí¨â°ê£ãΩ,0,,,132,10,6,2,4,4,9,4,1,8,11,9,11,8,9,9,18,69,44,26,56,6,2,1,2,1,3,1,0,5,6,6,4,4,3,4,9,32,14,7,76,4,4,1,2,3,6,3,1,3,5,3,7,4,6,5,9,37,30,19
42212040022,4,êºäCés,êºäCí¨â°ê£ãΩ,0,,,171,4,4,3,12,11,4,7,8,12,10,7,8,17,17,19,11,96,64,28,85,2,1,1,7,6,1,2,2,9,4,5,5,8,9,10,4,49,32,13,86,2,3,2,5,5,3,5,6,3,6,2,3,9,8,9,7,47,32,15
422120410,3,êºäCés,êºäCí¨ñ çÇãΩ,0,,,407,19,24,16,13,16,11,14,19,17,35,19,23,38,34,37,59,205,143,72,200,9,16,8,6,9,6,7,8,9,18,9,11,19,19,17,33,102,65,29,207,10,8,8,7,7,5,7,11,8,17,10,12,19,15,20,26,103,78,43
42212041023,4,êºäCés,êºäCí¨ñ çÇãΩ,0,,,86,2,2,1,1,3,2,0,2,5,6,4,4,13,10,9,5,40,41,22,41,0,1,0,1,3,2,0,0,3,2,3,2,6,4,5,1,22,18,9,45,2,1,1,0,0,0,0,2,2,4,1,2,7,6,4,4,18,23,13
42212041024,4,êºäCés,êºäCí¨ñ çÇãΩ,0,,,112,2,11,6,2,4,2,2,7,4,11,10,3,8,6,10,19,53,40,24,57,1,8,4,0,2,2,1,4,1,7,5,2,5,3,3,13,29,15,9,55,1,3,2,2,2,0,1,3,3,4,5,1,3,3,7,6,24,25,15
42212041025,4,êºäCés,êºäCí¨ñ çÇãΩ,0,,,20,0,0,0,0,0,1,2,1,0,0,0,2,5,5,3,0,11,9,1,10,0,0,0,0,0,1,1,1,0,0,0,0,2,3,1,0,5,5,1,10,0,0,0,0,0,0,1,0,0,0,0,2,3,2,2,0,6,4,0
42212041026,4,êºäCés,êºäCí¨ñ çÇãΩ,0,,,69,1,3,2,3,2,3,2,2,4,7,3,7,4,6,6,6,37,26,14,36,1,2,2,2,2,0,1,1,3,4,1,3,2,4,3,5,19,12,5,33,0,1,0,1,0,3,1,1,1,3,2,4,2,2,3,1,18,14,9
42212041027,4,êºäCés,êºäCí¨ñ çÇãΩ,0,,,120,14,8,7,7,7,3,8,7,4,11,2,7,8,7,9,29,64,27,11,56,7,5,2,3,2,1,4,2,2,5,0,4,4,5,5,14,27,15,5,64,7,3,5,4,5,2,4,5,2,6,2,3,4,2,4,15,37,12,6
422120420,3,êºäCés,êºäCí¨ìVãvï€ãΩ,0,,,239,8,7,7,12,2,12,9,6,12,9,9,32,20,27,20,22,123,93,46,117,0,5,4,5,1,5,8,2,8,5,3,15,12,13,13,9,64,43,17,122,8,2,3,7,1,7,1,4,4,4,6,17,8,14,7,13,59,50,29
42212042028,4,êºäCés,êºäCí¨ìVãvï€ãΩ,0,,,193,7,7,7,9,2,10,7,6,12,7,6,22,19,20,19,21,100,71,32,96,0,5,4,4,1,5,6,2,8,4,1,11,11,10,12,9,53,33,11,97,7,2,3,5,1,5,1,4,4,3,5,11,8,10,7,12,47,38,21
42212042029,4,êºäCés,êºäCí¨ìVãvï€ãΩ,0,,,46,1,0,0,3,0,2,2,0,0,2,3,10,1,7,1,1,23,22,14,21,0,0,0,1,0,0,2,0,0,1,2,4,1,3,1,0,11,10,6,25,1,0,0,2,0,2,0,0,0,1,1,6,0,4,0,1,12,12,8
422120430,3,êºäCés,êºäCí¨çïå˚ãΩ,0,,,296,7,13,10,9,9,8,11,15,10,10,21,35,31,21,25,30,159,107,61,131,3,6,6,3,3,3,8,7,4,2,11,19,18,10,12,15,78,38,16,165,4,7,4,6,6,5,3,8,6,8,10,16,13,11,13,15,81,69,45
42212043030,4,êºäCés,êºäCí¨çïå˚ãΩ,0,,,53,0,2,3,2,4,1,3,4,1,2,5,5,6,1,8,5,33,15,6,25,0,1,2,0,1,0,1,2,1,0,4,2,4,0,4,3,15,7,3,28,0,1,1,2,3,1,2,2,0,2,1,3,2,1,4,2,18,8,3
42212043031,4,êºäCés,êºäCí¨çïå˚ãΩ,0,,,66,1,2,2,0,0,2,3,2,2,2,4,9,6,5,5,5,30,31,21,28,0,1,2,0,0,1,3,0,1,1,1,6,4,2,0,3,17,8,6,38,1,1,0,0,0,1,0,2,1,1,3,3,2,3,5,2,13,23,15
42212043032,4,êºäCés,êºäCí¨çïå˚ãΩ,0,,,57,2,5,0,2,2,0,0,5,1,3,3,7,6,7,6,7,29,21,8,25,1,3,0,2,1,0,0,3,1,0,2,2,3,4,3,4,14,7,0,32,1,2,0,0,1,0,0,2,0,3,1,5,3,3,3,3,15,14,8
42212043033,4,êºäCés,êºäCí¨çïå˚ãΩ,0,,,94,4,3,3,3,3,4,4,2,5,3,7,10,12,8,5,10,53,31,18,42,2,1,1,1,1,2,3,1,1,1,3,6,7,4,4,4,26,12,4,52,2,2,2,2,2,2,1,1,4,2,4,4,5,4,1,6,27,19,14
42212043034,4,êºäCés,êºäCí¨çïå˚ãΩ,0,,,26,0,1,2,2,0,1,1,2,1,0,2,4,1,0,1,3,14,9,8,11,0,0,1,0,0,0,1,1,0,0,1,3,0,0,1,1,6,4,3,15,0,1,1,2,0,1,0,1,1,0,1,1,1,0,0,2,8,5,5
422120440,3,êºäCés,êºäCí¨ëæìcòaãΩ,0,,,897,32,33,34,19,18,25,35,41,56,47,49,61,77,110,85,99,428,370,175,434,15,22,16,12,8,11,19,22,31,23,18,32,29,58,49,53,205,176,69,463,17,11,18,7,10,14,16,19,25,24,31,29,48,52,36,46,223,194,106
42212044035,4,êºäCés,êºäCí¨ëæìcòaãΩ,0,,,67,2,4,2,1,1,0,4,1,3,4,3,8,6,8,3,8,31,28,17,38,2,4,2,1,1,0,3,0,2,2,1,4,3,6,1,8,17,13,6,29,0,0,0,0,0,0,1,1,1,2,2,4,3,2,2,0,14,15,11
42212044036,4,êºäCés,êºäCí¨ëæìcòaãΩ,0,,,164,7,7,10,2,3,11,7,5,11,7,10,9,17,12,14,24,82,58,32,75,3,6,6,1,1,4,4,3,7,2,4,5,6,5,8,15,37,23,10,89,4,1,4,1,2,7,3,2,4,5,6,4,11,7,6,9,45,35,22
42212044037,4,êºäCés,êºäCí¨ëæìcòaãΩ,0,,,164,9,7,5,7,5,7,5,5,14,11,11,6,19,17,14,21,90,53,22,76,2,3,2,5,1,4,1,2,8,7,6,2,7,11,6,7,43,26,9,88,7,4,3,2,4,3,4,3,6,4,5,4,12,6,8,14,47,27,13
42212044038,4,êºäCés,êºäCí¨ëæìcòaãΩ,0,,,157,6,4,7,2,2,2,7,7,8,7,7,15,11,27,16,17,68,72,29,74,4,2,1,2,2,2,4,4,3,2,1,8,3,14,12,7,31,36,10,83,2,2,6,0,0,0,3,3,5,5,6,7,8,13,4,10,37,36,19
42212044039,4,êºäCés,êºäCí¨ëæìcòaãΩ,0,,,171,5,9,5,2,4,3,7,13,10,11,8,10,10,24,16,19,78,74,34,84,3,6,2,1,3,0,4,6,5,6,2,5,5,10,9,11,37,36,17,87,2,3,3,1,1,3,3,7,5,5,6,5,5,14,7,8,41,38,17
42212044040,4,êºäCés,êºäCí¨ëæìcòaãΩ,0,,,174,3,2,5,5,3,2,5,10,10,7,10,13,14,22,22,10,79,85,41,87,1,1,3,2,0,1,3,7,6,4,4,8,5,12,13,5,40,42,17,87,2,1,2,3,3,1,2,3,4,3,6,5,9,10,9,5,39,43,24
422120450,3,êºäCés,êºäCí¨íÜâYñkãΩ,0,,,420,14,20,24,18,7,10,16,9,27,22,21,32,24,41,40,58,186,176,95,188,7,10,10,5,3,3,9,5,12,10,9,18,11,21,22,27,85,76,33,232,7,10,14,13,4,7,7,4,15,12,12,14,13,20,18,31,101,100,62
42212045041,4,êºäCés,êºäCí¨íÜâYñkãΩ,0,,,68,3,4,8,3,1,1,0,3,7,2,1,6,3,10,9,15,27,26,7,30,1,2,2,2,0,0,0,1,2,1,1,3,2,5,6,5,12,13,2,38,2,2,6,1,1,1,0,2,5,1,0,3,1,5,3,10,15,13,5
42212045042,4,êºäCés,êºäCí¨íÜâYñkãΩ,0,,,26,1,2,1,0,0,1,3,2,0,0,1,3,3,2,2,4,13,9,5,13,1,0,0,0,0,0,2,1,0,0,1,1,2,2,0,1,7,5,3,13,0,2,1,0,0,1,1,1,0,0,0,2,1,0,2,3,6,4,2
42212045043,4,êºäCés,êºäCí¨íÜâYñkãΩ,0,,,38,0,0,2,1,0,1,0,1,1,5,2,2,2,3,6,2,15,21,12,16,0,0,1,0,0,1,0,1,1,2,1,2,0,1,3,1,8,7,3,22,0,0,1,1,0,0,0,0,0,3,1,0,2,2,3,1,7,14,9
42212045044,4,êºäCés,êºäCí¨íÜâYñkãΩ,0,,,164,7,11,7,9,2,6,9,1,11,8,6,13,11,11,13,25,76,63,39,73,3,7,4,3,1,2,6,0,6,2,0,7,6,5,7,14,33,26,14,91,4,4,3,6,1,4,3,1,5,6,6,6,5,6,6,11,43,37,25
42212045046,4,êºäCés,êºäCí¨íÜâYñkãΩ,0,,,124,3,3,6,5,4,1,4,2,8,7,11,8,5,15,10,12,55,57,32,56,2,1,3,0,2,0,1,2,3,5,6,5,1,8,6,6,25,25,11,68,1,2,3,5,2,1,3,0,5,2,5,3,4,7,4,6,30,32,21
422120460,3,êºäCés,êºäCí¨íÜâYìÏãΩ,0,,,195,3,8,5,4,7,1,7,5,7,13,20,23,18,16,13,16,105,74,45,89,1,4,3,1,4,1,3,3,1,9,7,12,11,9,6,8,52,29,14,106,2,4,2,3,3,0,4,2,6,4,13,11,7,7,7,8,53,45,31
42212046048,4,êºäCés,êºäCí¨íÜâYìÏãΩ,0,,,69,0,4,0,1,1,1,1,1,3,4,7,10,8,6,4,4,37,28,18,33,0,2,0,1,1,1,0,1,0,4,3,3,6,3,3,2,20,11,5,36,0,2,0,0,0,0,1,0,3,0,4,7,2,3,1,2,17,17,13
42212046049,4,êºäCés,êºäCí¨íÜâYìÏãΩ,0,,,65,2,1,3,0,1,0,5,2,2,4,8,5,5,8,6,6,32,27,13,31,1,0,2,0,1,0,2,2,0,2,3,4,3,4,2,3,17,11,5,34,1,1,1,0,0,0,3,0,2,2,5,1,2,4,4,3,15,16,8
42212046050,4,êºäCés,êºäCí¨íÜâYìÏãΩ,0,,,61,1,3,2,3,5,0,1,2,2,5,5,8,5,2,3,6,36,19,14,25,0,2,1,0,2,0,1,0,1,3,1,5,2,2,1,3,15,7,4,36,1,1,1,3,3,0,0,2,1,2,4,3,3,0,2,3,21,12,10
422120470,3,êºäCés,êºäCí¨éµäòãΩ,0,,,604,13,14,10,18,14,20,18,16,22,25,40,50,70,68,63,37,293,274,143,294,7,4,6,7,7,14,9,8,11,11,19,24,39,34,30,17,149,128,64,310,6,10,4,11,7,6,9,8,11,14,21,26,31,34,33,20,144,146,79
42212047051,4,êºäCés,êºäCí¨éµäòãΩ,0,,,101,3,0,2,4,6,3,2,2,3,8,7,5,8,16,8,5,48,48,24,51,1,0,1,2,3,3,1,1,1,3,3,3,4,9,4,2,24,25,12,50,2,0,1,2,3,0,1,1,2,5,4,2,4,7,4,3,24,23,12
42212047052,4,êºäCés,êºäCí¨éµäòãΩ,0,,,67,0,0,2,3,1,3,1,1,6,5,5,4,9,4,11,2,38,27,12,32,0,0,1,1,0,2,0,0,4,2,3,2,2,3,5,1,16,15,7,35,0,0,1,2,1,1,1,1,2,3,2,2,7,1,6,1,22,12,5
42212047053,4,êºäCés,êºäCí¨éµäòãΩ,0,,,126,3,6,1,4,1,4,7,5,3,6,7,13,20,17,8,10,70,46,21,60,1,1,1,1,1,2,4,3,1,3,3,6,11,10,3,3,35,22,9,66,2,5,0,3,0,2,3,2,2,3,4,7,9,7,5,7,35,24,12
42212047055,4,êºäCés,êºäCí¨éµäòãΩ,0,,,108,5,4,0,2,3,2,6,5,4,2,6,9,10,8,13,9,49,50,29,59,5,2,0,1,2,2,3,3,3,1,2,6,7,3,6,7,30,22,13,49,0,2,0,1,1,0,3,2,1,1,4,3,3,5,7,2,19,28,16
42212047056,4,êºäCés,êºäCí¨éµäòãΩ,0,,,69,0,2,1,3,3,2,2,1,3,0,5,7,11,5,6,3,37,29,18,32,0,1,0,1,1,1,1,0,1,0,2,2,7,3,3,1,16,15,9,37,0,1,1,2,2,1,1,1,2,0,3,5,4,2,3,2,21,14,9
42212047057,4,êºäCés,êºäCí¨éµäòãΩ,0,,,72,2,2,1,2,0,4,0,1,1,1,5,5,5,13,11,5,24,43,19,32,0,0,1,1,0,2,0,1,1,0,3,2,2,5,7,1,12,19,7,40,2,2,0,1,0,2,0,0,0,1,2,3,3,8,4,4,12,24,12
42212047058,4,êºäCés,êºäCí¨éµäòãΩ,0,,,9,0,0,0,0,0,0,0,0,0,0,1,0,1,0,2,0,2,7,5,4,0,0,0,0,0,0,0,0,0,0,1,0,0,0,1,0,1,3,2,5,0,0,0,0,0,0,0,0,0,0,0,0,1,0,1,0,1,4,3
42212047059,4,êºäCés,êºäCí¨éµäòãΩ,0,,,52,0,0,3,0,0,2,0,1,2,3,4,7,6,5,4,3,25,24,15,24,0,0,2,0,0,2,0,0,0,2,2,3,6,1,1,2,15,7,5,28,0,0,1,0,0,0,0,1,2,1,2,4,0,4,3,1,10,17,10
422120480,3,êºäCés,ëÂìáí¨,0,,,4956,154,176,179,169,292,334,343,298,282,236,198,292,290,410,405,509,2734,1647,832,2779,69,87,88,104,237,260,255,200,158,136,107,149,160,216,194,244,1766,703,293,2177,85,89,91,65,55,74,88,98,124,100,91,143,130,194,211,265,968,944,539
42212048001,4,êºäCés,ëÂìáí¨çïê£,0,,,189,1,5,3,5,4,2,6,2,6,4,6,10,22,26,31,9,67,113,56,95,1,3,1,3,3,2,4,2,3,1,3,4,11,15,15,5,36,54,24,94,0,2,2,2,1,0,2,0,3,3,3,6,11,11,16,4,31,59,32
42212048002,4,êºäCés,ëÂìáí¨ì‡âY,0,,,307,12,6,4,6,12,20,11,18,22,14,25,21,21,20,17,22,170,58,21,203,5,2,3,5,5,14,7,12,16,7,16,11,15,11,11,10,108,28,6,104,7,4,1,1,7,6,4,6,6,7,9,10,6,9,6,12,62,30,15
42212048003,4,êºäCés,ëÂìáí¨înçû,0,,,578,10,11,8,5,13,20,18,21,26,25,27,45,43,68,84,29,243,306,154,280,6,8,5,3,9,9,10,10,13,12,15,23,24,36,41,19,128,133,56,298,4,3,3,2,4,11,8,11,13,13,12,22,19,32,43,10,115,173,98
42212048004,4,êºäCés,ëÂìáí¨íÜâõ,0,,,475,60,52,38,8,45,56,71,46,41,27,9,7,6,8,0,150,316,9,1,223,23,28,16,3,22,25,33,21,21,14,6,4,2,5,0,67,151,5,0,252,37,24,22,5,23,31,38,25,20,13,3,3,4,3,0,83,165,4,1
42212048005,4,êºäCés,ëÂìáí¨ä‘ê£,0,,,742,19,26,41,28,17,12,17,34,51,46,33,45,36,80,78,86,319,331,173,349,10,15,17,11,9,7,8,19,25,29,20,22,16,38,40,42,166,135,57,393,9,11,24,17,8,5,9,15,26,17,13,23,20,42,38,44,153,196,116
42212048006,4,êºäCés,ëÂìáí¨ê^çª,0,,,1246,19,39,37,78,177,190,179,129,67,65,34,45,39,53,29,95,1003,145,63,993,8,17,25,61,176,184,165,112,49,43,22,33,21,32,18,50,866,74,24,253,11,22,12,17,1,6,14,17,18,22,12,12,18,21,11,45,137,71,39
42212048007,4,êºäCés,ëÂìáí¨ïSçáÇ™ãu,0,,,112,1,0,2,2,0,1,1,1,2,8,4,10,6,8,17,3,35,74,49,44,1,0,0,0,0,1,1,1,1,4,2,5,5,3,4,1,20,23,16,68,0,0,2,2,0,0,0,0,1,4,2,5,1,5,13,2,15,51,33
42212048008,4,êºäCés,ëÂìáí¨éõìá,0,,,202,5,7,10,5,5,4,12,9,11,4,15,15,24,25,18,22,104,76,33,102,2,3,4,2,2,3,9,5,6,3,7,8,14,13,10,9,59,34,11,100,3,4,6,3,3,1,3,4,5,1,8,7,10,12,8,13,45,42,22
42212048009,4,êºäCés,ëÂìáí¨ëÂìá,0,,,284,4,6,4,12,3,5,7,2,11,13,15,36,24,31,35,14,128,142,76,119,0,1,1,7,3,3,6,1,4,7,4,15,12,16,12,2,62,55,27,165,4,5,3,5,0,2,1,1,7,6,11,21,12,15,23,12,66,87,49
42212048010,4,êºäCés,ëÂìáí¨ìcâY,0,,,35,0,0,0,0,0,0,1,1,1,1,1,1,4,12,5,0,10,25,8,18,0,0,0,0,0,0,0,1,1,1,0,0,2,9,2,0,5,13,2,17,0,0,0,0,0,0,1,0,0,0,1,1,2,3,3,0,5,12,6
42212048011,4,êºäCés,ëÂìáí¨âñìc,0,,,47,2,0,0,0,1,1,1,2,3,0,0,4,4,12,7,2,16,29,10,24,1,0,0,0,0,1,1,0,2,0,0,2,3,8,2,1,9,14,4,23,1,0,0,0,1,0,0,2,1,0,0,2,1,4,5,1,7,15,6
42212048012,4,êºäCés,ëÂìáí¨ëæìcîˆ,0,,,221,9,8,7,4,8,9,3,8,14,5,14,19,27,20,21,24,111,86,45,90,4,3,2,2,5,2,2,3,5,3,5,8,12,13,8,9,47,34,13,131,5,5,5,2,3,7,1,5,9,2,9,11,15,7,13,15,64,52,32
42212048013,4,êºäCés,ëÂìáí¨ìÉîˆ,0,,,91,2,3,4,1,2,5,0,5,0,1,0,8,7,8,6,9,29,53,39,40,1,1,2,1,1,4,0,3,0,0,0,4,5,1,4,4,18,18,13,51,1,2,2,0,1,1,0,2,0,1,0,4,2,7,2,5,11,35,26
42212048014,4,êºäCés,ëÂìáí¨íÜåÀ,0,,,127,5,7,6,6,1,1,3,7,11,9,3,8,7,14,22,18,56,53,17,65,4,3,3,3,1,1,2,3,6,5,2,3,5,4,13,10,31,24,7,62,1,4,3,3,0,0,1,4,5,4,1,5,2,10,9,8,25,29,10
42212048015,4,êºäCés,ëÂìáí¨î∏,0,,,120,2,1,4,2,2,4,3,6,4,8,8,8,8,9,16,7,53,60,35,62,1,1,4,0,1,3,3,5,3,4,3,4,4,5,7,6,30,26,14,58,1,0,0,2,1,1,0,1,1,4,5,4,4,4,9,1,23,34,21
42212048016,4,êºäCés,ëÂìáí¨ìøñú,0,,,180,3,5,11,7,2,4,10,7,12,6,4,10,12,16,19,19,74,87,52,72,2,2,5,3,0,1,4,2,3,3,2,3,9,7,7,9,30,33,19,108,1,3,6,4,2,3,6,5,9,3,2,7,3,9,12,10,44,54,33
422120490,3,êºäCés,çËåÀí¨ÂyâYãΩ,0,,,810,16,17,13,71,22,15,26,27,29,52,45,48,63,87,88,46,398,364,189,415,9,3,10,61,16,7,15,18,16,25,23,26,31,49,33,22,238,153,71,395,7,14,3,10,6,8,11,9,13,27,22,22,32,38,55,24,160,211,118
42212049001,4,êºäCés,çËåÀí¨ÂyâYãΩ,0,,,174,11,7,3,2,3,3,7,10,9,7,13,5,12,21,13,21,71,82,48,80,6,1,3,0,2,1,2,7,5,3,8,2,7,12,6,10,37,33,15,94,5,6,0,2,1,2,5,3,4,4,5,3,5,9,7,11,34,49,33
42212049003,4,êºäCés,çËåÀí¨ÂyâYãΩ,0,,,13,0,0,0,1,0,0,0,0,0,1,1,1,0,0,4,0,4,9,5,9,0,0,0,1,0,0,0,0,0,1,0,1,0,0,2,0,3,6,4,4,0,0,0,0,0,0,0,0,0,0,1,0,0,0,2,0,1,3,1
42212049004,4,êºäCés,çËåÀí¨ÂyâYãΩ,0,,,15,0,0,0,0,0,1,0,1,0,0,0,0,1,4,1,0,3,12,7,6,0,0,0,0,0,0,0,1,0,0,0,0,0,2,1,0,1,5,2,9,0,0,0,0,0,1,0,0,0,0,0,0,1,2,0,0,2,7,5
42212049005,4,êºäCés,çËåÀí¨ÂyâYãΩ,0,,,16,0,1,0,0,0,0,0,0,1,2,0,0,1,1,1,1,4,11,9,7,0,0,0,0,0,0,0,0,0,2,0,0,0,1,0,0,2,5,4,9,0,1,0,0,0,0,0,0,1,0,0,0,1,0,1,1,2,6,5
42212049006,4,êºäCés,çËåÀí¨ÂyâYãΩ,1,,049007,17,0,0,0,0,0,2,0,1,0,0,2,0,2,1,5,0,7,9,3,7,0,0,0,0,0,1,0,1,0,0,1,0,1,0,0,0,4,2,2,10,0,0,0,0,0,1,0,0,0,0,1,0,1,1,5,0,3,7,1
42212049007,4,êºäCés,çËåÀí¨ÂyâYãΩ,2,49006,,0,0,0,0,0,0,0,0,0,0,0,0,0,0,0,0,0,0,0,0,0,0,0,0,0,0,0,0,0,0,0,0,0,0,0,0,0,0,0,0,0,0,0,0,0,0,0,0,0,0,0,0,0,0,0,0,0,0,0,0
42212049008,4,êºäCés,çËåÀí¨ÂyâYãΩ,0,,,30,0,1,0,2,0,3,0,0,0,3,0,4,3,3,3,1,15,13,7,15,0,1,0,0,0,0,0,0,0,2,0,1,2,3,1,1,5,8,4,15,0,0,0,2,0,3,0,0,0,1,0,3,1,0,2,0,10,5,3
42212049009,4,êºäCés,çËåÀí¨ÂyâYãΩ,0,,,21,0,0,0,0,1,1,1,0,1,0,3,0,2,1,2,0,9,12,9,8,0,0,0,0,0,1,0,0,0,0,2,0,1,0,0,0,4,4,4,13,0,0,0,0,1,0,1,0,1,0,1,0,1,1,2,0,5,8,5
42212049010,4,êºäCés,çËåÀí¨ÂyâYãΩ,0,,,42,0,0,1,1,1,2,1,2,0,8,5,2,5,5,4,1,27,14,5,19,0,0,1,1,0,1,1,2,0,3,2,1,2,1,3,1,13,5,1,23,0,0,0,0,1,1,0,0,0,5,3,1,3,4,1,0,14,9,4
42212049011,4,êºäCés,çËåÀí¨ÂyâYãΩ,0,,,19,0,0,0,0,0,0,0,0,0,0,0,2,2,11,0,0,4,15,4,9,0,0,0,0,0,0,0,0,0,0,0,1,1,6,0,0,2,7,1,10,0,0,0,0,0,0,0,0,0,0,0,1,1,5,0,0,2,8,3
42212049012,4,êºäCés,çËåÀí¨ÂyâYãΩ,0,,,35,1,1,2,2,0,0,4,2,1,2,2,1,5,2,6,4,19,12,4,24,1,1,2,2,0,0,2,1,1,1,1,1,3,1,4,4,12,8,3,11,0,0,0,0,0,0,2,1,0,1,1,0,2,1,2,0,7,4,1
42212049013,4,êºäCés,çËåÀí¨ÂyâYãΩ,0,,,30,0,0,1,3,0,0,0,1,0,3,1,2,2,5,4,1,12,17,8,14,0,0,0,2,0,0,0,1,0,1,1,1,1,3,1,0,7,7,3,16,0,0,1,1,0,0,0,0,0,2,0,1,1,2,3,1,5,10,5
42212049014,4,êºäCés,çËåÀí¨ÂyâYãΩ,0,,,16,2,0,0,1,0,0,1,1,0,1,0,1,2,1,2,2,7,7,4,7,1,0,0,1,0,0,0,1,0,0,0,0,1,1,0,1,3,3,2,9,1,0,0,0,0,0,1,0,0,1,0,1,1,0,2,1,4,4,2
42212049015,4,êºäCés,çËåÀí¨ÂyâYãΩ,0,,,42,0,0,0,1,4,0,3,0,1,3,3,2,1,4,3,0,18,24,17,23,0,0,0,0,4,0,3,0,1,2,1,1,0,3,1,0,12,11,7,19,0,0,0,1,0,0,0,0,0,1,2,1,1,1,2,0,6,13,10
42212049016,4,êºäCés,çËåÀí¨ÂyâYãΩ,0,,,25,0,0,0,0,0,0,0,0,0,0,0,2,5,3,5,0,7,18,10,11,0,0,0,0,0,0,0,0,0,0,0,1,4,1,3,0,5,6,2,14,0,0,0,0,0,0,0,0,0,0,0,1,1,2,2,0,2,12,8
42212049017,4,êºäCés,çËåÀí¨ÂyâYãΩ,0,,,23,0,0,0,0,0,0,0,1,0,3,0,0,0,4,3,0,4,19,12,8,0,0,0,0,0,0,0,0,0,2,0,0,0,2,1,0,2,6,3,15,0,0,0,0,0,0,0,1,0,1,0,0,0,2,2,0,2,13,9
42212049018,4,êºäCés,çËåÀí¨ÂyâYãΩ,0,,,36,1,2,0,0,1,1,1,3,1,0,0,6,4,6,6,3,17,16,4,17,1,0,0,0,1,1,1,2,1,0,0,2,1,4,2,1,9,7,1,19,0,2,0,0,0,0,0,1,0,0,0,4,3,2,4,2,8,9,3
42212049019,4,êºäCés,çËåÀí¨ÂyâYãΩ,0,,,24,0,0,1,0,1,0,0,2,3,2,1,3,2,2,2,1,14,9,5,10,0,0,0,0,1,0,0,1,2,0,0,2,1,0,0,0,7,3,3,14,0,0,1,0,0,0,0,1,1,2,1,1,1,2,2,1,7,6,2
42212049020,4,êºäCés,çËåÀí¨ÂyâYãΩ,0,,,17,0,1,1,1,1,0,0,0,1,3,1,0,1,1,2,2,8,7,4,7,0,0,0,0,1,0,0,0,1,1,1,0,0,1,0,0,4,3,2,10,0,1,1,1,0,0,0,0,0,2,0,0,1,0,2,2,4,4,2
42212049021,4,êºäCés,çËåÀí¨ÂyâYãΩ,0,,,53,0,0,1,1,5,1,1,1,4,3,4,5,5,6,9,1,30,22,7,24,0,0,1,1,3,1,1,0,1,1,2,3,2,3,3,1,15,8,2,29,0,0,0,0,2,0,0,1,3,2,2,2,3,3,6,0,15,14,5
42212049022,4,êºäCés,çËåÀí¨ÂyâYãΩ,0,,,31,0,0,1,1,1,0,1,1,1,3,1,2,4,4,2,1,15,15,9,15,0,0,1,0,0,0,1,1,0,1,0,1,3,3,1,1,7,7,3,16,0,0,0,1,1,0,0,0,1,2,1,1,1,1,1,0,8,8,6
42212049023,4,êºäCés,çËåÀí¨ÂyâYãΩ,0,,,38,1,4,1,4,3,1,4,1,3,2,5,7,2,0,0,6,32,0,0,24,0,0,1,4,3,1,3,0,3,0,3,5,1,0,0,1,23,0,0,14,1,4,0,0,0,0,1,1,0,2,2,2,1,0,0,5,9,0,0
42212049024,4,êºäCés,çËåÀí¨ÂyâYãΩ,0,,,61,0,0,0,46,0,0,2,0,0,2,0,0,1,1,5,0,51,10,4,53,0,0,0,46,0,0,1,0,0,2,0,0,0,1,2,0,49,4,1,8,0,0,0,0,0,0,1,0,0,0,0,0,1,0,3,0,2,6,3
42212049025,4,êºäCés,çËåÀí¨ÂyâYãΩ,2,49026,,0,0,0,0,0,0,0,0,0,0,0,0,0,0,0,0,0,0,0,0,0,0,0,0,0,0,0,0,0,0,0,0,0,0,0,0,0,0,0,0,0,0,0,0,0,0,0,0,0,0,0,0,0,0,0,0,0,0,0,0
42212049026,4,êºäCés,çËåÀí¨ÂyâYãΩ,1,,049025;049027;049028,32,0,0,1,5,1,0,0,0,3,4,3,3,1,1,6,1,20,11,4,18,0,0,1,3,1,0,0,0,1,3,1,3,0,1,2,1,12,5,2,14,0,0,0,2,0,0,0,0,2,1,2,0,1,0,4,0,8,6,2
42212049027,4,êºäCés,çËåÀí¨ÂyâYãΩ,2,49026,,0,0,0,0,0,0,0,0,0,0,0,0,0,0,0,0,0,0,0,0,0,0,0,0,0,0,0,0,0,0,0,0,0,0,0,0,0,0,0,0,0,0,0,0,0,0,0,0,0,0,0,0,0,0,0,0,0,0,0,0
42212049028,4,êºäCés,çËåÀí¨ÂyâYãΩ,2,49026,,0,0,0,0,0,0,0,0,0,0,0,0,0,0,0,0,0,0,0,0,0,0,0,0,0,0,0,0,0,0,0,0,0,0,0,0,0,0,0,0,0,0,0,0,0,0,0,0,0,0,0,0,0,0,0,0,0,0,0,0
422120500,3,êºäCés,çËåÀí¨ñ{ãΩ,0,,,167,1,3,4,1,2,5,2,3,3,14,6,15,13,19,26,8,64,95,50,77,1,3,1,1,1,3,2,1,2,6,1,8,7,9,13,5,32,40,18,90,0,0,3,0,1,2,0,2,1,8,5,7,6,10,13,3,32,55,32
42212050001,4,êºäCés,çËåÀí¨ñ{ãΩ,1,,050002,78,0,3,1,1,2,2,0,1,1,3,4,7,2,9,18,4,23,51,24,41,0,3,1,1,1,1,0,0,1,2,1,3,2,6,9,4,12,25,10,37,0,0,0,0,1,1,0,1,0,1,3,4,0,3,9,0,11,26,14
42212050002,4,êºäCés,çËåÀí¨ñ{ãΩ,2,50001,,0,0,0,0,0,0,0,0,0,0,0,0,0,0,0,0,0,0,0,0,0,0,0,0,0,0,0,0,0,0,0,0,0,0,0,0,0,0,0,0,0,0,0,0,0,0,0,0,0,0,0,0,0,0,0,0,0,0,0,0
42212050003,4,êºäCés,çËåÀí¨ñ{ãΩ,0,,,49,1,0,0,0,0,3,2,2,0,4,2,6,8,5,4,1,27,21,12,22,1,0,0,0,0,2,2,1,0,2,0,4,4,0,3,1,15,6,3,27,0,0,0,0,0,1,0,1,0,2,2,2,4,5,1,0,12,15,9
42212050005,4,êºäCés,çËåÀí¨ñ{ãΩ,0,,,40,0,0,3,0,0,0,0,0,2,7,0,2,3,5,4,3,14,23,14,14,0,0,0,0,0,0,0,0,1,2,0,1,1,3,1,0,5,9,5,26,0,0,3,0,0,0,0,0,1,5,0,1,2,2,3,3,9,14,9
422120510,3,êºäCés,çËåÀí¨ç]ìá,0,,,100,0,0,3,1,2,3,3,3,1,5,4,9,8,12,12,3,39,58,34,49,0,0,3,1,2,2,2,2,0,3,3,4,3,8,8,3,22,24,8,51,0,0,0,0,0,1,1,1,1,2,1,5,5,4,4,0,17,34,26
42212051001,4,êºäCés,çËåÀí¨ç]ìá,0,,,20,0,0,0,0,0,0,1,1,0,1,1,3,2,1,2,0,9,11,8,7,0,0,0,0,0,0,0,1,0,0,1,0,1,1,2,0,3,4,1,13,0,0,0,0,0,0,1,0,0,1,0,3,1,0,0,0,6,7,7
42212051002,4,êºäCés,çËåÀí¨ç]ìá,0,,,24,0,0,0,1,1,3,2,1,0,0,1,0,3,2,3,0,12,12,7,12,0,0,0,1,1,2,2,0,0,0,0,0,1,2,2,0,7,5,1,12,0,0,0,0,0,1,0,1,0,0,1,0,2,0,1,0,5,7,6
42212051003,4,êºäCés,çËåÀí¨ç]ìá,0,,,22,0,0,0,0,0,0,0,0,0,0,1,2,2,4,2,0,5,17,11,10,0,0,0,0,0,0,0,0,0,0,1,1,1,3,1,0,3,7,3,12,0,0,0,0,0,0,0,0,0,0,0,1,1,1,1,0,2,10,8
42212051004,4,êºäCés,çËåÀí¨ç]ìá,0,,,34,0,0,3,0,1,0,0,1,1,4,1,4,1,5,5,3,13,18,8,20,0,0,3,0,1,0,0,1,0,3,1,3,0,2,3,3,9,8,3,14,0,0,0,0,0,0,0,0,1,1,0,1,1,3,2,0,4,10,5
422120520,3,êºäCés,çËåÀí¨ïΩìá,0,,,143,0,2,3,0,1,6,3,5,1,2,11,7,13,19,15,5,49,89,55,77,0,0,3,0,1,5,2,2,1,1,7,4,9,12,7,3,32,42,23,66,0,2,0,0,0,1,1,3,0,1,4,3,4,7,8,2,17,47,32
42212052001,4,êºäCés,çËåÀí¨ïΩìá,1,,052002,56,0,2,3,0,0,0,0,4,1,1,1,2,5,7,2,5,14,37,28,28,0,0,3,0,0,0,0,1,1,0,0,0,5,3,1,3,7,18,14,28,0,2,0,0,0,0,0,3,0,1,1,2,0,4,1,2,7,19,14
42212052002,4,êºäCés,çËåÀí¨ïΩìá,2,52001,,0,0,0,0,0,0,0,0,0,0,0,0,0,0,0,0,0,0,0,0,0,0,0,0,0,0,0,0,0,0,0,0,0,0,0,0,0,0,0,0,0,0,0,0,0,0,0,0,0,0,0,0,0,0,0,0,0,0,0,0
42212052003,4,êºäCés,çËåÀí¨ïΩìá,0,,,10,0,0,0,0,0,0,0,0,0,0,1,1,1,0,3,0,3,7,4,4,0,0,0,0,0,0,0,0,0,0,1,1,0,0,2,0,2,2,0,6,0,0,0,0,0,0,0,0,0,0,0,0,1,0,1,0,1,5,4
42212052004,4,êºäCés,çËåÀí¨ïΩìá,0,,,10,0,0,0,0,0,0,0,0,0,0,1,0,0,4,0,0,1,9,5,4,0,0,0,0,0,0,0,0,0,0,1,0,0,3,0,0,1,3,0,6,0,0,0,0,0,0,0,0,0,0,0,0,0,1,0,0,0,6,5
42212052005,4,êºäCés,çËåÀí¨ïΩìá,0,,,49,0,0,0,0,1,6,2,0,0,1,7,3,5,4,8,0,25,24,12,30,0,0,0,0,1,5,1,0,0,1,4,3,3,3,3,0,18,12,6,19,0,0,0,0,0,1,1,0,0,0,3,0,2,1,5,0,7,12,6
42212052006,4,êºäCés,çËåÀí¨ïΩìá,0,,,18,0,0,0,0,0,0,1,1,0,0,1,1,2,4,2,0,6,12,6,11,0,0,0,0,0,0,1,1,0,0,1,0,1,3,1,0,4,7,3,7,0,0,0,0,0,0,0,0,0,0,0,1,1,1,1,0,2,5,3
42213,1,â_êÂés,,0,,,41096,1393,1700,1821,1611,1179,1398,1678,2093,2213,2376,2538,2973,3378,3688,3109,4914,21437,14677,7880,19378,699,860,942,847,549,702,799,1029,1146,1163,1249,1504,1653,1861,1528,2501,10641,6197,2808,21718,694,840,879,764,630,696,879,1064,1067,1213,1289,1469,1725,1827,1581,2413,10796,8480,5072
422130010,3,â_êÂés,çëå©í¨ëΩî‰ó«,0,,,3170,108,153,153,164,104,89,141,151,170,217,156,242,245,254,242,414,1679,1072,576,1503,54,79,85,107,35,44,57,75,83,102,73,122,116,128,118,218,814,468,222,1667,54,74,68,57,69,45,84,76,87,115,83,120,129,126,124,196,865,604,354
42213001001,4,â_êÂés,çëå©í¨ëΩî‰ó«ãõêÙêÏ,0,,,117,9,9,9,4,11,5,12,8,4,3,4,5,9,6,8,27,65,25,11,48,4,5,2,3,1,1,3,3,3,2,2,3,4,3,4,11,25,12,5,69,5,4,7,1,10,4,9,5,1,1,2,2,5,3,4,16,40,13,6
42213001002,4,â_êÂés,çëå©í¨ëΩî‰ó«ïSâ‘ë‰,0,,,144,7,7,5,6,3,3,7,4,14,10,5,11,14,18,7,19,77,48,23,68,3,2,4,4,1,2,2,2,9,4,3,4,9,8,4,9,40,19,7,76,4,5,1,2,2,1,5,2,5,6,2,7,5,10,3,10,37,29,16
42213001003,4,â_êÂés,çëå©í¨ëΩî‰ó«è¨ÉPëq,0,,,218,7,17,6,6,8,5,8,12,13,12,9,9,16,18,20,30,98,90,52,90,3,6,6,4,1,1,4,5,7,8,6,3,7,9,7,15,46,29,13,128,4,11,0,2,7,4,4,7,6,4,3,6,9,9,13,15,52,61,39
42213001004,4,â_êÂés,çëå©í¨ëΩî‰ó«ã‡éRã¥êÏ,0,,,184,4,7,8,11,4,5,10,1,10,14,7,17,13,17,12,19,92,73,44,93,0,6,3,5,3,3,6,1,5,7,2,10,7,7,7,9,49,35,21,91,4,1,5,6,1,2,4,0,5,7,5,7,6,10,5,10,43,38,23
42213001005,4,â_êÂés,çëå©í¨ëΩî‰ó«çÇâ∫å¥å˚ÅCêAèº,0,,,162,7,9,9,12,4,2,10,12,8,16,1,15,10,16,13,25,90,47,18,77,2,5,5,4,2,2,4,7,3,9,0,6,5,10,8,12,42,23,5,85,5,4,4,8,2,0,6,5,5,7,1,9,5,6,5,13,48,24,13
42213001006,4,â_êÂés,çëå©í¨ëΩî‰ó«çÇâ∫íÜçÇâ∫,0,,,176,3,7,11,6,6,2,6,8,8,9,6,16,15,24,12,21,82,71,35,88,3,5,4,2,3,2,1,3,5,4,3,8,6,16,6,12,37,38,16,88,0,2,7,4,3,0,5,5,3,5,3,8,9,8,6,9,45,33,19
42213001007,4,â_êÂés,çëå©í¨ëΩî‰ó«çÇâ∫â∫çÇâ∫ÅCìcãvï€,0,,,252,13,10,19,7,7,6,12,17,14,15,14,19,21,18,18,42,132,78,42,117,8,6,10,4,2,2,4,9,7,6,6,8,10,9,8,24,58,35,18,135,5,4,9,3,5,4,8,8,7,9,8,11,11,9,10,18,74,43,24
42213001008,4,â_êÂés,çëå©í¨ëΩî‰ó«înèÍíÜëgÅCè„å˚,0,,,181,8,16,10,8,3,5,8,13,16,12,8,13,9,16,16,34,95,52,20,83,4,9,5,3,2,2,2,8,8,3,4,6,6,6,9,18,44,21,6,98,4,7,5,5,1,3,6,5,8,9,4,7,3,10,7,16,51,31,14
42213001009,4,â_êÂés,çëå©í¨ëΩî‰ó«înèÍîˆçË,0,,,447,20,17,17,54,11,16,18,24,24,26,20,44,29,35,27,54,266,127,65,244,11,10,9,52,4,7,9,12,12,12,10,27,14,19,11,30,159,55,25,203,9,7,8,2,7,9,9,12,12,14,10,17,15,16,16,24,107,72,40
42213001010,4,â_êÂés,çëå©í¨ëΩî‰ó«çåñÿóßè¨òHÅCãûíÀ,0,,,538,20,26,34,26,22,17,22,34,23,41,28,41,33,42,35,80,287,168,91,237,9,13,18,9,6,7,10,16,7,18,14,17,13,23,18,40,117,78,37,301,11,13,16,17,16,10,12,18,16,23,14,24,20,19,17,40,170,90,54
42213001011,4,â_êÂés,çëå©í¨ëΩî‰ó«ç`í¨,0,,,162,3,9,5,1,16,10,11,7,6,13,14,12,15,7,8,17,105,40,25,76,1,2,4,1,7,7,6,1,1,7,7,8,5,3,5,7,50,19,11,86,2,7,1,0,9,3,5,6,5,6,7,4,10,4,3,10,55,21,14
42213001012,4,â_êÂés,çëå©í¨ëΩî‰ó«ëDí√ïΩòaí¨,0,,,199,3,4,7,6,4,6,7,6,8,5,19,15,15,14,29,14,91,94,51,95,2,2,4,5,2,3,3,4,4,5,6,10,6,6,13,8,48,39,20,104,1,2,3,1,2,3,4,2,4,0,13,5,9,8,16,6,43,55,31
42213001013,4,â_êÂés,çëå©í¨ëΩî‰ó«ëDí√éõí¨ÅCå≥í¨,0,,,244,3,10,7,8,3,5,6,3,10,28,13,14,29,15,22,20,119,105,68,110,3,5,5,5,0,3,1,2,6,10,7,6,15,6,9,13,55,42,27,134,0,5,2,3,3,2,5,1,4,18,6,8,14,9,13,7,64,63,41
42213001014,4,â_êÂés,çëå©í¨ëΩî‰ó«ëDí√å≥í¨ÅCåbî‰ê{í¨,0,,,146,1,5,6,9,2,2,4,2,12,13,8,11,17,8,15,12,80,54,31,77,1,3,6,6,1,2,2,2,6,7,3,6,9,3,9,10,44,23,11,69,0,2,0,3,1,0,2,0,6,6,5,5,8,5,6,2,36,31,20
422130020,3,â_êÂés,çëå©í¨ìyçï,0,,,3056,124,154,167,146,87,95,118,172,149,161,182,219,238,293,227,445,1567,1042,522,1453,53,74,81,90,44,54,54,78,77,79,91,112,102,159,115,208,781,463,189,1603,71,80,86,56,43,41,64,94,72,82,91,107,136,134,112,237,786,579,333
42213002015,4,â_êÂés,çëå©í¨ìyçïñkâ∫å¥ìå,0,,,425,7,15,12,19,13,17,9,21,17,28,37,35,30,38,50,34,226,164,76,206,3,9,7,9,7,9,4,9,10,10,16,21,14,20,25,19,109,77,32,219,4,6,5,10,6,8,5,12,7,18,21,14,16,18,25,15,117,87,44
42213002016,4,â_êÂés,çëå©í¨ìyçïñkâ∫å¥êº,0,,,342,12,8,15,21,12,9,13,10,20,30,16,27,23,32,39,35,181,126,55,155,6,4,3,10,6,4,4,3,7,17,10,13,9,16,18,13,83,59,25,187,6,4,12,11,6,5,9,7,13,13,6,14,14,16,21,22,98,67,30
42213002017,4,â_êÂés,çëå©í¨ìyçïìÏâ∫å¥,0,,,412,22,25,27,18,17,12,22,27,13,24,25,41,33,28,20,74,232,106,58,199,10,10,16,9,11,8,11,11,8,10,12,21,16,14,9,36,117,46,23,213,12,15,11,9,6,4,11,16,5,14,13,20,17,14,11,38,115,60,35
42213002018,4,â_êÂés,çëå©í¨ìyçïîˆñŒ,0,,,322,11,14,16,10,6,9,10,19,20,12,16,22,21,30,21,41,145,136,85,136,3,7,6,4,4,3,2,9,10,7,8,12,9,18,8,16,68,52,26,186,8,7,10,6,2,6,8,10,10,5,8,10,12,12,13,25,77,84,59
42213002019,4,â_êÂés,çëå©í¨ìyçïç°èo,0,,,298,17,18,19,7,3,16,10,21,17,14,14,18,35,26,15,54,155,89,48,153,8,8,15,5,3,11,5,11,10,7,5,10,13,15,10,31,80,42,17,145,9,10,4,2,0,5,5,10,7,7,9,8,22,11,5,23,75,47,31
42213002020,4,â_êÂés,çëå©í¨ìyçïêÏå¥ìc,0,,,267,6,14,18,17,7,8,10,9,15,21,18,13,20,29,15,38,138,91,47,129,3,11,9,8,3,5,5,5,5,10,12,4,12,13,8,23,69,37,16,138,3,3,9,9,4,3,5,4,10,11,6,9,8,16,7,15,69,54,31
42213002021,4,â_êÂés,çëå©í¨ìyçïé¬å¥,0,,,266,15,18,17,6,12,10,7,14,16,10,18,21,12,24,15,50,126,90,51,117,6,6,7,5,6,3,4,7,6,6,9,11,5,12,7,19,62,36,17,149,9,12,10,1,6,7,3,7,10,4,9,10,7,12,8,31,64,54,34
42213002022,4,â_êÂés,çëå©í¨ìyçïã{ìc,0,,,314,12,17,20,42,7,4,14,20,17,7,17,18,29,33,15,49,175,90,42,166,6,9,11,35,0,3,9,8,9,4,11,7,13,18,9,26,99,41,14,148,6,8,9,7,7,1,5,12,8,3,6,11,16,15,6,23,76,49,28
42213002023,4,â_êÂés,çëå©í¨ìyçïî™ìlñÿ,0,,,410,22,25,23,6,10,10,23,31,14,15,21,24,35,53,37,70,189,150,60,192,8,10,7,5,4,8,10,15,12,8,8,13,11,33,21,25,94,73,19,218,14,15,16,1,6,2,13,16,2,7,13,11,24,20,16,45,95,77,41
422130030,3,â_êÂés,çëå©í¨ê_ë„,0,,,3068,112,116,147,113,50,94,138,163,167,190,183,222,256,259,228,375,1576,1115,628,1448,53,63,75,62,26,44,58,85,85,92,86,111,126,124,113,191,775,480,243,1620,59,53,72,51,24,50,80,78,82,98,97,111,130,135,115,184,801,635,385
42213003024,4,â_êÂés,çëå©í¨ê_ë„éRÉmè„,0,,,358,22,18,19,13,2,15,21,24,28,20,23,23,31,29,19,59,200,99,51,172,11,8,13,10,0,9,8,10,14,10,12,12,12,16,8,32,97,43,19,186,11,10,6,3,2,6,13,14,14,10,11,11,19,13,11,27,103,56,32
42213003025,4,â_êÂés,çëå©í¨ê_ë„ìÌçÇ,0,,,231,8,10,9,8,5,11,15,18,13,12,12,16,27,13,19,27,137,67,35,117,3,6,6,5,2,7,7,11,8,6,4,7,14,6,9,15,71,31,16,114,5,4,3,3,3,4,8,7,5,6,8,9,13,7,10,12,66,36,19
42213003026,4,â_êÂés,çëå©í¨ê_ë„ìåó¢,0,,,262,6,11,11,11,4,12,4,11,13,17,13,20,18,29,25,28,123,111,57,122,2,5,4,5,1,6,2,6,6,10,8,8,7,15,10,11,59,52,27,140,4,6,7,6,3,6,2,5,7,7,5,12,11,14,15,17,64,59,30
42213003027,4,â_êÂés,çëå©í¨ê_ë„êºó¢,0,,,432,10,10,21,7,12,10,19,19,19,21,24,38,31,19,35,41,200,191,137,186,5,4,10,5,6,5,11,12,3,10,7,22,16,7,17,19,97,70,46,246,5,6,11,2,6,5,8,7,16,11,17,16,15,12,18,22,103,121,91
42213003028,4,â_êÂés,çëå©í¨ê_ë„è„ó¢,0,,,36,2,1,0,1,2,4,1,2,0,0,4,1,4,4,2,3,19,14,8,20,0,1,0,1,2,2,1,0,0,0,2,1,2,2,2,1,11,8,4,16,2,0,0,0,0,2,0,2,0,0,2,0,2,2,0,2,8,6,4
42213003029,4,â_êÂés,çëå©í¨ê_ë„è„å√âÍ,0,,,160,1,7,13,6,4,2,4,6,13,9,9,8,13,24,13,21,74,65,28,89,1,5,5,3,3,1,3,3,8,5,3,5,8,11,7,11,42,36,18,71,0,2,8,3,1,1,1,3,5,4,6,3,5,13,6,10,32,29,10
42213003030,4,â_êÂés,çëå©í¨ê_ë„â∫å√âÍ,0,,,419,23,21,24,15,10,10,19,23,25,30,20,22,36,29,38,68,210,140,73,187,12,12,10,8,7,0,9,13,12,9,8,12,18,18,17,34,96,56,21,232,11,9,14,7,3,10,10,10,13,21,12,10,18,11,21,34,114,84,52
42213003031,4,â_êÂés,çëå©í¨ê_ë„ï–ìc,0,,,311,12,10,8,14,3,5,19,23,11,21,20,20,28,37,22,30,164,117,58,156,7,7,5,8,2,3,4,16,8,12,10,10,15,17,12,19,88,49,20,155,5,3,3,6,1,2,15,7,3,9,10,10,13,20,10,11,76,68,38
42213003032,4,â_êÂés,çëå©í¨ê_ë„è¨òH,0,,,127,8,7,4,7,1,5,6,7,6,7,10,5,3,8,9,19,57,50,33,60,4,4,1,3,0,2,2,2,4,4,6,1,3,3,5,9,27,23,15,67,4,3,3,4,1,3,4,5,2,3,4,4,0,5,4,10,30,27,18
42213003033,4,â_êÂés,çëå©í¨ê_ë„å¸í¨,0,,,125,4,5,5,5,0,2,4,10,6,6,3,10,16,19,8,14,62,49,22,56,1,3,2,1,0,0,1,5,4,2,2,7,5,9,6,6,27,23,8,69,3,2,3,4,0,2,3,5,2,4,1,3,11,10,2,8,35,26,14
42213003034,4,â_êÂés,çëå©í¨ê_ë„êÏêº,0,,,221,6,7,11,10,1,10,8,10,13,17,12,22,24,14,14,24,127,70,42,105,3,5,7,4,0,5,4,2,8,8,4,12,14,5,5,15,61,29,19,116,3,2,4,6,1,5,4,8,5,9,8,10,10,9,9,9,66,41,23
42213003035,4,â_êÂés,çëå©í¨ê_ë„êÏìå,0,,,386,10,9,22,16,6,8,18,10,20,30,33,37,25,34,24,41,203,142,84,178,4,3,12,9,3,4,6,5,10,16,20,14,12,15,15,19,99,60,30,208,6,6,10,7,3,4,12,5,10,14,13,23,13,19,9,22,104,82,54
422130040,3,â_êÂés,êêï‰í¨êºãΩ,0,,,2493,73,93,101,113,60,76,105,115,131,136,162,169,225,272,185,267,1292,934,477,1206,44,55,57,61,34,39,56,60,74,68,82,85,97,146,85,156,656,394,163,1287,29,38,44,52,26,37,49,55,57,68,80,84,128,126,100,111,636,540,314
42213004001,4,â_êÂés,êêï‰í¨êºãΩà…å√,0,,,560,10,19,22,19,15,12,30,28,29,33,42,39,46,45,47,51,293,216,124,275,7,11,12,11,9,7,19,15,17,17,23,22,18,18,23,30,158,87,46,285,3,8,10,8,6,5,11,13,12,16,19,17,28,27,24,21,135,129,78
42213004002,4,â_êÂés,êêï‰í¨êºãΩëDí√,0,,,254,13,11,7,7,8,8,11,8,6,10,18,12,35,35,17,31,123,100,48,125,9,8,5,4,3,4,6,2,3,7,8,7,14,22,7,22,58,45,16,129,4,3,2,3,5,4,5,6,3,3,10,5,21,13,10,9,65,55,32
42213004003,4,â_êÂés,êêï‰í¨êºãΩåIó—,0,,,282,10,13,15,15,6,9,13,13,17,11,19,22,27,35,16,38,152,92,41,131,4,8,6,9,4,3,5,7,10,4,10,10,13,18,6,18,75,38,14,151,6,5,9,6,2,6,8,6,7,7,9,12,14,17,10,20,77,54,27
42213004004,4,â_êÂés,êêï‰í¨êºãΩìå,0,,,302,9,9,17,16,5,8,11,19,15,12,20,24,24,28,26,35,154,113,59,139,4,7,9,8,2,3,6,10,8,5,10,12,9,15,10,20,73,46,21,163,5,2,8,8,3,5,5,9,7,7,10,12,15,13,16,15,81,67,38
42213004005,4,â_êÂés,êêï‰í¨êºãΩä‚åÀ,0,,,255,8,12,6,8,4,19,11,4,9,12,13,17,26,32,26,26,123,106,48,126,6,8,4,3,1,13,4,3,5,7,4,8,9,20,14,18,57,51,17,129,2,4,2,5,3,6,7,1,4,5,9,9,17,12,12,8,66,55,31
42213004006,4,â_êÂés,êêï‰í¨êºãΩêºä‚åÀ,0,,,237,11,10,8,24,8,5,7,20,16,10,6,11,13,26,14,29,120,88,48,123,5,4,3,16,5,1,2,11,10,7,5,6,7,14,7,12,70,41,20,114,6,6,5,8,3,4,5,9,6,3,1,5,6,12,7,17,50,47,28
42213004007,4,â_êÂés,êêï‰í¨êºãΩâÕì‡,0,,,149,2,6,7,4,4,5,2,6,10,11,13,12,15,20,5,15,82,52,27,70,2,2,5,1,2,2,1,5,4,4,6,4,9,13,2,9,38,23,8,79,0,4,2,3,2,3,1,1,6,7,7,8,6,7,3,6,44,29,19
42213004008,4,â_êÂés,êêï‰í¨êºãΩêôïÙ,0,,,185,3,5,10,11,3,3,7,5,6,19,17,17,12,13,10,18,100,67,44,82,3,2,7,4,2,2,3,2,3,10,10,8,7,7,3,12,51,19,9,103,0,3,3,7,1,1,4,3,3,9,7,9,5,6,7,6,49,48,35
42213004009,4,â_êÂés,êêï‰í¨êºãΩå√ç],0,,,269,7,8,9,9,7,7,13,12,23,18,14,15,27,38,24,24,145,100,38,135,4,5,6,5,6,4,10,5,14,7,6,8,11,19,13,15,76,44,12,134,3,3,3,4,1,3,3,7,9,11,8,7,16,19,11,9,69,56,26
422130050,3,â_êÂés,êêï‰í¨à…ïü,0,,,1122,30,40,37,25,37,31,67,49,54,63,66,71,99,81,89,107,562,453,283,510,11,23,16,9,16,16,39,34,26,31,33,41,49,39,50,50,294,166,77,612,19,17,21,16,21,15,28,15,28,32,33,30,50,42,39,57,268,287,206
42213005010,4,â_êÂés,êêï‰í¨à…ïüëÂêÏ,0,,,416,10,15,11,10,6,7,20,14,16,12,18,20,26,21,35,36,149,231,175,146,2,8,5,2,2,4,11,7,7,4,9,8,12,10,19,15,66,65,36,270,8,7,6,8,4,3,9,7,9,8,9,12,14,11,16,21,83,166,139
42213005011,4,â_êÂés,êêï‰í¨à…ïüâ°ìc,0,,,291,13,9,7,4,12,16,19,12,14,19,16,17,32,30,27,29,161,101,44,145,5,5,4,3,6,8,9,9,7,10,8,10,14,15,16,14,84,47,16,146,8,4,3,1,6,8,10,3,7,9,8,7,18,15,11,15,77,54,28
42213005012,4,â_êÂés,êêï‰í¨à…ïüçÇìc,0,,,326,7,16,17,10,15,7,18,16,18,23,20,23,33,27,23,40,183,103,53,157,4,10,6,3,4,3,12,12,8,12,6,14,18,12,12,20,92,45,21,169,3,6,11,7,11,4,6,4,10,11,14,9,15,15,11,20,91,58,32
42213005013,4,â_êÂés,êêï‰í¨à…ïüåKìc,0,,,89,0,0,2,1,4,1,10,7,6,9,12,11,8,3,4,2,69,18,11,62,0,0,1,1,4,1,7,6,4,5,10,9,5,2,3,1,52,9,4,27,0,0,1,0,0,0,3,1,2,4,2,2,3,1,1,1,17,9,7
422130060,3,â_êÂés,êêï‰í¨å√ïî,0,,,1094,34,36,52,51,34,31,37,48,73,78,65,70,69,97,97,122,556,416,222,504,17,18,31,27,9,14,19,19,38,37,35,34,35,44,53,66,267,171,74,590,17,18,21,24,25,17,18,29,35,41,30,36,34,53,44,56,289,245,148
42213006014,4,â_êÂés,êêï‰í¨å√ïîâ™,0,,,576,22,24,35,31,19,15,19,34,44,49,30,41,39,52,48,81,321,174,74,274,14,10,21,14,3,6,9,14,21,22,18,21,20,22,28,45,148,81,31,302,8,14,14,17,16,9,10,20,23,27,12,20,19,30,20,36,173,93,43
42213006015,4,â_êÂés,êêï‰í¨å√ïîâƒïÙ,0,,,518,12,12,17,20,15,16,18,14,29,29,35,29,30,45,49,41,235,242,148,230,3,8,10,13,6,8,10,5,17,15,17,13,15,22,25,21,119,90,43,288,9,4,7,7,9,8,8,9,12,14,18,16,15,23,24,20,116,152,105
422130070,2,â_êÂés,å·ç»í¨ñ{ë∫ñº,0,,,408,12,11,19,19,12,12,15,23,23,25,26,21,33,41,46,42,209,156,69,190,7,3,12,8,6,1,7,12,12,11,15,10,18,21,25,22,100,67,21,218,5,8,7,11,6,11,8,11,11,14,11,11,15,20,21,20,109,89,48
422130080,2,â_êÂés,å·ç»í¨ñÿèÍñº,0,,,110,1,6,9,3,2,4,10,6,8,7,0,11,11,13,4,16,62,32,15,49,0,4,4,1,0,2,1,4,5,3,0,4,6,6,4,8,26,15,5,61,1,2,5,2,2,2,9,2,3,4,0,7,5,7,0,8,36,17,10
422130090,2,â_êÂés,å·ç»í¨ïΩç]ñº,0,,,329,13,16,11,9,10,9,9,23,21,14,20,23,40,34,27,40,178,111,50,164,9,9,5,5,3,5,5,11,13,5,10,14,16,19,16,23,87,54,19,165,4,7,6,4,7,4,4,12,8,9,10,9,24,15,11,17,91,57,31
422130100,2,â_êÂés,å·ç»í¨å√èÈñº,0,,,550,27,23,31,23,15,14,39,20,23,35,31,48,47,50,37,81,295,174,87,269,15,13,14,12,7,9,20,13,9,16,15,26,26,24,19,42,153,74,31,281,12,10,17,11,8,5,19,7,14,19,16,22,21,26,18,39,142,100,56
422130110,2,â_êÂés,å·ç»í¨ìcîVïΩñº,0,,,350,10,16,13,9,13,20,19,28,14,20,22,30,28,34,31,39,203,108,43,169,5,9,6,5,5,8,7,14,7,9,14,17,13,16,17,20,99,50,17,181,5,7,7,4,8,12,12,14,7,11,8,13,15,18,14,19,104,58,26
422130120,2,â_êÂés,å·ç»í¨ëÂñÿèÍñº,0,,,634,26,23,25,30,15,36,35,36,36,40,37,38,52,67,39,74,355,205,99,297,18,8,17,16,1,15,19,14,17,24,14,18,25,32,24,43,163,91,35,337,8,15,8,14,14,21,16,22,19,16,23,20,27,35,15,31,192,114,64
422130130,2,â_êÂés,å·ç»í¨ãçå˚ñº,0,,,979,47,48,37,31,27,39,38,65,50,53,58,54,73,91,65,132,488,355,199,452,26,22,17,17,12,19,18,32,26,27,29,24,36,44,27,65,240,144,73,527,21,26,20,14,15,20,20,33,24,26,29,30,37,47,38,67,248,211,126
422130140,2,â_êÂés,å·ç»í¨înèÍñº,0,,,352,13,10,16,9,14,12,9,17,17,14,21,24,25,26,24,39,162,151,101,150,8,4,9,3,5,4,6,10,7,7,10,10,16,11,11,21,78,51,29,202,5,6,7,6,9,8,3,7,10,7,11,14,9,15,13,18,84,100,72
422130150,2,â_êÂés,å·ç»í¨åIó—ñº,0,,,272,8,12,13,6,31,12,16,14,10,11,11,21,30,16,15,33,162,77,46,115,6,4,8,1,3,4,7,8,6,4,6,11,14,8,9,18,64,33,16,157,2,8,5,5,28,8,9,6,4,7,5,10,16,8,6,15,98,44,30
422130160,2,â_êÂés,å·ç»í¨ïzç]ñº,0,,,286,21,20,8,12,8,19,11,23,7,15,17,34,16,28,20,49,162,75,27,132,6,13,5,9,4,7,1,12,1,5,9,17,9,13,13,24,74,34,8,154,15,7,3,3,4,12,10,11,6,10,8,17,7,15,7,25,88,41,19
422130170,2,â_êÂés,å·ç»í¨êÏè∞ñº,0,,,395,5,20,24,12,11,6,14,25,14,22,20,26,49,43,36,49,199,147,68,196,2,12,12,7,6,1,8,11,8,15,6,12,28,26,22,26,102,68,20,199,3,8,12,5,5,5,6,14,6,7,14,14,21,17,14,23,97,79,48
422130180,2,â_êÂés,å·ç»í¨âiíÜñº,0,,,457,14,15,14,13,14,10,12,25,19,17,26,42,43,50,32,43,221,192,110,210,6,7,5,8,9,5,6,13,12,5,15,22,21,22,20,18,116,75,33,247,8,8,9,5,5,5,6,12,7,12,11,20,22,28,12,25,105,117,77
422130190,2,â_êÂés,å·ç»í¨à¢ïÍñº,0,,,985,32,27,48,37,29,33,38,49,31,65,57,81,107,90,77,107,527,350,183,503,16,16,28,24,17,16,17,28,18,36,32,35,56,48,37,60,279,163,78,482,16,11,20,13,12,17,21,21,13,29,25,46,51,42,40,47,248,187,105
422130200,3,â_êÂés,à§ñÏí¨çb,0,,,2634,122,162,160,124,82,97,106,158,206,173,193,162,157,193,162,444,1458,725,370,1284,57,88,81,55,37,56,48,69,106,87,101,82,86,101,78,226,727,326,147,1350,65,74,79,69,45,41,58,89,100,86,92,80,71,92,84,218,731,399,223
42213020001,4,â_êÂés,à§ñÏí¨çbêVçË,0,,,116,1,6,5,4,2,3,0,7,11,8,4,8,7,20,11,12,54,50,19,63,1,3,2,3,2,3,0,3,5,5,2,6,3,10,5,6,32,25,10,53,0,3,3,1,0,0,0,4,6,3,2,2,4,10,6,6,22,25,9
42213020002,4,â_êÂés,à§ñÏí¨çbêÏí[,0,,,144,6,14,9,5,2,3,6,15,10,9,7,9,12,10,10,29,78,37,17,71,3,6,4,1,1,2,4,10,6,5,3,6,4,6,5,13,42,16,5,73,3,8,5,4,1,1,2,5,4,4,4,3,8,4,5,16,36,21,12
42213020003,4,â_êÂés,à§ñÏí¨çbèMí√,0,,,151,11,5,5,6,13,14,13,9,11,7,9,8,10,10,2,21,100,30,18,67,4,4,0,1,6,9,4,2,9,2,4,4,6,7,0,8,47,12,5,84,7,1,5,5,7,5,9,7,2,5,5,4,4,3,2,13,53,18,13
42213020004,4,â_êÂés,à§ñÏí¨çbîó,0,,,141,10,12,9,6,3,3,2,9,10,7,6,11,9,10,10,31,66,42,22,69,6,7,4,1,2,1,1,4,4,6,3,5,5,5,6,17,32,19,8,72,4,5,5,5,1,2,1,5,6,1,3,6,4,5,4,14,34,23,14
42213020005,4,â_êÂés,à§ñÏí¨çbèáéË,0,,,372,4,17,9,4,10,9,11,15,21,16,23,30,30,45,37,30,169,173,91,186,1,9,6,4,5,6,3,4,10,11,18,15,18,27,19,16,94,76,30,186,3,8,3,0,5,3,8,11,11,5,5,15,12,18,18,14,75,97,61
42213020006,4,â_êÂés,à§ñÏí¨çbñ{í¨,0,,,368,22,12,14,19,10,26,14,20,27,31,23,23,19,22,20,48,212,107,65,169,10,9,5,7,2,15,4,11,13,13,9,11,11,10,10,24,96,48,28,199,12,3,9,12,8,11,10,9,14,18,14,12,8,12,10,24,116,59,37
42213020007,4,â_êÂés,à§ñÏí¨çbóLñæ,0,,,243,14,21,24,9,5,4,16,20,24,16,20,12,3,9,11,59,129,52,32,115,5,11,12,3,3,3,7,9,13,7,10,5,1,5,2,28,61,24,17,128,9,10,12,6,2,1,9,11,11,9,10,7,2,4,9,31,68,28,15
42213020009,4,â_êÂés,à§ñÏí¨çbñ{â∫,0,,,189,3,7,10,9,4,4,2,6,10,18,12,14,11,18,21,20,90,79,40,87,2,3,4,2,0,2,1,2,5,7,8,8,5,9,12,9,40,38,17,102,1,4,6,7,4,2,1,4,5,11,4,6,6,9,9,11,50,41,23
42213020011,4,â_êÂés,à§ñÏí¨çbî™î¶,0,,,727,42,52,69,55,33,26,32,50,73,53,77,35,36,30,25,163,470,93,38,371,25,25,40,31,16,13,17,21,39,27,37,17,20,12,12,90,238,42,18,356,17,27,29,24,17,13,15,29,34,26,40,18,16,18,13,73,232,51,20
42213020012,4,â_êÂés,à§ñÏí¨çbå¥,0,,,73,0,6,3,7,0,0,1,3,6,8,6,2,7,9,7,9,40,24,8,35,0,3,2,2,0,0,1,2,1,4,4,0,6,4,3,5,20,10,3,38,0,3,1,5,0,0,0,1,5,4,2,2,1,5,4,4,20,14,5
42213020013,4,â_êÂés,à§ñÏí¨çbìå,0,,,110,9,10,3,0,0,5,9,4,3,0,6,10,13,10,8,22,50,38,20,51,0,8,2,0,0,2,6,1,1,0,3,5,7,6,4,10,25,16,6,59,9,2,1,0,0,3,3,3,2,0,3,5,6,4,4,12,25,22,14
422130210,3,â_êÂés,à§ñÏí¨â≥,0,,,3267,189,183,204,151,133,182,182,213,236,213,210,208,166,196,153,576,1894,776,427,1531,101,82,112,70,55,94,92,101,116,100,107,102,84,100,67,295,921,304,137,1736,88,101,92,81,78,88,90,112,120,113,103,106,82,96,86,281,973,472,290
42213021007,4,â_êÂés,à§ñÏí¨â≥óLñæ,0,,,265,13,15,14,10,15,14,16,17,15,26,17,7,14,13,16,42,151,70,41,138,8,9,8,6,9,6,7,8,8,15,10,4,6,7,9,25,79,33,17,127,5,6,6,4,6,8,9,9,7,11,7,3,8,6,7,17,72,37,24
42213021014,4,â_êÂés,à§ñÏí¨â≥ã´Émîˆ,0,,,420,31,32,33,15,20,38,35,36,37,24,17,16,16,22,12,96,254,66,32,191,16,16,14,8,6,19,15,20,17,10,8,7,8,9,4,46,118,27,14,229,15,16,19,7,14,19,20,16,20,14,9,9,8,13,8,50,136,39,18
42213021015,4,â_êÂés,à§ñÏí¨â≥êVí¨,0,,,691,35,51,69,47,17,24,30,44,65,58,57,52,24,32,22,155,418,115,61,335,20,27,40,25,7,12,14,19,30,30,32,25,11,14,12,87,205,40,14,356,15,24,29,22,10,12,16,25,35,28,25,27,13,18,10,68,213,75,47
42213021017,4,â_êÂés,à§ñÏí¨â≥éõÉmîˆ,0,,,213,12,19,14,10,12,7,12,15,20,12,8,13,15,15,12,45,124,44,17,106,7,9,6,6,3,4,8,10,7,5,2,8,9,10,8,22,62,22,4,107,5,10,8,4,9,3,4,5,13,7,6,5,6,5,4,23,62,22,13
42213021018,4,â_êÂés,à§ñÏí¨â≥ã ä_,0,,,105,4,5,8,6,9,6,3,10,4,7,3,5,7,10,11,17,60,28,7,37,1,3,3,1,2,4,1,4,1,4,0,2,2,6,1,7,21,9,2,68,3,2,5,5,7,2,2,6,3,3,3,3,5,4,10,10,39,19,5
42213021019,4,â_êÂés,à§ñÏí¨â≥ïlå˚,0,,,245,20,15,10,9,7,11,14,15,11,13,17,26,23,13,16,45,146,54,25,117,9,5,6,3,3,7,9,5,8,7,8,12,13,6,6,20,75,22,10,128,11,10,4,6,4,4,5,10,3,6,9,14,10,7,10,25,71,32,15
42213021020,4,â_êÂés,à§ñÏí¨â≥çKí¨,0,,,563,31,13,19,18,22,46,32,27,40,24,31,26,25,27,28,63,291,200,145,241,18,5,10,4,7,23,19,12,22,9,17,12,15,15,13,33,140,63,35,322,13,8,9,14,15,23,13,15,18,15,14,14,10,12,15,30,151,137,110
42213021021,4,â_êÂés,à§ñÏí¨â≥ìcí[,0,,,90,2,1,5,2,2,2,4,5,3,8,5,7,7,10,6,8,45,37,21,44,0,0,3,0,1,2,2,4,1,2,3,4,4,6,2,3,23,18,10,46,2,1,2,2,1,0,2,1,2,6,2,3,3,4,4,5,22,19,11
42213021022,4,â_êÂés,à§ñÏí¨â≥íÜìá,0,,,66,1,0,1,1,2,3,1,4,4,0,5,5,6,10,6,2,31,33,17,32,0,0,0,0,1,3,1,2,3,0,3,2,2,6,4,0,17,15,5,34,1,0,1,1,1,0,0,2,1,0,2,3,4,4,2,2,14,18,12
42213021023,4,â_êÂés,à§ñÏí¨â≥ç˜éR,0,,,55,2,0,0,1,0,1,1,1,2,3,5,8,8,7,3,2,30,23,13,30,1,0,0,1,0,1,0,1,2,2,1,6,5,3,1,1,19,10,6,25,1,0,0,0,0,0,1,0,0,1,4,2,3,4,2,1,11,13,7
42213021024,4,â_êÂés,à§ñÏí¨â≥éRëÚ,0,,,248,24,14,15,11,7,17,20,23,9,18,14,19,10,18,10,53,148,47,19,120,13,4,11,5,3,9,9,10,5,9,8,8,4,9,4,28,70,22,9,128,11,10,4,6,4,8,11,13,4,9,6,11,6,9,6,25,78,25,10
42213021025,4,â_êÂés,à§ñÏí¨â≥íÜñÏ,0,,,80,2,5,2,5,2,0,3,3,9,5,5,5,5,12,7,9,42,29,10,34,1,1,1,3,1,0,2,0,5,2,2,3,2,4,2,3,20,11,5,46,1,4,1,2,1,0,1,3,4,3,3,2,3,8,5,6,22,18,5
42213021026,4,â_êÂés,à§ñÏí¨â≥ïl,0,,,42,1,2,0,1,0,1,2,0,3,2,0,2,5,3,3,3,16,23,17,16,1,1,0,1,0,0,0,0,0,1,0,1,3,2,1,2,6,8,5,26,0,1,0,0,0,1,2,0,3,1,0,1,2,1,2,1,10,15,12
42213021027,4,â_êÂés,à§ñÏí¨â≥,0,,,184,11,11,14,15,18,12,9,13,14,13,26,17,1,4,1,36,138,7,2,90,6,2,10,7,12,4,5,6,7,4,13,8,0,3,0,18,66,4,1,94,5,9,4,8,6,8,4,7,7,9,13,9,1,1,1,18,72,3,1
422130220,2,â_êÂés,êÁÅXêŒí¨ñkèMí√ñº,0,,,712,16,28,35,37,19,19,20,37,29,35,53,64,67,68,49,79,380,251,134,340,8,17,16,24,11,9,12,16,14,20,25,31,31,36,23,41,193,105,46,372,8,11,19,13,8,10,8,21,15,15,28,33,36,32,26,38,187,146,88
422130230,2,â_êÂés,êÁÅXêŒí¨ìÏèMí√ñº,0,,,472,8,11,15,13,14,19,12,19,25,26,33,45,59,51,35,34,265,173,87,207,1,5,6,3,6,9,6,9,13,11,18,19,27,24,21,12,121,74,29,265,7,6,9,10,8,10,6,10,12,15,15,26,32,27,14,22,144,99,58
422130240,2,â_êÂés,êÁÅXêŒí¨â∫ïÙñº,0,,,699,19,30,39,39,27,23,29,30,48,36,40,55,64,60,44,88,391,219,115,332,6,15,20,20,12,10,16,17,28,17,21,23,29,33,23,41,193,97,41,367,13,15,19,19,15,13,13,13,20,19,19,32,35,27,21,47,198,122,74
422130250,2,â_êÂés,êÁÅXêŒí¨è„ïÙñº,0,,,333,7,9,15,10,4,12,12,13,18,23,24,24,36,36,29,31,176,126,61,168,5,7,7,6,3,9,5,6,10,10,15,13,20,20,9,19,97,52,23,165,2,2,8,4,1,3,7,7,8,13,9,11,16,16,20,12,79,74,38
422130260,2,â_êÂés,êÁÅXêŒí¨ñÏìcñº,0,,,658,12,30,30,21,18,25,21,45,38,46,31,46,47,58,56,72,338,245,131,300,7,18,9,11,11,13,11,18,21,24,15,25,21,24,25,34,170,94,45,358,5,12,21,10,7,12,10,27,17,22,16,21,26,34,31,38,168,151,86
422130270,2,â_êÂés,êÁÅXêŒí¨è¨ëqñº,0,,,655,25,38,30,25,20,28,30,38,26,29,54,41,67,58,42,93,358,204,104,304,11,21,16,13,8,13,15,18,11,15,26,21,33,31,18,48,173,83,34,351,14,17,14,12,12,15,15,20,15,14,28,20,34,27,24,45,185,121,70
422130280,2,â_êÂés,êÁÅXêŒí¨ñÿèÍñº,0,,,706,17,24,30,17,7,22,24,33,21,36,35,52,71,88,68,71,318,317,161,322,6,9,15,7,3,12,10,14,11,21,15,22,34,50,34,30,149,143,59,384,11,15,15,10,4,10,14,19,10,15,20,30,37,38,34,41,169,174,102
422130290,3,â_êÂés,è¨ïlí¨ïxí√,0,,,743,3,7,25,28,28,23,21,29,37,51,46,60,81,82,75,35,404,304,147,359,2,4,12,19,14,11,9,14,22,23,25,28,42,44,36,18,207,134,54,384,1,3,13,9,14,12,12,15,15,28,21,32,39,38,39,17,197,170,93
42213029001,4,â_êÂés,è¨ïlí¨ïxí√,0,,,182,0,3,3,0,7,9,9,12,7,11,5,24,21,20,16,6,105,71,35,83,0,2,2,0,3,4,5,3,4,6,2,11,10,10,7,4,48,31,14,99,0,1,1,0,4,5,4,9,3,5,3,13,11,10,9,2,57,40,21
42213029002,4,â_êÂés,è¨ïlí¨ïxí√,0,,,128,0,1,4,8,2,2,3,7,5,7,7,11,14,11,17,5,66,57,29,58,0,0,0,6,1,2,0,4,3,3,3,7,7,5,9,0,36,22,8,70,0,1,4,2,1,0,3,3,2,4,4,4,7,6,8,5,30,35,21
42213029003,4,â_êÂés,è¨ïlí¨ïxí√,0,,,93,0,0,2,2,4,4,2,1,4,4,6,8,13,15,13,2,48,43,15,50,0,0,2,1,3,1,1,1,3,1,3,3,8,8,8,2,25,23,7,43,0,0,0,1,1,3,1,0,1,3,3,5,5,7,5,0,23,20,8
42213029004,4,â_êÂés,è¨ïlí¨ïxí√,0,,,90,1,0,2,2,6,3,2,2,6,9,5,1,9,7,8,3,45,42,27,38,0,0,1,0,1,1,0,1,4,4,4,0,5,3,3,1,20,17,11,52,1,0,1,2,5,2,2,1,2,5,1,1,4,4,5,2,25,25,16
42213029005,4,â_êÂés,è¨ïlí¨ïxí√,0,,,74,0,0,3,4,3,0,1,1,2,3,10,8,8,9,7,3,40,31,15,36,0,0,1,4,2,0,1,0,0,1,4,6,4,7,3,1,22,13,3,38,0,0,2,0,1,0,0,1,2,2,6,2,4,2,4,2,18,18,12
42213029006,4,â_êÂés,è¨ïlí¨ïxí√,0,,,176,2,3,11,12,6,5,4,6,13,17,13,8,16,20,14,16,100,60,26,94,2,2,6,8,4,3,2,5,8,8,9,1,8,11,6,10,56,28,11,82,0,1,5,4,2,2,2,1,5,9,4,7,8,9,8,6,44,32,15
422130300,3,â_êÂés,è¨ïlí¨ñkñÏ,0,,,1122,46,48,35,37,36,42,45,49,59,74,83,68,92,92,88,129,585,402,222,519,21,21,22,15,14,21,22,24,30,39,43,31,49,49,39,64,288,167,79,603,25,27,13,22,22,21,23,25,29,35,40,37,43,43,49,65,297,235,143
42213030001,4,â_êÂés,è¨ïlí¨ñkñÏ,0,,,270,9,8,5,4,6,8,9,8,12,16,30,16,30,35,20,22,139,109,54,135,4,4,2,2,3,4,4,4,8,8,15,6,15,22,8,10,69,56,26,135,5,4,3,2,3,4,5,4,4,8,15,10,15,13,12,12,70,53,28
42213030002,4,â_êÂés,è¨ïlí¨ñkñÏ,0,,,101,0,6,4,6,4,2,2,1,8,7,4,6,14,10,11,10,54,37,16,49,0,3,2,3,2,2,1,0,4,4,2,1,11,5,5,5,30,14,4,52,0,3,2,3,2,0,1,1,4,3,2,5,3,5,6,5,24,23,12
42213030003,4,â_êÂés,è¨ïlí¨ñkñÏ,0,,,528,33,28,21,18,23,27,29,34,31,38,30,31,28,26,42,82,289,151,83,243,14,10,15,7,9,14,14,17,15,18,18,16,14,10,19,39,142,62,33,285,19,18,6,11,14,13,15,17,16,20,12,15,14,16,23,43,147,89,50
42213030004,4,â_êÂés,è¨ïlí¨ñkñÏ,0,,,223,4,6,5,9,3,5,5,6,8,13,19,15,20,21,15,15,103,105,69,92,3,4,3,3,0,1,3,3,3,9,8,8,9,12,7,10,47,35,16,131,1,2,2,6,3,4,2,3,5,4,11,7,11,9,8,5,56,70,53
422130310,3,â_êÂés,è¨ïlí¨ñkñ{í¨,0,,,1462,24,36,54,59,28,36,50,46,69,82,89,92,100,133,127,114,651,696,436,604,11,23,23,24,13,19,24,19,32,42,37,46,44,67,53,57,300,247,127,858,13,13,31,35,15,17,26,27,37,40,52,46,56,66,74,57,351,449,309
42213031001,4,â_êÂés,è¨ïlí¨ñkñ{í¨,2,31002,,0,0,0,0,0,0,0,0,0,0,0,0,0,0,0,0,0,0,0,0,0,0,0,0,0,0,0,0,0,0,0,0,0,0,0,0,0,0,0,0,0,0,0,0,0,0,0,0,0,0,0,0,0,0,0,0,0,0,0,0
42213031002,4,â_êÂés,è¨ïlí¨ñkñ{í¨,1,,031001,356,7,6,10,11,12,8,10,16,16,13,9,17,13,32,29,23,125,208,147,129,2,4,4,5,4,3,3,8,9,6,2,8,5,17,14,10,53,66,35,227,5,2,6,6,8,5,7,8,7,7,7,9,8,15,15,13,72,142,112
42213031003,4,â_êÂés,è¨ïlí¨ñkñ{í¨,0,,,215,2,5,13,12,5,7,5,7,14,10,21,12,12,27,17,20,105,90,46,90,0,2,8,5,3,4,1,5,6,4,10,6,5,11,8,10,49,31,12,125,2,3,5,7,2,3,4,2,8,6,11,6,7,16,9,10,56,59,34
42213031004,4,â_êÂés,è¨ïlí¨ñkñ{í¨,0,,,253,0,6,5,16,5,4,6,6,10,13,27,17,20,28,28,11,124,118,62,111,0,3,1,7,4,2,3,1,3,7,12,7,10,16,12,4,56,51,23,142,0,3,4,9,1,2,3,5,7,6,15,10,10,12,16,7,68,67,39
42213031005,4,â_êÂés,è¨ïlí¨ñkñ{í¨,0,,,111,9,5,11,11,0,4,4,2,9,11,7,10,11,4,5,25,69,17,8,48,6,1,3,3,0,2,1,0,4,7,2,4,6,3,2,10,29,9,4,63,3,4,8,8,0,2,3,2,5,4,5,6,5,1,3,15,40,8,4
42213031006,4,â_êÂés,è¨ïlí¨ñkñ{í¨,0,,,39,2,1,0,0,0,2,3,0,1,3,0,5,2,7,1,3,16,20,12,13,0,1,0,0,0,1,2,0,0,1,0,3,0,2,1,1,7,5,2,26,2,0,0,0,0,1,1,0,1,2,0,2,2,5,0,2,9,15,10
42213031007,4,â_êÂés,è¨ïlí¨ñkñ{í¨,0,,,77,1,5,1,1,0,0,1,2,4,4,3,6,5,5,12,7,26,44,27,34,0,5,1,0,0,0,1,0,3,3,1,5,3,2,1,6,16,12,9,43,1,0,0,1,0,0,0,2,1,1,2,1,2,3,11,1,10,32,18
42213031008,4,â_êÂés,è¨ïlí¨ñkñ{í¨,0,,,47,0,1,5,1,0,2,1,1,4,3,3,2,8,2,6,6,25,16,8,22,0,1,3,1,0,1,1,1,1,1,2,1,2,2,2,4,11,7,3,25,0,0,2,0,0,1,0,0,3,2,1,1,6,0,4,2,14,9,5
42213031009,4,â_êÂés,è¨ïlí¨ñkñ{í¨,0,,,28,0,0,1,0,0,0,3,0,1,4,0,0,2,4,8,1,10,17,5,14,0,0,1,0,0,0,0,0,1,3,0,0,1,3,3,1,5,8,2,14,0,0,0,0,0,0,3,0,0,1,0,0,1,1,5,0,5,9,3
42213031010,4,â_êÂés,è¨ïlí¨ñkñ{í¨,0,,,139,1,2,3,2,2,2,10,4,5,10,9,4,14,11,6,6,62,71,54,56,1,1,0,0,0,1,7,1,3,6,5,3,5,6,3,2,31,23,14,83,0,1,3,2,2,1,3,3,2,4,4,1,9,5,3,4,31,48,40
42213031011,4,â_êÂés,è¨ïlí¨ñkñ{í¨,0,,,68,0,2,1,2,2,2,1,5,2,3,4,7,5,5,9,3,33,31,17,33,0,2,0,2,1,2,1,2,0,2,1,3,3,2,4,2,17,14,8,35,0,0,1,0,1,0,0,3,2,1,3,4,2,3,5,1,16,17,9
42213031012,4,â_êÂés,è¨ïlí¨ñkñ{í¨,0,,,90,1,1,3,1,1,4,6,2,3,3,5,8,4,5,2,5,37,48,41,36,1,1,2,0,1,2,4,1,2,0,1,4,4,1,1,4,19,13,11,54,0,0,1,1,0,2,2,1,1,3,4,4,0,4,1,1,18,35,30
42213031013,4,â_êÂés,è¨ïlí¨ñkñ{í¨,0,,,16,0,1,0,2,1,0,0,1,0,1,1,1,2,1,1,1,9,6,4,6,0,1,0,1,0,0,0,0,0,0,1,0,0,1,0,1,2,3,2,10,0,0,0,1,1,0,0,1,0,1,0,1,2,0,1,0,7,3,2
42213031014,4,â_êÂés,è¨ïlí¨ñkñ{í¨,0,,,23,1,1,1,0,0,1,0,0,0,4,0,3,2,2,3,3,10,10,5,12,1,1,0,0,0,1,0,0,0,2,0,2,0,1,2,2,5,5,2,11,0,0,1,0,0,0,0,0,0,2,0,1,2,1,1,1,5,5,3
42213031015,4,â_êÂés,è¨ïlí¨ñkñ{í¨,0,,,0,0,0,0,0,0,0,0,0,0,0,0,0,0,0,0,0,0,0,0,0,0,0,0,0,0,0,0,0,0,0,0,0,0,0,0,0,0,0,0,0,0,0,0,0,0,0,0,0,0,0,0,0,0,0,0,0,0,0,0
422130321,3,â_êÂés,è¨ïlí¨ìÏñ{í¨,0,,,857,14,37,36,15,8,22,28,46,49,42,36,51,67,66,93,87,364,406,247,388,7,18,20,4,5,8,14,23,31,25,14,30,36,28,44,45,190,153,81,469,7,19,16,11,3,14,14,23,18,17,22,21,31,38,49,42,174,253,166
42213032101,4,â_êÂés,è¨ïlí¨ìÏñ{í¨,0,,,31,2,1,2,1,0,0,0,1,4,2,3,1,4,1,3,5,16,10,6,14,1,0,2,0,0,0,0,0,3,0,1,0,3,0,2,3,7,4,2,17,1,1,0,1,0,0,0,1,1,2,2,1,1,1,1,2,9,6,4
42213032102,4,â_êÂés,è¨ïlí¨ìÏñ{í¨,0,,,352,6,18,18,10,4,9,18,25,23,20,14,20,25,28,46,42,168,142,68,177,3,10,11,2,3,4,11,13,14,11,7,11,14,14,22,24,90,63,27,175,3,8,7,8,1,5,7,12,9,9,7,9,11,14,24,18,78,79,41
42213032103,4,â_êÂés,è¨ïlí¨ìÏñ{í¨,0,,,62,0,0,0,0,0,0,0,0,0,0,0,0,0,1,2,0,0,62,59,17,0,0,0,0,0,0,0,0,0,0,0,0,0,0,2,0,0,17,15,45,0,0,0,0,0,0,0,0,0,0,0,0,0,1,0,0,0,45,44
42213032104,4,â_êÂés,è¨ïlí¨ìÏñ{í¨,1,,032105,164,2,8,3,0,1,4,4,3,9,11,7,11,9,12,20,13,59,92,60,66,1,2,2,0,0,1,1,2,6,7,2,8,4,4,9,5,31,30,17,98,1,6,1,0,1,3,3,1,3,4,5,3,5,8,11,8,28,62,43
42213032105,4,â_êÂés,è¨ïlí¨ìÏñ{í¨,2,32104,,0,0,0,0,0,0,0,0,0,0,0,0,0,0,0,0,0,0,0,0,0,0,0,0,0,0,0,0,0,0,0,0,0,0,0,0,0,0,0,0,0,0,0,0,0,0,0,0,0,0,0,0,0,0,0,0,0,0,0,0
42213032106,4,â_êÂés,è¨ïlí¨ìÏñ{í¨,0,,,74,2,4,6,1,2,4,1,6,4,4,4,3,5,10,6,12,34,28,12,33,1,2,3,1,1,1,1,2,1,4,0,2,1,4,4,6,14,13,5,41,1,2,3,0,1,3,0,4,3,0,4,1,4,6,2,6,20,15,7
42213032107,4,â_êÂés,è¨ïlí¨ìÏñ{í¨,0,,,24,0,0,0,0,1,0,0,1,3,0,0,1,0,5,3,0,6,18,10,10,0,0,0,0,1,0,0,1,3,0,0,1,0,1,0,0,6,4,3,14,0,0,0,0,0,0,0,0,0,0,0,0,0,4,3,0,0,14,7
42213032108,4,â_êÂés,è¨ïlí¨ìÏñ{í¨,0,,,57,0,1,4,0,0,1,1,6,5,1,3,6,8,4,8,5,31,21,9,26,0,0,0,0,0,1,0,3,4,1,1,3,4,2,3,0,17,9,4,31,0,1,4,0,0,0,1,3,1,0,2,3,4,2,5,5,14,12,5
42213032109,4,â_êÂés,è¨ïlí¨ìÏñ{í¨,0,,,93,2,5,3,3,0,4,4,4,1,4,5,9,16,5,5,10,50,33,23,45,1,4,2,1,0,1,1,2,0,2,3,5,10,3,2,7,25,13,8,48,1,1,1,2,0,3,3,2,1,2,2,4,6,2,3,3,25,20,15
422130322,2,â_êÂés,è¨ïlí¨É}ÉäÅ[Éi,0,,,97,3,6,3,1,1,3,4,2,5,8,6,9,8,8,5,12,47,36,23,47,1,2,2,0,0,1,2,1,2,4,4,6,3,4,3,5,23,18,11,50,2,4,1,1,1,2,2,1,3,4,2,3,5,4,2,7,24,18,12
422130330,3,â_êÂés,è¨ïlí¨ñkñÿéw,0,,,655,18,19,14,17,15,28,16,28,27,20,59,58,74,61,55,51,342,262,146,308,8,8,6,11,9,13,7,18,15,7,24,27,43,32,23,22,174,112,57,347,10,11,8,6,6,15,9,10,12,13,35,31,31,29,32,29,168,150,89
42213033001,4,â_êÂés,è¨ïlí¨ñkñÿéw,0,,,78,5,3,1,2,5,7,8,3,4,4,8,1,6,3,5,9,48,21,13,39,3,2,1,2,2,5,4,3,1,2,2,1,3,2,3,6,25,8,3,39,2,1,0,0,3,2,4,0,3,2,6,0,3,1,2,3,23,13,10
42213033002,4,â_êÂés,è¨ïlí¨ñkñÿéw,0,,,74,0,0,0,3,0,3,1,4,1,3,4,10,15,8,7,0,44,30,15,38,0,0,0,2,0,1,0,2,0,1,2,7,9,4,3,0,24,14,7,36,0,0,0,1,0,2,1,2,1,2,2,3,6,4,4,0,20,16,8
42213033003,4,â_êÂés,è¨ïlí¨ñkñÿéw,0,,,133,6,5,8,5,2,5,3,3,7,4,13,9,14,12,12,19,65,49,25,58,1,2,2,2,1,2,2,3,3,3,5,4,8,4,6,5,33,20,10,75,5,3,6,3,1,3,1,0,4,1,8,5,6,8,6,14,32,29,15
42213033004,4,â_êÂés,è¨ïlí¨ñkñÿéw,0,,,86,1,0,0,0,2,7,1,6,1,4,5,9,11,9,5,1,46,39,25,37,1,0,0,0,2,3,1,3,1,0,2,2,7,4,2,1,21,15,9,49,0,0,0,0,0,4,0,3,0,4,3,7,4,5,3,0,25,24,16
42213033005,4,â_êÂés,è¨ïlí¨ñkñÿéw,0,,,41,2,0,0,0,0,1,1,1,0,1,3,3,6,5,4,2,16,23,14,16,0,0,0,0,0,1,0,1,0,0,0,1,3,3,2,0,6,10,5,25,2,0,0,0,0,0,1,0,0,1,3,2,3,2,2,2,10,13,9
42213033006,4,â_êÂés,è¨ïlí¨ñkñÿéw,0,,,93,1,4,3,1,3,2,1,6,4,2,10,12,8,9,8,8,49,36,19,47,0,2,2,1,2,0,0,4,2,1,7,4,6,6,3,4,27,16,7,46,1,2,1,0,1,2,1,2,2,1,3,8,2,3,5,4,22,20,12
42213033007,4,â_êÂés,è¨ïlí¨ñkñÿéw,0,,,74,2,2,1,4,2,0,0,4,3,1,9,7,6,8,8,5,36,33,17,37,2,0,0,3,1,0,0,1,2,0,4,4,3,6,2,2,18,17,9,37,0,2,1,1,1,0,0,3,1,1,5,3,3,2,6,3,18,16,8
42213033008,4,â_êÂés,è¨ïlí¨ñkñÿéw,0,,,76,1,5,1,2,1,3,1,1,7,1,7,7,8,7,6,7,38,31,18,36,1,2,1,1,1,1,0,1,6,0,2,4,4,3,2,4,20,12,7,40,0,3,0,1,0,2,1,0,1,1,5,3,4,4,4,3,18,19,11
422130340,3,â_êÂés,è¨ïlí¨ìÏñÿéw,0,,,265,4,5,6,3,6,14,6,7,11,12,22,24,29,29,23,15,134,116,64,123,1,4,4,0,4,7,1,5,6,7,9,10,18,13,11,9,67,47,23,142,3,1,2,3,2,7,5,2,5,5,13,14,11,16,12,6,67,69,41
42213034001,4,â_êÂés,è¨ïlí¨ìÏñÿéw,0,,,86,0,2,5,0,1,5,1,3,4,1,7,11,10,11,5,7,43,36,20,44,0,2,3,0,1,2,0,3,2,1,3,5,6,8,1,5,23,16,7,42,0,0,2,0,0,3,1,0,2,0,4,6,4,3,4,2,20,20,13
42213034002,4,â_êÂés,è¨ïlí¨ìÏñÿéw,0,,,99,4,3,1,1,2,6,4,3,5,7,7,4,11,7,11,8,50,41,23,46,1,2,1,0,1,3,1,1,3,3,3,2,7,1,6,4,24,18,11,53,3,1,0,1,1,3,3,2,2,4,4,2,4,6,5,4,26,23,12
42213034003,4,â_êÂés,è¨ïlí¨ìÏñÿéw,0,,,80,0,0,0,2,3,3,1,1,2,4,8,9,8,11,7,0,41,39,21,33,0,0,0,0,2,2,0,1,1,3,3,3,5,4,4,0,20,13,5,47,0,0,0,2,1,1,1,0,1,1,5,6,3,7,3,0,21,26,16
422130350,3,â_êÂés,è¨ïlí¨â_êÂ,0,,,647,13,8,16,25,21,26,33,19,23,31,53,40,59,61,61,37,330,271,149,288,5,3,6,10,10,12,12,7,12,14,28,25,29,30,27,14,159,109,52,359,8,5,10,15,11,14,21,12,11,17,25,15,30,31,34,23,171,162,97
42213035001,4,â_êÂés,è¨ïlí¨â_êÂ,0,,,61,0,0,0,3,4,1,2,1,2,1,5,6,5,4,9,0,30,31,18,28,0,0,0,2,1,1,0,0,0,1,4,2,4,3,3,0,15,13,7,33,0,0,0,1,3,0,2,1,2,0,1,4,1,1,6,0,15,18,11
42213035002,4,â_êÂés,è¨ïlí¨â_êÂ,0,,,132,0,1,3,5,3,2,2,2,2,13,9,9,11,14,16,4,58,67,37,58,0,0,1,1,1,1,0,1,1,5,6,7,5,6,7,1,28,27,14,74,0,1,2,4,2,1,2,1,1,8,3,2,6,8,9,3,30,40,23
42213035003,4,â_êÂés,è¨ïlí¨â_êÂ,0,,,51,2,0,2,0,3,3,3,1,3,3,2,2,5,5,3,4,25,19,11,25,1,0,0,0,2,3,1,0,2,2,1,1,3,3,1,1,15,7,3,26,1,0,2,0,1,0,2,1,1,1,1,1,2,2,2,3,10,12,8
42213035004,4,â_êÂés,è¨ïlí¨â_êÂ,0,,,158,2,3,5,7,2,7,3,5,10,8,17,11,12,17,8,10,82,65,40,63,0,1,3,3,1,3,0,1,7,4,7,8,5,6,4,4,39,20,10,95,2,2,2,4,1,4,3,4,3,4,10,3,7,11,4,6,43,45,30
42213035005,4,â_êÂés,è¨ïlí¨â_êÂ,0,,,81,2,1,5,2,1,2,5,5,1,0,9,5,8,8,9,8,38,35,18,40,1,1,2,1,0,2,2,3,0,0,4,4,3,5,5,4,19,17,7,41,1,0,3,1,1,0,3,2,1,0,5,1,5,3,4,4,19,18,11
42213035006,4,â_êÂés,è¨ïlí¨â_êÂ,0,,,164,7,3,1,8,8,11,18,5,5,6,11,7,18,13,16,11,97,54,25,74,3,1,0,3,5,2,9,2,2,2,6,3,9,7,7,4,43,25,11,90,4,2,1,5,3,9,9,3,3,4,5,4,9,6,9,7,54,29,14
42213035007,4,â_êÂés,è¨ïlí¨â_êÂ,0,,,0,0,0,0,0,0,0,0,0,0,0,0,0,0,0,0,0,0,0,0,0,0,0,0,0,0,0,0,0,0,0,0,0,0,0,0,0,0,0,0,0,0,0,0,0,0,0,0,0,0,0,0,0,0,0,0,0,0,0,0
422130360,3,â_êÂés,è¨ïlí¨ã‡ïl,0,,,264,1,5,3,5,1,5,5,9,10,13,13,19,28,42,33,9,108,147,72,121,1,4,1,4,0,3,3,3,7,5,5,11,14,19,20,6,55,60,21,143,0,1,2,1,1,2,2,6,3,8,8,8,14,23,13,3,53,87,51
42213036001,4,â_êÂés,è¨ïlí¨ã‡ïl,0,,,147,1,4,1,2,1,4,4,5,4,7,6,10,18,25,20,6,61,80,35,68,1,3,0,2,0,2,3,2,2,2,2,6,8,10,12,4,29,35,13,79,0,1,1,0,1,2,1,3,2,5,4,4,10,15,8,2,32,45,22
42213036002,4,â_êÂés,è¨ïlí¨ã‡ïl,0,,,117,0,1,2,3,0,1,1,4,6,6,7,9,10,17,13,3,47,67,37,53,0,1,1,2,0,1,0,1,5,3,3,5,6,9,8,2,26,25,8,64,0,0,1,1,0,0,1,3,1,3,4,4,4,8,5,1,21,42,29
422130370,2,â_êÂés,è¨ïlí¨ñÿèÍ,0,,,129,1,3,3,3,1,2,3,3,7,12,10,2,23,12,13,7,66,56,31,65,0,1,2,1,1,0,1,1,3,9,7,0,11,7,6,3,34,28,15,64,1,2,1,2,0,2,2,2,4,3,3,2,12,5,7,4,32,28,16
422130380,2,â_êÂés,è¨ïlí¨ëÂãT,0,,,118,3,6,6,7,4,4,4,4,12,6,6,9,7,13,7,15,63,40,20,54,1,1,4,3,2,1,2,2,6,3,2,5,5,6,2,6,31,17,9,64,2,5,2,4,2,3,2,2,6,3,4,4,2,7,5,9,32,23,11
422130390,3,â_êÂés,è¨ïlí¨éRî®,0,,,511,11,18,22,8,10,13,16,10,29,26,40,38,57,50,49,51,247,213,114,253,7,7,16,2,7,9,6,5,17,10,22,24,30,22,24,30,132,91,45,258,4,11,6,6,3,4,10,5,12,16,18,14,27,28,25,21,115,122,69
42213039001,4,â_êÂés,è¨ïlí¨éRî®,0,,,16,0,0,0,0,0,0,1,0,2,2,1,2,1,2,0,0,9,7,5,8,0,0,0,0,0,0,1,0,1,0,1,2,0,0,0,0,5,3,3,8,0,0,0,0,0,0,0,0,1,2,0,0,1,2,0,0,4,4,2
42213039002,4,â_êÂés,è¨ïlí¨éRî®,0,,,76,1,3,3,0,2,2,3,3,2,2,6,3,14,7,8,7,37,32,17,37,0,2,1,0,0,2,2,2,0,2,3,2,7,2,5,3,20,14,7,39,1,1,2,0,2,0,1,1,2,0,3,1,7,5,3,4,17,18,10
42213039003,4,â_êÂés,è¨ïlí¨éRî®,0,,,116,5,7,5,2,2,2,5,3,7,7,9,8,11,12,12,17,56,43,19,58,3,2,4,0,2,1,2,2,5,2,6,6,5,4,8,9,31,18,6,58,2,5,1,2,0,1,3,1,2,5,3,2,6,8,4,8,25,25,13
42213039004,4,â_êÂés,è¨ïlí¨éRî®,0,,,72,1,2,2,0,0,2,4,2,3,1,2,7,11,14,7,5,32,35,14,34,1,0,2,0,0,1,1,0,2,0,1,2,6,9,3,3,13,18,6,38,0,2,0,0,0,1,3,2,1,1,1,5,5,5,4,2,19,17,8
42213039005,4,â_êÂés,è¨ïlí¨éRî®,0,,,94,1,3,6,4,2,1,2,2,3,10,7,4,7,6,10,10,42,42,26,48,1,2,4,2,2,0,0,1,2,5,4,4,3,3,3,7,23,18,12,46,0,1,2,2,0,1,2,1,1,5,3,0,4,3,7,3,19,24,14
42213039006,4,â_êÂés,è¨ïlí¨éRî®,0,,,96,3,2,6,2,3,3,1,0,7,1,9,10,9,9,7,11,45,40,24,43,2,0,5,0,2,2,0,0,3,0,3,5,7,4,3,7,22,14,7,53,1,2,1,2,1,1,1,0,4,1,6,5,2,5,4,4,23,26,17
42213039007,4,â_êÂés,è¨ïlí¨éRî®,0,,,41,0,1,0,0,1,3,0,0,5,3,6,4,4,0,5,1,26,14,9,25,0,1,0,0,1,3,0,0,4,1,4,3,2,0,2,1,18,6,4,16,0,0,0,0,0,0,0,0,1,2,2,1,2,0,3,0,8,8,5
422130400,3,â_êÂés,è¨ïlí¨îÚéq,0,,,528,13,18,26,14,19,18,14,21,33,25,35,44,45,54,44,57,268,203,105,258,8,8,11,6,13,9,9,13,18,11,17,19,23,30,19,27,138,93,44,270,5,10,15,8,6,9,5,8,15,14,18,25,22,24,25,30,130,110,61
42213040001,4,â_êÂés,è¨ïlí¨îÚéq,0,,,18,0,0,0,1,0,0,0,0,1,2,1,2,0,4,3,0,7,11,4,8,0,0,0,1,0,0,0,0,1,1,0,0,0,2,2,0,3,5,1,10,0,0,0,0,0,0,0,0,0,1,1,2,0,2,1,0,4,6,3
42213040002,4,â_êÂés,è¨ïlí¨îÚéq,0,,,62,1,1,3,2,2,4,2,3,5,4,5,4,6,5,6,5,37,20,9,31,0,0,1,0,1,2,1,2,4,2,2,1,4,3,4,1,19,11,4,31,1,1,2,2,1,2,1,1,1,2,3,3,2,2,2,4,18,9,5
42213040003,4,â_êÂés,è¨ïlí¨îÚéq,0,,,70,3,6,3,2,2,2,4,4,1,4,3,6,10,9,4,12,38,20,7,34,1,2,3,1,0,0,2,3,0,1,1,3,6,6,2,6,17,11,3,36,2,4,0,1,2,2,2,1,1,3,2,3,4,3,2,6,21,9,4
42213040004,4,â_êÂés,è¨ïlí¨îÚéq,0,,,55,1,2,2,1,3,3,0,2,1,2,6,4,1,5,7,5,23,27,15,31,1,2,1,0,3,2,0,1,1,2,3,2,1,2,3,4,15,12,7,24,0,0,1,1,0,1,0,1,0,0,3,2,0,3,4,1,8,15,8
42213040005,4,â_êÂés,è¨ïlí¨îÚéq,0,,,182,5,7,13,4,9,6,4,6,13,9,13,13,17,15,13,25,94,63,35,87,4,3,3,4,7,4,3,2,7,4,6,8,6,7,5,10,51,26,14,95,1,4,10,0,2,2,1,4,6,5,7,5,11,8,8,15,43,37,21
42213040006,4,â_êÂés,è¨ïlí¨îÚéq,0,,,51,0,0,3,2,3,1,2,0,4,2,2,4,4,6,6,3,24,24,12,25,0,0,3,0,2,1,1,0,2,0,1,1,1,6,2,3,9,13,5,26,0,0,0,2,1,0,1,0,2,2,1,3,3,0,4,0,15,11,7
42213040007,4,â_êÂés,è¨ïlí¨îÚéq,0,,,90,3,2,2,2,0,2,2,6,8,2,5,11,7,10,5,7,45,38,23,42,2,1,0,0,0,0,2,5,3,1,4,4,5,4,1,3,24,15,10,48,1,1,2,2,0,2,0,1,5,1,1,7,2,6,4,4,21,23,13
422130410,3,â_êÂés,ìÏã¯éRí¨çrñqñº,0,,,814,34,44,21,21,13,20,42,61,43,39,35,79,83,71,65,99,436,279,143,390,21,19,15,12,9,10,26,31,21,20,17,40,37,32,32,55,223,112,48,424,13,25,6,9,4,10,16,30,22,19,18,39,46,39,33,44,213,167,95
42213041001,4,â_êÂés,ìÏã¯éRí¨çrñqñº,0,,,307,19,23,6,9,5,12,20,25,14,14,11,32,29,28,16,48,171,88,44,147,11,8,5,6,3,6,11,13,6,7,6,14,15,11,11,24,87,36,14,160,8,15,1,3,2,6,9,12,8,7,5,18,14,17,5,24,84,52,30
42213041002,4,â_êÂés,ìÏã¯éRí¨çrñqñº,0,,,101,2,3,1,3,0,2,3,6,6,7,8,4,10,11,15,6,49,46,20,53,1,2,1,2,0,0,3,2,4,4,5,4,3,5,7,4,27,22,10,48,1,1,0,1,0,2,0,4,2,3,3,0,7,6,8,2,22,24,10
42213041003,4,â_êÂés,ìÏã¯éRí¨çrñqñºî¬à¯,0,,,25,0,0,1,0,0,1,1,0,1,0,1,6,1,2,4,1,11,13,7,10,0,0,0,0,0,1,1,0,0,0,0,3,1,1,0,0,6,4,3,15,0,0,1,0,0,0,0,0,1,0,1,3,0,1,4,1,5,9,4
42213041004,4,â_êÂés,ìÏã¯éRí¨çrñqñº,0,,,123,1,5,7,2,3,2,2,11,5,5,8,12,16,5,8,13,66,44,31,55,1,3,4,2,2,2,2,6,3,3,2,4,7,3,2,8,33,14,9,68,0,2,3,0,1,0,0,5,2,2,6,8,9,2,6,5,33,30,22
42213041005,4,â_êÂés,ìÏã¯éRí¨çrñqñº,0,,,136,4,8,6,6,2,2,8,9,12,9,1,9,12,17,13,18,70,48,18,64,2,6,5,2,1,1,4,3,5,3,1,5,5,8,8,13,30,21,5,72,2,2,1,4,1,1,4,6,7,6,0,4,7,9,5,5,40,27,13
42213041006,4,â_êÂés,ìÏã¯éRí¨çrñqñº,0,,,80,6,3,0,0,2,1,4,6,2,3,2,11,11,5,7,9,42,29,17,40,4,0,0,0,2,0,3,4,1,2,1,7,5,3,3,4,25,11,5,40,2,3,0,0,0,1,1,2,1,1,1,4,6,2,4,5,17,18,12
42213041007,4,â_êÂés,ìÏã¯éRí¨çrñqñº,0,,,42,2,2,0,1,1,0,4,4,3,1,4,5,4,3,2,4,27,11,6,21,2,0,0,0,1,0,2,3,2,1,2,3,1,1,1,2,15,4,2,21,0,2,0,1,0,0,2,1,1,0,2,2,3,2,1,2,12,7,4
422130420,3,â_êÂés,ìÏã¯éRí¨îˆìoñº,0,,,471,17,17,10,24,9,9,19,22,22,19,32,33,35,67,36,44,224,203,100,228,13,9,2,8,6,5,10,13,11,8,13,17,17,35,19,24,108,96,42,243,4,8,8,16,3,4,9,9,11,11,19,16,18,32,17,20,116,107,58
42213042003,4,â_êÂés,ìÏã¯éRí¨îˆìoñº,0,,,71,4,3,0,1,2,3,7,1,1,2,9,6,3,7,7,7,35,29,15,30,2,1,0,1,0,1,3,1,1,0,4,4,2,3,3,3,17,10,4,41,2,2,0,0,2,2,4,0,0,2,5,2,1,4,4,4,18,19,11
42213042008,4,â_êÂés,ìÏã¯éRí¨îˆìoñº,0,,,77,2,0,1,4,1,3,4,3,0,1,5,5,9,14,5,3,35,39,20,40,2,0,1,2,1,1,2,1,0,1,2,2,3,9,4,3,15,22,9,37,0,0,0,2,0,2,2,2,0,0,3,3,6,5,1,0,20,17,11
42213042009,4,â_êÂés,ìÏã¯éRí¨îˆìoñº,0,,,151,6,8,3,7,2,2,3,8,11,6,9,12,11,20,12,17,71,63,31,73,5,4,0,1,2,2,2,4,6,3,1,7,6,11,5,9,34,30,14,78,1,4,3,6,0,0,1,4,5,3,8,5,5,9,7,8,37,33,17
42213042010,4,â_êÂés,ìÏã¯éRí¨îˆìoñº,0,,,56,1,2,5,2,0,1,0,7,3,4,0,1,1,15,6,8,19,29,8,28,1,1,1,1,0,1,0,4,1,2,0,1,0,6,5,3,10,15,4,28,0,1,4,1,0,0,0,3,2,2,0,0,1,9,1,5,9,14,4
42213042011,4,â_êÂés,ìÏã¯éRí¨îˆìoñº,0,,,66,1,2,1,5,2,0,3,0,5,2,6,4,4,7,6,4,31,31,18,33,1,2,0,2,1,0,2,0,2,1,4,2,2,3,2,3,16,14,9,33,0,0,1,3,1,0,1,0,3,1,2,2,2,4,4,1,15,17,9
42213042012,4,â_êÂés,ìÏã¯éRí¨îˆìoñº,0,,,50,3,2,0,5,2,0,2,3,2,4,3,5,7,4,0,5,33,12,8,24,2,1,0,1,2,0,1,3,1,1,2,1,4,3,0,3,16,5,2,26,1,1,0,4,0,0,1,0,1,3,1,4,3,1,0,2,17,7,6
422130430,3,â_êÂés,ìÏã¯éRí¨ãûîëñº,0,,,2167,63,69,58,82,82,64,65,99,113,116,140,204,170,200,176,190,1135,842,466,1065,34,30,27,47,54,41,31,49,59,55,64,122,78,94,94,91,600,374,186,1102,29,39,31,35,28,23,34,50,54,61,76,82,92,106,82,99,535,468,280
42213043013,4,â_êÂés,ìÏã¯éRí¨ãûîëñº,0,,,147,9,7,5,6,4,2,6,12,4,5,16,18,13,10,4,21,86,40,26,76,7,4,2,4,3,2,2,7,2,2,9,9,6,6,2,13,46,17,9,71,2,3,3,2,1,0,4,5,2,3,7,9,7,4,2,8,40,23,17
42213043014,4,â_êÂés,ìÏã¯éRí¨ãûîëñº,0,,,408,5,9,9,6,12,7,11,17,22,27,24,26,34,30,33,23,186,199,136,185,2,1,5,1,9,5,6,8,14,13,12,16,17,15,13,8,101,76,48,223,3,8,4,5,3,2,5,9,8,14,12,10,17,15,20,15,85,123,88
42213043015,4,â_êÂés,ìÏã¯éRí¨ãûîëñº,0,,,154,3,2,3,7,9,9,4,9,7,5,10,19,9,10,16,8,88,58,32,84,2,1,3,4,9,6,2,6,2,2,3,14,3,4,10,6,51,27,13,70,1,1,0,3,0,3,2,3,5,3,7,5,6,6,6,2,37,31,19
42213043016,4,â_êÂés,ìÏã¯éRí¨ãûîëñº,0,,,173,8,8,4,8,4,7,2,6,18,12,8,20,9,19,12,20,94,59,28,87,4,5,2,5,2,4,1,4,9,5,3,12,4,7,8,11,49,27,12,86,4,3,2,3,2,3,1,2,9,7,5,8,5,12,4,9,45,32,16
42213043017,4,â_êÂés,ìÏã¯éRí¨ãûîëñº,0,,,267,9,9,6,12,3,7,8,18,11,12,21,22,24,23,24,24,138,105,58,123,6,3,2,8,2,4,3,7,3,8,10,11,12,11,11,11,68,44,22,144,3,6,4,4,1,3,5,11,8,4,11,11,12,12,13,13,70,61,36
42213043018,4,â_êÂés,ìÏã¯éRí¨ãûîëñº,0,,,136,3,4,2,6,3,7,3,7,7,11,4,12,13,18,12,9,73,54,24,60,1,2,1,3,2,4,1,2,4,3,3,7,4,8,5,4,33,23,10,76,2,2,1,3,1,3,2,5,3,8,1,5,9,10,7,5,40,31,14
42213043019,4,â_êÂés,ìÏã¯éRí¨ãûîëñº,0,,,152,2,6,3,11,14,2,4,5,4,12,9,6,11,15,22,11,78,63,26,80,1,4,2,6,10,2,1,3,2,5,3,5,6,5,11,7,43,30,14,72,1,2,1,5,4,0,3,2,2,7,6,1,5,10,11,4,35,33,12
42213043020,4,â_êÂés,ìÏã¯éRí¨ãûîëñº,0,,,269,9,9,13,12,15,7,9,12,15,12,12,29,20,27,22,31,143,95,46,146,5,4,7,7,7,4,6,6,9,7,5,18,9,14,13,16,78,52,25,123,4,5,6,5,8,3,3,6,6,5,7,11,11,13,9,15,65,43,21
42213043021,4,â_êÂés,ìÏã¯éRí¨ãûîëñº,0,,,274,9,9,10,11,10,6,10,10,16,11,20,30,25,30,16,28,149,97,51,134,4,4,3,7,4,3,4,6,7,6,8,19,12,16,12,11,76,47,19,140,5,5,7,4,6,3,6,4,9,5,12,11,13,14,4,17,73,50,32
42213043022,4,â_êÂés,ìÏã¯éRí¨ãûîëñº,0,,,187,6,6,3,3,8,10,8,3,9,9,16,22,12,18,15,15,100,72,39,90,2,2,0,2,6,7,5,0,7,4,8,11,5,8,9,4,55,31,14,97,4,4,3,1,2,3,3,3,2,5,8,11,7,10,6,11,45,41,25
42214,1,ìÏìáå¥és,,0,,,42330,1311,1660,1764,1505,911,1061,1446,1950,2108,2386,2492,2963,3647,3961,3848,4735,20469,17109,9300,19598,634,831,885,802,439,497,683,969,1036,1177,1153,1456,1771,1909,1877,2350,9983,7252,3466,22732,677,829,879,703,472,564,763,981,1072,1209,1339,1507,1876,2052,1971,2385,10486,9857,5834
422140010,3,ìÏìáå¥és,â¡í√ç≤í¨,0,,,336,10,6,3,7,6,7,15,16,13,14,12,26,33,56,38,19,149,168,74,193,6,3,3,6,2,4,11,11,7,9,7,19,16,39,19,12,92,89,31,143,4,3,0,1,4,3,4,5,6,5,5,7,17,17,19,7,57,79,43
42214001001,4,ìÏìáå¥és,â¡í√ç≤í¨í√îgå©ñº,0,,,71,1,0,0,2,1,1,2,2,2,5,2,10,12,14,3,1,39,31,14,35,0,0,0,2,0,0,1,2,0,3,0,6,6,10,1,0,20,15,4,36,1,0,0,0,1,1,1,0,2,2,2,4,6,4,2,1,19,16,10
42214001002,4,ìÏìáå¥és,â¡í√ç≤í¨í√îgå©ñº,0,,,42,3,1,0,0,2,2,1,2,1,2,2,2,2,6,4,4,16,22,12,20,0,1,0,0,1,1,1,1,1,1,1,2,0,3,1,1,9,10,6,22,3,0,0,0,1,1,0,1,0,1,1,0,2,3,3,3,7,12,6
42214001003,4,ìÏìáå¥és,â¡í√ç≤í¨í√îgå©ñº,0,,,68,1,3,1,1,0,0,1,5,2,4,0,2,5,14,12,5,20,43,17,35,1,2,1,1,0,0,0,2,2,3,0,1,1,8,6,4,10,21,7,33,0,1,0,0,0,0,1,3,0,1,0,1,4,6,6,1,10,22,10
42214001004,4,ìÏìáå¥és,â¡í√ç≤í¨í√îgå©ñº,0,,,79,5,2,2,3,2,0,5,5,4,2,4,7,6,7,8,9,38,32,17,41,5,0,2,2,0,0,3,4,0,1,2,5,2,3,5,7,19,15,7,38,0,2,0,1,2,0,2,1,4,1,2,2,4,4,3,2,19,17,10
42214001005,4,ìÏìáå¥és,â¡í√ç≤í¨í√îgå©ñº,2,1058,,0,0,0,0,0,0,0,0,0,0,0,0,0,0,0,0,0,0,0,0,0,0,0,0,0,0,0,0,0,0,0,0,0,0,0,0,0,0,0,0,0,0,0,0,0,0,0,0,0,0,0,0,0,0,0,0,0,0,0,0
42214001058,4,ìÏìáå¥és,â¡í√ç≤í¨í√îgå©ñº,1,,001005,76,0,0,0,1,1,4,6,2,4,1,4,5,8,15,11,0,36,40,14,62,0,0,0,1,1,3,6,2,4,1,4,5,7,15,6,0,34,28,7,14,0,0,0,0,0,1,0,0,0,0,0,0,1,0,5,0,2,12,7
422140020,3,ìÏìáå¥és,â¡í√ç≤í¨,0,,,1731,34,52,58,48,36,37,45,66,85,113,103,125,147,167,198,144,805,782,417,804,15,28,30,29,27,23,18,31,46,61,54,57,69,79,89,73,415,316,148,927,19,24,28,19,9,14,27,35,39,52,49,68,78,88,109,71,390,466,269
42214002006,4,ìÏìáå¥és,â¡í√ç≤í¨ñÏìcñº,0,,,121,1,4,2,3,2,5,7,4,3,9,9,5,13,13,17,7,60,54,24,61,0,3,0,3,2,3,1,2,2,4,6,2,5,8,9,3,30,28,11,60,1,1,2,0,0,2,6,2,1,5,3,3,8,5,8,4,30,26,13
42214002007,4,ìÏìáå¥és,â¡í√ç≤í¨ñÏìcñº,0,,,192,2,1,6,4,4,2,8,7,8,11,15,16,21,22,27,9,96,87,38,89,1,0,2,2,3,2,6,3,5,4,10,9,7,9,14,3,51,35,12,103,1,1,4,2,1,0,2,4,3,7,5,7,14,13,13,6,45,52,26
42214002008,4,ìÏìáå¥és,â¡í√ç≤í¨ñÏìcñº,0,,,136,4,8,12,10,5,4,7,2,10,14,10,8,3,9,9,24,73,39,21,63,3,3,9,5,2,2,1,1,3,8,5,5,1,1,6,15,33,15,8,73,1,5,3,5,3,2,6,1,7,6,5,3,2,8,3,9,40,24,13
42214002009,4,ìÏìáå¥és,â¡í√ç≤í¨ñÏìcñº,0,,,109,3,3,3,4,3,2,1,5,11,6,2,10,13,9,13,9,57,43,21,53,0,1,2,4,2,1,0,2,6,4,1,4,8,3,8,3,32,18,7,56,3,2,1,0,1,1,1,3,5,2,1,6,5,6,5,6,25,25,14
42214002010,4,ìÏìáå¥és,â¡í√ç≤í¨ñÏìcñº,0,,,114,1,5,5,6,3,4,2,5,5,8,8,12,10,12,12,11,63,40,16,56,0,1,2,3,3,3,1,1,4,4,2,7,4,8,5,3,32,21,8,58,1,4,3,3,0,1,1,4,1,4,6,5,6,4,7,8,31,19,8
42214002011,4,ìÏìáå¥és,â¡í√ç≤í¨ñÏìcñº,0,,,68,3,1,2,2,2,6,2,3,1,9,1,6,6,8,7,6,38,24,9,31,0,0,1,0,2,4,0,1,0,5,1,3,3,5,3,1,19,11,3,37,3,1,1,2,0,2,2,2,1,4,0,3,3,3,4,5,19,13,6
42214002012,4,ìÏìáå¥és,â¡í√ç≤í¨ñÏìcñº,0,,,66,3,0,1,2,0,1,0,0,6,6,5,2,7,10,8,4,29,33,15,34,1,0,0,1,0,1,0,0,4,3,4,2,4,5,4,1,19,14,5,32,2,0,1,1,0,0,0,0,2,3,1,0,3,5,4,3,10,19,10
42214002013,4,ìÏìáå¥és,â¡í√ç≤í¨ñÏìcñº,0,,,162,5,10,8,0,1,2,7,8,3,5,8,12,15,13,16,23,61,78,49,71,2,5,5,0,1,1,3,5,1,2,4,4,7,8,7,12,28,31,16,91,3,5,3,0,0,1,4,3,2,3,4,8,8,5,9,11,33,47,33
42214002014,4,ìÏìáå¥és,â¡í√ç≤í¨ñÏìcñº,0,,,111,0,5,3,2,1,3,0,3,6,4,4,5,7,9,17,8,35,68,42,45,0,3,1,1,1,1,0,0,1,3,1,1,4,4,6,4,13,28,18,66,0,2,2,1,0,2,0,3,5,1,3,4,3,5,11,4,22,40,24
42214002015,4,ìÏìáå¥és,â¡í√ç≤í¨ñÏìcñº,0,,,68,0,0,4,1,0,0,1,3,1,8,3,7,10,8,11,4,34,30,11,31,0,0,3,1,0,0,1,2,1,5,1,2,5,2,5,3,18,10,3,37,0,0,1,0,0,0,0,1,0,3,2,5,5,6,6,1,16,20,8
42214002016,4,ìÏìáå¥és,â¡í√ç≤í¨ñÏìcñº,0,,,380,10,14,10,9,10,5,6,19,22,21,22,30,26,32,35,34,170,176,109,172,6,11,5,6,6,3,3,9,12,11,9,13,13,15,15,22,85,65,35,208,4,3,5,3,4,2,3,10,10,10,13,17,13,17,20,12,85,111,74
42214002017,4,ìÏìáå¥és,â¡í√ç≤í¨ñÏìcñº,0,,,162,2,1,2,3,0,2,2,5,5,7,11,8,9,20,24,5,52,105,61,68,2,1,0,2,0,1,1,4,3,4,6,3,3,9,7,3,27,38,22,94,0,0,2,1,0,1,1,1,2,3,5,5,6,11,17,2,25,67,39
42214002059,4,ìÏìáå¥és,â¡í√ç≤í¨ñÏìcñº,0,,,42,0,0,0,2,5,1,2,2,4,5,5,4,7,2,2,0,37,5,1,30,0,0,0,1,5,1,1,1,4,4,4,2,5,2,0,0,28,2,0,12,0,0,0,1,0,0,1,1,0,1,1,2,2,0,2,0,9,3,1
422140030,3,ìÏìáå¥és,â¡í√ç≤í¨,0,,,944,20,26,21,26,16,22,35,37,34,44,49,67,99,92,97,67,429,448,259,433,9,13,15,12,8,14,15,20,17,25,23,32,42,47,49,37,208,188,92,511,11,13,6,14,8,8,20,17,17,19,26,35,57,45,48,30,221,260,167
42214003022,4,ìÏìáå¥és,â¡í√ç≤í¨ã{å¥ñº,0,,,209,3,6,6,1,5,6,7,9,11,4,13,23,24,28,29,15,103,91,34,94,1,3,6,1,0,2,2,4,5,3,5,10,12,11,16,10,44,40,13,115,2,3,0,0,5,4,5,5,6,1,8,13,12,17,13,5,59,51,21
42214003023,4,ìÏìáå¥és,â¡í√ç≤í¨ã{å¥ñº,0,,,88,1,4,2,3,1,2,1,2,2,9,5,6,6,3,8,7,37,44,33,46,1,3,1,2,1,1,1,1,1,7,1,4,1,2,3,5,20,21,16,42,0,1,1,1,0,1,0,1,1,2,4,2,5,1,5,2,17,23,17
42214003024,4,ìÏìáå¥és,â¡í√ç≤í¨ã{å¥ñº,0,,,209,0,3,4,8,3,1,9,4,6,12,8,12,28,20,28,7,91,111,63,91,0,1,1,2,1,1,4,4,4,5,5,3,12,11,12,2,41,48,25,118,0,2,3,6,2,0,5,0,2,7,3,9,16,9,16,5,50,63,38
42214003025,4,ìÏìáå¥és,â¡í√ç≤í¨ã{å¥ñº,0,,,26,0,0,1,0,0,1,1,0,1,1,2,4,1,3,3,1,11,14,8,14,0,0,1,0,0,1,1,0,0,1,1,3,0,2,1,1,7,6,3,12,0,0,0,0,0,0,0,0,1,0,1,1,1,1,2,0,4,8,5
42214003026,4,ìÏìáå¥és,â¡í√ç≤í¨ã{å¥ñº,0,,,60,6,3,1,1,2,2,2,5,3,2,4,3,4,8,4,10,28,22,10,30,3,2,1,0,2,2,1,2,1,0,2,2,1,5,1,6,13,11,5,30,3,1,0,1,0,0,1,3,2,2,2,1,3,3,3,4,15,11,5
42214003027,4,ìÏìáå¥és,â¡í√ç≤í¨ã{å¥ñº,0,,,62,0,2,2,2,2,0,3,2,1,3,1,5,10,7,9,4,29,29,13,32,0,1,1,1,2,0,0,1,0,2,1,3,6,4,5,2,16,14,5,30,0,1,1,1,0,0,3,1,1,1,0,2,4,3,4,2,13,15,8
42214003028,4,ìÏìáå¥és,â¡í√ç≤í¨ã{å¥ñº,0,,,21,0,0,0,1,0,2,1,0,2,0,4,1,1,2,0,0,12,9,7,10,0,0,0,1,0,1,0,0,1,0,2,1,1,1,0,0,7,3,2,11,0,0,0,0,0,1,1,0,1,0,2,0,0,1,0,0,5,6,5
42214003029,4,ìÏìáå¥és,â¡í√ç≤í¨ã{å¥ñº,0,,,60,2,3,2,2,0,2,5,4,1,1,3,4,7,8,6,7,29,24,10,30,0,1,2,2,0,2,1,3,1,0,1,2,4,4,4,3,16,11,3,30,2,2,0,0,0,0,4,1,0,1,2,2,3,4,2,4,13,13,7
42214003030,4,ìÏìáå¥és,â¡í√ç≤í¨ã{å¥ñº,0,,,22,4,2,0,1,2,2,0,2,1,0,2,1,2,2,0,6,13,3,1,11,2,0,0,0,2,1,0,1,1,0,1,0,0,2,0,2,6,3,1,11,2,2,0,1,0,1,0,1,0,0,1,1,2,0,0,4,7,0,0
42214003031,4,ìÏìáå¥és,â¡í√ç≤í¨ã{å¥ñº,0,,,51,1,2,1,4,0,0,3,5,4,4,2,1,6,3,3,4,29,18,12,27,0,1,0,3,0,0,3,3,2,3,1,0,2,0,3,1,17,9,6,24,1,1,1,1,0,0,0,2,2,1,1,1,4,3,0,3,12,9,6
42214003032,4,ìÏìáå¥és,â¡í√ç≤í¨ã{å¥ñº,0,,,81,3,1,2,3,1,4,3,4,2,8,5,7,10,7,6,6,47,28,15,40,2,1,2,0,0,3,2,1,1,4,3,4,3,4,4,5,21,14,6,41,1,0,0,3,1,1,1,3,1,4,2,3,7,3,2,1,26,14,9
42214003061,4,ìÏìáå¥és,â¡í√ç≤í¨ã{å¥ñº,0,,,55,0,0,0,0,0,0,0,0,0,0,0,0,0,1,1,0,0,55,53,8,0,0,0,0,0,0,0,0,0,0,0,0,0,1,0,0,0,8,7,47,0,0,0,0,0,0,0,0,0,0,0,0,0,0,1,0,0,47,46
422140040,3,ìÏìáå¥és,â¡í√ç≤í¨,0,,,434,7,8,12,7,12,13,26,14,18,10,12,23,42,54,28,27,177,230,148,169,3,5,3,5,6,3,6,7,9,3,6,11,19,28,14,11,75,83,41,265,4,3,9,2,6,10,20,7,9,7,6,12,23,26,14,16,102,147,107
42214004033,4,ìÏìáå¥és,â¡í√ç≤í¨òZîΩìcñº,0,,,51,2,1,1,0,0,0,3,1,1,0,2,7,11,7,3,4,25,22,12,25,2,0,0,0,0,0,1,1,0,0,2,4,4,5,2,2,12,11,4,26,0,1,1,0,0,0,2,0,1,0,0,3,7,2,1,2,13,11,8
42214004034,4,ìÏìáå¥és,â¡í√ç≤í¨òZîΩìcñº,0,,,85,0,2,3,1,3,3,2,1,4,4,6,4,13,11,3,5,41,39,25,41,0,2,1,1,2,2,0,1,2,1,3,2,5,5,1,3,19,19,13,44,0,0,2,0,1,1,2,0,2,3,3,2,8,6,2,2,22,20,12
42214004035,4,ìÏìáå¥és,â¡í√ç≤í¨òZîΩìcñº,0,,,147,2,2,4,6,9,8,19,10,10,4,3,8,13,23,9,8,90,49,17,57,0,1,1,4,4,0,4,3,5,2,1,3,8,11,5,2,34,21,5,90,2,1,3,2,5,8,15,7,5,2,2,5,5,12,4,6,56,28,12
42214004037,4,ìÏìáå¥és,â¡í√ç≤í¨òZîΩìcñº,0,,,151,3,3,4,0,0,2,2,2,3,2,1,4,5,13,13,10,21,120,94,46,1,2,1,0,0,1,1,2,2,0,0,2,2,7,6,4,10,32,19,105,2,1,3,0,0,1,1,0,1,2,1,2,3,6,7,6,11,88,75
422140050,3,ìÏìáå¥és,â¡í√ç≤í¨,0,,,2331,35,51,92,66,33,38,63,82,104,126,147,152,209,232,275,178,1020,1133,626,1074,21,31,48,33,21,17,27,39,50,59,67,75,99,111,130,100,487,487,246,1257,14,20,44,33,12,21,36,43,54,67,80,77,110,121,145,78,533,646,380
42214005018,4,ìÏìáå¥és,â¡í√ç≤í¨êÖâ∫í√ñº,0,,,97,1,4,3,2,1,2,2,3,2,5,6,6,10,9,11,8,39,50,30,48,1,4,0,0,1,1,1,0,1,2,5,2,4,4,8,5,17,26,14,49,0,0,3,2,0,1,1,3,1,3,1,4,6,5,3,3,22,24,16
42214005019,4,ìÏìáå¥és,â¡í√ç≤í¨êÖâ∫í√ñº,0,,,56,0,2,5,0,1,0,1,1,4,0,4,3,4,6,9,7,18,31,16,27,0,1,2,0,1,0,0,1,2,0,2,0,3,2,6,3,9,15,7,29,0,1,3,0,0,0,1,0,2,0,2,3,1,4,3,4,9,16,9
42214005020,4,ìÏìáå¥és,â¡í√ç≤í¨êÖâ∫í√ñº,0,,,77,1,6,1,1,0,1,2,4,3,2,4,4,14,9,9,8,35,34,16,32,0,0,1,1,0,0,1,2,1,1,2,3,7,5,3,1,18,13,5,45,1,6,0,0,0,1,1,2,2,1,2,1,7,4,6,7,17,21,11
42214005021,4,ìÏìáå¥és,â¡í√ç≤í¨êÖâ∫í√ñº,0,,,101,1,2,7,5,1,1,3,5,4,5,8,8,13,12,11,10,53,38,15,47,0,1,5,2,1,0,1,2,2,2,4,5,4,8,5,6,23,18,5,54,1,1,2,3,0,1,2,3,2,3,4,3,9,4,6,4,30,20,10
42214005038,4,ìÏìáå¥és,â¡í√ç≤í¨êÖâ∫í√ñº,0,,,74,0,1,2,3,1,0,0,6,7,3,3,3,3,16,14,3,29,42,12,38,0,1,1,3,0,0,0,5,3,1,1,2,1,6,7,2,16,20,7,36,0,0,1,0,1,0,0,1,4,2,2,1,2,10,7,1,13,22,5
42214005039,4,ìÏìáå¥és,â¡í√ç≤í¨êÖâ∫í√ñº,0,,,191,4,5,3,6,9,3,7,9,8,11,11,11,25,20,19,12,100,79,40,85,2,1,0,5,6,1,4,5,3,4,5,5,10,10,11,3,48,34,13,106,2,4,3,1,3,2,3,4,5,7,6,6,15,10,8,9,52,45,27
42214005040,4,ìÏìáå¥és,â¡í√ç≤í¨êÖâ∫í√ñº,0,,,112,6,2,3,6,1,1,5,6,5,8,5,7,8,13,10,11,52,49,26,45,2,2,1,2,1,1,2,3,3,3,2,3,4,2,5,5,24,16,9,67,4,0,2,4,0,0,3,3,2,5,3,4,4,11,5,6,28,33,17
42214005041,4,ìÏìáå¥és,â¡í√ç≤í¨êÖâ∫í√ñº,0,,,99,1,2,3,5,0,2,5,3,5,5,8,8,8,5,10,6,49,44,29,50,1,1,3,3,0,1,4,1,5,0,4,4,4,2,4,5,26,19,13,49,0,1,0,2,0,1,1,2,0,5,4,4,4,3,6,1,23,25,16
42214005042,4,ìÏìáå¥és,â¡í√ç≤í¨êÖâ∫í√ñº,0,,,55,0,0,4,2,1,0,1,0,0,6,4,2,7,7,4,4,23,28,17,26,0,0,1,2,1,0,1,0,0,2,2,1,3,3,3,1,12,13,7,29,0,0,3,0,0,0,0,0,0,4,2,1,4,4,1,3,11,15,10
42214005043,4,ìÏìáå¥és,â¡í√ç≤í¨êÖâ∫í√ñº,0,,,239,6,8,26,6,5,4,11,6,17,19,26,11,25,6,28,40,130,69,35,112,3,7,13,2,3,1,3,3,8,11,8,8,11,3,12,23,58,31,16,127,3,1,13,4,2,3,8,3,9,8,18,3,14,3,16,17,72,38,19
42214005044,4,ìÏìáå¥és,â¡í√ç≤í¨êÖâ∫í√ñº,0,,,61,0,0,1,2,1,0,3,0,1,1,7,11,3,2,9,1,29,31,20,28,0,0,0,2,0,0,2,0,1,0,3,6,3,1,3,0,17,11,7,33,0,0,1,0,1,0,1,0,0,1,4,5,0,1,6,1,12,20,13
42214005045,4,ìÏìáå¥és,â¡í√ç≤í¨êÖâ∫í√ñº,0,,,49,0,0,1,2,1,3,0,0,2,2,3,5,8,4,2,1,26,22,16,28,0,0,1,1,1,2,0,0,1,1,1,2,6,4,0,1,15,12,8,21,0,0,0,1,0,1,0,0,1,1,2,3,2,0,2,0,11,10,8
42214005046,4,ìÏìáå¥és,â¡í√ç≤í¨êÖâ∫í√ñº,0,,,52,0,0,2,0,0,0,0,4,1,5,2,1,5,5,11,2,18,32,16,24,0,0,1,0,0,0,0,4,0,1,0,0,2,3,5,1,7,16,8,28,0,0,1,0,0,0,0,0,1,4,2,1,3,2,6,1,11,16,8
42214005047,4,ìÏìáå¥és,â¡í√ç≤í¨êÖâ∫í√ñº,0,,,67,1,0,2,0,0,1,1,3,1,2,4,7,4,7,6,3,23,41,28,28,1,0,0,0,0,0,0,1,1,1,2,4,2,3,2,1,11,16,11,39,0,0,2,0,0,1,1,2,0,1,2,3,2,4,4,2,12,25,17
42214005048,4,ìÏìáå¥és,â¡í√ç≤í¨êÖâ∫í√ñº,0,,,34,3,2,0,1,0,0,0,2,5,3,1,2,3,1,5,5,17,12,6,15,2,1,0,1,0,0,0,0,2,2,1,2,1,0,1,3,9,3,2,19,1,1,0,0,0,0,0,2,3,1,0,0,2,1,4,2,8,9,4
42214005049,4,ìÏìáå¥és,â¡í√ç≤í¨êÖâ∫í√ñº,0,,,47,0,2,3,1,0,3,1,1,3,1,1,3,5,4,7,5,19,23,12,17,0,2,1,0,0,1,0,0,1,1,0,2,2,1,2,3,7,7,4,30,0,0,2,1,0,2,1,1,2,0,1,1,3,3,5,2,12,16,8
42214005050,4,ìÏìáå¥és,â¡í√ç≤í¨êÖâ∫í√ñº,0,,,38,0,0,0,0,0,0,1,0,2,2,0,0,2,8,4,0,7,31,19,17,0,0,0,0,0,0,0,0,2,1,0,0,2,3,2,0,5,12,7,21,0,0,0,0,0,0,1,0,0,1,0,0,0,5,2,0,2,19,12
42214005051,4,ìÏìáå¥és,â¡í√ç≤í¨êÖâ∫í√ñº,0,,,50,0,0,0,2,0,2,0,0,1,0,2,8,4,6,6,0,19,31,19,20,0,0,0,1,0,0,0,0,0,0,2,3,1,4,3,0,7,13,6,30,0,0,0,1,0,2,0,0,1,0,0,5,3,2,3,0,12,18,13
42214005052,4,ìÏìáå¥és,â¡í√ç≤í¨êÖâ∫í√ñº,0,,,141,0,2,7,9,2,4,2,6,8,12,6,12,11,12,13,9,72,60,35,66,0,1,6,2,1,2,2,3,3,7,4,2,8,6,9,7,34,25,10,75,0,1,1,7,1,2,0,3,5,5,2,10,3,6,4,2,38,35,25
42214005053,4,ìÏìáå¥és,â¡í√ç≤í¨êÖâ∫í√ñº,0,,,43,4,3,0,0,2,2,2,1,2,2,2,0,5,6,1,7,18,18,11,24,4,1,0,0,1,1,1,1,1,1,1,0,3,4,1,5,10,9,4,19,0,2,0,0,1,1,1,0,1,1,1,0,2,2,0,2,8,9,7
42214005054,4,ìÏìáå¥és,â¡í√ç≤í¨êÖâ∫í√ñº,0,,,144,2,4,2,4,2,3,2,5,5,12,9,15,11,17,14,8,68,68,37,73,2,2,1,2,2,2,1,3,4,7,4,7,6,9,3,5,38,30,18,71,0,2,1,2,0,1,1,2,1,5,5,8,5,8,11,3,30,38,19
42214005055,4,ìÏìáå¥és,â¡í√ç≤í¨êÖâ∫í√ñº,0,,,113,0,0,2,3,1,1,4,1,7,4,6,5,11,16,26,2,43,68,26,52,0,0,1,1,0,0,2,1,3,3,2,2,4,8,14,1,18,33,11,61,0,0,1,2,1,1,2,0,4,1,4,3,7,8,12,1,25,35,15
42214005056,4,ìÏìáå¥és,â¡í√ç≤í¨êÖâ∫í√ñº,1,,005062,370,4,6,15,6,4,5,9,16,11,14,25,17,20,33,45,25,127,218,140,162,2,6,10,3,2,4,2,4,3,6,12,11,8,16,21,18,55,89,52,208,2,0,5,3,2,1,7,12,8,8,13,6,12,17,24,7,72,129,88
42214005057,4,ìÏìáå¥és,â¡í√ç≤í¨êÖâ∫í√ñº,0,,,21,1,0,0,0,0,0,1,0,0,2,0,3,0,8,1,1,6,14,5,10,1,0,0,0,0,0,0,0,0,2,0,1,0,4,0,1,3,6,2,11,0,0,0,0,0,0,1,0,0,0,0,2,0,4,1,0,3,8,3
42214005062,4,ìÏìáå¥és,â¡í√ç≤í¨êÖâ∫í√ñº,2,5056,,0,0,0,0,0,0,0,0,0,0,0,0,0,0,0,0,0,0,0,0,0,0,0,0,0,0,0,0,0,0,0,0,0,0,0,0,0,0,0,0,0,0,0,0,0,0,0,0,0,0,0,0,0,0,0,0,0,0,0,0
422140060,3,ìÏìáå¥és,å˚îVí√í¨,0,,,1590,33,40,54,46,19,20,34,67,75,71,88,97,128,140,171,127,645,818,507,708,16,22,22,29,8,11,18,30,41,36,39,43,64,52,78,60,319,329,199,882,17,18,32,17,11,9,16,37,34,35,49,54,64,88,93,67,326,489,308
42214006001,4,ìÏìáå¥és,å˚îVí√í¨çb,0,,,371,11,7,5,10,6,1,6,14,21,17,22,34,39,37,37,23,170,178,104,180,4,4,4,8,3,1,4,6,12,10,11,15,27,12,17,12,97,71,42,191,7,3,1,2,3,0,2,8,9,7,11,19,12,25,20,11,73,107,62
42214006002,4,ìÏìáå¥és,å˚îVí√í¨çb,0,,,190,8,11,17,9,4,1,6,12,15,11,11,7,10,12,20,36,86,68,36,78,5,5,7,7,1,1,3,7,6,5,2,1,5,3,7,17,38,23,13,112,3,6,10,2,3,0,3,5,9,6,9,6,5,9,13,19,48,45,23
42214006003,4,ìÏìáå¥és,å˚îVí√í¨çb,0,,,205,2,4,4,9,1,6,2,7,7,7,17,15,21,13,31,10,92,103,59,87,1,2,1,3,0,1,2,1,3,4,10,5,9,4,15,4,38,45,26,118,1,2,3,6,1,5,0,6,4,3,7,10,12,9,16,6,54,58,33
42214006004,4,ìÏìáå¥és,å˚îVí√í¨çb,0,,,245,6,6,8,9,3,3,10,9,15,13,15,13,13,25,32,20,103,122,65,118,3,4,4,4,2,3,5,4,10,5,7,7,8,9,16,11,55,52,27,127,3,2,4,5,1,0,5,5,5,8,8,6,5,16,16,9,48,70,38
42214006005,4,ìÏìáå¥és,å˚îVí√í¨çb,0,,,123,1,4,8,4,2,1,2,9,8,6,5,9,6,14,13,13,52,58,31,54,0,3,1,4,0,1,0,4,5,3,1,6,2,7,6,4,26,24,11,69,1,1,7,0,2,0,2,5,3,3,4,3,4,7,7,9,26,34,20
42214006006,4,ìÏìáå¥és,å˚îVí√í¨çb,0,,,181,2,4,1,2,0,1,4,3,1,2,6,6,11,16,11,7,36,138,111,63,1,2,0,1,0,1,1,1,0,1,3,4,2,7,7,3,14,46,32,118,1,2,1,1,0,0,3,2,1,1,3,2,9,9,4,4,22,92,79
42214006007,4,ìÏìáå¥és,å˚îVí√í¨çb,0,,,78,2,1,4,2,1,3,1,4,1,5,5,5,10,3,3,7,37,34,28,37,1,0,1,2,1,1,0,2,1,5,2,2,5,1,1,2,21,14,12,41,1,1,3,0,0,2,1,2,0,0,3,3,5,2,2,5,16,20,16
42214006008,4,ìÏìáå¥és,å˚îVí√í¨çb,0,,,55,0,0,5,1,0,0,0,2,2,3,2,1,5,3,4,5,16,34,27,23,0,0,3,0,0,0,0,1,0,1,1,0,2,1,0,3,5,15,14,32,0,0,2,1,0,0,0,1,2,2,1,1,3,2,4,2,11,19,13
42214006009,4,ìÏìáå¥és,å˚îVí√í¨çb,0,,,45,0,2,1,0,0,1,1,4,1,2,2,4,6,3,7,3,21,21,11,22,0,1,1,0,0,1,1,3,0,1,1,1,2,2,3,2,10,10,5,23,0,1,0,0,0,0,0,1,1,1,1,3,4,1,4,1,11,11,6
42214006010,4,ìÏìáå¥és,å˚îVí√í¨çb,0,,,97,1,1,1,0,2,3,2,3,4,5,3,3,7,14,13,3,32,62,35,46,1,1,0,0,1,1,2,1,4,1,1,2,2,6,6,2,15,29,17,51,0,0,1,0,1,2,0,2,0,4,2,1,5,8,7,1,17,33,18
422140070,3,ìÏìáå¥és,å˚îVí√í¨,0,,,700,6,19,19,18,10,10,13,23,31,29,38,54,51,84,81,44,277,379,214,307,2,7,13,8,4,5,7,12,14,10,19,24,21,42,34,22,124,161,85,393,4,12,6,10,6,5,6,11,17,19,19,30,30,42,47,22,153,218,129
42214007011,4,ìÏìáå¥és,å˚îVí√í¨â≥,0,,,307,3,10,12,12,6,5,8,10,9,19,22,25,20,39,34,25,136,146,73,148,0,5,8,4,3,2,5,4,4,8,12,13,9,23,11,13,64,71,37,159,3,5,4,8,3,3,3,6,5,11,10,12,11,16,23,12,72,75,36
42214007012,4,ìÏìáå¥és,å˚îVí√í¨â≥,0,,,123,2,1,1,1,1,1,1,4,4,2,7,10,9,13,13,4,40,79,53,45,1,1,1,0,0,0,0,2,2,1,2,3,2,7,4,3,12,30,19,78,1,0,0,1,1,1,1,2,2,1,5,7,7,6,9,1,28,49,34
42214007013,4,ìÏìáå¥és,å˚îVí√í¨â≥,0,,,270,1,8,6,5,3,4,4,9,18,8,9,19,22,32,34,15,101,154,88,114,1,1,4,4,1,3,2,6,8,1,5,8,10,12,19,6,48,60,29,156,0,7,2,1,2,1,2,3,10,7,4,11,12,20,15,9,53,94,59
422140080,3,ìÏìáå¥és,å˚îVí√í¨,0,,,1057,33,36,33,28,24,41,40,51,54,48,68,72,91,105,119,102,517,438,214,534,13,19,18,14,13,27,15,27,32,32,30,39,46,51,56,50,275,209,102,523,20,17,15,14,11,14,25,24,22,16,38,33,45,54,63,52,242,229,112
42214008014,4,ìÏìáå¥és,å˚îVí√í¨ï∏,0,,,123,1,0,1,3,3,7,0,2,7,2,3,11,10,12,18,2,48,73,43,64,0,0,1,1,1,6,0,1,5,2,1,5,7,6,6,1,29,34,22,59,1,0,0,2,2,1,0,1,2,0,2,6,3,6,12,1,19,39,21
42214008015,4,ìÏìáå¥és,å˚îVí√í¨ï∏,0,,,410,13,19,16,17,13,10,10,25,26,31,34,24,25,30,40,48,215,147,77,213,6,9,11,10,6,7,2,14,14,21,16,17,13,12,18,26,120,67,37,197,7,10,5,7,7,3,8,11,12,10,18,7,12,18,22,22,95,80,40
42214008016,4,ìÏìáå¥és,å˚îVí√í¨ï∏,0,,,208,9,2,8,2,5,5,11,12,8,3,16,19,30,19,24,19,111,78,35,105,5,1,3,0,3,3,7,5,4,2,8,9,15,10,14,9,56,40,16,103,4,1,5,2,2,2,4,7,4,1,8,10,15,9,10,10,55,38,19
42214008024,4,ìÏìáå¥és,å˚îVí√í¨ï∏,0,,,106,3,0,2,2,1,7,4,0,5,6,5,8,10,19,13,5,48,53,21,48,0,0,1,1,1,6,0,0,3,4,1,4,4,10,6,1,24,23,7,58,3,0,1,1,0,1,4,0,2,2,4,4,6,9,7,4,24,30,14
42214008025,4,ìÏìáå¥és,å˚îVí√í¨ï∏,0,,,210,7,15,6,4,2,12,15,12,8,6,10,10,16,25,24,28,95,87,38,104,2,9,2,2,2,5,6,7,6,3,4,4,7,13,12,13,46,45,20,106,5,6,4,2,0,7,9,5,2,3,6,6,9,12,12,15,49,42,18
422140090,3,ìÏìáå¥és,å˚îVí√í¨,0,,,1493,28,45,54,120,15,24,18,53,59,73,90,97,104,124,159,127,653,713,430,699,9,17,29,98,9,8,9,23,29,37,38,48,48,55,73,55,347,297,169,794,19,28,25,22,6,16,9,30,30,36,52,49,56,69,86,72,306,416,261
42214009016,4,ìÏìáå¥és,å˚îVí√í¨íö,0,,,220,3,6,8,83,1,4,3,5,4,9,18,6,8,15,11,17,141,62,36,132,1,2,5,77,0,1,1,2,2,5,7,3,4,5,5,8,102,22,12,88,2,4,3,6,1,3,2,3,2,4,11,3,4,10,6,9,39,40,24
42214009017,4,ìÏìáå¥és,å˚îVí√í¨íö,0,,,312,7,6,6,7,1,5,3,15,12,18,16,15,16,18,34,19,108,185,133,135,2,1,3,4,1,1,2,8,5,10,10,6,9,7,15,6,56,73,51,177,5,5,3,3,0,4,1,7,7,8,6,9,7,11,19,13,52,112,82
42214009018,4,ìÏìáå¥és,å˚îVí√í¨íö,0,,,153,1,2,5,2,3,1,3,3,9,10,9,9,17,11,17,8,66,79,51,72,0,2,0,2,2,1,2,2,5,4,5,3,10,6,6,2,36,34,22,81,1,0,5,0,1,0,1,1,4,6,4,6,7,5,11,6,30,45,29
42214009019,4,ìÏìáå¥és,å˚îVí√í¨íö,0,,,142,1,4,3,5,1,4,1,4,4,4,10,15,8,16,21,8,56,78,41,64,0,1,3,2,1,2,0,0,3,2,3,9,2,7,11,4,24,36,18,78,1,3,0,3,0,2,1,4,1,2,7,6,6,9,10,4,32,42,23
42214009020,4,ìÏìáå¥és,å˚îVí√í¨íö,0,,,264,8,10,17,9,2,2,3,16,10,16,17,13,15,32,30,35,103,126,64,120,3,4,10,7,1,0,1,7,6,8,7,7,6,15,12,17,50,53,26,144,5,6,7,2,1,2,2,9,4,8,10,6,9,17,18,18,53,73,38
42214009021,4,ìÏìáå¥és,å˚îVí√í¨íö,0,,,136,2,6,5,9,4,1,3,1,8,6,7,12,12,11,13,13,63,60,36,59,0,3,3,3,2,1,1,1,4,3,2,6,4,6,6,6,27,26,14,77,2,3,2,6,2,0,2,0,4,3,5,6,8,5,7,7,36,34,22
42214009022,4,ìÏìáå¥és,å˚îVí√í¨íö,0,,,138,3,5,6,3,0,4,2,5,7,4,2,13,13,15,21,14,53,71,35,60,3,2,3,2,0,1,2,1,2,3,1,4,5,5,13,8,21,31,13,78,0,3,3,1,0,3,0,4,5,1,1,9,8,10,8,6,32,40,22
42214009023,4,ìÏìáå¥és,å˚îVí√í¨íö,0,,,128,3,6,4,2,3,3,0,4,5,6,11,14,15,6,12,13,63,52,34,57,0,2,2,1,2,1,0,2,2,2,3,10,8,4,5,4,31,22,13,71,3,4,2,1,1,2,0,2,3,4,8,4,7,2,7,9,32,30,21
422140100,3,ìÏìáå¥és,ìÏóLîní¨,0,,,931,20,24,28,26,18,22,23,33,46,44,40,66,91,100,97,72,409,450,253,416,13,9,13,11,5,8,14,17,23,22,17,29,42,55,52,35,188,193,86,515,7,15,15,15,13,14,9,16,23,22,23,37,49,45,45,37,221,257,167
42214010001,4,ìÏìáå¥és,ìÏóLîní¨ãgêÏçb,0,,,70,2,2,2,0,0,3,3,1,7,1,1,6,9,11,10,6,31,33,12,32,1,0,1,0,0,1,2,0,4,1,0,3,4,4,7,2,15,15,4,38,1,2,1,0,0,2,1,1,3,0,1,3,5,7,3,4,16,18,8
42214010002,4,ìÏìáå¥és,ìÏóLîní¨ãgêÏçb,0,,,54,0,1,4,4,0,0,2,5,5,5,1,3,1,9,6,5,26,23,8,26,0,0,2,2,0,0,1,3,1,2,1,1,0,4,5,2,11,13,4,28,0,1,2,2,0,0,1,2,4,3,0,2,1,5,1,3,15,10,4
42214010003,4,ìÏìáå¥és,ìÏóLîní¨ãgêÏçb,0,,,52,0,0,0,2,3,1,2,1,0,1,9,3,4,3,5,0,26,26,18,22,0,0,0,1,0,0,2,1,0,1,4,1,2,3,2,0,12,10,5,30,0,0,0,1,3,1,0,0,0,0,5,2,2,0,3,0,14,16,13
42214010004,4,ìÏìáå¥és,ìÏóLîní¨ãgêÏçb,0,,,238,0,0,2,3,4,5,5,3,2,5,5,9,22,25,26,2,63,173,122,88,0,0,1,3,0,1,3,1,0,2,2,6,10,13,12,1,28,59,34,150,0,0,1,0,4,4,2,2,2,3,3,3,12,12,14,1,35,114,88
42214010006,4,ìÏìáå¥és,ìÏóLîní¨ãgêÏçb,0,,,150,7,6,3,8,4,7,3,6,10,12,10,14,9,13,9,16,83,51,29,68,6,3,1,3,2,2,2,3,5,7,2,6,5,6,4,10,37,21,11,82,1,3,2,5,2,5,1,3,5,5,8,8,4,7,5,6,46,30,18
42214010007,4,ìÏìáå¥és,ìÏóLîní¨ãgêÏçb,0,,,165,5,8,11,5,1,4,4,10,7,12,8,12,21,16,14,24,84,57,27,81,2,4,5,2,0,2,3,4,4,6,5,4,9,14,5,11,39,31,12,84,3,4,6,3,1,2,1,6,3,6,3,8,12,2,9,13,45,26,15
42214010008,4,ìÏìáå¥és,ìÏóLîní¨ãgêÏçb,0,,,82,2,6,3,1,1,0,1,6,7,5,1,6,6,10,11,11,34,37,16,40,1,2,2,0,0,0,1,4,4,1,1,3,3,4,5,5,17,18,9,42,1,4,1,1,1,0,0,2,3,4,0,3,3,6,6,6,17,19,7
42214010009,4,ìÏìáå¥és,ìÏóLîní¨ãgêÏçb,0,,,45,1,0,1,1,0,1,1,0,2,1,0,3,10,7,8,2,19,24,9,22,1,0,0,0,0,1,0,0,1,1,0,1,5,3,6,1,9,12,3,23,0,0,1,1,0,0,1,0,1,0,0,2,5,4,2,1,10,12,6
42214010010,4,ìÏìáå¥és,ìÏóLîní¨ãgêÏçb,0,,,75,3,1,2,2,5,1,2,1,6,2,5,10,9,6,8,6,43,26,12,37,2,0,1,0,3,1,0,1,4,1,2,4,4,4,6,3,20,14,4,38,1,1,1,2,2,0,2,0,2,1,3,6,5,2,2,3,23,12,8
422140110,3,ìÏìáå¥és,ìÏóLîní¨,0,,,1583,31,50,52,40,45,30,48,53,63,92,87,93,112,150,170,133,663,787,467,674,20,25,15,19,9,12,27,25,27,42,42,42,44,63,81,60,289,325,181,909,11,25,37,21,36,18,21,28,36,50,45,51,68,87,89,73,374,462,286
42214011011,4,ìÏìáå¥és,ìÏóLîní¨ëÂç]â≥,0,,,171,8,7,5,1,4,8,7,11,5,8,4,13,15,21,16,20,76,75,38,81,5,3,3,1,0,1,6,6,3,4,1,7,4,9,10,11,33,37,18,90,3,4,2,0,4,7,1,5,2,4,3,6,11,12,6,9,43,38,20
42214011012,4,ìÏìáå¥és,ìÏóLîní¨ëÂç]â≥,0,,,262,7,3,8,5,8,7,6,9,12,18,8,17,25,35,28,18,115,129,66,115,6,3,1,1,4,4,4,3,7,8,1,6,8,13,15,10,46,59,31,147,1,0,7,4,4,3,2,6,5,10,7,11,17,22,13,8,69,70,35
42214011013,4,ìÏìáå¥és,ìÏóLîní¨ëÂç]â≥,0,,,93,0,3,3,2,5,1,0,0,6,4,4,8,5,6,9,6,35,52,37,31,0,2,1,1,0,1,0,0,3,0,3,3,2,3,4,3,13,15,8,62,0,1,2,1,5,0,0,0,3,4,1,5,3,3,5,3,22,37,29
42214011014,4,ìÏìáå¥és,ìÏóLîní¨ëÂç]â≥,0,,,113,1,4,4,4,1,2,3,2,4,9,10,2,7,8,12,9,44,60,40,48,0,2,1,2,1,1,2,2,1,6,4,0,4,4,6,3,23,22,12,65,1,2,3,2,0,1,1,0,3,3,6,2,3,4,6,6,21,38,28
42214011015,4,ìÏìáå¥és,ìÏóLîní¨ëÂç]â≥,0,,,60,0,3,2,2,0,1,2,1,2,3,5,5,3,4,4,5,24,31,23,22,0,0,1,1,0,1,1,1,0,2,1,2,1,2,2,1,10,11,7,38,0,3,1,1,0,0,1,0,2,1,4,3,2,2,2,4,14,20,16
42214011016,4,ìÏìáå¥és,ìÏóLîní¨ëÂç]â≥,0,,,184,3,3,3,4,3,4,8,3,3,19,10,13,12,13,16,9,79,96,67,81,3,1,2,3,0,3,2,2,1,7,6,7,4,8,6,6,35,40,26,103,0,2,1,1,3,1,6,1,2,12,4,6,8,5,10,3,44,56,41
42214011017,4,ìÏìáå¥és,ìÏóLîní¨ëÂç]â≥,0,,,112,4,4,2,3,3,0,3,10,2,2,8,8,9,10,15,10,48,54,29,55,3,2,0,1,2,0,2,5,1,2,3,6,3,6,5,5,25,25,14,57,1,2,2,2,1,0,1,5,1,0,5,2,6,4,10,5,23,29,15
42214011018,4,ìÏìáå¥és,ìÏóLîní¨ëÂç]â≥,0,,,152,2,4,2,4,8,1,6,5,4,6,6,9,13,8,16,8,62,82,58,55,0,1,0,2,1,0,2,2,2,2,4,4,7,2,6,1,26,28,20,97,2,3,2,2,7,1,4,3,2,4,2,5,6,6,10,7,36,54,38
42214011019,4,ìÏìáå¥és,ìÏóLîní¨ëÂç]â≥,0,,,174,3,12,9,7,11,4,5,6,15,8,10,9,10,12,17,24,85,65,36,76,2,8,2,3,1,1,3,2,7,4,6,4,5,4,10,12,36,28,14,98,1,4,7,4,10,3,2,4,8,4,4,5,5,8,7,12,49,37,22
42214011021,4,ìÏìáå¥és,ìÏóLîní¨ëÂç]â≥,0,,,157,2,5,8,7,2,1,6,4,8,8,13,1,7,17,20,15,57,85,48,65,1,1,3,3,0,0,5,1,2,4,8,1,3,5,9,5,27,33,19,92,1,4,5,4,2,1,1,3,6,4,5,0,4,12,11,10,30,52,29
42214011055,4,ìÏìáå¥és,ìÏóLîní¨ëÂç]â≥,0,,,105,1,2,6,1,0,1,2,2,2,7,9,8,6,16,17,9,38,58,25,45,0,2,1,1,0,0,0,1,0,3,5,2,3,7,8,3,15,27,12,60,1,0,5,0,0,1,2,1,2,4,4,6,3,9,9,6,23,31,13
422140120,3,ìÏìáå¥és,ìÏóLîní¨,0,,,498,7,19,21,21,8,8,14,18,21,29,26,40,53,43,49,47,238,213,121,236,3,10,10,11,3,3,6,9,10,17,12,20,29,22,23,23,120,93,48,262,4,9,11,10,5,5,8,9,11,12,14,20,24,21,26,24,118,120,73
42214012022,4,ìÏìáå¥és,ìÏóLîní¨îíñÿñÏï∏,0,,,146,3,11,9,12,2,1,5,8,7,9,8,15,12,10,11,23,79,44,23,71,1,7,5,7,0,1,2,3,3,4,3,8,9,5,5,13,40,18,8,75,2,4,4,5,2,0,3,5,4,5,5,7,3,5,6,10,39,26,15
42214012024,4,ìÏìáå¥és,ìÏóLîní¨îíñÿñÏï∏,0,,,49,1,0,0,1,1,3,2,2,1,3,2,1,9,4,4,1,25,23,15,20,0,0,0,0,0,1,0,2,1,2,0,0,5,2,2,0,11,9,5,29,1,0,0,1,1,2,2,0,0,1,2,1,4,2,2,1,14,14,10
42214012025,4,ìÏìáå¥és,ìÏóLîní¨îíñÿñÏï∏,0,,,34,0,1,3,1,0,0,2,2,0,2,1,1,4,4,4,4,13,17,9,17,0,0,1,1,0,0,1,1,0,2,1,1,1,2,1,1,8,8,5,17,0,1,2,0,0,0,1,1,0,0,0,0,3,2,3,3,5,9,4
42214012027,4,ìÏìáå¥és,ìÏóLîní¨îíñÿñÏï∏,0,,,112,3,4,7,6,3,2,2,5,6,2,4,8,16,10,6,14,54,44,28,53,2,2,4,2,2,1,1,2,3,1,2,4,8,6,2,8,26,19,11,59,1,2,3,4,1,1,1,3,3,1,2,4,8,4,4,6,28,25,17
42214012030,4,ìÏìáå¥és,ìÏóLîní¨îíñÿñÏï∏,0,,,59,0,0,0,0,2,0,0,0,3,4,3,6,2,7,15,0,20,39,17,31,0,0,0,0,1,0,0,0,2,4,1,2,2,2,8,0,12,19,9,28,0,0,0,0,1,0,0,0,1,0,2,4,0,5,7,0,8,20,8
42214012031,4,ìÏìáå¥és,ìÏóLîní¨îíñÿñÏï∏,0,,,87,0,3,2,1,0,2,2,1,4,9,7,9,10,7,8,5,45,37,22,37,0,1,0,1,0,0,1,1,1,4,4,5,4,4,4,1,21,15,7,50,0,2,2,0,0,2,1,0,3,5,3,4,6,3,4,4,24,22,15
42214012033,4,ìÏìáå¥és,ìÏóLîní¨îíñÿñÏï∏,0,,,11,0,0,0,0,0,0,1,0,0,0,1,0,0,1,1,0,2,9,7,7,0,0,0,0,0,0,1,0,0,0,1,0,0,1,1,0,2,5,3,4,0,0,0,0,0,0,0,0,0,0,0,0,0,0,0,0,0,4,4
422140130,3,ìÏìáå¥és,ìÏóLîní¨,0,,,586,28,23,23,18,14,19,17,31,29,32,39,26,46,50,61,74,271,241,130,272,14,13,13,12,6,10,6,16,19,16,17,15,22,15,30,40,139,93,48,314,14,10,10,6,8,9,11,15,10,16,22,11,24,35,31,34,132,148,82
42214013034,4,ìÏìáå¥és,ìÏóLîní¨âYìcíö,0,,,91,4,2,1,5,1,3,0,5,3,4,7,3,8,5,11,7,39,45,29,44,4,2,0,5,0,1,0,2,3,3,2,1,4,2,4,6,21,17,11,47,0,0,1,0,1,2,0,3,0,1,5,2,4,3,7,1,18,28,18
42214013035,4,ìÏìáå¥és,ìÏóLîní¨âYìcíö,0,,,122,5,6,6,2,6,3,6,5,6,5,9,7,8,5,16,17,57,48,27,55,2,3,3,1,2,1,2,3,2,4,3,5,4,1,7,8,27,20,12,67,3,3,3,1,4,2,4,2,4,1,6,2,4,4,9,9,30,28,15
42214013036,4,ìÏìáå¥és,ìÏóLîní¨âYìcíö,0,,,234,17,14,10,7,4,6,10,15,17,13,9,6,16,27,18,41,103,90,45,107,8,7,6,3,3,3,4,8,11,6,4,3,7,10,10,21,52,34,14,127,9,7,4,4,1,3,6,7,6,7,5,3,9,17,8,20,51,56,31
42214013037,4,ìÏìáå¥és,ìÏóLîní¨âYìcíö,0,,,99,0,0,6,3,2,5,0,5,2,8,10,8,10,8,8,6,53,40,24,45,0,0,4,2,0,3,0,2,2,3,5,5,5,2,4,4,27,14,8,54,0,0,2,1,2,2,0,3,0,5,5,3,5,6,4,2,26,26,16
42214013038,4,ìÏìáå¥és,ìÏóLîní¨âYíöìc,0,,,40,2,1,0,1,1,2,1,1,1,2,4,2,4,5,8,3,19,18,5,21,0,1,0,1,1,2,0,1,1,0,3,1,2,0,5,1,12,8,3,19,2,0,0,0,0,0,1,0,0,2,1,1,2,5,3,2,7,10,2
422140140,3,ìÏìáå¥és,ìÏóLîní¨,0,,,365,7,7,19,11,10,11,7,12,17,13,23,39,29,40,36,33,172,160,84,175,3,3,11,3,6,7,6,8,6,6,9,21,20,14,19,17,92,66,33,190,4,4,8,8,4,4,1,4,11,7,14,18,9,26,17,16,80,94,51
42214014039,4,ìÏìáå¥és,ìÏóLîní¨ñkâ™ïË,0,,,97,4,2,3,3,3,0,2,7,2,2,8,11,7,11,6,9,45,43,26,48,2,1,2,2,2,0,2,4,0,0,3,7,4,4,4,5,24,19,11,49,2,1,1,1,1,0,0,3,2,2,5,4,3,7,2,4,21,24,15
42214014042,4,ìÏìáå¥és,ìÏóLîní¨ñkâ™ïË,0,,,95,1,0,7,2,1,5,1,1,2,3,6,9,10,10,19,8,40,47,18,45,0,0,3,0,1,4,1,0,1,1,3,5,5,4,10,3,21,21,7,50,1,0,4,2,0,1,0,1,1,2,3,4,5,6,9,5,19,26,11
42214014043,4,ìÏìáå¥és,ìÏóLîní¨ñkâ™ïË,0,,,173,2,5,9,6,6,6,4,4,13,8,9,19,12,19,11,16,87,70,40,82,1,2,6,1,3,3,3,4,5,5,3,9,11,6,5,9,47,26,15,91,1,3,3,5,3,3,1,0,8,3,6,10,1,13,6,7,40,44,25
422140150,3,ìÏìáå¥és,ìÏóLîní¨,0,,,572,24,25,34,14,18,15,15,35,34,31,47,31,57,58,43,83,297,192,91,271,14,13,15,9,8,6,7,16,17,12,19,16,30,31,19,42,140,89,39,301,10,12,19,5,10,9,8,19,17,19,28,15,27,27,24,41,157,103,52
42214015044,4,ìÏìáå¥és,ìÏóLîní¨å√âÄå»,0,,,75,3,3,5,0,4,1,5,5,7,2,2,2,11,11,3,11,39,25,11,33,1,3,3,0,1,0,1,0,5,1,1,0,6,6,2,7,15,11,3,42,2,0,2,0,3,1,4,5,2,1,1,2,5,5,1,4,24,14,8
42214015045,4,ìÏìáå¥és,ìÏóLîní¨å√âÄå»,0,,,39,0,2,3,1,0,0,1,1,4,4,7,1,2,3,2,5,21,13,8,16,0,1,0,0,0,0,1,0,1,2,3,1,2,2,0,1,10,5,3,23,0,1,3,1,0,0,0,1,3,2,4,0,0,1,2,4,11,8,5
42214015047,4,ìÏìáå¥és,ìÏóLîní¨å√âÄå»,0,,,56,0,3,5,2,0,2,2,4,2,7,2,1,7,5,4,8,29,19,10,26,0,1,1,1,0,1,2,3,1,3,0,1,2,4,2,2,14,10,4,30,0,2,4,1,0,1,0,1,1,4,2,0,5,1,2,6,15,9,6
42214015048,4,ìÏìáå¥és,ìÏóLîní¨å√âÄå»,0,,,105,5,3,9,3,2,5,2,8,11,6,9,5,6,8,8,17,57,31,15,47,2,2,3,2,1,2,0,4,4,3,4,3,4,4,2,7,27,13,7,58,3,1,6,1,1,3,2,4,7,3,5,2,2,4,6,10,30,18,8
42214015049,4,ìÏìáå¥és,ìÏóLîní¨å√âÄå»,0,,,40,0,1,2,2,2,0,0,0,3,3,7,3,3,2,4,3,23,14,8,22,0,1,1,2,2,0,0,0,1,1,4,1,2,1,2,2,13,7,4,18,0,0,1,0,0,0,0,0,2,2,3,2,1,1,2,1,10,7,4
42214015050,4,ìÏìáå¥és,ìÏóLîní¨å√âÄå»,0,,,19,0,0,0,2,1,1,0,0,0,0,3,5,2,0,2,0,14,5,3,8,0,0,0,1,0,0,0,0,0,0,1,4,1,0,1,0,7,1,0,11,0,0,0,1,1,1,0,0,0,0,2,1,1,0,1,0,7,4,3
42214015051,4,ìÏìáå¥és,ìÏóLîní¨å√âÄå»,0,,,91,4,3,1,1,4,2,3,1,5,5,8,5,13,12,10,8,47,36,14,41,1,1,0,1,2,1,1,1,4,2,2,3,5,5,5,2,22,17,7,50,3,2,1,0,2,1,2,0,1,3,6,2,8,7,5,6,25,19,7
42214015053,4,ìÏìáå¥és,ìÏóLîní¨å√âÄå»,0,,,147,12,10,9,3,5,4,2,16,2,4,9,9,13,17,10,31,67,49,22,78,10,4,7,2,2,2,2,8,1,0,4,3,8,9,5,21,32,25,11,69,2,6,2,1,3,2,0,8,1,4,5,6,5,8,5,10,35,24,11
422140160,3,ìÏìáå¥és,ñkóLîní¨,0,,,399,8,8,10,11,5,9,13,15,16,17,22,17,44,36,26,26,169,203,141,176,5,5,6,7,0,4,7,8,7,10,12,9,23,19,14,16,87,72,39,223,3,3,4,4,5,5,6,7,9,7,10,8,21,17,12,10,82,131,102
42214016001,4,ìÏìáå¥és,ñkóLîní¨çbê‹ñÿñº,0,,,89,0,3,2,3,2,1,2,5,4,6,6,5,11,9,9,5,45,39,21,45,0,3,1,2,0,1,1,1,2,3,4,4,5,4,6,4,23,18,8,44,0,0,1,1,2,0,1,4,2,3,2,1,6,5,3,1,22,21,13
42214016002,4,ìÏìáå¥és,ñkóLîní¨çbê‹ñÿñº,0,,,65,3,2,4,2,0,2,3,4,4,4,1,4,7,11,5,9,31,25,9,36,3,1,2,1,0,1,1,2,2,3,1,1,5,6,2,6,17,13,5,29,0,1,2,1,0,1,2,2,2,1,0,3,2,5,3,3,14,12,4
42214016003,4,ìÏìáå¥és,ñkóLîní¨çbê‹ñÿñº,0,,,93,5,3,4,4,1,1,4,5,8,7,3,3,14,7,6,12,50,31,18,49,2,1,3,3,0,1,1,4,3,4,2,2,6,4,4,6,26,17,9,44,3,2,1,1,1,0,3,1,5,3,1,1,8,3,2,6,24,14,9
42214016004,4,ìÏìáå¥és,ñkóLîní¨çbê‹ñÿñº,0,,,152,0,0,0,2,2,5,4,1,0,0,12,5,12,9,6,0,43,108,93,46,0,0,0,1,0,1,4,1,0,0,5,2,7,5,2,0,21,24,17,106,0,0,0,1,2,4,0,0,0,0,7,3,5,4,4,0,22,84,76
422140170,3,ìÏìáå¥és,ñkóLîní¨,0,,,342,5,15,7,13,7,7,8,10,16,11,29,27,29,39,32,27,157,158,87,166,3,8,3,8,3,3,2,4,9,3,14,14,19,20,16,14,79,73,37,176,2,7,4,5,4,4,6,6,7,8,15,13,10,19,16,13,78,85,50
42214017005,4,ìÏìáå¥és,ñkóLîní¨â≥ç‚è„â∫ñº,0,,,82,2,1,0,5,5,3,1,1,6,4,7,7,5,9,6,3,44,35,20,40,0,1,0,2,3,1,0,0,4,1,5,4,4,3,3,1,24,15,9,42,2,0,0,3,2,2,1,1,2,3,2,3,1,6,3,2,20,20,11
42214017006,4,ìÏìáå¥és,ñkóLîní¨â≥ç‚è„â∫ñº,0,,,69,0,2,1,1,0,1,0,2,3,4,5,5,7,9,11,3,28,38,18,31,0,1,1,1,0,0,0,1,1,1,1,3,4,5,5,2,12,17,7,38,0,1,0,0,0,1,0,1,2,3,4,2,3,4,6,1,16,21,11
42214017007,4,ìÏìáå¥és,ñkóLîní¨â≥ç‚è„â∫ñº,0,,,104,0,7,3,5,1,2,3,1,2,3,12,8,10,9,5,10,47,47,33,51,0,3,1,3,0,2,1,0,0,1,7,3,6,5,3,4,23,24,16,53,0,4,2,2,1,0,2,1,2,2,5,5,4,4,2,6,24,23,17
42214017008,4,ìÏìáå¥és,ñkóLîní¨â≥ç‚è„â∫ñº,0,,,87,3,5,3,2,1,1,4,6,5,0,5,7,7,12,10,11,38,38,16,44,3,3,1,2,0,0,1,3,4,0,1,4,5,7,5,7,20,17,5,43,0,2,2,0,1,1,3,3,1,0,4,3,2,5,5,4,18,21,11
422140180,3,ìÏìáå¥és,ñkóLîní¨,0,,,593,13,23,20,14,19,12,23,14,27,27,32,75,41,57,63,56,284,253,133,282,8,13,8,3,9,5,9,7,15,12,16,37,25,24,38,29,138,115,53,311,5,10,12,11,10,7,14,7,12,15,16,38,16,33,25,27,146,138,80
42214018009,4,ìÏìáå¥és,ñkóLîní¨ï∏êºê≥éõñº,0,,,75,2,5,3,1,2,3,0,1,5,5,6,6,4,10,5,10,33,32,17,37,2,4,1,0,1,0,0,0,4,1,5,2,2,5,5,7,15,15,5,38,0,1,2,1,1,3,0,1,1,4,1,4,2,5,0,3,18,17,12
42214018010,4,ìÏìáå¥és,ñkóLîní¨ï∏êºê≥éõñº,0,,,66,1,1,0,2,0,1,3,1,4,4,3,9,3,10,11,2,30,34,13,31,0,0,0,0,0,1,2,1,3,1,2,3,3,3,7,0,16,15,5,35,1,1,0,2,0,0,1,0,1,3,1,6,0,7,4,2,14,19,8
42214018011,4,ìÏìáå¥és,ñkóLîní¨ï∏êºê≥éõñº,0,,,81,3,4,2,2,7,1,1,3,5,6,5,8,3,7,5,9,41,31,19,38,2,2,1,0,4,0,0,1,2,4,2,4,3,3,2,5,20,13,8,43,1,2,1,2,3,1,1,2,3,2,3,4,0,4,3,4,21,18,11
42214018012,4,ìÏìáå¥és,ñkóLîní¨ï∏êºê≥éõñº,0,,,167,6,7,7,4,3,6,12,6,2,7,6,25,14,10,19,20,85,62,33,74,4,4,2,0,2,3,4,4,0,4,3,13,5,4,10,10,38,26,12,93,2,3,5,4,1,3,8,2,2,3,3,12,9,6,9,10,47,36,21
42214018013,4,ìÏìáå¥és,ñkóLîní¨ï∏êºê≥éõñº,0,,,72,0,2,4,1,2,0,2,0,6,1,2,13,5,6,11,6,32,34,17,36,0,0,2,0,0,0,1,0,4,0,1,7,3,3,5,2,16,18,10,36,0,2,2,1,2,0,1,0,2,1,1,6,2,3,6,4,16,16,7
42214018014,4,ìÏìáå¥és,ñkóLîní¨ï∏êºê≥éõñº,0,,,84,0,3,3,3,5,0,5,3,2,3,7,11,6,7,4,6,45,33,22,41,0,2,2,3,2,0,2,1,1,1,2,6,5,2,3,4,23,14,9,43,0,1,1,0,3,0,3,2,1,2,5,5,1,5,1,2,22,19,13
42214018015,4,ìÏìáå¥és,ñkóLîní¨ï∏êºê≥éõñº,0,,,48,1,1,1,1,0,1,0,0,3,1,3,3,6,7,8,3,18,27,12,25,0,1,0,0,0,1,0,0,1,1,1,2,4,4,6,1,10,14,4,23,1,0,1,1,0,0,0,0,2,0,2,1,2,3,2,2,8,13,8
422140190,3,ìÏìáå¥és,ñkóLîní¨,0,,,595,14,28,35,21,16,23,18,18,31,37,41,55,43,45,53,77,303,215,117,279,7,12,19,9,11,8,8,9,14,14,15,34,21,19,32,38,143,98,47,316,7,16,16,12,5,15,10,9,17,23,26,21,22,26,21,39,160,117,70
42214019016,4,ìÏìáå¥és,ñkóLîní¨íöç°ïüñº,0,,,167,4,8,9,5,4,9,7,6,5,9,16,14,18,8,15,21,93,53,30,77,2,4,5,1,4,2,3,3,3,4,6,8,8,5,8,11,42,24,11,90,2,4,4,4,0,7,4,3,2,5,10,6,10,3,7,10,51,29,19
42214019017,4,ìÏìáå¥és,ñkóLîní¨íöç°ïüñº,0,,,76,1,0,9,5,2,1,0,0,8,8,9,3,1,2,8,10,37,29,19,40,1,0,4,3,2,0,0,0,4,3,5,3,1,0,5,5,21,14,9,36,0,0,5,2,0,1,0,0,4,5,4,0,0,2,3,5,16,15,10
42214019018,4,ìÏìáå¥és,ñkóLîní¨íöç°ïüñº,0,,,102,2,6,9,4,3,2,0,4,7,7,8,7,4,8,9,17,46,39,22,45,0,0,5,1,2,1,0,2,3,5,3,5,2,2,7,5,24,16,7,57,2,6,4,3,1,1,0,2,4,2,5,2,2,6,2,12,22,23,15
42214019019,4,ìÏìáå¥és,ñkóLîní¨íöç°ïüñº,0,,,132,4,9,6,2,2,5,7,7,4,7,5,16,12,17,10,19,67,46,19,60,2,5,4,0,2,1,3,3,1,1,1,10,5,9,6,11,27,22,7,72,2,4,2,2,0,4,4,4,3,6,4,6,7,8,4,8,40,24,12
42214019020,4,ìÏìáå¥és,ñkóLîní¨íöç°ïüñº,0,,,118,3,5,2,5,5,6,4,1,7,6,3,15,8,10,11,10,60,48,27,57,2,3,1,4,1,4,2,1,3,1,0,8,5,3,6,6,29,22,13,61,1,2,1,1,4,2,2,0,4,5,3,7,3,7,5,4,31,26,14
422140200,3,ìÏìáå¥és,ñkóLîní¨,0,,,530,8,16,17,15,12,11,15,20,14,33,36,41,51,41,54,41,248,241,146,247,3,4,12,4,10,5,9,11,8,14,19,21,26,11,30,19,127,101,60,283,5,12,5,11,2,6,6,9,6,19,17,20,25,30,24,22,121,140,86
42214020021,4,ìÏìáå¥és,ñkóLîní¨ïËíJêÏñº,0,,,108,0,3,3,5,2,2,1,3,3,6,9,10,10,13,14,6,51,51,24,50,0,0,3,0,2,2,0,1,2,2,6,5,5,4,8,3,25,22,10,58,0,3,0,5,0,0,1,2,1,4,3,5,5,9,6,3,26,29,14
42214020022,4,ìÏìáå¥és,ñkóLîní¨ïËíJêÏñº,0,,,89,2,2,0,2,3,1,6,3,3,3,7,9,12,3,5,4,49,36,28,46,1,1,0,1,3,0,4,2,2,2,4,3,7,0,3,2,28,16,13,43,1,1,0,1,0,1,2,1,1,1,3,6,5,3,2,2,21,20,15
42214020023,4,ìÏìáå¥és,ñkóLîní¨ïËíJêÏñº,0,,,121,3,8,2,4,4,3,3,7,2,10,7,9,11,10,10,13,60,48,28,52,1,2,1,1,3,1,2,6,0,5,3,6,5,2,6,4,32,16,8,69,2,6,1,3,1,2,1,1,2,5,4,3,6,8,4,9,28,32,20
42214020024,4,ìÏìáå¥és,ñkóLîní¨ïËíJêÏñº,0,,,61,1,1,1,2,2,1,2,2,1,3,3,3,4,5,6,3,23,35,24,26,0,0,1,1,2,1,1,1,1,2,1,1,2,1,3,1,13,12,8,35,1,1,0,1,0,0,1,1,0,1,2,2,2,4,3,2,10,23,16
42214020025,4,ìÏìáå¥és,ñkóLîní¨ïËíJêÏñº,0,,,69,2,1,6,1,0,3,2,4,1,4,1,4,8,5,11,9,28,32,16,34,1,1,3,1,0,1,2,1,1,1,0,2,4,3,5,5,13,16,8,35,1,0,3,0,0,2,0,3,0,3,1,2,4,2,6,4,15,16,8
42214020026,4,ìÏìáå¥és,ñkóLîní¨ïËíJêÏñº,0,,,82,0,1,5,1,1,1,1,1,4,7,9,6,6,5,8,6,37,39,26,39,0,0,4,0,0,0,0,0,2,2,5,4,3,1,5,4,16,19,13,43,0,1,1,1,1,1,1,1,2,5,4,2,3,4,3,2,21,20,13
422140210,3,ìÏìáå¥és,ñkóLîní¨,0,,,512,13,17,25,30,16,3,13,27,27,36,42,44,46,50,40,55,284,173,83,241,7,9,9,16,6,1,6,9,9,15,22,26,24,27,20,25,134,82,35,271,6,8,16,14,10,2,7,18,18,21,20,18,22,23,20,30,150,91,48
42214021027,4,ìÏìáå¥és,ñkóLîní¨å»ìcïΩñº,0,,,89,2,1,8,8,0,0,1,5,5,7,4,13,6,6,8,11,49,29,15,43,2,0,4,3,0,0,1,2,1,4,2,8,2,3,4,6,23,14,7,46,0,1,4,5,0,0,0,3,4,3,2,5,4,3,4,5,26,15,8
42214021028,4,ìÏìáå¥és,ñkóLîní¨å»ìcïΩñº,0,,,141,4,8,6,8,3,2,3,11,6,9,14,5,11,16,11,18,72,51,24,65,1,4,1,6,2,1,1,4,1,4,8,2,5,9,5,6,34,25,11,76,3,4,5,2,1,1,2,7,5,5,6,3,6,7,6,12,38,26,13
42214021029,4,ìÏìáå¥és,ñkóLîní¨å»ìcïΩñº,0,,,139,3,4,7,6,8,1,4,6,9,9,9,17,16,13,14,14,85,40,13,64,2,3,3,4,3,0,1,2,4,4,4,8,10,5,7,8,40,16,4,75,1,1,4,2,5,1,3,4,5,5,5,9,6,8,7,6,45,24,9
42214021030,4,ìÏìáå¥és,ñkóLîní¨å»ìcïΩñº,0,,,42,1,0,1,2,4,0,2,2,1,4,5,3,3,4,2,2,26,14,8,22,1,0,0,2,1,0,2,1,1,1,2,3,1,2,1,1,14,7,4,20,0,0,1,0,3,0,0,1,0,3,3,0,2,2,1,1,12,7,4
42214021031,4,ìÏìáå¥és,ñkóLîní¨å»ìcïΩñº,0,,,101,3,4,3,6,1,0,3,3,6,7,10,6,10,11,5,10,52,39,23,47,1,2,1,1,0,0,1,0,2,2,6,5,6,8,3,4,23,20,9,54,2,2,2,5,1,0,2,3,4,5,4,1,4,3,2,6,29,19,14
422140220,2,ìÏìáå¥és,êºóLâ∆í¨,0,,,867,21,27,38,28,13,15,22,48,45,38,52,76,91,90,82,86,428,352,180,404,8,16,20,15,9,4,9,25,25,17,26,35,49,41,33,44,214,146,72,463,13,11,18,13,4,11,13,23,20,21,26,41,42,49,49,42,214,206,108
422140230,2,ìÏìáå¥és,êºóLâ∆í¨,0,,,3037,124,134,159,104,55,84,123,148,147,196,198,215,258,281,244,417,1528,1090,565,1430,66,71,80,54,25,41,61,82,75,89,89,111,128,135,110,217,755,456,211,1607,58,63,79,50,30,43,62,66,72,107,109,104,130,146,134,200,773,634,354
422140240,2,ìÏìáå¥és,êºóLâ∆í¨,0,,,741,29,48,46,40,20,24,31,32,47,50,33,39,50,42,45,123,366,249,162,320,11,20,30,22,5,9,15,16,21,23,13,22,24,18,18,61,170,86,50,421,18,28,16,18,15,15,16,16,26,27,20,17,26,24,27,62,196,163,112
422140250,2,ìÏìáå¥és,êºóLâ∆í¨,0,,,703,17,22,33,23,17,16,21,30,32,36,40,58,69,73,58,72,342,289,158,324,7,7,18,12,7,7,8,14,16,19,18,33,34,33,33,32,168,124,58,379,10,15,15,11,10,9,13,16,16,17,22,25,35,40,25,40,174,165,100
422140260,2,ìÏìáå¥és,êºóLâ∆í¨,0,,,438,9,17,23,13,8,8,10,21,18,28,23,37,27,45,43,49,193,196,108,217,6,8,8,6,4,5,8,7,11,13,12,19,13,23,23,22,98,97,51,221,3,9,15,7,4,3,2,14,7,15,11,18,14,22,20,27,95,99,57
422140270,2,ìÏìáå¥és,êºóLâ∆í¨,0,,,552,11,16,26,25,16,12,16,24,33,41,39,34,61,68,47,53,301,198,83,267,5,7,14,16,6,5,8,12,16,22,20,14,29,32,31,26,148,93,30,285,6,9,12,9,10,7,8,12,17,19,19,20,32,36,16,27,153,105,53
422140280,3,ìÏìáå¥és,óLâ∆í¨,0,,,1088,30,52,42,36,22,31,51,41,44,62,47,62,106,96,85,124,502,458,277,498,18,28,26,17,15,11,26,16,24,26,24,29,55,55,39,72,243,180,86,590,12,24,16,19,7,20,25,25,20,36,23,33,51,41,46,52,259,278,191
42214028026,4,ìÏìáå¥és,óLâ∆í¨îˆè„ñº,0,,,102,1,5,3,1,1,3,1,5,5,5,4,3,15,17,9,9,43,50,24,52,1,3,2,1,0,2,1,2,4,1,2,1,6,12,5,6,20,26,9,50,0,2,1,0,1,1,0,3,1,4,2,2,9,5,4,3,23,24,15
42214028027,4,ìÏìáå¥és,óLâ∆í¨îˆè„ñº,0,,,143,3,10,6,5,6,4,9,2,10,6,12,16,14,11,8,19,84,37,18,70,0,5,2,2,6,2,7,0,4,3,5,9,8,6,3,7,46,15,6,73,3,5,4,3,0,2,2,2,6,3,7,7,6,5,5,12,38,22,12
42214028028,4,ìÏìáå¥és,óLâ∆í¨îˆè„ñº,0,,,124,4,3,6,6,4,2,2,4,8,6,2,6,9,8,9,13,49,62,45,52,1,1,5,2,4,1,2,1,4,4,1,2,5,4,5,7,26,19,10,72,3,2,1,4,0,1,0,3,4,2,1,4,4,4,4,6,23,43,35
42214028029,4,ìÏìáå¥és,óLâ∆í¨îˆè„ñº,1,,028047,113,0,1,5,3,1,1,0,2,1,2,5,5,9,10,3,6,29,78,65,42,0,1,3,2,1,0,0,0,0,0,3,3,4,8,2,4,13,25,15,71,0,0,2,1,0,1,0,2,1,2,2,2,5,2,1,2,16,53,50
42214028030,4,ìÏìáå¥és,óLâ∆í¨îˆè„ñº,0,,,116,7,5,5,4,0,8,8,6,2,7,3,8,19,7,8,17,65,34,19,56,4,1,3,3,0,3,5,3,2,3,2,3,11,4,3,8,35,13,6,60,3,4,2,1,0,5,3,3,0,4,1,5,8,3,5,9,30,21,13
42214028031,4,ìÏìáå¥és,óLâ∆í¨îˆè„ñº,0,,,133,5,4,3,5,2,6,6,7,5,13,4,2,5,8,14,12,55,65,43,52,5,2,2,0,1,1,2,2,3,7,3,1,2,2,5,9,22,20,13,81,0,2,1,5,1,5,4,5,2,6,1,1,3,6,9,3,33,45,30
42214028032,4,ìÏìáå¥és,óLâ∆í¨îˆè„ñº,0,,,26,1,2,0,0,0,0,3,1,1,0,0,1,2,7,6,3,8,15,2,14,1,1,0,0,0,0,1,1,1,0,0,1,0,3,3,2,4,8,2,12,0,1,0,0,0,0,2,0,0,0,0,0,2,4,3,1,4,7,0
42214028033,4,ìÏìáå¥és,óLâ∆í¨îˆè„ñº,0,,,72,5,10,7,5,2,0,10,2,7,8,3,0,2,1,4,22,39,11,6,38,4,7,5,3,1,0,3,1,4,2,2,0,1,0,2,16,17,5,3,34,1,3,2,2,1,0,7,1,3,6,1,0,1,1,2,6,22,6,3
42214028034,4,ìÏìáå¥és,óLâ∆í¨îˆè„ñº,0,,,67,0,7,1,2,1,1,2,3,0,6,5,6,9,4,4,8,35,24,16,33,0,4,1,0,0,0,1,1,0,2,1,4,6,4,1,5,15,13,8,34,0,3,0,2,1,1,1,2,0,4,4,2,3,0,3,3,20,11,8
42214028035,4,ìÏìáå¥és,óLâ∆í¨îˆè„ñº,0,,,57,1,2,3,3,1,0,2,2,3,2,4,4,4,14,7,6,25,26,5,30,1,1,2,3,1,0,1,1,2,1,2,1,3,6,5,4,15,11,0,27,0,1,1,0,0,0,1,1,1,1,2,3,1,8,2,2,10,15,5
42214028036,4,ìÏìáå¥és,óLâ∆í¨îˆè„ñº,0,,,74,2,2,1,2,0,4,5,4,0,5,1,4,11,5,6,5,36,33,22,32,0,1,0,1,0,1,2,3,0,2,1,1,5,4,2,1,16,15,9,42,2,1,1,1,0,3,3,1,0,3,0,3,6,1,4,4,20,18,13
42214028037,4,ìÏìáå¥és,óLâ∆í¨îˆè„ñº,0,,,61,1,1,2,0,4,2,3,3,2,2,4,7,7,4,7,4,34,23,12,27,1,1,1,0,1,1,1,1,0,1,2,3,4,2,3,3,14,10,5,34,0,0,1,0,3,1,2,2,2,1,2,4,3,2,4,1,20,13,7
42214028047,4,ìÏìáå¥és,óLâ∆í¨îˆè„ñº,2,28029,,0,0,0,0,0,0,0,0,0,0,0,0,0,0,0,0,0,0,0,0,0,0,0,0,0,0,0,0,0,0,0,0,0,0,0,0,0,0,0,0,0,0,0,0,0,0,0,0,0,0,0,0,0,0,0,0,0,0,0,0
422140290,3,ìÏìáå¥és,óLâ∆í¨,0,,,379,14,20,17,15,9,6,14,22,13,31,20,27,38,31,37,51,195,133,65,168,8,7,11,8,2,4,6,11,5,15,8,13,16,17,17,26,88,54,20,211,6,13,6,7,7,2,8,11,8,16,12,14,22,14,20,25,107,79,45
42214029001,4,ìÏìáå¥és,óLâ∆í¨ãvï€ñº,0,,,121,4,6,6,7,2,0,4,5,4,14,4,6,8,14,13,16,54,51,24,56,2,3,5,4,0,0,2,3,2,6,2,3,3,8,5,10,25,21,8,65,2,3,1,3,2,0,2,2,2,8,2,3,5,6,8,6,29,30,16
42214029002,4,ìÏìáå¥és,óLâ∆í¨ãvï€ñº,0,,,57,2,4,0,1,3,2,2,3,2,1,1,7,10,4,5,6,32,19,10,26,1,1,0,1,0,2,1,1,2,0,1,4,4,3,2,2,16,8,3,31,1,3,0,0,3,0,1,2,0,1,0,3,6,1,3,4,16,11,7
42214029003,4,ìÏìáå¥és,óLâ∆í¨ãvï€ñº,0,,,122,5,8,5,3,3,2,6,9,4,8,5,6,15,10,13,18,61,43,20,56,4,3,3,1,1,1,2,5,1,5,2,3,7,5,7,10,28,18,6,66,1,5,2,2,2,1,4,4,3,3,3,3,8,5,6,8,33,25,14
42214029004,4,ìÏìáå¥és,óLâ∆í¨ãvï€ñº,0,,,79,3,2,6,4,1,2,2,5,3,8,10,8,5,3,6,11,48,20,11,30,1,0,3,2,1,1,1,2,0,4,3,3,2,1,3,4,19,7,3,49,2,2,3,2,0,1,1,3,3,4,7,5,3,2,3,7,29,13,8
422140300,3,ìÏìáå¥és,óLâ∆í¨,0,,,1658,86,106,81,61,31,61,65,101,111,101,103,111,113,115,107,273,858,526,304,784,39,57,45,35,17,34,27,53,47,53,45,54,54,49,56,141,419,223,118,874,47,49,36,26,14,27,38,48,64,48,58,57,59,66,51,132,439,303,186
42214030014,4,ìÏìáå¥és,óLâ∆í¨éRêÏñº,0,,,161,7,12,15,10,4,6,12,8,10,13,6,10,10,4,13,34,89,38,21,77,2,7,7,6,3,5,6,4,4,7,2,3,5,2,6,16,45,16,8,84,5,5,8,4,1,1,6,4,6,6,4,7,5,2,7,18,44,22,13
42214030015,4,ìÏìáå¥és,óLâ∆í¨éRêÏñº,0,,,345,28,30,16,8,9,13,19,36,30,22,20,17,16,20,10,74,190,80,50,158,10,13,9,4,6,6,7,18,13,12,9,9,8,7,9,32,92,33,17,187,18,17,7,4,3,7,12,18,17,10,11,8,8,13,1,42,98,47,33
42214030016,4,ìÏìáå¥és,óLâ∆í¨éRêÏñº,0,,,103,3,6,5,2,3,4,4,3,7,7,8,4,5,6,3,14,47,42,33,41,2,2,2,0,2,2,2,1,2,4,3,1,2,3,2,6,19,16,11,62,1,4,3,2,1,2,2,2,5,3,5,3,3,3,1,8,28,26,22
42214030017,4,ìÏìáå¥és,óLâ∆í¨éRêÏñº,0,,,94,9,7,4,3,0,6,2,6,6,2,9,9,5,5,6,20,48,26,15,52,5,6,3,2,0,3,1,4,3,1,4,4,4,2,3,14,26,12,7,42,4,1,1,1,0,3,1,2,3,1,5,5,1,3,3,6,22,14,8
42214030018,4,ìÏìáå¥és,óLâ∆í¨éRêÏñº,0,,,141,11,10,15,5,1,8,6,3,12,9,10,9,7,9,11,36,70,35,15,69,4,7,8,3,1,4,2,3,5,6,3,5,3,4,5,19,35,15,6,72,7,3,7,2,0,4,4,0,7,3,7,4,4,5,6,17,35,20,9
42214030019,4,ìÏìáå¥és,óLâ∆í¨éRêÏñº,0,,,125,6,5,2,8,2,2,3,5,7,11,4,7,9,11,9,13,58,54,34,57,2,4,1,3,1,1,1,2,3,5,2,4,4,4,4,7,26,24,16,68,4,1,1,5,1,1,2,3,4,6,2,3,5,7,5,6,32,30,18
42214030020,4,ìÏìáå¥és,óLâ∆í¨éRêÏñº,0,,,104,1,7,5,3,1,5,4,7,11,6,4,10,11,5,6,13,62,29,18,47,0,4,2,3,0,2,1,4,6,3,2,4,5,2,2,6,30,11,7,57,1,3,3,0,1,3,3,3,5,3,2,6,6,3,4,7,32,18,11
42214030021,4,ìÏìáå¥és,óLâ∆í¨éRêÏñº,0,,,180,12,15,8,6,5,5,7,13,16,6,8,16,14,15,12,35,96,49,22,88,7,7,7,3,2,2,3,7,7,4,4,5,7,7,8,21,44,23,8,92,5,8,1,3,3,3,4,6,9,2,4,11,7,8,4,14,52,26,14
42214030022,4,ìÏìáå¥és,óLâ∆í¨éRêÏñº,0,,,125,1,3,3,6,3,2,4,8,3,5,9,8,14,16,12,7,62,56,28,62,1,2,0,6,0,2,2,5,0,3,3,4,8,8,5,3,33,26,13,63,0,1,3,0,3,0,2,3,3,2,6,4,6,8,7,4,29,30,15
42214030023,4,ìÏìáå¥és,óLâ∆í¨éRêÏñº,0,,,97,2,5,4,1,1,2,1,7,3,5,7,10,7,9,9,11,44,42,24,47,0,3,2,1,1,2,1,4,2,1,5,6,2,6,4,5,25,17,7,50,2,2,2,0,0,0,0,3,1,4,2,4,5,3,5,6,19,25,17
42214030024,4,ìÏìáå¥és,óLâ∆í¨éRêÏñº,0,,,65,2,2,2,2,0,2,2,3,3,3,6,5,5,4,7,6,31,28,17,30,2,0,2,2,0,1,0,1,0,2,2,4,2,1,3,4,14,12,8,35,0,2,0,0,0,1,2,2,3,1,4,1,3,3,4,2,17,16,9
42214030025,4,ìÏìáå¥és,óLâ∆í¨éRêÏñº,0,,,118,4,4,2,7,2,6,1,2,3,12,12,6,10,11,9,10,61,47,27,56,4,2,2,2,1,4,1,0,2,5,6,5,4,3,5,8,30,18,10,62,0,2,0,5,1,2,0,2,1,7,6,1,6,8,4,2,31,29,17
422140310,3,ìÏìáå¥és,óLâ∆í¨,0,,,602,17,21,42,24,14,17,17,27,45,41,37,55,38,29,37,80,315,206,140,266,6,6,20,11,6,11,12,10,19,23,18,31,18,18,15,32,159,74,41,336,11,15,22,13,8,6,5,17,26,18,19,24,20,11,22,48,156,132,99
42214031005,4,ìÏìáå¥és,óLâ∆í¨íÜê{êÏñº,0,,,151,5,1,9,5,5,5,6,3,7,6,13,11,6,4,9,15,67,69,56,60,2,0,5,2,1,2,5,1,4,3,5,5,3,3,5,7,31,22,14,91,3,1,4,3,4,3,1,2,3,3,8,6,3,1,4,8,36,47,42
42214031006,4,ìÏìáå¥és,óLâ∆í¨íÜê{êÏñº,0,,,195,9,11,18,9,5,7,4,12,20,17,12,17,14,8,9,38,117,39,22,92,3,5,4,3,3,4,3,4,7,11,8,11,6,5,3,12,60,19,11,103,6,6,14,6,2,3,1,8,13,6,4,6,8,3,6,26,57,20,11
42214031007,4,ìÏìáå¥és,óLâ∆í¨íÜê{êÏñº,0,,,148,1,4,12,9,1,3,4,8,13,9,6,21,9,11,11,17,83,48,26,71,0,0,10,5,0,3,2,3,5,5,3,11,5,5,5,10,42,19,9,77,1,4,2,4,1,0,2,5,8,4,3,10,4,6,6,7,41,29,17
42214031008,4,ìÏìáå¥és,óLâ∆í¨íÜê{êÏñº,0,,,108,2,5,3,1,3,2,3,4,5,9,6,6,9,6,8,10,48,50,36,43,1,1,1,1,2,2,2,2,3,4,2,4,4,5,2,3,26,14,7,65,1,4,2,0,1,0,1,2,2,5,4,2,5,1,6,7,22,36,29
422140320,3,ìÏìáå¥és,óLâ∆í¨,0,,,508,13,26,24,24,12,15,12,26,24,26,39,36,47,39,39,63,261,184,106,223,4,11,11,6,8,8,6,12,11,12,20,18,22,19,22,26,123,74,33,285,9,15,13,18,4,7,6,14,13,14,19,18,25,20,17,37,138,110,73
42214032009,4,ìÏìáå¥és,óLâ∆í¨è¨êÏñº,0,,,82,3,4,1,2,1,4,5,4,3,3,8,4,12,9,10,8,46,28,9,41,1,2,0,1,0,1,3,1,1,2,6,1,6,5,7,3,22,16,4,41,2,2,1,1,1,3,2,3,2,1,2,3,6,4,3,5,24,12,5
42214032010,4,ìÏìáå¥és,óLâ∆í¨è¨êÏñº,0,,,79,2,5,8,2,0,2,2,4,7,2,4,4,5,8,4,15,32,32,20,37,1,3,4,1,0,1,0,3,3,1,3,1,2,3,3,8,15,14,8,42,1,2,4,1,0,1,2,1,4,1,1,3,3,5,1,7,17,18,12
42214032011,4,ìÏìáå¥és,óLâ∆í¨è¨êÏñº,0,,,78,0,2,0,4,2,2,1,3,3,2,8,10,6,7,5,2,41,35,23,30,0,0,0,0,1,1,1,2,1,0,3,5,3,3,2,0,17,13,8,48,0,2,0,4,1,1,0,1,2,2,5,5,3,4,3,2,24,22,15
42214032012,4,ìÏìáå¥és,óLâ∆í¨è¨êÏñº,0,,,81,1,4,6,7,4,1,3,3,3,8,7,4,4,6,8,11,44,26,12,40,0,1,4,2,3,1,1,1,2,5,3,2,4,3,4,5,24,11,4,41,1,3,2,5,1,0,2,2,1,3,4,2,0,3,4,6,20,15,8
42214032013,4,ìÏìáå¥és,óLâ∆í¨è¨êÏñº,0,,,188,7,11,9,9,5,6,1,12,8,11,12,14,20,9,12,27,98,63,42,75,2,5,3,2,4,4,1,5,4,4,5,9,7,5,6,10,45,20,9,113,5,6,6,7,1,2,0,7,4,7,7,5,13,4,6,17,53,43,33
422140330,3,ìÏìáå¥és,óLâ∆í¨,0,,,770,39,40,25,36,22,30,38,41,43,36,43,54,69,98,58,104,412,254,98,364,19,21,13,20,10,10,19,18,20,21,14,25,37,51,30,53,194,117,36,406,20,19,12,16,12,20,19,23,23,15,29,29,32,47,28,51,218,137,62
42214033038,4,ìÏìáå¥és,óLâ∆í¨äóâÕñº,0,,,53,1,3,2,0,1,1,3,4,1,3,2,3,1,15,4,6,19,28,9,30,0,1,2,0,1,1,2,2,0,3,0,2,1,11,2,3,12,15,2,23,1,2,0,0,0,0,1,2,1,0,2,1,0,4,2,3,7,13,7
42214033039,4,ìÏìáå¥és,óLâ∆í¨äóâÕñº,0,,,39,3,0,1,2,2,3,1,1,6,0,1,4,2,5,4,4,22,13,4,21,3,0,0,2,0,1,1,1,3,0,0,2,2,3,2,3,12,6,1,18,0,0,1,0,2,2,0,0,3,0,1,2,0,2,2,1,10,7,3
42214033040,4,ìÏìáå¥és,óLâ∆í¨äóâÕñº,0,,,141,9,2,6,9,6,5,5,5,6,11,7,15,6,17,9,17,75,49,23,72,3,0,5,5,2,1,3,4,2,6,3,8,5,10,5,8,39,25,10,69,6,2,1,4,4,4,2,1,4,5,4,7,1,7,4,9,36,24,13
42214033041,4,ìÏìáå¥és,óLâ∆í¨äóâÕñº,0,,,96,3,6,3,5,1,5,3,7,7,2,3,5,13,14,6,12,51,33,13,41,0,5,0,4,0,1,2,3,4,1,1,2,5,7,2,5,23,13,4,55,3,1,3,1,1,4,1,4,3,1,2,3,8,7,4,7,28,20,9
42214033042,4,ìÏìáå¥és,óLâ∆í¨äóâÕñº,0,,,213,12,21,11,14,8,11,17,8,12,14,12,11,20,16,12,44,127,42,14,89,3,11,5,6,4,4,9,2,4,7,3,4,8,6,6,19,51,19,7,124,9,10,6,8,4,7,8,6,8,7,9,7,12,10,6,25,76,23,7
42214033043,4,ìÏìáå¥és,óLâ∆í¨äóâÕñº,0,,,53,2,1,1,3,0,1,3,0,2,0,6,3,6,8,7,4,24,25,10,24,2,0,0,1,0,0,1,0,1,0,3,0,5,2,6,2,11,11,3,29,0,1,1,2,0,1,2,0,1,0,3,3,1,6,1,2,13,14,7
42214033044,4,ìÏìáå¥és,óLâ∆í¨äóâÕñº,0,,,47,1,1,0,1,3,1,3,3,3,2,7,1,6,6,2,2,30,15,7,25,1,1,0,1,2,1,0,1,1,2,3,1,4,3,1,2,16,7,3,22,0,0,0,0,1,0,3,2,2,0,4,0,2,3,1,0,14,8,4
42214033045,4,ìÏìáå¥és,óLâ∆í¨äóâÕñº,0,,,64,2,4,1,2,1,0,2,2,5,3,3,2,6,10,10,7,26,31,11,31,2,3,1,1,1,0,1,0,4,1,1,1,2,5,5,6,12,13,3,33,0,1,0,1,0,0,1,2,1,2,2,1,4,5,5,1,14,18,8
42214033046,4,ìÏìáå¥és,óLâ∆í¨äóâÕñº,0,,,64,6,2,0,0,0,3,1,11,1,1,2,10,9,7,4,8,38,18,7,31,5,0,0,0,0,1,0,5,1,1,0,5,5,4,1,5,18,8,3,33,1,2,0,0,0,2,1,6,0,0,2,5,4,3,3,3,20,10,4
422140340,3,ìÏìáå¥és,óLâ∆í¨,0,,,635,28,20,18,14,15,25,20,32,22,42,38,79,56,60,54,66,343,225,111,296,14,8,9,6,9,12,11,19,11,18,20,36,29,29,26,31,171,93,38,339,14,12,9,8,6,13,9,13,11,24,18,43,27,31,28,35,172,132,73
42214034048,4,ìÏìáå¥és,óLâ∆í¨êŒìcñº,0,,,42,1,1,1,0,0,0,3,1,7,2,1,5,3,5,4,3,22,17,8,19,1,1,0,0,0,0,2,1,4,0,1,3,1,2,1,2,12,5,2,23,0,0,1,0,0,0,1,0,3,2,0,2,2,3,3,1,10,12,6
42214034049,4,ìÏìáå¥és,óLâ∆í¨êŒìcñº,0,,,66,2,1,1,0,0,0,0,6,1,1,5,12,6,8,9,4,31,31,14,29,1,0,1,0,0,0,0,3,0,0,2,5,4,4,4,2,14,13,5,37,1,1,0,0,0,0,0,3,1,1,3,7,2,4,5,2,17,18,9
42214034050,4,ìÏìáå¥és,óLâ∆í¨êŒìcñº,0,,,92,6,1,1,2,5,4,5,4,1,6,3,10,5,9,11,8,45,38,18,46,5,1,0,1,2,3,2,3,1,3,1,4,2,4,6,6,22,17,7,46,1,0,1,1,3,1,3,1,0,3,2,6,3,5,5,2,23,21,11
42214034051,4,ìÏìáå¥és,óLâ∆í¨êŒìcñº,0,,,84,2,7,1,5,2,4,2,4,2,4,9,6,11,8,8,10,49,25,9,40,1,2,0,3,1,1,2,2,1,2,5,1,6,3,5,3,24,13,5,44,1,5,1,2,1,3,0,2,1,2,4,5,5,5,3,7,25,12,4
42214034052,4,ìÏìáå¥és,óLâ∆í¨êŒìcñº,0,,,39,2,2,4,0,0,2,1,3,1,3,2,8,3,1,0,8,23,8,7,18,0,1,2,0,0,1,1,2,1,2,2,3,2,0,0,3,14,1,1,21,2,1,2,0,0,1,0,1,0,1,0,5,1,1,0,5,9,7,6
42214034053,4,ìÏìáå¥és,óLâ∆í¨êŒìcñº,0,,,19,0,0,0,0,1,0,1,1,0,0,1,3,5,3,3,0,12,7,1,9,0,0,0,0,1,0,1,0,0,0,0,1,2,2,2,0,5,4,0,10,0,0,0,0,0,0,0,1,0,0,1,2,3,1,1,0,7,3,1
42214034054,4,ìÏìáå¥és,óLâ∆í¨êŒìcñº,0,,,91,3,1,1,2,2,5,0,0,5,7,7,9,6,11,11,5,43,43,21,41,1,0,0,1,1,2,0,0,2,3,4,5,4,5,5,1,22,18,8,50,2,1,1,1,1,3,0,0,3,4,3,4,2,6,6,4,21,25,13
42214034055,4,ìÏìáå¥és,óLâ∆í¨êŒìcñº,0,,,76,5,1,5,2,1,7,2,5,3,9,4,8,4,7,3,11,45,20,10,36,1,1,4,0,1,4,1,3,2,4,1,4,1,4,1,6,21,9,4,40,4,0,1,2,0,3,1,2,1,5,3,4,3,3,2,5,24,11,6
42214034056,4,ìÏìáå¥és,óLâ∆í¨êŒìcñº,0,,,60,2,4,1,1,2,3,2,1,2,7,3,9,2,2,3,7,32,21,16,27,1,2,0,1,1,1,1,1,0,3,2,6,0,1,2,3,16,8,5,33,1,2,1,0,1,2,1,0,2,4,1,3,2,1,1,4,16,13,11
42214034057,4,ìÏìáå¥és,óLâ∆í¨êŒìcñº,0,,,66,5,2,3,2,2,0,4,7,0,3,3,9,11,6,2,10,41,15,7,31,3,0,2,0,2,0,1,4,0,1,2,4,7,4,0,5,21,5,1,35,2,2,1,2,0,0,3,3,0,2,1,5,4,2,2,5,20,10,6
422140350,3,ìÏìáå¥és,óLâ∆í¨,0,,,497,9,15,22,11,9,6,24,17,21,22,37,31,44,64,48,46,222,229,117,230,6,10,9,7,3,3,13,10,9,9,14,19,18,31,28,25,105,100,41,267,3,5,13,4,6,3,11,7,12,13,23,12,26,33,20,21,117,129,76
42214035058,4,ìÏìáå¥és,óLâ∆í¨ëÂâëñº,0,,,78,1,1,0,1,1,2,5,1,1,3,5,2,6,13,10,2,27,49,26,38,1,0,0,1,0,1,3,1,0,2,3,1,4,3,7,1,16,21,11,40,0,1,0,0,1,1,2,0,1,1,2,1,2,10,3,1,11,28,15
42214035059,4,ìÏìáå¥és,óLâ∆í¨ëÂâëñº,0,,,69,5,3,3,3,0,1,6,4,1,2,3,3,8,11,5,11,31,27,11,31,3,2,0,1,0,0,3,2,1,1,1,1,4,6,3,5,14,12,3,38,2,1,3,2,0,1,3,2,0,1,2,2,4,5,2,6,17,15,8
42214035060,4,ìÏìáå¥és,óLâ∆í¨ëÂâëñº,0,,,72,1,0,0,1,2,1,4,2,3,2,4,8,7,7,8,1,34,37,22,32,1,0,0,1,1,1,2,1,1,0,1,4,2,4,5,1,14,17,8,40,0,0,0,0,1,0,2,1,2,2,3,4,5,3,3,0,20,20,14
42214035061,4,ìÏìáå¥és,óLâ∆í¨ëÂâëñº,0,,,49,1,3,4,0,1,1,4,1,2,1,3,4,2,4,4,8,19,22,14,24,1,3,2,0,1,0,2,0,1,1,1,2,1,1,3,6,9,9,5,25,0,0,2,0,0,1,2,1,1,0,2,2,1,3,1,2,10,13,9
42214035062,4,ìÏìáå¥és,óLâ∆í¨ëÂâëñº,0,,,45,1,1,1,0,0,0,3,1,4,2,2,2,4,6,7,3,18,24,11,19,0,1,0,0,0,0,2,1,1,1,0,2,1,3,3,1,8,10,4,26,1,0,1,0,0,0,1,0,3,1,2,0,3,3,4,2,10,14,7
42214035063,4,ìÏìáå¥és,óLâ∆í¨ëÂâëñº,0,,,48,0,2,4,0,1,0,0,1,1,4,4,3,2,10,6,6,16,26,10,21,0,1,3,0,0,0,0,0,1,2,1,2,1,6,1,4,7,10,3,27,0,1,1,0,1,0,0,1,0,2,3,1,1,4,5,2,9,16,7
42214035064,4,ìÏìáå¥és,óLâ∆í¨ëÂâëñº,0,,,62,0,4,4,2,2,0,2,5,4,5,6,1,7,4,4,8,34,20,12,28,0,2,2,1,0,0,1,4,2,0,4,0,3,2,3,4,15,9,4,34,0,2,2,1,2,0,1,1,2,5,2,1,4,2,1,4,19,11,8
42214035065,4,ìÏìáå¥és,óLâ∆í¨ëÂâëñº,0,,,74,0,1,6,4,2,1,0,2,5,3,10,8,8,9,4,7,43,24,11,37,0,1,2,3,1,1,0,1,2,2,3,7,2,6,3,3,22,12,3,37,0,0,4,1,1,0,0,1,3,1,7,1,6,3,1,4,21,12,8
422140360,3,ìÏìáå¥és,óLâ∆í¨,0,,,827,34,38,34,30,16,26,31,38,46,36,63,60,78,81,80,106,424,297,136,384,18,19,16,16,8,9,13,19,23,15,36,23,43,36,42,53,205,126,48,443,16,19,18,14,8,17,18,19,23,21,27,37,35,45,38,53,219,171,88
42214036066,4,ìÏìáå¥és,óLâ∆í¨å¥îˆñº,0,,,93,5,4,4,2,2,5,2,5,7,5,9,10,8,6,6,13,55,25,13,35,2,2,3,1,1,1,0,3,3,2,1,4,4,1,3,7,20,8,4,58,3,2,1,1,1,4,2,2,4,3,8,6,4,5,3,6,35,17,9
42214036067,4,ìÏìáå¥és,óLâ∆í¨å¥îˆñº,0,,,10,0,0,0,0,0,0,0,0,0,0,0,0,1,1,1,0,1,9,7,5,0,0,0,0,0,0,0,0,0,0,0,0,1,0,1,0,1,4,3,5,0,0,0,0,0,0,0,0,0,0,0,0,0,1,0,0,0,5,4
42214036068,4,ìÏìáå¥és,óLâ∆í¨å¥îˆñº,0,,,40,0,1,0,1,1,1,1,2,1,1,6,3,5,5,5,1,22,17,7,19,0,1,0,0,0,0,1,1,1,1,3,1,3,2,3,1,11,7,2,21,0,0,0,1,1,1,0,1,0,0,3,2,2,3,2,0,11,10,5
42214036069,4,ìÏìáå¥és,óLâ∆í¨å¥îˆñº,0,,,35,1,2,0,1,0,0,0,2,3,1,2,2,3,4,4,3,14,18,10,14,0,0,0,1,0,0,0,1,2,0,1,1,2,1,2,0,8,6,3,21,1,2,0,0,0,0,0,1,1,1,1,1,1,3,2,3,6,12,7
42214036070,4,ìÏìáå¥és,óLâ∆í¨å¥îˆñº,0,,,37,0,0,2,4,1,1,0,0,2,4,3,5,5,4,1,2,25,10,5,16,0,0,2,1,0,0,0,0,1,1,3,2,3,2,0,2,11,3,1,21,0,0,0,3,1,1,0,0,1,3,0,3,2,2,1,0,14,7,4
42214036071,4,ìÏìáå¥és,óLâ∆í¨å¥îˆñº,0,,,59,4,5,2,0,2,4,6,3,1,3,3,4,6,5,7,11,32,16,4,31,3,3,2,0,1,2,3,2,0,2,2,2,4,1,3,8,18,5,1,28,1,2,0,0,1,2,3,1,1,1,1,2,2,4,4,3,14,11,3
42214036072,4,ìÏìáå¥és,óLâ∆í¨å¥îˆñº,0,,,45,2,2,1,0,0,2,0,2,4,0,7,2,4,1,6,5,21,19,12,22,1,1,1,0,0,0,0,0,3,0,3,1,3,1,3,3,10,9,5,23,1,1,0,0,0,2,0,2,1,0,4,1,1,0,3,2,11,10,7
42214036073,4,ìÏìáå¥és,óLâ∆í¨å¥îˆñº,0,,,32,2,1,0,0,1,0,1,4,0,1,1,3,6,3,2,3,17,12,7,14,1,1,0,0,0,0,1,1,0,0,1,1,3,2,0,2,7,5,3,18,1,0,0,0,1,0,0,3,0,1,0,2,3,1,2,1,10,7,4
42214036074,4,ìÏìáå¥és,óLâ∆í¨å¥îˆñº,0,,,80,2,2,7,4,1,3,1,3,6,6,8,6,9,4,11,11,47,22,7,39,1,1,3,3,0,1,1,1,2,2,5,2,4,3,6,5,21,13,4,41,1,1,4,1,1,2,0,2,4,4,3,4,5,1,5,6,26,9,3
42214036075,4,ìÏìáå¥és,óLâ∆í¨å¥îˆñº,0,,,179,6,12,4,4,3,5,6,11,11,6,9,17,19,20,21,22,91,66,25,83,4,4,2,2,3,3,2,5,6,2,7,5,10,9,13,10,45,28,6,96,2,8,2,2,0,2,4,6,5,4,2,12,9,11,8,12,46,38,19
42214036076,4,ìÏìáå¥és,óLâ∆í¨å¥îˆñº,0,,,96,6,4,6,8,4,3,7,1,7,3,4,5,5,12,5,16,47,33,16,43,2,1,1,2,2,1,3,1,3,2,3,1,4,8,2,4,22,17,7,53,4,3,5,6,2,2,4,0,4,1,1,4,1,4,3,12,25,16,9
42214036077,4,ìÏìáå¥és,óLâ∆í¨å¥îˆñº,0,,,51,5,3,4,3,0,1,5,4,2,1,3,2,4,6,4,12,25,14,4,28,3,3,1,3,0,0,2,4,1,0,2,2,1,2,3,7,15,6,1,23,2,0,3,0,0,1,3,0,1,1,1,0,3,4,1,5,10,8,3
42214036078,4,ìÏìáå¥és,óLâ∆í¨å¥îˆñº,0,,,70,1,2,4,3,1,1,2,1,2,5,8,1,3,10,7,7,27,36,19,35,1,2,1,3,1,1,0,0,1,3,5,1,1,4,3,4,16,15,8,35,0,0,3,0,0,0,2,1,1,2,3,0,2,6,4,3,11,21,11
422140370,2,ìÏìáå¥és,ïzí√í¨,0,,,962,28,42,47,36,28,26,28,51,53,55,62,70,78,82,93,117,487,358,183,452,13,20,23,21,12,12,12,21,33,27,28,34,37,44,42,56,237,159,73,510,15,22,24,15,16,14,16,30,20,28,34,36,41,38,51,61,250,199,110
422140380,2,ìÏìáå¥és,ïzí√í¨,0,,,1434,67,67,65,35,19,37,56,84,79,69,73,90,110,113,123,199,652,580,344,650,29,36,32,18,9,23,26,41,38,35,35,42,50,58,69,97,317,235,108,784,38,31,33,17,10,14,30,43,41,34,38,48,60,55,54,102,335,345,236
422140390,2,ìÏìáå¥és,ïzí√í¨,0,,,1507,50,72,66,51,30,46,58,83,64,92,92,106,156,134,136,188,778,541,271,709,18,38,31,21,14,21,31,47,35,47,42,46,76,72,63,87,380,242,107,798,32,34,35,30,16,25,27,36,29,45,50,60,80,62,73,101,398,299,164
422140400,2,ìÏìáå¥és,ê[ç]í¨,0,,,957,45,53,37,37,33,29,37,62,47,56,53,76,84,76,80,135,514,308,152,449,23,25,11,16,15,14,16,33,22,27,26,41,42,32,42,59,252,138,64,508,22,28,26,21,18,15,21,29,25,29,27,35,42,44,38,76,262,170,88
422140410,2,ìÏìáå¥és,ê[ç]í¨,0,,,616,33,27,33,34,15,13,27,34,35,38,33,26,52,57,37,93,307,216,122,280,16,16,24,17,10,4,10,16,13,17,16,12,26,27,20,56,141,83,36,336,17,11,9,17,5,9,17,18,22,21,17,14,26,30,17,37,166,133,86
422140420,2,ìÏìáå¥és,ê[ç]í¨,0,,,2098,94,113,109,85,57,58,86,122,138,139,107,124,173,188,157,316,1089,693,348,936,43,56,55,40,23,21,38,60,59,77,44,52,81,90,77,154,495,287,120,1162,51,57,54,45,34,37,48,62,79,62,63,72,92,98,80,162,594,406,228
422140430,2,ìÏìáå¥és,ê[ç]í¨,0,,,2581,108,123,109,117,66,68,130,130,136,161,144,184,234,244,206,340,1370,871,421,1222,53,62,53,60,36,29,61,67,68,86,65,91,105,125,92,168,668,386,169,1359,55,61,56,57,30,39,69,63,68,75,79,93,129,119,114,172,702,485,252
422140440,2,ìÏìáå¥és,ê[ç]í¨,0,,,751,21,23,31,26,25,26,26,41,51,60,45,46,69,92,62,75,415,261,107,369,10,13,11,12,12,16,14,21,26,31,23,24,36,50,33,34,215,120,37,382,11,10,20,14,13,10,12,20,25,29,22,22,33,42,29,41,200,141,70
42307,1,í∑ó^í¨,,0,,,40780,1866,2036,2030,2175,1643,1650,2045,2314,2548,3037,2773,2735,2687,2869,2811,5932,23607,11105,5425,19196,947,1049,1031,1126,719,804,994,1082,1247,1401,1298,1269,1316,1392,1316,3027,11256,4838,2130,21584,919,987,999,1049,924,846,1051,1232,1301,1636,1475,1466,1371,1477,1495,2905,12351,6267,3295
423070010,3,í∑ó^í¨,ñ{êÏì‡ãΩ,0,,,679,17,23,20,29,26,23,21,19,26,37,68,53,54,57,53,60,356,263,153,327,8,10,12,17,13,10,13,10,12,18,37,28,32,26,23,30,190,107,58,352,9,13,8,12,13,13,8,9,14,19,31,25,22,31,30,30,166,156,95
42307001001,4,í∑ó^í¨,ñ{êÏì‡ãΩñÿèÍ,0,,,227,3,9,11,12,12,7,4,5,13,13,29,23,16,15,13,23,134,70,42,102,0,3,7,8,4,2,2,2,4,7,14,11,10,7,6,10,64,28,15,125,3,6,4,4,8,5,2,3,9,6,15,12,6,8,7,13,70,42,27
42307001002,4,í∑ó^í¨,ñ{êÏì‡ãΩëÂâz,0,,,169,5,3,3,10,6,6,6,4,5,11,18,10,10,22,14,11,86,72,36,86,1,1,2,6,3,4,5,2,3,4,12,5,7,9,6,4,51,31,16,83,4,2,1,4,3,2,1,2,2,7,6,5,3,13,8,7,35,41,20
42307001003,4,í∑ó^í¨,ñ{êÏì‡ãΩâ°ïΩ,0,,,244,8,7,4,5,5,7,10,8,8,12,16,16,27,17,23,19,114,111,71,119,6,5,2,3,3,2,5,6,5,6,9,10,14,9,10,13,63,43,24,125,2,2,2,2,2,5,5,2,3,6,7,6,13,8,13,6,51,68,47
42307001005,4,í∑ó^í¨,ñ{êÏì‡ãΩâ∫ïΩ,0,,,39,1,4,2,2,3,3,1,2,0,1,5,4,1,3,3,7,22,10,4,20,1,1,1,0,3,2,1,0,0,1,2,2,1,1,1,3,12,5,3,19,0,3,1,2,0,1,0,2,0,0,3,2,0,2,2,4,10,5,1
423070020,3,í∑ó^í¨,ïΩñÿèÍãΩ,0,,,1057,46,50,38,42,37,45,61,41,54,83,58,59,65,99,92,134,545,376,185,493,24,21,23,25,16,18,32,20,27,45,21,30,32,47,43,68,266,158,68,564,22,29,15,17,21,27,29,21,27,38,37,29,33,52,49,66,279,218,117
42307002004,4,í∑ó^í¨,ïΩñÿèÍãΩè„ïΩ,0,,,385,19,22,13,12,13,9,26,19,10,32,20,19,27,42,39,54,187,144,63,190,10,10,8,9,5,1,13,8,8,17,8,10,15,21,18,28,94,68,29,195,9,12,5,3,8,8,13,11,2,15,12,9,12,21,21,26,93,76,34
42307002005,4,í∑ó^í¨,ïΩñÿèÍãΩâ∫ïΩ,0,,,672,27,28,25,30,24,36,35,22,44,51,38,40,38,57,53,80,358,232,122,303,14,11,15,16,11,17,19,12,19,28,13,20,17,26,25,40,172,90,39,369,13,17,10,14,13,19,16,10,25,23,25,20,21,31,28,40,186,142,83
423070030,3,í∑ó^í¨,éOç™ãΩ,0,,,4112,121,225,321,295,134,125,144,202,352,411,281,229,206,257,300,667,2379,1062,505,1957,56,118,161,147,55,59,58,97,176,191,144,103,99,121,140,335,1129,491,230,2155,65,107,160,148,79,66,86,105,176,220,137,126,107,136,160,332,1250,571,275
42307003006,4,í∑ó^í¨,éOç™ãΩéOç™,0,,,590,11,22,18,18,21,28,49,33,16,38,29,41,46,59,57,51,319,220,104,245,5,11,7,9,5,10,13,17,8,12,13,16,22,28,32,23,125,97,37,345,6,11,11,9,16,18,36,16,8,26,16,25,24,31,25,28,194,123,67
42307003007,4,í∑ó^í¨,éOç™ãΩÉjÉÖÅ[É^ÉEÉììå,0,,,965,48,68,46,16,16,30,40,62,82,54,47,43,56,77,112,162,446,357,168,482,25,36,22,10,8,17,16,35,43,31,30,16,26,34,51,83,232,167,82,483,23,32,24,6,8,13,24,27,39,23,17,27,30,43,61,79,214,190,86
42307003008,4,í∑ó^í¨,éOç™ãΩÉjÉÖÅ[É^ÉEÉìíÜâõ,0,,,980,23,45,33,45,27,29,32,41,58,75,56,58,59,91,101,101,480,395,203,464,14,25,19,17,10,14,18,20,24,38,25,29,22,44,46,58,217,187,97,516,9,20,14,28,17,15,14,21,34,37,31,29,37,47,55,43,263,208,106
42307003048,4,í∑ó^í¨,éOç™ãΩóŒÉñãu,0,,,1577,39,90,224,216,70,38,23,66,196,244,149,87,45,30,30,353,1134,90,30,766,12,46,113,111,32,18,11,25,101,110,76,42,29,15,11,171,555,40,14,811,27,44,111,105,38,20,12,41,95,134,73,45,16,15,19,182,579,50,16
423070040,3,í∑ó^í¨,ãgñ≥ìcãΩ,0,,,8216,380,353,394,442,296,337,405,463,470,655,554,605,608,595,556,1127,4835,2239,1088,3831,193,181,192,233,130,163,200,201,233,290,249,273,297,296,256,566,2269,986,434,4385,187,172,202,209,166,174,205,262,237,365,305,332,311,299,300,561,2566,1253,654
42307004009,4,í∑ó^í¨,ãgñ≥ìcãΩÉjÉÖÅ[É^ÉEÉìêº,0,,,894,20,23,23,29,17,17,23,44,40,52,52,44,72,98,134,66,390,438,206,418,14,14,9,17,6,8,11,21,25,24,26,20,24,42,64,37,182,199,93,476,6,9,14,12,11,9,12,23,15,28,26,24,48,56,70,29,208,239,113
42307004010,4,í∑ó^í¨,ãgñ≥ìcãΩíréR,0,,,1912,179,120,93,92,63,92,177,161,138,158,105,84,105,57,65,392,1175,341,219,898,86,66,48,43,32,46,86,79,65,80,47,39,54,30,24,200,571,123,69,1014,93,54,45,49,31,46,91,82,73,78,58,45,51,27,41,192,604,218,150
42307004011,4,í∑ó^í¨,ãgñ≥ìcãΩì‡âÄ,0,,,519,22,16,24,28,18,24,31,27,36,38,36,39,30,39,35,62,307,148,74,245,13,9,14,14,6,14,15,9,18,16,15,17,18,19,16,36,142,66,31,274,9,7,10,14,12,10,16,18,18,22,21,22,12,20,19,26,165,82,43
42307004012,4,í∑ó^í¨,ãgñ≥ìcãΩà‰éËñ{,0,,,602,15,24,36,41,28,27,21,33,34,64,63,56,45,33,25,75,412,113,55,278,8,8,18,23,12,12,11,11,14,28,28,26,26,20,11,34,191,51,20,324,7,16,18,18,16,15,10,22,20,36,35,30,19,13,14,41,221,62,35
42307004013,4,í∑ó^í¨,ãgñ≥ìcãΩí“å„,0,,,812,36,43,38,37,26,37,36,46,47,68,67,53,42,65,60,117,459,236,111,390,20,19,20,20,13,17,17,20,28,27,35,27,24,28,30,59,228,103,45,422,16,24,18,17,13,20,19,26,19,41,32,26,18,37,30,58,231,133,66
42307004014,4,í∑ó^í¨,ãgñ≥ìcãΩê¬ótë‰,0,,,991,33,45,51,60,25,26,26,42,66,77,41,65,54,76,95,129,482,378,207,460,15,26,25,28,12,13,14,15,34,30,19,31,23,36,39,66,219,173,98,531,18,19,26,32,13,13,12,27,32,47,22,34,31,40,56,63,263,205,109
42307004043,4,í∑ó^í¨,ãgñ≥ìcãΩìÏózë‰,0,,,336,13,5,12,14,1,6,16,14,9,11,14,20,35,57,42,30,140,166,67,146,2,3,5,7,0,4,8,6,3,6,7,9,14,29,23,10,64,72,20,190,11,2,7,7,1,2,8,8,6,5,7,11,21,28,19,20,76,94,47
42307004045,4,í∑ó^í¨,ãgñ≥ìcãΩÉTÉjÅ[É^ÉEÉììÏ,0,,,778,15,18,35,31,22,44,21,28,43,49,52,90,114,73,59,68,494,215,83,363,8,10,23,19,8,19,8,9,22,17,20,34,59,42,31,41,215,107,34,415,7,8,12,12,14,25,13,19,21,32,32,56,55,31,28,27,279,108,49
42307004046,4,í∑ó^í¨,ãgñ≥ìcãΩÉTÉjÅ[É^ÉEÉìñk,0,,,1216,38,50,67,94,92,55,50,66,42,125,107,135,107,93,40,155,873,184,51,567,24,20,26,54,39,25,27,30,17,60,45,60,54,48,18,70,411,85,19,649,14,30,41,40,53,30,23,36,25,65,62,75,53,45,22,85,462,99,32
42307004047,4,í∑ó^í¨,ãgñ≥ìcãΩÉTÉjÅ[É^ÉEÉììå,0,,,156,9,9,15,16,4,9,4,2,15,13,17,19,4,4,1,33,103,20,15,66,3,6,4,8,2,5,3,1,7,2,7,10,1,2,0,13,46,7,5,90,6,3,11,8,2,4,1,1,8,11,10,9,3,2,1,20,57,13,10
423070050,3,í∑ó^í¨,çÇìcãΩ,0,,,10583,456,449,428,528,466,436,553,582,624,750,669,655,747,799,785,1333,6010,3183,1599,4989,232,209,209,296,220,222,276,283,318,353,311,301,358,389,375,650,2938,1364,600,5594,224,240,219,232,246,214,277,299,306,397,358,354,389,410,410,683,3072,1819,999
42307005013,4,í∑ó^í¨,çÇìcãΩí“å„,2,5024,,0,0,0,0,0,0,0,0,0,0,0,0,0,0,0,0,0,0,0,0,0,0,0,0,0,0,0,0,0,0,0,0,0,0,0,0,0,0,0,0,0,0,0,0,0,0,0,0,0,0,0,0,0,0,0,0,0,0,0,0
42307005015,4,í∑ó^í¨,çÇìcãΩì˙ìññÏ,0,,,599,19,12,7,36,57,12,26,17,11,14,18,30,29,27,38,38,250,305,240,233,8,5,4,17,27,6,14,9,6,6,7,11,15,17,18,17,118,95,60,366,11,7,3,19,30,6,12,8,5,8,11,19,14,10,20,21,132,210,180
42307005016,4,í∑ó^í¨,çÇìcãΩìπÇÃîˆ,0,,,1141,50,41,32,86,57,54,73,61,73,75,64,70,85,78,84,123,698,307,145,580,25,19,15,55,33,34,37,32,38,34,34,31,50,37,39,59,378,135,59,561,25,22,17,31,24,20,36,29,35,41,30,39,35,41,45,64,320,172,86
42307005017,4,í∑ó^í¨,çÇìcãΩçÇìcâz,0,,,485,15,16,11,18,35,21,21,20,28,26,28,31,29,32,35,42,257,181,114,213,5,6,5,11,17,12,8,11,16,12,14,12,13,21,13,16,126,68,34,272,10,10,6,7,18,9,13,9,12,14,14,19,16,11,22,26,131,113,80
42307005018,4,í∑ó^í¨,çÇìcãΩçÇìcâzÅiãÊÅj,0,,,1284,75,84,86,92,61,100,84,82,97,125,107,75,52,34,36,245,875,153,83,635,41,32,37,52,28,62,43,39,49,60,51,38,30,20,17,110,452,66,29,649,34,52,49,40,33,38,41,43,48,65,56,37,22,14,19,135,423,87,54
42307005019,4,í∑ó^í¨,çÇìcãΩçÇìcâzêº,0,,,97,11,3,4,0,2,7,15,11,10,5,3,2,4,5,5,18,59,19,9,49,3,2,1,0,1,4,9,6,5,2,2,2,2,2,4,6,33,9,3,48,8,1,3,0,1,3,6,5,5,3,1,0,2,3,1,12,26,10,6
42307005020,4,í∑ó^í¨,çÇìcãΩïSçáñÏ,0,,,1277,46,52,57,50,54,50,61,81,72,90,101,86,96,90,87,155,741,381,204,596,24,24,26,27,26,23,31,42,43,41,46,37,51,39,35,74,367,155,81,681,22,28,31,23,28,27,30,39,29,49,55,49,45,51,52,81,374,226,123
42307005021,4,í∑ó^í¨,çÇìcãΩïSçáñÏëÊàÍ,0,,,354,15,15,16,13,7,8,12,11,29,20,15,24,25,27,25,46,164,144,92,159,8,10,8,8,5,3,6,4,19,7,7,9,14,11,11,26,82,51,29,195,7,5,8,5,2,5,6,7,10,13,8,15,11,16,14,20,82,93,63
42307005022,4,í∑ó^í¨,çÇìcãΩïSçáñÏëÊìÒ,0,,,1056,35,34,31,41,30,22,39,44,51,74,57,61,61,108,127,100,480,476,241,488,19,20,16,25,10,6,19,25,19,35,27,28,29,44,58,55,223,210,108,568,16,14,15,16,20,16,20,19,32,39,30,33,32,64,69,45,257,266,133
42307005023,4,í∑ó^í¨,çÇìcãΩìåçÇìc,0,,,914,36,41,40,52,47,37,56,48,59,70,66,64,60,54,62,117,559,221,105,445,21,17,21,28,26,18,28,18,33,30,29,33,32,27,28,59,275,100,45,469,15,24,19,24,21,19,28,30,26,40,37,31,28,27,34,58,284,121,60
42307005024,4,í∑ó^í¨,çÇìcãΩâ∫çÇìc,1,,005013,651,55,36,35,18,14,34,59,54,47,47,26,24,37,38,54,126,360,162,70,311,27,20,18,8,4,12,27,25,23,29,14,12,15,18,28,65,169,74,28,340,28,16,17,10,10,22,32,29,24,18,12,12,22,20,26,61,191,88,42
42307005025,4,í∑ó^í¨,çÇìcãΩêºçÇìc,0,,,1201,37,54,65,55,49,42,40,70,82,112,74,61,76,114,94,156,661,384,176,570,16,28,38,30,27,21,23,32,43,55,36,30,29,53,42,82,326,162,67,631,21,26,27,25,22,21,17,38,39,57,38,31,47,61,52,74,335,222,109
42307005043,4,í∑ó^í¨,çÇìcãΩìÏózë‰,0,,,936,39,38,28,29,20,29,46,57,39,39,44,64,126,141,113,105,493,337,83,438,22,17,12,17,5,15,19,31,12,17,17,27,47,73,67,51,207,179,39,498,17,21,16,12,15,14,27,26,27,22,27,37,79,68,46,54,286,158,44
42307005049,4,í∑ó^í¨,çÇìcãΩÉtÉHÅ[Éåñkózë‰,0,,,588,23,23,16,38,33,20,21,26,26,53,66,63,67,51,25,62,413,113,37,272,13,9,8,18,11,6,12,9,12,25,27,31,31,27,15,30,182,60,18,316,10,14,8,20,22,14,9,17,14,28,39,32,36,24,10,32,231,53,19
423070060,3,í∑ó^í¨,ä€ìcãΩ,0,,,2436,195,133,102,95,63,150,210,151,131,120,111,154,151,173,168,430,1336,670,329,1173,104,72,56,49,31,67,102,76,55,57,50,76,63,92,80,232,626,315,143,1263,91,61,46,46,32,83,108,75,76,63,61,78,88,81,88,198,710,355,186
42307006011,4,í∑ó^í¨,ä€ìcãΩì‡âÄ,0,,,198,12,7,6,15,6,13,13,10,12,11,13,28,15,18,7,25,136,37,12,90,3,6,3,5,4,3,6,4,7,5,3,13,7,12,3,12,57,21,6,108,9,1,3,10,2,10,7,6,5,6,10,15,8,6,4,13,79,16,6
42307006026,4,í∑ó^í¨,ä€ìcãΩìÏìcêÏì‡,0,,,1010,28,40,44,48,29,31,41,41,50,63,52,69,82,85,104,112,506,392,203,477,12,26,23,29,13,15,18,22,19,29,23,34,34,43,46,61,236,180,91,533,16,14,21,19,16,16,23,19,31,34,29,35,48,42,58,51,270,212,112
42307006027,4,í∑ó^í¨,ä€ìcãΩä€ìcíJ,0,,,627,23,34,22,24,13,23,39,38,27,25,34,49,51,65,54,79,323,225,106,299,12,13,15,12,6,13,17,20,9,14,17,26,20,34,29,40,154,105,42,328,11,21,7,12,7,10,22,18,18,11,17,23,31,31,25,39,169,120,64
42307006028,4,í∑ó^í¨,ä€ìcãΩä€ìcÉAÉpÅ[Ég,0,,,520,125,47,23,7,14,80,109,58,37,14,5,0,1,0,0,195,325,0,0,266,73,25,11,3,7,36,56,27,17,8,2,0,1,0,0,109,157,0,0,254,52,22,12,4,7,44,53,31,20,6,3,0,0,0,0,86,168,0,0
42307006029,4,í∑ó^í¨,ä€ìcãΩäFëO,0,,,81,7,5,7,1,1,3,8,4,5,7,7,8,2,5,3,19,46,16,8,41,4,2,4,0,1,0,5,3,3,1,5,3,1,3,2,10,22,9,4,40,3,3,3,1,0,3,3,1,2,6,2,5,1,2,1,9,24,7,4
423070070,3,í∑ó^í¨,äó¢ãΩ,0,,,5257,201,231,266,239,188,192,226,283,306,412,365,345,371,409,447,698,2927,1614,758,2441,105,122,144,115,82,92,118,132,135,192,177,158,173,184,205,371,1374,687,298,2816,96,109,122,124,106,100,108,151,171,220,188,187,198,225,242,327,1553,927,460
42307007029,4,í∑ó^í¨,äó¢ãΩäFëO,0,,,994,36,48,51,47,32,24,40,48,50,76,67,86,69,74,73,135,539,312,165,448,24,23,27,29,17,5,21,24,14,36,30,40,29,35,36,74,245,127,56,546,12,25,24,18,15,19,19,24,36,40,37,46,40,39,37,61,294,185,109
42307007030,4,í∑ó^í¨,äó¢ãΩäó¢íÜâõ,0,,,1691,67,65,77,71,63,59,66,87,97,133,124,93,125,120,154,209,918,557,283,775,38,35,33,31,30,30,32,42,43,63,57,45,61,56,60,106,434,230,114,916,29,30,44,40,33,29,34,45,54,70,67,48,64,64,94,103,484,327,169
42307007031,4,í∑ó^í¨,äó¢ãΩíËó—,0,,,590,21,26,31,25,20,16,23,34,39,37,42,42,50,50,40,78,328,184,94,277,10,16,16,13,7,9,13,13,21,14,22,18,27,23,16,42,157,78,39,313,11,10,15,12,13,7,10,21,18,23,20,24,23,27,24,36,171,106,55
42307007032,4,í∑ó^í¨,äó¢ãΩäó¢íJ,0,,,724,31,33,44,28,26,39,38,42,46,67,43,58,63,56,48,108,450,165,61,356,14,18,29,14,12,22,18,21,21,32,24,29,29,28,21,61,222,72,23,368,17,15,15,14,14,17,20,21,25,35,19,29,34,28,27,47,228,93,38
42307007033,4,í∑ó^í¨,äó¢ãΩéOç ,0,,,1258,46,59,63,68,47,54,59,72,74,99,89,66,64,109,132,168,692,396,155,585,19,30,39,28,16,26,34,32,36,47,44,26,27,42,72,88,316,180,66,673,27,29,24,40,31,28,25,40,38,52,45,40,37,67,60,80,376,216,89
423070080,3,í∑ó^í¨,êƒì°ãΩ,0,,,716,32,33,37,20,21,27,31,36,50,34,51,38,45,60,72,102,353,259,127,349,15,20,19,9,13,14,12,15,29,17,28,14,28,23,39,54,179,114,52,367,17,13,18,11,8,13,19,21,21,17,23,24,17,37,33,48,174,145,75
42307008034,4,í∑ó^í¨,êƒì°ãΩè„êƒì°,0,,,295,14,16,14,8,11,12,16,16,22,13,23,16,16,30,25,44,153,96,41,141,6,9,7,4,8,4,6,6,14,8,12,5,12,11,12,22,79,38,15,154,8,7,7,4,3,8,10,10,8,5,11,11,4,19,13,22,74,58,26
42307008035,4,í∑ó^í¨,êƒì°ãΩñ—âÆîíí√,0,,,305,14,16,14,8,7,12,10,15,23,15,19,18,20,23,33,44,147,114,58,151,7,10,7,3,4,8,4,6,12,7,11,8,10,9,18,24,73,54,27,154,7,6,7,5,3,4,6,9,11,8,8,10,10,14,15,20,74,60,31
42307008036,4,í∑ó^í¨,êƒì°ãΩèMí√,0,,,116,4,1,9,4,3,3,5,5,5,6,9,4,9,7,14,14,53,49,28,57,2,1,5,2,1,2,2,3,3,2,5,1,6,3,9,8,27,22,10,59,2,0,4,2,2,1,3,2,2,4,4,3,3,4,5,6,26,27,18
423070090,3,í∑ó^í¨,â™ãΩ,0,,,3743,141,158,139,165,151,174,173,195,196,254,263,264,279,343,272,438,2114,1187,572,1776,71,86,73,96,78,87,79,90,104,117,132,116,147,170,126,230,1046,498,202,1967,70,72,66,69,73,87,94,105,92,137,131,148,132,173,146,208,1068,689,370
42307009032,4,í∑ó^í¨,â™ãΩäó¢íJ,0,,,98,1,3,2,5,4,4,1,2,2,8,9,8,11,13,9,6,54,38,16,48,0,1,2,3,2,3,0,1,1,3,4,3,8,8,2,3,28,17,7,50,1,2,0,2,2,1,1,1,1,5,5,5,3,5,7,3,26,21,9
42307009033,4,í∑ó^í¨,â™ãΩéOç ,0,,,136,5,3,4,2,4,4,8,4,8,6,9,8,10,14,17,12,63,61,30,66,4,1,2,2,2,1,4,2,5,4,5,4,5,5,9,7,34,25,11,70,1,2,2,0,2,3,4,2,3,2,4,4,5,9,8,5,29,36,19
42307009036,4,í∑ó^í¨,â™ãΩèMí√,0,,,271,7,12,12,21,13,4,6,12,21,27,20,21,10,26,14,31,155,85,45,132,5,6,6,12,7,2,2,4,12,11,10,11,8,13,4,17,79,36,19,139,2,6,6,9,6,2,4,8,9,16,10,10,2,13,10,14,76,49,26
42307009037,4,í∑ó^í¨,â™ãΩç≤ï~êÏì‡,0,,,627,20,19,22,28,24,35,34,29,22,35,57,58,49,63,50,61,371,193,80,306,12,10,9,18,13,16,14,12,14,15,25,25,28,37,25,31,180,94,32,321,8,9,13,10,11,19,20,17,8,20,32,33,21,26,25,30,191,99,48
42307009038,4,í∑ó^í¨,â™ãΩëOìcêÏì‡,0,,,922,48,46,29,44,37,52,49,60,66,52,59,64,75,91,72,123,558,239,76,445,22,24,14,23,16,28,23,30,34,21,32,28,39,39,39,60,274,110,32,477,26,22,15,21,21,24,26,30,32,31,27,36,36,52,33,63,284,129,44
42307009039,4,í∑ó^í¨,â™ãΩâ™íÜâõ,0,,,1148,46,54,50,46,60,57,54,59,54,97,86,69,87,90,75,150,669,329,164,535,21,33,27,27,32,29,26,27,26,48,43,28,42,43,35,81,328,126,48,613,25,21,23,19,28,28,28,32,28,49,43,41,45,47,40,69,341,203,116
42307009040,4,í∑ó^í¨,â™ãΩînçûàÍñ{èº,0,,,263,6,9,10,7,4,7,10,13,5,15,7,12,17,19,12,25,97,141,110,117,5,6,9,4,3,2,4,8,2,8,4,6,8,9,6,20,49,48,33,146,1,3,1,3,1,5,6,5,3,7,3,6,9,10,6,5,48,93,77
42307009041,4,í∑ó^í¨,â™ãΩâñè∞,1,,009042,148,4,3,2,3,1,4,6,9,11,8,9,14,13,17,12,9,78,61,32,74,1,2,1,1,0,2,4,4,6,6,6,6,7,10,3,4,42,28,15,74,3,1,1,2,1,2,2,5,5,2,3,8,6,7,9,5,36,33,17
42307009042,4,í∑ó^í¨,â™ãΩêÏì™,2,9041,,0,0,0,0,0,0,0,0,0,0,0,0,0,0,0,0,0,0,0,0,0,0,0,0,0,0,0,0,0,0,0,0,0,0,0,0,0,0,0,0,0,0,0,0,0,0,0,0,0,0,0,0,0,0,0,0,0,0,0,0
42307009044,4,í∑ó^í¨,â™ãΩâ™ñ¶,0,,,130,4,9,8,9,4,7,5,7,7,6,7,10,7,10,11,21,69,40,19,53,1,3,3,6,3,4,2,2,4,1,3,5,2,6,3,7,32,14,5,77,3,6,5,3,1,3,3,5,3,5,4,5,5,4,8,14,37,26,14
423070100,3,í∑ó^í¨,Ç‹Ç»Ç—ñÏ,0,,,2465,79,78,113,267,253,114,93,103,120,196,336,313,144,64,61,270,1939,222,97,1107,41,45,55,114,78,59,40,46,54,73,143,161,80,38,27,141,848,106,41,1358,38,33,58,153,175,55,53,57,66,123,193,152,64,26,34,129,1091,116,56
42307010001,4,í∑ó^í¨,Ç‹Ç»Ç—ñÏàÍíöñ⁄,0,,,28,6,1,0,0,0,6,5,5,0,1,0,1,1,0,1,7,19,2,1,14,4,0,0,0,0,3,2,3,0,0,0,1,0,0,1,4,9,1,0,14,2,1,0,0,0,3,3,2,0,1,0,0,1,0,0,3,10,1,1
42307010002,4,í∑ó^í¨,Ç‹Ç»Ç—ñÏìÒíöñ⁄,0,,,1177,34,34,47,112,144,60,48,58,55,70,142,176,79,31,21,115,944,97,45,506,15,19,22,43,41,29,19,26,24,26,55,89,44,21,8,56,396,49,20,671,19,15,25,69,103,31,29,32,31,44,87,87,35,10,13,59,548,48,25
42307010003,4,í∑ó^í¨,Ç‹Ç»Ç—ñÏéOíöñ⁄,0,,,1260,39,43,66,155,109,48,40,40,65,125,194,136,64,33,39,148,976,123,51,587,22,26,33,71,37,27,19,17,30,47,88,71,36,17,18,81,443,56,21,673,17,17,33,84,72,21,21,23,35,78,106,65,28,16,21,67,533,67,30
423070110,3,í∑ó^í¨,ñkózë‰,0,,,1516,198,303,172,53,8,27,128,239,219,85,17,20,17,13,5,673,813,30,12,753,98,165,87,25,3,13,64,112,104,48,6,9,7,6,2,350,391,12,4,763,100,138,85,28,5,14,64,127,115,37,11,11,10,7,3,323,422,18,8
42307011001,4,í∑ó^í¨,ñkózë‰àÍíöñ⁄,0,,,0,0,0,0,0,0,0,0,0,0,0,0,0,0,0,0,0,0,0,0,0,0,0,0,0,0,0,0,0,0,0,0,0,0,0,0,0,0,0,0,0,0,0,0,0,0,0,0,0,0,0,0,0,0,0,0,0,0,0,0
42307011002,4,í∑ó^í¨,ñkózë‰ìÒíöñ⁄,0,,,1516,198,303,172,53,8,27,128,239,219,85,17,20,17,13,5,673,813,30,12,753,98,165,87,25,3,13,64,112,104,48,6,9,7,6,2,350,391,12,4,763,100,138,85,28,5,14,64,127,115,37,11,11,10,7,3,323,422,18,8
42308,1,éûí√í¨,,0,,,29339,1342,1431,1759,1775,1239,1223,1460,1792,2011,2197,1812,1662,1712,2049,2025,4532,16883,7859,3785,14116,703,755,1013,978,562,591,718,850,987,1086,845,809,771,973,941,2471,8197,3396,1482,15223,639,676,746,797,677,632,742,942,1024,1111,967,853,941,1076,1084,2061,8686,4463,2303
423080010,2,éûí√í¨,éqÅXêÏãΩ,0,,,499,12,21,16,22,16,17,11,13,30,30,30,42,43,39,45,49,254,196,112,227,8,9,8,9,7,7,4,5,16,12,12,22,24,18,20,25,118,84,46,272,4,12,8,13,9,10,7,8,14,18,18,20,19,21,25,24,136,112,66
423080020,2,éûí√í¨,ì˙ï¿ãΩ,0,,,4877,334,363,259,212,181,199,334,350,356,337,240,230,278,330,351,956,2717,1189,508,2388,183,186,145,118,88,105,162,156,187,179,109,105,121,163,165,514,1330,532,204,2489,151,177,114,94,93,94,172,194,169,158,131,125,157,167,186,442,1387,657,304
423080030,2,éûí√í¨,ãvóØó¢ãΩ,0,,,2408,134,141,145,106,92,116,158,165,181,189,118,96,127,167,173,420,1348,635,295,1170,63,82,74,59,43,66,78,73,98,92,57,55,58,69,77,219,679,267,121,1238,71,59,71,47,49,50,80,92,83,97,61,41,69,98,96,201,669,368,174
423080040,2,éûí√í¨,ç∂íÍãΩ,0,,,3013,123,133,344,410,72,112,142,172,186,181,169,168,174,186,186,600,1786,625,253,1635,60,69,274,320,27,49,74,73,98,82,75,76,78,84,89,403,952,279,106,1378,63,64,70,90,45,63,68,99,88,99,94,92,96,102,97,197,834,346,147
423080050,3,éûí√í¨,å≥ë∫ãΩ,0,,,4003,140,138,164,300,297,158,194,212,214,287,252,280,246,300,276,442,2440,1118,542,1855,69,75,91,128,122,70,95,109,112,135,112,132,113,144,129,235,1128,491,218,2148,71,63,73,172,175,88,99,103,102,152,140,148,133,156,147,207,1312,627,324
42308005041,4,éûí√í¨,å≥ë∫ãΩ,0,,,2551,76,59,100,244,240,96,106,116,136,187,176,193,154,178,150,235,1648,665,337,1154,36,32,51,100,90,41,47,64,73,87,77,93,80,82,69,119,752,282,131,1397,40,27,49,144,150,55,59,52,63,100,99,100,74,96,81,116,896,383,206
42308005042,4,éûí√í¨,å≥ë∫ãΩ,0,,,1452,64,79,64,56,57,62,88,96,78,100,76,87,92,122,126,207,792,453,205,701,33,43,40,28,32,29,48,45,39,48,35,39,33,62,60,116,376,209,87,751,31,36,24,28,25,33,40,51,39,52,41,48,59,60,66,91,416,244,118
423080060,2,éûí√í¨,ñÏìcãΩ,0,,,2430,94,123,144,115,88,97,95,139,184,193,165,163,162,182,152,361,1401,667,333,1127,47,59,74,55,33,48,47,66,88,92,78,75,73,90,69,180,655,291,132,1303,47,64,70,60,55,49,48,73,96,101,87,88,89,92,83,181,746,376,201
423080070,3,éûí√í¨,âYãΩ,0,,,1386,48,61,111,85,64,41,41,83,120,135,98,57,80,103,97,220,804,362,162,658,20,39,59,43,39,17,22,42,52,65,44,29,30,48,49,118,383,157,60,728,28,22,52,42,25,24,19,41,68,70,54,28,50,55,48,102,421,205,102
42308007061,4,éûí√í¨,âYãΩ,0,,,453,12,14,33,35,28,15,8,14,32,43,43,20,33,38,38,59,271,123,47,215,5,9,18,16,13,6,6,8,13,22,19,10,12,23,18,32,125,58,17,238,7,5,15,19,15,9,2,6,19,21,24,10,21,15,20,27,146,65,30
42308007062,4,éûí√í¨,âYãΩ,0,,,189,6,6,9,7,3,5,4,10,14,15,9,10,12,18,17,21,89,79,44,89,2,5,5,4,2,2,3,6,6,6,6,4,6,8,9,12,45,32,15,100,4,1,4,3,1,3,1,4,8,9,3,6,6,10,8,9,44,47,29
42308007063,4,éûí√í¨,âYãΩ,0,,,385,18,34,38,20,8,6,9,41,48,36,14,14,19,27,22,90,215,80,31,190,9,22,19,12,5,2,5,19,22,19,6,8,7,8,12,50,105,35,15,195,9,12,19,8,3,4,4,22,26,17,8,6,12,19,10,40,110,45,16
42308007064,4,éûí√í¨,âYãΩ,0,,,359,12,7,31,23,25,15,20,18,26,41,32,13,16,20,20,50,229,80,40,164,4,3,17,11,19,7,8,9,11,18,13,7,5,9,10,24,108,32,13,195,8,4,14,12,6,8,12,9,15,23,19,6,11,11,10,26,121,48,27
423080080,3,éûí√í¨,ïlìcãΩ,0,,,6702,269,286,339,288,249,247,269,397,463,486,450,416,408,526,523,894,3673,2124,1075,3143,153,156,172,133,116,115,138,190,210,246,221,206,175,250,245,481,1750,901,406,3559,116,130,167,155,133,132,131,207,253,240,229,210,233,276,278,413,1923,1223,669
42308008071,4,éûí√í¨,ïlìcãΩ,0,,,498,22,15,30,31,16,13,26,27,36,36,42,29,33,28,42,67,289,141,71,244,11,6,17,18,10,8,14,14,19,17,21,12,16,14,18,34,149,60,28,254,11,9,13,13,6,5,12,13,17,19,21,17,17,14,24,33,140,81,43
42308008072,4,éûí√í¨,ïlìcãΩ,0,,,994,55,51,52,64,51,38,48,66,76,101,78,59,39,70,54,158,620,215,91,468,32,27,29,22,23,17,24,33,34,47,41,34,17,26,25,88,292,87,36,526,23,24,23,42,28,21,24,33,42,54,37,25,22,44,29,70,328,128,55
42308008073,4,éûí√í¨,ïlìcãΩ,0,,,693,40,32,36,23,24,27,28,53,46,45,44,44,40,57,56,108,374,210,97,315,19,16,15,15,13,12,15,26,19,21,15,23,13,26,23,50,172,92,43,378,21,16,21,8,11,15,13,27,27,24,29,21,27,31,33,58,202,118,54
42308008074,4,éûí√í¨,ïlìcãΩ,0,,,1478,53,60,61,46,34,37,43,88,97,108,82,74,61,104,117,174,670,634,413,648,35,35,24,19,10,16,19,42,45,64,39,37,22,48,57,94,313,241,136,830,18,25,37,27,24,21,24,46,52,44,43,37,39,56,60,80,357,393,277
42308008075,4,éûí√í¨,ïlìcãΩ,0,,,1189,28,33,50,53,47,55,46,49,76,76,97,86,119,118,107,111,704,369,144,588,18,18,29,21,18,27,22,26,40,35,52,47,55,61,54,65,343,175,60,601,10,15,21,32,29,28,24,23,36,41,45,39,64,57,53,46,361,194,84
42308008081,4,éûí√í¨,ïlìcãΩ,0,,,1850,71,95,110,71,77,77,78,114,132,120,107,124,116,149,147,276,1016,555,259,880,38,54,58,38,42,35,44,49,53,62,53,53,52,75,68,150,481,246,103,970,33,41,52,33,35,42,34,65,79,58,54,71,64,74,79,126,535,309,156
423080090,2,éûí√í¨,êºéûí√ãΩ,0,,,4021,188,165,237,237,180,236,216,261,277,359,290,210,194,216,222,590,2460,943,505,1913,100,80,116,113,87,114,98,136,126,183,137,109,99,107,98,296,1202,394,189,2108,88,85,121,124,93,122,118,125,151,176,153,101,95,109,124,294,1258,549,316
42321,1,ìåîﬁãní¨,,0,,,7721,209,309,335,292,183,224,323,347,397,424,475,516,674,725,677,853,3855,2991,1589,3686,109,149,180,155,95,114,165,178,205,200,245,254,336,362,336,438,1947,1288,590,4035,100,160,155,137,88,110,158,169,192,224,230,262,338,363,341,415,1908,1703,999
423210010,2,ìåîﬁãní¨,è¨âπã’ãΩ,0,,,148,3,4,7,9,2,1,3,8,11,12,7,8,14,13,20,14,75,59,26,65,2,3,1,2,1,0,2,5,5,5,3,4,5,9,10,6,32,27,8,83,1,1,6,7,1,1,1,3,6,7,4,4,9,4,10,8,43,32,18
423210020,3,ìåîﬁãní¨,ëÂâπã’ãΩ,0,,,415,9,25,26,8,12,13,22,14,15,22,27,31,39,43,29,60,203,152,80,200,4,10,16,5,6,5,14,8,9,9,16,11,16,24,17,30,99,71,30,215,5,15,10,3,6,8,8,6,6,13,11,20,23,19,12,30,104,81,50
42321002002,4,ìåîﬁãní¨,ëÂâπã’ãΩ,0,,,212,3,4,6,2,6,7,15,7,9,12,11,18,24,25,21,13,111,88,42,99,2,1,3,2,2,1,9,5,6,7,7,6,9,14,13,6,54,39,12,113,1,3,3,0,4,6,6,2,3,5,4,12,15,11,8,7,57,49,30
42321002003,4,ìåîﬁãní¨,ëÂâπã’ãΩ,0,,,203,6,21,20,6,6,6,7,7,6,10,16,13,15,18,8,47,92,64,38,101,2,9,13,3,4,4,5,3,3,2,9,5,7,10,4,24,45,32,18,102,4,12,7,3,2,2,2,4,3,8,7,8,8,8,4,23,47,32,20
423210030,2,ìåîﬁãní¨,å˚ñÿìcãΩ,0,,,115,9,9,5,2,2,2,4,9,7,5,5,11,5,11,8,23,52,36,17,61,6,7,3,1,2,1,3,5,3,1,4,4,4,3,5,16,28,14,6,54,3,2,2,1,0,1,1,4,4,4,1,7,1,8,3,7,24,22,11
423210040,3,ìåîﬁãní¨,ë†ñ{ãΩ,0,,,1260,43,58,63,52,33,46,77,64,81,75,80,82,108,112,91,164,698,398,195,592,21,28,33,28,16,27,35,28,37,38,32,44,59,49,40,82,344,166,77,668,22,30,30,24,17,19,42,36,44,37,48,38,49,63,51,82,354,232,118
42321004005,4,ìåîﬁãní¨,ë†ñ{ãΩ,1,,004006,620,14,19,30,27,13,11,30,17,34,46,33,45,62,63,55,63,318,239,121,293,7,11,17,12,5,5,13,7,14,23,13,26,36,32,24,35,154,104,48,327,7,8,13,15,8,6,17,10,20,23,20,19,26,31,31,28,164,135,73
42321004006,4,ìåîﬁãní¨,ë†ñ{ãΩ,2,4005,,0,0,0,0,0,0,0,0,0,0,0,0,0,0,0,0,0,0,0,0,0,0,0,0,0,0,0,0,0,0,0,0,0,0,0,0,0,0,0,0,0,0,0,0,0,0,0,0,0,0,0,0,0,0,0,0,0,0,0,0
42321004007,4,ìåîﬁãní¨,ë†ñ{ãΩ,0,,,356,16,17,16,15,8,24,19,29,22,10,29,24,24,31,22,49,204,103,50,166,7,7,7,9,5,16,13,15,8,7,12,10,13,10,10,21,108,37,17,190,9,10,9,6,3,8,6,14,14,3,17,14,11,21,12,28,96,66,33
42321004009,4,ìåîﬁãní¨,ë†ñ{ãΩ,0,,,284,13,22,17,10,12,11,28,18,25,19,18,13,22,18,14,52,176,56,24,133,7,10,9,7,6,6,9,6,15,8,7,8,10,7,6,26,82,25,12,151,6,12,8,3,6,5,19,12,10,11,11,5,12,11,8,26,94,31,12
423210050,3,ìåîﬁãní¨,îﬁãnèhãΩ,0,,,1303,35,51,39,31,27,39,46,50,72,67,70,72,91,119,108,125,565,613,386,581,18,21,20,16,11,22,22,26,41,28,34,36,48,58,53,59,284,238,127,722,17,30,19,15,16,17,24,24,31,39,36,36,43,61,55,66,281,375,259
42321005006,4,ìåîﬁãní¨,îﬁãnèhãΩ,0,,,138,3,6,10,9,2,3,1,8,12,6,5,11,8,13,15,19,65,54,26,71,3,3,6,5,1,2,1,4,6,3,2,5,3,7,9,12,32,27,11,67,0,3,4,4,1,1,0,4,6,3,3,6,5,6,6,7,33,27,15
42321005007,4,ìåîﬁãní¨,îﬁãnèhãΩ,0,,,126,6,9,5,5,2,3,4,6,7,14,11,8,12,10,11,20,72,34,13,54,1,2,3,2,1,2,1,3,3,7,5,6,5,3,5,6,35,13,5,72,5,7,2,3,1,1,3,3,4,7,6,2,7,7,6,14,37,21,8
42321005008,4,ìåîﬁãní¨,îﬁãnèhãΩ,0,,,686,18,19,18,7,8,19,21,25,31,28,28,26,31,65,55,55,224,407,287,273,10,8,7,4,1,10,9,13,17,9,15,12,17,31,27,25,107,141,83,413,8,11,11,3,7,9,12,12,14,19,13,14,14,34,28,30,117,266,204
42321005009,4,ìåîﬁãní¨,îﬁãnèhãΩ,0,,,338,8,17,6,10,15,14,20,11,22,19,25,23,39,28,27,31,198,109,54,177,4,8,4,5,8,8,11,6,15,9,12,12,23,14,12,16,109,52,26,161,4,9,2,5,7,6,9,5,7,10,13,11,16,14,15,15,89,57,28
42321005010,4,ìåîﬁãní¨,îﬁãnèhãΩ,0,,,15,0,0,0,0,0,0,0,0,0,0,1,4,1,3,0,0,6,9,6,6,0,0,0,0,0,0,0,0,0,0,0,1,0,3,0,0,1,5,2,9,0,0,0,0,0,0,0,0,0,0,1,3,1,0,0,0,5,4,4
423210060,3,ìåîﬁãní¨,éOç™ãΩ,0,,,837,24,45,45,36,27,24,57,39,40,56,52,55,74,66,71,114,460,262,125,417,13,20,27,24,15,11,29,19,22,22,35,25,36,33,35,60,238,119,51,420,11,25,18,12,12,13,28,20,18,34,17,30,38,33,36,54,222,143,74
42321006009,4,ìåîﬁãní¨,éOç™ãΩ,0,,,149,2,4,13,7,7,7,8,10,7,16,9,8,9,16,10,19,88,42,16,79,2,1,10,5,2,3,3,6,4,6,7,2,4,11,5,13,42,24,8,70,0,3,3,2,5,4,5,4,3,10,2,6,5,5,5,6,46,18,8
42321006010,4,ìåîﬁãní¨,éOç™ãΩ,0,,,98,2,5,6,6,4,3,8,6,6,5,6,5,10,7,5,13,59,25,13,48,1,1,4,4,3,3,3,2,4,2,3,2,4,4,2,6,30,12,6,50,1,4,2,2,1,0,5,4,2,3,3,3,6,3,3,7,29,13,7
42321006011,4,ìåîﬁãní¨,éOç™ãΩ,0,,,39,1,0,0,1,1,3,3,1,0,2,3,3,10,1,3,1,27,11,7,19,1,0,0,1,0,0,1,1,0,2,3,1,5,0,2,1,14,4,2,20,0,0,0,0,1,3,2,0,0,0,0,2,5,1,1,0,13,7,5
42321006012,4,ìåîﬁãní¨,éOç™ãΩ,0,,,247,10,14,11,11,4,4,16,8,7,13,17,17,23,17,24,35,120,92,51,117,5,9,7,7,3,2,8,3,3,7,10,9,9,9,10,21,61,35,16,130,5,5,4,4,1,2,8,5,4,6,7,8,14,8,14,14,59,57,35
42321006013,4,ìåîﬁãní¨,éOç™ãΩ,0,,,304,9,22,15,11,11,7,22,14,20,20,17,22,22,25,29,46,166,92,38,154,4,9,6,7,7,3,14,7,11,5,12,11,14,9,16,19,91,44,19,150,5,13,9,4,4,4,8,7,9,15,5,11,8,16,13,27,75,48,19
423210070,3,ìåîﬁãní¨,êÏì‡ãΩ,0,,,257,5,8,9,8,10,8,14,5,11,11,21,17,30,19,20,22,135,100,61,129,2,2,6,5,4,3,7,2,6,6,8,9,15,13,11,10,65,54,30,128,3,6,3,3,6,5,7,3,5,5,13,8,15,6,9,12,70,46,31
42321007014,4,ìåîﬁãní¨,êÏì‡ãΩ,0,,,185,3,7,8,5,10,6,8,2,10,11,16,9,22,14,13,18,99,68,41,92,1,1,5,4,4,2,3,1,6,6,7,4,12,9,7,7,49,36,20,93,2,6,3,1,6,4,5,1,4,5,9,5,10,5,6,11,50,32,21
42321007015,4,ìåîﬁãní¨,êÏì‡ãΩ,0,,,72,2,1,1,3,0,2,6,3,1,0,5,8,8,5,7,4,36,32,20,37,1,1,1,1,0,1,4,1,0,0,1,5,3,4,4,3,16,18,10,35,1,0,0,2,0,1,2,2,1,0,4,3,5,1,3,1,20,14,10
423210080,3,ìåîﬁãní¨,ñ@âπéõãΩ,1,,008010;008016,158,2,4,11,11,3,4,1,3,13,10,11,7,8,21,23,17,71,69,25,84,0,2,8,8,3,2,1,1,7,3,5,4,5,10,11,10,39,34,13,74,2,2,3,3,0,2,0,2,6,7,6,3,3,11,12,7,32,35,12
42321008010,4,ìåîﬁãní¨,ñ@âπéõãΩ,2,80,,0,0,0,0,0,0,0,0,0,0,0,0,0,0,0,0,0,0,0,0,0,0,0,0,0,0,0,0,0,0,0,0,0,0,0,0,0,0,0,0,0,0,0,0,0,0,0,0,0,0,0,0,0,0,0,0,0,0,0,0
42321008016,4,ìåîﬁãní¨,ñ@âπéõãΩ,2,80,,0,0,0,0,0,0,0,0,0,0,0,0,0,0,0,0,0,0,0,0,0,0,0,0,0,0,0,0,0,0,0,0,0,0,0,0,0,0,0,0,0,0,0,0,0,0,0,0,0,0,0,0,0,0,0,0,0,0,0,0
423210090,2,ìåîﬁãní¨,êõñ≥ìcãΩ,0,,,159,0,4,4,6,2,4,5,5,3,6,12,15,15,22,17,8,73,78,39,83,0,4,3,2,2,2,4,1,1,4,7,9,8,8,11,7,40,36,17,76,0,0,1,4,0,2,1,4,2,2,5,6,7,14,6,1,33,42,22
423210100,2,ìåîﬁãní¨,ç‚ñ{ãΩ,0,,,186,2,5,4,5,2,1,5,16,6,4,12,11,27,28,20,11,89,86,38,98,1,5,3,2,1,0,4,10,5,2,5,6,12,14,13,9,47,42,15,88,1,0,1,3,1,1,1,6,1,2,7,5,15,14,7,2,42,44,23
423210110,3,ìåîﬁãní¨,íÜîˆãΩ,0,,,229,8,9,11,13,8,11,11,14,15,9,10,14,28,16,16,28,133,68,36,100,4,4,4,2,3,6,4,8,9,5,4,8,9,9,8,12,58,30,13,129,4,5,7,11,5,5,7,6,6,4,6,6,19,7,8,16,75,38,23
42321011019,4,ìåîﬁãní¨,íÜîˆãΩ,0,,,91,2,4,6,5,3,4,1,6,8,5,7,4,10,7,5,12,53,26,14,43,1,3,4,0,1,2,0,4,5,3,2,3,3,5,2,8,23,12,5,48,1,1,2,5,2,2,1,2,3,2,5,1,7,2,3,4,30,14,9
42321011020,4,ìåîﬁãní¨,íÜîˆãΩ,0,,,138,6,5,5,8,5,7,10,8,7,4,3,10,18,9,11,16,80,42,22,57,3,1,0,2,2,4,4,4,4,2,2,5,6,4,6,4,35,18,8,81,3,4,5,6,3,3,6,4,3,2,1,5,12,5,5,12,45,24,14
423210120,2,ìåîﬁãní¨,ëæÉmâYãΩ,0,,,48,0,3,1,2,4,2,1,1,4,0,4,6,7,2,3,4,31,13,8,25,0,2,0,0,3,1,1,1,2,0,2,3,5,1,1,2,18,5,3,23,0,1,1,2,1,1,0,0,2,0,2,3,2,1,2,2,13,8,5
423210130,3,ìåîﬁãní¨,î™îΩìcãΩ,0,,,205,10,4,8,9,6,7,6,6,14,9,15,16,20,19,16,22,108,75,40,96,6,1,3,4,3,4,3,5,9,2,8,5,11,10,6,10,54,32,16,109,4,3,5,5,3,3,3,1,5,7,7,11,9,9,10,12,54,43,24
42321013022,4,ìåîﬁãní¨,î™îΩìcãΩ,0,,,169,10,3,6,7,6,4,6,4,9,8,12,14,20,18,10,19,90,60,32,79,6,0,3,4,3,2,3,3,5,2,7,4,11,10,3,9,44,26,13,90,4,3,3,3,3,2,3,1,4,6,5,10,9,8,7,10,46,34,19
42321013024,4,ìåîﬁãní¨,î™îΩìcãΩ,0,,,36,0,1,2,2,0,3,0,2,5,1,3,2,0,1,6,3,18,15,8,17,0,1,0,0,0,2,0,2,4,0,1,1,0,0,3,1,10,6,3,19,0,0,2,2,0,1,0,0,1,1,2,1,0,1,3,2,8,9,5
423210140,3,ìåîﬁãní¨,êÁñ»èhãΩ,0,,,384,8,11,12,10,10,10,11,11,14,16,22,33,35,44,39,31,172,178,95,183,5,6,6,6,6,4,5,5,9,7,12,13,20,23,17,17,87,77,37,201,3,5,6,4,4,6,6,6,5,9,10,20,15,21,22,14,85,101,58
42321014023,4,ìåîﬁãní¨,êÁñ»èhãΩ,0,,,38,1,2,1,1,0,0,1,1,1,2,1,2,1,4,10,4,10,24,10,22,1,1,1,1,0,0,1,0,0,2,1,1,1,3,4,3,7,12,5,16,0,1,0,0,0,0,0,1,1,0,0,1,0,1,6,1,3,12,5
42321014024,4,ìåîﬁãní¨,êÁñ»èhãΩ,0,,,346,7,9,11,9,10,10,10,10,13,14,21,31,34,40,29,27,162,154,85,161,4,5,5,5,6,4,4,5,9,5,11,12,19,20,13,14,80,65,32,185,3,4,6,4,4,6,6,5,4,9,10,19,15,20,16,13,82,89,53
423210150,2,ìåîﬁãní¨,ê£åÀãΩ,0,,,337,12,14,17,12,6,8,13,16,13,28,19,33,22,24,30,43,170,120,66,163,5,6,12,4,3,3,5,8,5,15,11,17,11,14,11,23,82,57,32,174,7,8,5,8,3,5,8,8,8,13,8,16,11,10,19,20,88,63,34
423210160,2,ìåîﬁãní¨,ë ínãΩ,0,,,413,8,12,23,21,5,14,11,21,21,21,39,27,29,37,39,43,209,154,78,193,3,5,13,9,3,5,8,11,10,11,18,14,11,19,19,21,100,67,29,220,5,7,10,12,2,9,3,10,11,10,21,13,18,18,20,22,109,87,49
423210170,2,ìåîﬁãní¨,ïΩéóìcãΩ,0,,,335,8,10,14,24,10,8,7,13,23,28,16,16,31,24,40,32,176,125,61,163,5,7,5,17,7,5,4,5,8,17,9,6,14,11,22,17,92,53,20,172,3,3,9,7,3,3,3,8,15,11,7,10,17,13,18,15,84,72,41
423210180,2,ìåîﬁãní¨,íÜäxãΩ,0,,,80,1,3,4,5,1,2,0,4,0,6,4,9,12,6,8,8,43,29,15,42,1,3,3,2,1,1,0,2,0,3,2,4,8,2,5,7,23,12,5,38,0,0,1,3,0,1,0,2,0,3,2,5,4,4,3,1,20,17,10
423210190,2,ìåîﬁãní¨,âìñ⁄ãΩ,0,,,50,2,2,2,0,3,1,3,0,0,4,2,4,2,3,8,6,19,25,14,25,1,1,0,0,0,0,2,0,0,3,2,1,2,3,4,2,10,13,6,25,1,1,2,0,3,1,1,0,0,1,0,3,0,0,4,4,9,12,8
423210200,2,ìåîﬁãní¨,ïìãΩ,0,,,85,5,4,3,3,2,2,2,5,4,3,3,4,9,15,8,12,37,36,13,46,4,3,2,2,1,2,0,4,2,1,1,2,4,9,5,9,19,18,4,39,1,1,1,1,1,0,2,1,2,2,2,2,5,6,3,3,18,18,9
423210210,2,ìåîﬁãní¨,ñÿèÍãΩ,0,,,210,5,7,11,11,0,2,3,16,13,9,8,13,22,34,22,23,97,90,34,103,2,3,7,7,0,1,1,7,7,4,7,9,10,16,11,12,53,38,11,107,3,4,4,4,0,1,2,9,6,5,1,4,12,18,11,11,44,52,23
423210220,2,ìåîﬁãní¨,ó¢ãΩ,0,,,432,9,14,13,14,8,14,12,22,16,21,31,25,35,41,39,36,198,198,118,198,5,5,5,9,4,9,5,13,8,13,16,15,17,20,20,15,109,74,34,234,4,9,8,5,4,5,7,9,8,8,15,10,18,21,19,21,89,124,84
423210230,2,ìåîﬁãní¨,àÍÉbêŒãΩ,0,,,75,1,3,3,0,0,1,9,5,1,2,5,7,11,6,2,7,41,27,19,39,1,1,0,0,0,0,6,4,0,1,4,5,6,4,1,2,26,11,6,36,0,2,3,0,0,1,3,1,1,1,1,2,5,2,1,5,15,16,13
423210240,2,ìåîﬁãní¨,ëæÉmâYãΩ,0,,,0,0,0,0,0,0,0,0,0,0,0,0,0,0,0,0,0,0,0,0,0,0,0,0,0,0,0,0,0,0,0,0,0,0,0,0,0,0,0,0,0,0,0,0,0,0,0,0,0,0,0,0,0,0,0,0,0,0,0,0
42322,1,êÏíIí¨,,0,,,13377,484,589,650,630,414,498,564,743,836,902,835,823,950,1100,1080,1723,7195,4411,2231,6300,255,304,333,317,208,250,275,345,402,439,405,392,464,529,502,892,3497,1885,854,7077,229,285,317,313,206,248,289,398,434,463,430,431,486,571,578,831,3698,2526,1377
423220010,3,êÏíIí¨,è¨âπã’ãΩ,0,,,481,7,18,15,22,5,9,17,22,20,31,29,34,40,58,47,40,229,212,107,231,4,9,6,13,2,7,6,9,12,15,15,18,21,28,24,19,118,94,42,250,3,9,9,9,3,2,11,13,8,16,14,16,19,30,23,21,111,118,65
42322001001,4,êÏíIí¨,è¨âπã’ãΩ,0,,,188,3,8,6,11,3,3,7,8,8,11,13,19,17,19,15,17,100,71,37,85,1,3,3,5,0,2,2,3,5,6,3,12,7,9,10,7,45,33,14,103,2,5,3,6,3,1,5,5,3,5,10,7,10,10,5,10,55,38,23
42322001002,4,êÏíIí¨,è¨âπã’ãΩ,0,,,67,0,1,0,2,0,1,2,3,2,6,3,6,7,7,9,1,32,34,18,33,0,1,0,2,0,1,1,1,2,2,1,3,3,3,6,1,16,16,7,34,0,0,0,0,0,0,1,2,0,4,2,3,4,4,3,0,16,18,11
42322001003,4,êÏíIí¨,è¨âπã’ãΩ,0,,,31,1,3,1,0,0,0,1,3,1,2,1,2,2,2,4,5,12,14,8,18,1,2,1,0,0,0,1,1,0,1,1,1,1,2,1,4,6,8,5,13,0,1,0,0,0,0,0,2,1,1,0,1,1,0,3,1,6,6,3
42322001004,4,êÏíIí¨,è¨âπã’ãΩ,0,,,53,1,2,1,1,0,0,2,2,1,2,1,2,4,8,8,4,15,34,18,27,1,1,1,0,0,0,1,1,1,1,1,1,3,4,3,3,9,15,8,26,0,1,0,1,0,0,1,1,0,1,0,1,1,4,5,1,6,19,10
42322001005,4,êÏíIí¨,è¨âπã’ãΩ,0,,,142,2,4,7,8,2,5,5,6,8,10,11,5,10,22,11,13,70,59,26,68,1,2,1,6,2,4,1,3,4,5,9,1,7,10,4,4,42,22,8,74,1,2,6,2,0,1,4,3,4,5,2,4,3,12,7,9,28,37,18
423220020,3,êÏíIí¨,ïSí√ãΩ,0,,,2338,137,130,132,123,76,114,130,167,174,148,127,125,131,158,154,399,1315,614,302,1128,77,63,69,56,39,56,56,75,84,76,72,63,63,72,72,209,640,274,130,1210,60,67,63,67,37,58,74,92,90,72,55,62,68,86,82,190,675,340,172
42322002001,4,êÏíIí¨,ïSí√ãΩ,0,,,330,25,24,22,19,18,37,29,29,28,21,13,17,10,11,7,71,221,37,19,144,13,11,15,6,7,16,8,14,13,8,9,7,2,6,3,39,90,15,6,186,12,13,7,13,11,21,21,15,15,13,4,10,8,5,4,32,131,22,13
42322002002,4,êÏíIí¨,ïSí√ãΩ,0,,,178,8,6,2,8,6,9,4,11,10,7,8,10,16,18,13,16,89,73,42,79,5,1,0,5,5,2,2,4,5,3,2,3,7,10,8,6,38,35,17,99,3,5,2,3,1,7,2,7,5,4,6,7,9,8,5,10,51,38,25
42322002003,4,êÏíIí¨,ïSí√ãΩ,0,,,156,3,3,9,5,4,2,3,7,10,10,11,6,11,19,21,15,69,72,32,73,3,0,6,1,2,1,0,3,6,5,5,4,6,7,8,9,33,31,16,83,0,3,3,4,2,1,3,4,4,5,6,2,5,12,13,6,36,41,16
42322002004,4,êÏíIí¨,ïSí√ãΩ,0,,,186,9,10,9,14,5,1,6,16,17,13,6,4,10,24,26,28,92,66,16,96,8,7,3,8,2,1,3,8,9,7,5,3,4,11,13,18,50,28,4,90,1,3,6,6,3,0,3,8,8,6,1,1,6,13,13,10,42,38,12
42322002006,4,êÏíIí¨,ïSí√ãΩ,0,,,77,6,2,4,4,1,3,7,7,2,6,6,8,4,2,1,12,48,17,14,39,4,1,3,1,1,2,4,2,1,4,4,6,1,0,0,8,26,5,5,38,2,1,1,3,0,1,3,5,1,2,2,2,3,2,1,4,22,12,9
42322002007,4,êÏíIí¨,ïSí√ãΩ,0,,,846,68,62,59,47,30,47,60,76,64,56,46,43,46,34,46,189,515,133,53,425,36,34,29,24,15,27,30,36,25,31,28,20,24,15,24,99,260,61,22,421,32,28,30,23,15,20,30,40,39,25,18,23,22,19,22,90,255,72,31
42322002008,4,êÏíIí¨,ïSí√ãΩ,0,,,26,1,2,2,1,0,0,1,1,6,2,0,1,1,2,2,5,13,8,4,13,1,0,1,1,0,0,1,0,4,1,0,0,1,1,0,2,8,3,2,13,0,2,1,0,0,0,0,1,2,1,0,1,0,1,2,3,5,5,2
42322002009,4,êÏíIí¨,ïSí√ãΩ,0,,,441,15,17,19,23,10,13,19,14,32,29,30,26,26,39,26,51,222,168,103,204,7,6,10,9,5,6,7,5,17,16,14,13,12,18,9,23,104,77,50,237,8,11,9,14,5,7,12,9,15,13,16,13,14,21,17,28,118,91,53
42322002010,4,êÏíIí¨,ïSí√ãΩ,0,,,98,2,4,6,2,2,2,1,6,5,4,7,10,7,9,12,12,46,40,19,55,0,3,2,1,2,1,1,3,4,1,5,7,6,4,7,5,31,19,8,43,2,1,4,1,0,1,0,3,1,3,2,3,1,5,5,7,15,21,11
423220030,2,êÏíIí¨,âhí¨,0,,,246,10,10,11,14,4,6,10,10,15,14,15,20,17,22,30,31,125,90,38,110,3,4,6,8,3,0,5,6,6,7,3,11,7,12,17,13,56,41,12,136,7,6,5,6,1,6,5,4,9,7,12,9,10,10,13,18,69,49,26
423220040,2,êÏíIí¨,èÈéRí¨,0,,,371,23,14,11,12,8,18,14,14,16,32,22,18,20,21,23,48,174,149,105,158,10,6,7,3,2,8,7,6,6,20,10,12,10,11,4,23,84,51,36,213,13,8,4,9,6,10,7,8,10,12,12,6,10,10,19,25,90,98,69
423220050,3,êÏíIí¨,êŒñÿãΩ,1,,005011;005012,350,20,12,14,17,11,9,15,25,32,13,17,27,29,32,23,46,195,108,53,168,14,2,8,6,5,4,8,16,16,6,7,12,16,14,14,24,96,48,20,182,6,10,6,11,6,5,7,9,16,7,10,15,13,18,9,22,99,60,33
42322005011,4,êÏíIí¨,êŒñÿãΩ,2,50,,0,0,0,0,0,0,0,0,0,0,0,0,0,0,0,0,0,0,0,0,0,0,0,0,0,0,0,0,0,0,0,0,0,0,0,0,0,0,0,0,0,0,0,0,0,0,0,0,0,0,0,0,0,0,0,0,0,0,0,0
42322005012,4,êÏíIí¨,êŒñÿãΩ,2,50,,0,0,0,0,0,0,0,0,0,0,0,0,0,0,0,0,0,0,0,0,0,0,0,0,0,0,0,0,0,0,0,0,0,0,0,0,0,0,0,0,0,0,0,0,0,0,0,0,0,0,0,0,0,0,0,0,0,0,0,0
423220060,3,êÏíIí¨,ä‚âÆãΩ,1,,006012;006013,44,0,3,1,1,0,0,1,3,1,7,1,3,4,3,11,4,21,19,5,18,0,1,0,0,0,0,0,1,1,4,0,1,1,2,5,1,8,9,2,26,0,2,1,1,0,0,1,2,0,3,1,2,3,1,6,3,13,10,3
42322006012,4,êÏíIí¨,ä‚âÆãΩ,2,60,,0,0,0,0,0,0,0,0,0,0,0,0,0,0,0,0,0,0,0,0,0,0,0,0,0,0,0,0,0,0,0,0,0,0,0,0,0,0,0,0,0,0,0,0,0,0,0,0,0,0,0,0,0,0,0,0,0,0,0,0
42322006013,4,êÏíIí¨,ä‚âÆãΩ,2,60,,0,0,0,0,0,0,0,0,0,0,0,0,0,0,0,0,0,0,0,0,0,0,0,0,0,0,0,0,0,0,0,0,0,0,0,0,0,0,0,0,0,0,0,0,0,0,0,0,0,0,0,0,0,0,0,0,0,0,0,0
423220070,2,êÏíIí¨,ñÿèÍãΩ,0,,,122,3,12,2,3,3,4,3,9,8,4,5,3,8,16,15,17,50,55,24,59,2,4,2,1,1,2,3,2,5,3,2,0,4,7,10,8,23,28,11,63,1,8,0,2,2,2,0,7,3,1,3,3,4,9,5,9,27,27,13
423220080,2,êÏíIí¨,íñèÊêÏì‡ãΩ,0,,,118,1,6,6,5,4,2,3,5,4,7,9,7,7,8,15,13,53,52,29,56,1,3,4,0,2,1,2,2,3,3,3,3,5,3,10,8,24,24,11,62,0,3,2,5,2,1,1,3,1,4,6,4,2,5,5,5,29,28,18
423220090,2,êÏíIí¨,å‹îΩìcãΩ,0,,,220,6,5,5,7,5,12,10,8,6,13,12,13,21,34,21,16,107,97,42,107,5,4,5,5,3,4,5,7,4,6,5,4,7,18,9,14,50,43,16,113,1,1,0,2,2,8,5,1,2,7,7,9,14,16,12,2,57,54,26
423220100,2,êÏíIí¨,íÜéRãΩ,0,,,312,8,3,17,12,14,11,5,10,11,29,22,23,30,22,19,28,167,117,76,144,3,1,8,4,7,6,3,5,3,13,11,15,13,14,9,12,80,52,29,168,5,2,9,8,7,5,2,5,8,16,11,8,17,8,10,16,87,65,47
423220110,2,êÏíIí¨,è„ëgãΩ,0,,,368,22,23,15,17,18,21,22,19,21,17,28,22,26,25,23,60,211,96,48,177,10,12,10,8,8,9,10,8,11,6,13,11,15,14,9,32,99,45,22,191,12,11,5,9,10,12,12,11,10,11,15,11,11,11,14,28,112,51,26
423220120,3,êÏíIí¨,íÜëgãΩ,0,,,1415,47,73,73,70,42,55,85,80,104,107,100,98,97,99,88,193,838,377,190,664,21,42,34,38,21,22,43,36,48,57,43,50,48,41,38,97,406,158,79,751,26,31,39,32,21,33,42,44,56,50,57,48,49,58,50,96,432,219,111
42322012019,4,êÏíIí¨,íÜëgãΩ,0,,,50,1,2,2,1,3,0,0,3,4,1,4,2,4,6,8,5,22,23,9,29,1,2,2,0,1,0,0,2,2,1,3,1,2,3,5,5,12,12,4,21,0,0,0,1,2,0,0,1,2,0,1,1,2,3,3,0,10,11,5
42322012020,4,êÏíIí¨,íÜëgãΩ,0,,,1133,41,62,59,58,34,42,65,64,80,79,87,81,86,81,60,162,676,291,150,525,18,36,27,31,18,19,32,27,34,42,35,39,44,32,27,81,321,121,62,608,23,26,32,27,16,23,33,37,46,37,52,42,42,49,33,81,355,170,88
42322012021,4,êÏíIí¨,íÜëgãΩ,0,,,232,5,9,12,11,5,13,20,13,20,27,9,15,7,12,20,26,140,63,31,110,2,4,5,7,2,3,11,7,12,14,5,10,2,6,6,11,73,25,13,122,3,5,7,4,3,10,9,6,8,13,4,5,5,6,14,15,67,38,18
423220130,3,êÏíIí¨,â∫ëgãΩ,0,,,1585,44,46,59,50,51,49,73,90,78,113,107,93,152,147,113,149,856,567,307,739,21,30,23,21,23,29,39,45,43,51,57,40,77,74,51,74,425,233,108,846,23,16,36,29,28,20,34,45,35,62,50,53,75,73,62,75,431,334,199
42322013021,4,êÏíIí¨,â∫ëgãΩ,0,,,95,4,2,2,2,6,7,4,4,6,4,5,5,11,5,8,8,54,29,16,53,2,1,1,1,5,5,3,3,3,3,2,3,7,2,4,4,35,12,6,42,2,1,1,1,1,2,1,1,3,1,3,2,4,3,4,4,19,17,10
42322013022,4,êÏíIí¨,â∫ëgãΩ,0,,,643,8,18,26,26,23,11,21,40,30,65,49,33,56,65,52,52,354,231,114,291,3,10,10,12,6,5,11,22,14,29,26,17,29,30,24,23,171,94,40,352,5,8,16,14,17,6,10,18,16,36,23,16,27,35,28,29,183,137,74
42322013024,4,êÏíIí¨,â∫ëgãΩ,0,,,431,20,14,20,12,12,23,27,29,31,18,29,33,35,35,24,54,249,125,66,206,12,8,5,4,6,15,16,11,18,9,15,16,13,21,8,25,123,56,27,225,8,6,15,8,6,8,11,18,13,9,14,17,22,14,16,29,126,69,39
42322013025,4,êÏíIí¨,â∫ëgãΩ,0,,,67,0,1,1,1,1,4,2,2,0,7,5,4,7,6,3,2,33,32,23,33,0,1,1,1,1,2,1,2,0,2,5,0,5,3,2,2,19,12,7,34,0,0,0,0,0,2,1,0,0,5,0,4,2,3,1,0,14,20,16
42322013026,4,êÏíIí¨,â∫ëgãΩ,0,,,68,0,0,4,1,0,0,4,1,0,6,9,5,7,8,3,4,33,31,20,28,0,0,3,1,0,0,2,0,0,2,5,0,5,3,1,3,15,10,6,40,0,0,1,0,0,0,2,1,0,4,4,5,2,5,2,1,18,21,14
42322013027,4,êÏíIí¨,â∫ëgãΩ,0,,,213,8,4,4,8,7,4,12,8,10,10,8,10,27,23,19,16,104,93,51,95,1,4,2,2,5,2,5,4,8,5,2,4,13,13,11,7,50,38,14,118,7,0,2,6,2,2,7,4,2,5,6,6,14,10,8,9,54,55,37
42322013028,4,êÏíIí¨,â∫ëgãΩ,0,,,68,4,7,2,0,2,0,3,6,1,3,2,3,9,5,4,13,29,26,17,33,3,6,1,0,0,0,1,3,0,1,2,0,5,2,1,10,12,11,8,35,1,1,1,0,2,0,2,3,1,2,0,3,4,3,3,3,17,15,9
423220140,3,êÏíIí¨,îíêŒãΩ,0,,,2508,80,104,140,160,81,100,65,136,171,179,159,155,175,196,219,324,1381,803,388,1159,44,58,76,89,49,56,31,51,81,76,62,68,83,91,89,178,646,335,155,1349,36,46,64,71,32,44,34,85,90,103,97,87,92,105,130,146,735,468,233
42322014028,4,êÏíIí¨,îíêŒãΩ,0,,,318,8,14,26,26,13,5,11,21,31,19,14,16,22,29,14,48,178,92,49,131,3,7,11,15,8,1,3,7,17,8,6,7,8,14,4,21,80,30,12,187,5,7,15,11,5,4,8,14,14,11,8,9,14,15,10,27,98,62,37
42322014029,4,êÏíIí¨,îíêŒãΩ,0,,,251,12,22,23,28,8,14,9,12,17,10,15,11,16,13,17,57,140,54,24,110,6,11,13,17,4,8,4,3,6,3,6,4,8,1,6,30,63,17,10,141,6,11,10,11,4,6,5,9,11,7,9,7,8,12,11,27,77,37,14
42322014030,4,êÏíIí¨,îíêŒãΩ,0,,,202,5,11,9,9,2,6,3,15,14,11,8,13,12,17,31,25,93,84,36,98,5,7,7,6,1,4,2,9,7,5,2,6,8,5,11,19,50,29,13,104,0,4,2,3,1,2,1,6,7,6,6,7,4,12,20,6,43,55,23
42322014031,4,êÏíIí¨,îíêŒãΩ,0,,,1737,55,57,82,97,58,75,42,88,109,139,122,115,125,137,157,194,970,573,279,820,30,33,45,51,36,43,22,32,51,60,48,51,59,71,68,108,453,259,120,917,25,24,37,46,22,32,20,56,58,79,74,64,66,66,89,86,517,314,159
423220150,3,êÏíIí¨,éOâzãΩ,1,,015032;015033,274,10,15,17,7,7,11,7,14,19,12,14,17,11,31,46,42,119,113,36,135,4,10,9,4,4,4,3,10,7,8,6,7,5,16,21,23,58,54,17,139,6,5,8,3,3,7,4,4,12,4,8,10,6,15,25,19,61,59,19
42322015032,4,êÏíIí¨,éOâzãΩ,2,150,,0,0,0,0,0,0,0,0,0,0,0,0,0,0,0,0,0,0,0,0,0,0,0,0,0,0,0,0,0,0,0,0,0,0,0,0,0,0,0,0,0,0,0,0,0,0,0,0,0,0,0,0,0,0,0,0,0,0,0,0
42322015033,4,êÏíIí¨,éOâzãΩ,2,150,,0,0,0,0,0,0,0,0,0,0,0,0,0,0,0,0,0,0,0,0,0,0,0,0,0,0,0,0,0,0,0,0,0,0,0,0,0,0,0,0,0,0,0,0,0,0,0,0,0,0,0,0,0,0,0,0,0,0,0,0
423220160,3,êÏíIí¨,è¨ã¯ãΩ,0,,,1814,33,79,99,80,65,61,69,96,99,111,110,114,135,156,171,211,940,659,332,862,17,34,51,47,30,32,34,50,44,59,62,50,68,76,87,102,476,280,117,952,16,45,48,33,35,29,35,46,55,52,48,64,67,80,84,109,464,379,215
42322016033,4,êÏíIí¨,è¨ã¯ãΩ,0,,,67,0,3,4,4,2,0,0,1,3,9,3,9,6,4,5,7,37,23,14,32,0,1,2,1,2,0,0,1,1,5,2,4,1,4,3,3,17,12,5,35,0,2,2,3,0,0,0,0,2,4,1,5,5,0,2,4,20,11,9
42322016034,4,êÏíIí¨,è¨ã¯ãΩ,0,,,914,16,31,44,31,33,29,22,50,47,54,49,48,64,87,106,91,427,396,203,417,6,13,22,18,14,14,10,29,21,25,29,18,32,36,55,41,210,166,75,497,10,18,22,13,19,15,12,21,26,29,20,30,32,51,51,50,217,230,128
42322016035,4,êÏíIí¨,è¨ã¯ãΩ,0,,,485,10,28,30,39,12,22,31,27,26,19,40,29,43,41,37,68,288,126,48,251,7,12,17,25,7,12,18,13,12,9,23,17,23,23,20,36,159,53,10,234,3,16,13,14,5,10,13,14,14,10,17,12,20,18,17,32,129,73,38
42322016036,4,êÏíIí¨,è¨ã¯ãΩ,0,,,259,4,7,15,5,13,8,11,10,15,19,13,24,17,21,18,26,135,98,59,118,3,4,5,3,5,4,5,3,6,14,4,10,10,10,8,12,64,42,24,141,1,3,10,2,8,4,6,7,9,5,9,14,7,11,10,14,71,56,35
42322016037,4,êÏíIí¨,è¨ã¯ãΩ,0,,,89,3,10,6,1,5,2,5,8,8,10,5,4,5,3,5,19,53,16,8,44,1,4,5,0,2,2,1,4,4,6,4,1,2,3,1,10,26,7,3,45,2,6,1,1,3,0,4,4,4,4,1,3,3,0,4,9,27,9,5
423220170,2,êÏíIí¨,êVíJãΩ,0,,,811,33,36,33,30,20,16,35,35,57,65,58,51,47,72,62,102,414,283,149,385,19,21,15,14,9,10,20,16,28,29,34,27,21,36,33,55,208,116,47,426,14,15,18,16,11,6,15,19,29,36,24,24,26,36,29,47,206,167,102
42323,1,îgç≤å©í¨,,0,,,14291,612,652,704,632,426,555,697,807,835,859,858,944,1063,1152,1131,1968,7676,4598,2315,6753,310,353,367,298,190,280,341,389,404,413,425,473,525,561,549,1030,3738,1957,847,7538,302,299,337,334,236,275,356,418,431,446,433,471,538,591,582,938,3938,2641,1468
423230010,2,îgç≤å©í¨,íÜîˆãΩ,0,,,304,4,6,9,6,11,9,9,11,10,16,17,15,26,35,40,19,130,154,79,133,1,2,3,1,4,5,4,7,5,6,10,6,16,16,19,6,64,62,27,171,3,4,6,5,7,4,5,4,5,10,7,9,10,19,21,13,66,92,52
423230020,2,îgç≤å©í¨,éOå“ãΩ,0,,,107,2,1,1,4,1,8,3,1,4,5,9,11,11,10,9,4,57,46,27,48,1,1,0,1,1,3,1,1,2,2,5,6,6,6,4,2,28,18,8,59,1,0,1,3,0,5,2,0,2,3,4,5,5,4,5,2,29,28,19
423230030,2,îgç≤å©í¨,âiîˆãΩ,0,,,505,8,15,19,21,9,17,22,27,22,23,43,40,50,53,55,42,274,189,81,244,5,9,9,9,1,8,12,14,14,14,15,24,25,27,26,23,136,85,32,261,3,6,10,12,8,9,10,13,8,9,28,16,25,26,29,19,138,104,49
423230040,2,îgç≤å©í¨,è¨íMãΩ,0,,,392,11,14,12,11,14,10,13,18,16,23,31,21,32,41,42,37,189,166,83,184,8,6,7,3,5,7,8,8,7,11,14,11,16,20,22,21,90,73,31,208,3,8,5,8,9,3,5,10,9,12,17,10,16,21,20,16,99,93,52
423230050,2,îgç≤å©í¨,ñÏÅXêÏãΩ,0,,,216,6,4,12,4,6,9,6,12,10,4,11,25,17,25,21,22,104,90,44,105,3,2,5,1,4,6,3,5,5,4,4,13,7,13,13,10,52,43,17,111,3,2,7,3,2,3,3,7,5,0,7,12,10,12,8,12,52,47,27
423230060,2,îgç≤å©í¨,ìíñ≥ìcãΩ,0,,,1515,77,73,67,66,45,59,77,93,93,90,93,83,111,126,115,217,810,486,245,719,34,44,44,25,21,30,36,41,47,45,46,41,58,56,54,122,390,205,95,796,43,29,23,41,24,29,41,52,46,45,47,42,53,70,61,95,420,281,150
423230070,2,îgç≤å©í¨,à‰êŒãΩ,0,,,606,25,29,22,21,19,19,31,31,41,40,41,39,39,53,61,76,321,209,95,295,10,15,12,10,9,8,14,16,21,23,21,20,21,25,33,37,163,95,37,311,15,14,10,11,10,11,17,15,20,17,20,19,18,28,28,39,158,114,58
423230080,2,îgç≤å©í¨,ãSñÿãΩ,0,,,214,8,10,10,8,4,5,6,10,11,12,10,15,21,27,23,28,102,84,34,110,4,8,9,4,3,3,3,5,5,5,5,7,12,13,12,21,52,37,12,104,4,2,1,4,1,2,3,5,6,7,5,8,9,14,11,7,50,47,22
423230090,2,îgç≤å©í¨,ã‡âÆãΩ,0,,,387,8,13,18,13,7,6,13,25,23,14,28,18,30,42,37,39,177,166,87,175,2,4,10,8,4,3,5,16,11,4,16,8,10,23,14,16,85,71,34,212,6,9,8,5,3,3,8,9,12,10,12,10,20,19,23,23,92,95,53
423230100,2,îgç≤å©í¨,ê‹ï~ê£ãΩ,0,,,2229,112,128,143,97,58,91,134,138,134,131,136,154,141,155,158,383,1214,629,316,1039,54,60,72,51,24,50,70,64,60,61,73,78,61,73,74,186,592,259,112,1190,58,68,71,46,34,41,64,74,74,70,63,76,80,82,84,197,622,370,204
423230110,2,îgç≤å©í¨,èhãΩ,0,,,2378,135,156,152,132,76,132,138,150,173,179,142,162,139,124,131,443,1423,506,251,1138,69,95,72,65,27,65,56,68,90,90,74,77,80,57,55,236,692,207,95,1240,66,61,80,67,49,67,82,82,83,89,68,85,59,67,76,207,731,299,156
423230120,2,îgç≤å©í¨,ë∫ñÿãΩ,0,,,873,29,38,40,46,27,34,53,51,55,62,51,75,75,69,56,107,529,236,111,413,13,22,20,22,12,18,29,29,27,25,20,38,40,36,25,55,260,98,37,460,16,16,20,24,15,16,24,22,28,37,31,37,35,33,31,52,269,138,74
423230130,2,îgç≤å©í¨,éMéRãΩ,0,,,367,18,12,4,9,11,12,19,18,20,19,15,24,30,27,36,34,177,150,87,169,12,7,3,4,1,7,8,9,9,11,8,11,14,11,18,22,82,61,32,198,6,5,1,5,10,5,11,9,11,8,7,13,16,16,18,12,95,89,55
423230140,2,îgç≤å©í¨,ïBñÿèÍãΩ,0,,,909,43,28,28,35,34,38,27,46,44,41,46,50,64,60,72,99,425,377,245,414,24,17,15,15,18,20,10,24,19,18,24,27,31,28,39,56,206,147,80,495,19,11,13,20,16,18,17,22,25,23,22,23,33,32,33,43,219,230,165
423230150,2,îgç≤å©í¨,ìcÉmì™ãΩ,0,,,536,30,19,21,18,14,31,37,25,26,44,31,30,37,42,52,70,293,164,70,262,15,9,13,6,9,12,25,12,13,22,13,16,15,23,26,37,143,79,30,274,15,10,8,12,5,19,12,13,13,22,18,14,22,19,26,33,150,85,40
423230160,2,îgç≤å©í¨,êÏì‡ãΩ,0,,,292,5,9,11,15,11,7,7,18,11,14,15,24,27,35,22,25,149,118,61,134,3,3,6,7,3,4,5,9,5,9,5,13,14,14,15,12,74,48,19,158,2,6,5,8,8,3,2,9,6,5,10,11,13,21,7,13,75,70,42
423230170,2,îgç≤å©í¨,äxï”ìcãΩ,0,,,746,30,27,37,37,39,23,35,40,31,50,49,55,57,63,48,94,416,228,117,367,17,14,20,24,18,11,17,20,11,21,29,29,31,34,20,51,211,100,46,379,13,13,17,13,21,12,18,20,20,29,20,26,26,29,28,43,205,128,71
423230180,3,îgç≤å©í¨,í∑ñÏãΩ,0,,,1246,44,46,74,67,28,35,47,73,77,66,63,71,109,117,110,164,636,446,219,579,25,23,35,32,17,16,24,33,35,31,27,35,48,59,57,83,298,198,82,667,19,23,39,35,11,19,23,40,42,35,36,36,61,58,53,81,338,248,137
42323018018,4,îgç≤å©í¨,í∑ñÏãΩ,0,,,161,2,5,5,13,3,2,5,13,6,8,8,12,23,15,19,12,93,56,22,74,1,4,1,2,0,1,3,7,4,4,3,5,14,9,9,6,43,25,7,87,1,1,4,11,3,1,2,6,2,4,5,7,9,6,10,6,50,31,15
42323018019,4,îgç≤å©í¨,í∑ñÏãΩ,0,,,469,14,19,35,14,10,10,16,29,31,32,27,21,29,51,43,68,219,182,88,215,9,7,14,5,5,6,8,13,15,16,15,11,11,23,24,30,105,80,33,254,5,12,21,9,5,4,8,16,16,16,12,10,18,28,19,38,114,102,55
42323018020,4,îgç≤å©í¨,í∑ñÏãΩ,0,,,616,28,22,34,40,15,23,26,31,40,26,28,38,57,51,48,84,324,208,109,290,15,12,20,25,12,9,13,13,16,11,9,19,23,27,24,47,150,93,42,326,13,10,14,15,3,14,13,18,24,15,19,19,34,24,24,37,174,115,67
423230190,2,îgç≤å©í¨,éuê‹ãΩ,0,,,358,14,22,21,16,7,8,16,16,26,21,17,22,36,35,30,57,185,116,51,176,8,11,11,7,6,2,9,5,16,10,9,9,17,21,16,30,90,56,19,182,6,11,10,9,1,6,7,11,10,11,8,13,19,14,14,27,95,60,32
423230200,2,îgç≤å©í¨,ïΩñÏãΩ,0,,,111,3,2,3,6,5,2,4,4,8,5,10,10,11,13,13,8,65,38,12,49,2,1,1,3,3,2,2,3,2,1,7,4,3,6,7,4,30,15,2,62,1,1,2,3,2,0,2,1,6,4,3,6,8,7,6,4,35,23,10
42383,1,è¨ílâÍí¨,,0,,,2288,54,78,64,57,16,34,80,113,87,95,104,128,216,291,250,196,930,1162,621,1054,24,39,26,28,9,18,39,57,59,46,52,56,98,146,133,89,462,503,224,1234,30,39,38,29,7,16,41,56,28,49,52,72,118,145,117,107,468,659,397
423830010,3,è¨ílâÍí¨,ìJêÅãΩ,0,,,1227,42,49,46,34,9,24,56,76,53,61,56,72,99,132,108,137,540,550,310,550,19,28,20,17,5,12,29,34,35,30,26,35,42,57,52,67,265,218,109,677,23,21,26,17,4,12,27,42,18,31,30,37,57,75,56,70,275,332,201
42383001011,4,è¨ílâÍí¨,ìJêÅãΩ,0,,,230,14,14,15,5,1,5,12,9,12,17,6,12,23,28,19,43,102,85,38,108,5,10,9,2,1,1,7,4,6,8,2,7,9,9,9,24,47,37,19,122,9,4,6,3,0,4,5,5,6,9,4,5,14,19,10,19,55,48,19
42383001012,4,è¨ílâÍí¨,ìJêÅãΩ,0,,,33,0,0,0,2,1,0,1,3,0,2,3,2,2,1,5,0,16,17,11,14,0,0,0,2,0,0,0,2,0,2,1,1,1,0,2,0,9,5,3,19,0,0,0,0,1,0,1,1,0,0,2,1,1,1,3,0,7,12,8
42383001013,4,è¨ílâÍí¨,ìJêÅãΩ,0,,,67,1,3,0,1,0,3,4,3,3,6,4,5,6,10,7,4,35,28,11,30,0,2,0,0,0,1,2,1,2,2,3,2,4,3,3,2,17,11,5,37,1,1,0,1,0,2,2,2,1,4,1,3,2,7,4,2,18,17,6
42383001014,4,è¨ílâÍí¨,ìJêÅãΩ,0,,,58,3,2,0,1,0,0,4,6,0,2,3,3,3,7,6,5,22,31,18,21,1,0,0,0,0,0,2,2,0,2,1,0,1,4,4,1,8,12,4,37,2,2,0,1,0,0,2,4,0,0,2,3,2,3,2,4,14,19,14
42383001015,4,è¨ílâÍí¨,ìJêÅãΩ,0,,,15,0,0,0,0,0,0,0,1,0,0,1,2,0,2,4,0,4,11,5,7,0,0,0,0,0,0,0,0,0,0,1,1,0,1,1,0,2,5,3,8,0,0,0,0,0,0,0,1,0,0,0,1,0,1,3,0,2,6,2
42383001016,4,è¨ílâÍí¨,ìJêÅãΩ,0,,,18,1,1,0,0,0,0,2,2,1,0,3,0,0,2,2,2,8,8,4,8,0,0,0,0,0,0,1,2,0,0,2,0,0,1,1,0,5,3,1,10,1,1,0,0,0,0,1,0,1,0,1,0,0,1,1,2,3,5,3
42383001017,4,è¨ílâÍí¨,ìJêÅãΩ,0,,,36,0,0,0,0,0,0,0,2,0,2,1,1,0,11,6,0,6,30,13,14,0,0,0,0,0,0,0,0,0,1,0,1,0,4,3,0,2,12,5,22,0,0,0,0,0,0,0,2,0,1,1,0,0,7,3,0,4,18,8
42383001018,4,è¨ílâÍí¨,ìJêÅãΩ,0,,,40,1,1,0,1,1,1,2,1,1,1,4,7,4,4,4,2,23,15,7,22,0,1,0,1,1,0,1,0,1,0,2,6,1,2,3,1,13,8,3,18,1,0,0,0,0,1,1,1,0,1,2,1,3,2,1,1,10,7,4
42383001019,4,è¨ílâÍí¨,ìJêÅãΩ,0,,,234,11,7,13,12,1,7,10,19,13,12,8,14,21,20,19,31,117,86,47,109,7,3,7,4,0,5,4,9,10,5,5,6,9,11,8,17,57,35,16,125,4,4,6,8,1,2,6,10,3,7,3,8,12,9,11,14,60,51,31
42383001020,4,è¨ílâÍí¨,ìJêÅãΩ,0,,,31,0,0,0,0,1,2,0,1,0,1,4,4,3,3,1,0,16,15,11,17,0,0,0,0,1,2,0,1,0,1,2,2,1,1,1,0,10,7,5,14,0,0,0,0,0,0,0,0,0,0,2,2,2,2,0,0,6,8,6
42383001021,4,è¨ílâÍí¨,ìJêÅãΩ,0,,,58,0,0,0,0,0,0,0,0,0,0,0,0,0,0,2,0,0,58,56,13,0,0,0,0,0,0,0,0,0,0,0,0,0,0,1,0,0,13,12,45,0,0,0,0,0,0,0,0,0,0,0,0,0,0,1,0,0,45,44
42383001022,4,è¨ílâÍí¨,ìJêÅãΩ,0,,,70,2,2,1,2,1,0,7,0,4,5,4,4,6,10,7,5,33,32,15,34,2,2,0,2,0,0,4,0,4,1,2,1,2,5,4,4,16,14,5,36,0,0,1,0,1,0,3,0,0,4,2,3,4,5,3,1,17,18,10
42383001023,4,è¨ílâÍí¨,ìJêÅãΩ,0,,,39,1,3,4,2,0,0,3,3,1,2,1,1,5,4,4,8,18,13,5,18,1,2,2,1,0,0,1,2,1,1,1,1,1,2,0,5,9,4,2,21,0,1,2,1,0,0,2,1,0,1,0,0,4,2,4,3,9,9,3
42383001024,4,è¨ílâÍí¨,ìJêÅãΩ,0,,,85,3,5,4,2,1,1,2,5,6,7,6,7,5,5,6,12,42,31,20,40,2,1,1,0,1,1,1,2,4,4,3,3,4,2,3,4,23,13,8,45,1,4,3,2,0,0,1,3,2,3,3,4,1,3,3,8,19,18,12
42383001025,4,è¨ílâÍí¨,ìJêÅãΩ,0,,,93,2,2,3,3,2,1,5,8,3,3,4,4,9,13,7,7,42,44,24,44,1,1,1,2,1,1,3,3,2,3,1,2,6,5,4,3,24,17,8,49,1,1,2,1,1,0,2,5,1,0,3,2,3,8,3,4,18,27,16
42383001026,4,è¨ílâÍí¨,ìJêÅãΩ,0,,,67,1,4,1,0,0,3,2,5,2,0,2,5,11,10,5,6,30,31,16,31,0,2,0,0,0,1,2,4,1,0,0,2,3,5,4,2,13,16,7,36,1,2,1,0,0,2,0,1,1,0,2,3,8,5,1,4,17,15,9
42383001038,4,è¨ílâÍí¨,ìJêÅãΩ,0,,,53,2,5,5,3,0,1,2,8,7,1,2,1,1,2,4,12,26,15,9,20,0,4,0,3,0,0,1,2,4,0,0,0,0,2,1,4,10,6,3,33,2,1,5,0,0,1,1,6,3,1,2,1,1,0,3,8,16,9,6
423830020,3,è¨ílâÍí¨,ïlí√ãΩ,0,,,201,1,3,4,4,2,2,4,7,12,3,9,15,26,31,22,8,84,109,56,97,0,1,0,3,1,1,1,6,8,0,5,6,14,15,15,1,45,51,21,104,1,2,4,1,1,1,3,1,4,3,4,9,12,16,7,7,39,58,35
42383002027,4,è¨ílâÍí¨,ïlí√ãΩ,0,,,121,1,3,3,2,0,1,2,4,9,0,3,12,19,20,12,7,52,62,30,60,0,1,0,2,0,1,1,3,6,0,2,4,10,9,8,1,29,30,13,61,1,2,3,0,0,0,1,1,3,0,1,8,9,11,4,6,23,32,17
42383002028,4,è¨ílâÍí¨,ïlí√ãΩ,0,,,80,0,0,1,2,2,1,2,3,3,3,6,3,7,11,10,1,32,47,26,37,0,0,0,1,1,0,0,3,2,0,3,2,4,6,7,0,16,21,8,43,0,0,1,1,1,1,2,0,1,3,3,1,3,5,3,1,16,26,18
423830030,3,è¨ílâÍí¨,ñˆãΩ,0,,,176,1,7,5,2,1,2,4,9,4,5,9,8,17,19,22,13,61,102,61,86,1,5,2,2,1,1,1,6,4,3,4,2,9,10,9,8,33,45,26,90,0,2,3,0,0,1,3,3,0,2,5,6,8,9,13,5,28,57,35
42383003029,4,è¨ílâÍí¨,ñˆãΩ,0,,,96,0,5,4,1,0,1,2,5,3,2,6,3,11,7,12,9,34,53,34,46,0,3,1,1,0,1,1,2,3,1,3,0,7,4,4,4,19,23,15,50,0,2,3,0,0,0,1,3,0,1,3,3,4,3,8,5,15,30,19
42383003030,4,è¨ílâÍí¨,ñˆãΩ,0,,,80,1,2,1,1,1,1,2,4,1,3,3,5,6,12,10,4,27,49,27,40,1,2,1,1,1,0,0,4,1,2,1,2,2,6,5,4,14,22,11,40,0,0,0,0,0,1,2,0,0,1,2,3,4,6,5,0,13,27,16
423830040,3,è¨ílâÍí¨,ëOï˚ãΩ,0,,,304,6,4,4,10,2,5,10,9,9,12,14,17,37,46,37,14,125,165,82,144,3,1,3,3,1,3,4,4,8,5,8,6,15,34,20,7,57,80,26,160,3,3,1,7,1,2,6,5,1,7,6,11,22,12,17,7,68,85,56
42383004031,4,è¨ílâÍí¨,ëOï˚ãΩ,0,,,19,0,0,0,0,0,0,0,0,0,1,0,2,1,6,4,0,4,15,5,11,0,0,0,0,0,0,0,0,0,1,0,1,0,5,2,0,2,9,2,8,0,0,0,0,0,0,0,0,0,0,0,1,1,1,2,0,2,6,3
42383004032,4,è¨ílâÍí¨,ëOï˚ãΩ,0,,,61,0,0,1,3,1,1,1,0,1,3,1,3,6,12,6,1,20,40,22,28,0,0,1,1,0,0,0,0,1,1,1,1,2,10,3,1,7,20,7,33,0,0,0,2,1,1,1,0,0,2,0,2,4,2,3,0,13,20,15
42383004033,4,è¨ílâÍí¨,ëOï˚ãΩ,0,,,32,0,0,0,1,0,0,0,0,1,2,2,2,5,4,5,0,13,19,10,15,0,0,0,1,0,0,0,0,1,1,2,0,3,3,2,0,8,7,2,17,0,0,0,0,0,0,0,0,0,1,0,2,2,1,3,0,5,12,8
42383004034,4,è¨ílâÍí¨,ëOï˚ãΩ,0,,,51,0,1,0,1,0,1,1,1,1,1,4,3,8,4,5,1,21,29,20,25,0,0,0,1,0,1,0,0,1,1,2,1,4,3,3,0,11,14,8,26,0,1,0,0,0,0,1,1,0,0,2,2,4,1,2,1,10,15,12
42383004035,4,è¨ílâÍí¨,ëOï˚ãΩ,0,,,72,3,2,1,1,1,1,3,4,4,2,1,4,5,12,12,6,26,40,16,36,2,1,1,0,1,1,1,2,4,0,1,2,1,6,8,4,13,19,5,36,1,1,0,1,0,0,2,2,0,2,0,2,4,6,4,2,13,21,11
42383004036,4,è¨ílâÍí¨,ëOï˚ãΩ,0,,,69,3,1,2,4,0,2,5,4,2,3,6,3,12,8,5,6,41,22,9,29,1,0,1,0,0,1,3,2,1,1,2,1,5,7,2,2,16,11,2,40,2,1,1,4,0,1,2,2,1,2,4,2,7,1,3,4,25,11,7
423830050,2,è¨ílâÍí¨,íÜë∫ãΩ,0,,,109,1,8,2,1,1,1,2,4,4,6,6,6,17,13,16,11,48,50,21,46,0,2,1,0,1,1,1,2,1,2,2,1,10,5,11,3,21,22,6,63,1,6,1,1,0,0,1,2,3,4,4,5,7,8,5,8,27,28,15
423830060,2,è¨ílâÍí¨,çïìáãΩ,0,,,38,0,0,0,0,0,0,0,0,1,0,2,0,4,11,9,0,7,31,11,17,0,0,0,0,0,0,0,0,1,0,2,0,1,4,6,0,4,13,3,21,0,0,0,0,0,0,0,0,0,0,0,0,3,7,3,0,3,18,8
423830070,2,è¨ílâÍí¨,ëÂìáãΩ,0,,,61,1,6,3,3,0,0,0,2,2,1,5,4,4,7,3,10,21,30,20,28,0,2,0,1,0,0,0,1,1,1,3,3,2,3,2,2,12,14,9,33,1,4,3,2,0,0,0,1,1,0,2,1,2,4,1,8,9,16,11
423830080,2,è¨ílâÍí¨,ñ˜òHñÿìáãΩ,0,,,0,0,0,0,0,0,0,0,0,0,0,0,0,0,0,0,0,0,0,0,0,0,0,0,0,0,0,0,0,0,0,0,0,0,0,0,0,0,0,0,0,0,0,0,0,0,0,0,0,0,0,0,0,0,0,0,0,0,0,0
423830090,3,è¨ílâÍí¨,î«ìáãΩ,0,,,151,2,1,0,3,1,0,4,6,1,6,2,4,12,28,29,3,39,109,52,74,1,0,0,2,0,0,3,4,0,4,1,2,5,16,15,1,21,52,21,77,1,1,0,1,1,0,1,2,1,2,1,2,7,12,14,2,18,57,31
42383009042,4,è¨ílâÍí¨,î«ìáãΩ,0,,,41,0,0,0,0,0,0,0,0,0,5,0,3,1,8,9,0,9,32,15,19,0,0,0,0,0,0,0,0,0,4,0,2,0,4,6,0,6,13,3,22,0,0,0,0,0,0,0,0,0,1,0,1,1,4,3,0,3,19,12
42383009043,4,è¨ílâÍí¨,î«ìáãΩ,0,,,110,2,1,0,3,1,0,4,6,1,1,2,1,11,20,20,3,30,77,37,55,1,0,0,2,0,0,3,4,0,0,1,0,5,12,9,1,15,39,18,55,1,1,0,1,1,0,1,2,1,1,1,1,6,8,11,2,15,38,19
423830100,2,è¨ílâÍí¨,î[ìáãΩ,1,,0110;0120,21,0,0,0,0,0,0,0,0,1,1,1,2,0,4,4,0,5,16,8,12,0,0,0,0,0,0,0,0,1,1,1,1,0,2,3,0,4,8,3,9,0,0,0,0,0,0,0,0,0,0,0,1,0,2,1,0,1,8,5
423830110,2,è¨ílâÍí¨,òZìáãΩ,2,100,,0,0,0,0,0,0,0,0,0,0,0,0,0,0,0,0,0,0,0,0,0,0,0,0,0,0,0,0,0,0,0,0,0,0,0,0,0,0,0,0,0,0,0,0,0,0,0,0,0,0,0,0,0,0,0,0,0,0,0,0
423830120,2,è¨ílâÍí¨,ñÏçËìáãΩ,2,100,,0,0,0,0,0,0,0,0,0,0,0,0,0,0,0,0,0,0,0,0,0,0,0,0,0,0,0,0,0,0,0,0,0,0,0,0,0,0,0,0,0,0,0,0,0,0,0,0,0,0,0,0,0,0,0,0,0,0,0,0
42391,1,ç≤ÅXí¨,,0,,,13912,732,822,767,677,489,583,722,848,964,966,758,767,876,1015,1087,2321,7650,3922,1820,6591,383,436,393,346,247,264,350,403,467,462,372,360,416,481,511,1212,3687,1679,687,7321,349,386,374,331,242,319,372,445,497,504,386,407,460,534,576,1109,3963,2243,1133
423910010,2,ç≤ÅXí¨,å√êÏ,0,,,185,9,10,9,7,3,4,14,11,8,11,9,10,12,15,19,28,89,68,34,91,7,3,4,7,0,2,8,4,4,5,5,7,5,9,8,14,47,30,13,94,2,7,5,0,3,2,6,7,4,6,4,3,7,6,11,14,42,38,21
423910020,2,ç≤ÅXí¨,íÜâõí ,0,,,789,31,29,49,31,30,38,49,49,56,71,49,42,52,50,55,109,467,210,105,376,13,13,28,13,18,15,26,27,28,34,26,16,25,28,26,54,228,91,37,413,18,16,21,18,12,23,23,22,28,37,23,26,27,22,29,55,239,119,68
423910030,2,ç≤ÅXí¨,éuï˚,0,,,99,0,1,1,4,2,4,1,3,9,8,3,10,9,9,11,2,53,44,24,49,0,1,0,3,1,3,0,2,5,3,2,6,4,4,5,1,29,19,10,50,0,0,1,1,1,1,1,1,4,5,1,4,5,5,6,1,24,25,14
423910040,2,ç≤ÅXí¨,ñÏäÒ,0,,,545,34,31,32,24,15,25,30,29,43,38,34,25,33,45,41,97,296,149,63,284,19,21,19,15,7,12,16,13,24,22,19,11,15,20,24,59,154,69,25,261,15,10,13,9,8,13,14,16,19,16,15,14,18,25,17,38,142,80,38
423910050,2,ç≤ÅXí¨,åIó—,0,,,497,33,23,26,29,17,32,24,30,26,43,39,31,28,32,40,82,299,116,44,241,16,9,15,15,11,13,13,16,15,18,23,14,12,15,19,40,150,51,17,256,17,14,11,14,6,19,11,14,11,25,16,17,16,17,21,42,149,65,27
423910060,2,ç≤ÅXí¨,ó¢,0,,,1060,37,48,61,65,30,45,43,50,60,72,53,61,81,72,98,146,560,350,180,473,18,26,31,30,14,17,26,26,29,28,26,26,43,29,49,75,265,131,53,587,19,22,30,35,16,28,17,24,31,44,27,35,38,43,49,71,295,219,127
423910070,2,ç≤ÅXí¨,êVí¨,0,,,635,32,33,20,31,20,21,29,30,39,50,35,40,51,50,64,85,346,203,89,277,15,15,10,12,11,7,14,13,17,25,20,20,23,25,20,40,162,74,29,358,17,18,10,19,9,14,15,17,22,25,15,20,28,25,44,45,184,129,60
423910080,2,ç≤ÅXí¨,ó¢éR,0,,,498,21,22,22,11,19,16,27,22,23,32,37,39,52,53,47,65,278,155,55,217,5,12,7,7,10,10,12,13,7,13,15,17,21,25,22,24,125,68,21,281,16,10,15,4,9,6,15,9,16,19,22,22,31,28,25,41,153,87,34
423910090,2,ç≤ÅXí¨,ñÿèÍ,0,,,384,12,20,15,21,12,6,17,25,20,28,18,29,32,36,26,47,208,129,67,192,7,11,6,15,7,2,7,12,10,10,8,18,16,16,16,24,105,63,31,192,5,9,9,6,5,4,10,13,10,18,10,11,16,20,10,23,103,66,36
423910110,2,ç≤ÅXí¨,å˚êŒ,0,,,1473,88,89,72,76,56,76,98,75,108,110,74,93,81,108,111,249,847,373,154,686,41,55,35,36,21,36,47,32,48,52,35,36,40,63,52,131,383,170,55,787,47,34,37,40,35,40,51,43,60,58,39,57,41,45,59,118,464,203,99
423910120,2,ç≤ÅXí¨,élÉbà‰îÛ,0,,,1005,77,81,66,69,40,33,69,91,81,40,41,59,51,65,44,224,574,206,97,502,40,45,35,43,25,14,30,44,38,27,16,29,23,34,19,120,289,92,39,503,37,36,31,26,15,19,39,47,43,13,25,30,28,31,25,104,285,114,58
423910130,2,ç≤ÅXí¨,êÖìπ,0,,,309,22,22,15,10,10,6,14,15,19,17,25,18,24,18,25,59,158,92,49,152,12,13,7,2,6,4,6,8,9,7,18,9,10,11,10,32,79,41,20,157,10,9,8,8,4,2,8,7,10,10,7,9,14,7,15,27,79,51,29
423910140,2,ç≤ÅXí¨,ïlå},0,,,278,15,20,18,14,4,7,12,19,14,20,12,12,20,27,18,53,134,91,46,136,10,14,10,6,2,4,3,10,6,12,5,6,12,12,9,34,66,36,15,142,5,6,8,8,2,3,9,9,8,8,7,6,8,15,9,19,68,55,31
423910150,2,ç≤ÅXí¨,ìyéËå},0,,,380,17,18,16,21,20,13,24,21,16,19,24,26,24,32,35,51,208,121,54,190,7,13,12,12,11,6,11,7,9,10,13,12,12,15,18,32,103,55,22,190,10,5,4,9,9,7,13,14,7,9,11,14,12,17,17,19,105,66,32
423910160,2,ç≤ÅXí¨,ê^ê\,0,,,78,2,3,0,2,4,4,3,0,2,7,3,3,10,9,13,5,38,35,13,45,1,0,0,2,3,4,1,0,2,3,3,2,9,3,6,1,29,15,6,33,1,3,0,0,1,0,2,0,0,4,0,1,1,6,7,4,9,20,7
423910170,2,ç≤ÅXí¨,ñFÉmâY,0,,,421,23,27,24,19,14,18,20,25,32,36,22,31,24,19,31,74,241,105,55,196,12,13,16,12,4,9,13,11,12,15,12,14,12,9,13,41,114,40,18,225,11,14,8,7,10,9,7,14,20,21,10,17,12,10,18,33,127,65,37
423910180,2,ç≤ÅXí¨,ìåí¨,0,,,310,13,18,17,10,10,13,13,16,29,31,21,15,12,23,21,48,170,92,48,148,7,12,6,4,3,5,5,9,15,17,12,9,5,11,10,25,84,39,18,162,6,6,11,6,7,8,8,7,14,14,9,6,7,12,11,23,86,53,30
423910190,2,ç≤ÅXí¨,êºí¨,0,,,301,19,15,17,14,10,13,11,29,25,22,8,10,17,28,30,51,159,90,32,145,8,7,9,10,6,6,3,13,15,11,2,4,8,8,18,24,78,42,16,156,11,8,8,4,4,7,8,16,10,11,6,6,9,20,12,27,81,48,16
423910200,2,ç≤ÅXí¨,ésê£,0,,,1058,50,49,45,57,38,52,44,53,84,91,68,46,60,71,87,144,593,320,162,501,30,28,24,25,16,25,23,26,41,46,29,23,30,34,34,82,284,135,67,557,20,21,21,32,22,27,21,27,43,45,39,23,30,37,53,62,309,185,95
423910210,2,ç≤ÅXí¨,äõêÏ,0,,,69,1,2,4,3,2,0,1,5,2,3,5,2,4,6,11,7,27,35,18,28,1,1,1,2,2,0,0,1,0,2,3,1,0,3,5,3,11,14,6,41,0,1,3,1,0,0,1,4,2,1,2,1,4,3,6,4,16,21,12
423910220,2,ç≤ÅXí¨,èºê£,0,,,385,17,20,22,18,9,8,13,22,31,25,17,26,19,25,46,59,188,138,67,177,11,11,14,10,3,3,4,10,17,11,7,13,8,9,20,36,86,55,26,208,6,9,8,8,6,5,9,12,14,14,10,13,11,16,26,23,102,83,41
423910230,2,ç≤ÅXí¨,ñk,0,,,188,7,17,10,5,9,2,7,11,16,13,11,7,13,16,23,34,94,60,21,90,4,10,5,4,5,1,4,3,7,7,4,5,5,8,12,19,45,26,6,98,3,7,5,1,4,1,3,8,9,6,7,2,8,8,11,15,49,34,15
423910240,2,ç≤ÅXí¨,ê_ìc,0,,,1537,92,127,104,54,42,75,91,114,112,86,71,56,79,94,111,323,780,434,229,706,53,59,51,22,21,30,40,57,57,40,34,26,37,40,57,163,364,179,82,831,39,68,53,32,21,45,51,57,55,46,37,30,42,54,54,160,416,255,147
423910250,2,ç≤ÅXí¨,äpéR,0,,,64,0,0,0,2,5,1,3,1,1,5,6,4,4,9,6,0,32,32,17,32,0,0,0,1,2,1,2,1,0,3,2,2,2,5,2,0,16,16,9,32,0,0,0,1,3,0,1,0,1,2,4,2,2,4,4,0,16,16,8
423910260,2,ç≤ÅXí¨,ç]ó¢,0,,,45,1,0,2,1,2,0,2,0,6,3,0,1,3,9,4,3,18,24,11,26,1,0,0,1,1,0,1,0,5,1,0,1,2,3,4,1,12,13,6,19,0,0,2,0,1,0,1,0,1,2,0,0,1,6,0,2,6,11,5
423910270,2,ç≤ÅXí¨,ëÂñŒ,0,,,38,0,0,2,1,0,2,0,0,1,5,0,5,6,2,5,2,20,16,9,18,0,0,0,0,0,1,0,0,0,3,0,3,3,2,3,0,10,8,3,20,0,0,2,1,0,1,0,0,1,2,0,2,3,0,2,2,10,8,6
423910290,2,ç≤ÅXí¨,é·ç≤,0,,,187,7,9,11,14,7,12,7,12,14,15,7,12,13,18,14,27,113,47,15,81,3,5,4,7,2,5,5,7,4,7,2,5,5,8,5,12,49,20,7,106,4,4,7,7,5,7,2,5,10,8,5,7,8,10,9,15,64,27,8
423910300,2,ç≤ÅXí¨,â´ìc,0,,,77,9,6,6,4,21,10,5,4,8,2,2,0,0,0,0,21,56,0,0,45,6,4,4,3,13,5,3,1,4,1,1,0,0,0,0,14,31,0,0,32,3,2,2,1,8,5,2,3,4,1,1,0,0,0,0,7,25,0,0
423910310,2,ç≤ÅXí¨,Ç≥Ç¥ÇÒâ‘,0,,,200,7,11,8,7,1,4,2,13,14,7,3,9,17,35,35,26,77,97,27,99,4,6,6,4,1,2,2,4,8,3,1,4,7,16,15,16,36,47,16,101,3,5,2,3,0,2,0,9,6,4,2,5,10,19,20,10,41,50,11
423910320,2,ç≤ÅXí¨,ç≤ÅXìÏ,0,,,326,23,28,27,26,19,21,13,30,22,25,22,14,17,24,6,78,209,39,9,151,15,14,9,11,12,12,6,11,9,13,11,4,8,8,4,38,97,16,4,175,8,14,18,15,7,9,7,19,13,12,11,10,9,16,2,40,112,23,5
423910330,2,ç≤ÅXí¨,êÁñ{,0,,,491,33,43,46,27,18,22,36,43,43,31,39,31,28,15,10,122,318,51,26,237,17,15,25,12,9,10,19,22,22,13,18,17,14,8,6,57,156,24,10,254,16,28,21,15,9,12,17,21,21,18,21,14,14,7,4,65,162,27,16
42411,1,êVè„å‹ìáí¨,,0,,,17503,446,516,611,538,254,413,514,660,853,1033,1169,1355,1660,1799,1634,1573,8449,7478,4045,8234,222,268,324,262,146,218,245,319,442,537,587,684,833,960,761,814,4273,3146,1425,9269,224,248,287,276,108,195,269,341,411,496,582,671,827,839,873,759,4176,4332,2620
424110010,3,êVè„å‹ìáí¨,é·èºãΩ,0,,,778,15,17,19,12,6,17,17,16,34,29,53,60,80,112,93,51,324,403,198,377,9,7,14,4,5,12,8,7,20,22,26,32,34,62,46,30,170,177,69,401,6,10,5,8,1,5,9,9,14,7,27,28,46,50,47,21,154,226,129
42411001001,4,êVè„å‹ìáí¨,é·èºãΩ,0,,,430,11,11,11,7,2,9,11,8,20,22,31,26,41,73,53,33,177,220,94,210,8,6,8,2,2,5,5,2,10,16,16,16,14,43,26,22,88,100,31,220,3,5,3,5,0,4,6,6,10,6,15,10,27,30,27,11,89,120,63
42411001002,4,êVè„å‹ìáí¨,é·èºãΩ,0,,,190,2,1,3,3,3,4,3,1,5,1,13,23,23,26,22,6,79,105,57,81,0,0,1,1,2,3,1,0,3,1,7,10,12,12,9,1,40,40,19,109,2,1,2,2,1,1,2,1,2,0,6,13,11,14,13,5,39,65,38
42411001003,4,êVè„å‹ìáí¨,é·èºãΩ,0,,,28,0,1,0,0,0,0,1,3,1,0,1,0,1,5,6,1,7,20,9,14,0,0,0,0,0,0,1,2,1,0,1,0,0,2,4,0,5,9,3,14,0,1,0,0,0,0,0,1,0,0,0,0,1,3,2,1,2,11,6
42411001004,4,êVè„å‹ìáí¨,é·èºãΩ,0,,,38,1,0,1,0,0,1,0,2,3,1,2,3,7,3,4,2,19,17,10,20,1,0,1,0,0,1,0,1,2,1,0,1,4,3,2,2,10,8,3,18,0,0,0,0,0,0,0,1,1,0,2,2,3,0,2,0,9,9,7
42411001005,4,êVè„å‹ìáí¨,é·èºãΩ,0,,,92,1,4,4,2,1,3,2,2,5,5,6,8,8,5,8,9,42,41,28,52,0,1,4,1,1,3,1,2,4,4,2,5,4,2,5,5,27,20,13,40,1,3,0,1,0,0,1,0,1,1,4,3,4,3,3,4,15,21,15
42411001006,4,êVè„å‹ìáí¨,é·èºãΩ,0,,,0,0,0,0,0,0,0,0,0,0,0,0,0,0,0,0,0,0,0,0,0,0,0,0,0,0,0,0,0,0,0,0,0,0,0,0,0,0,0,0,0,0,0,0,0,0,0,0,0,0,0,0,0,0,0,0,0,0,0,0
424110020,3,êVè„å‹ìáí¨,ä‘ïöãΩ,0,,,228,4,7,6,4,1,0,4,5,10,5,13,20,24,31,27,17,86,125,67,103,3,4,1,2,0,0,2,4,4,1,5,9,10,19,18,8,37,58,21,125,1,3,5,2,1,0,2,1,6,4,8,11,14,12,9,9,49,67,46
42411002001,4,êVè„å‹ìáí¨,ä‘ïöãΩ,1,,002002;002004,107,1,3,5,2,0,0,0,2,7,5,5,7,7,14,16,9,35,63,33,49,1,3,1,1,0,0,0,1,4,1,3,4,2,8,10,5,16,28,10,58,0,0,4,1,0,0,0,1,3,4,2,3,5,6,6,4,19,35,23
42411002002,4,êVè„å‹ìáí¨,ä‘ïöãΩ,2,2001,,0,0,0,0,0,0,0,0,0,0,0,0,0,0,0,0,0,0,0,0,0,0,0,0,0,0,0,0,0,0,0,0,0,0,0,0,0,0,0,0,0,0,0,0,0,0,0,0,0,0,0,0,0,0,0,0,0,0,0,0
42411002003,4,êVè„å‹ìáí¨,ä‘ïöãΩ,0,,,48,1,2,1,2,0,0,2,1,2,0,2,6,8,6,4,4,23,21,11,19,1,0,0,1,0,0,2,1,0,0,0,2,2,4,2,1,8,10,4,29,0,2,1,1,0,0,0,0,2,0,2,4,6,2,2,3,15,11,7
42411002004,4,êVè„å‹ìáí¨,ä‘ïöãΩ,2,2001,,0,0,0,0,0,0,0,0,0,0,0,0,0,0,0,0,0,0,0,0,0,0,0,0,0,0,0,0,0,0,0,0,0,0,0,0,0,0,0,0,0,0,0,0,0,0,0,0,0,0,0,0,0,0,0,0,0,0,0,0
42411002005,4,êVè„å‹ìáí¨,ä‘ïöãΩ,0,,,26,2,1,0,0,0,0,1,2,0,0,2,3,3,1,2,3,11,12,9,12,1,1,0,0,0,0,0,2,0,0,1,1,1,1,2,2,5,5,2,14,1,0,0,0,0,0,1,0,0,0,1,2,2,0,0,1,6,7,7
42411002006,4,êVè„å‹ìáí¨,ä‘ïöãΩ,0,,,47,0,1,0,0,1,0,1,0,1,0,4,4,6,10,5,1,17,29,14,23,0,0,0,0,0,0,0,0,0,0,1,2,5,6,4,0,8,15,5,24,0,1,0,0,1,0,1,0,1,0,3,2,1,4,1,1,9,14,9
424110030,3,êVè„å‹ìáí¨,çÂÉmâYãΩ,0,,,137,1,0,0,3,0,4,2,1,5,6,10,14,17,25,18,1,62,74,31,65,1,0,0,1,0,1,1,0,3,2,5,7,9,14,9,1,29,35,12,72,0,0,0,2,0,3,1,1,2,4,5,7,8,11,9,0,33,39,19
42411003001,4,êVè„å‹ìáí¨,çÂÉmâYãΩ,0,,,52,0,0,0,1,0,1,1,0,1,2,2,5,8,12,8,0,21,31,11,24,0,0,0,1,0,0,1,0,1,0,0,2,4,7,4,0,9,15,4,28,0,0,0,0,0,1,0,0,0,2,2,3,4,5,4,0,12,16,7
42411003002,4,êVè„å‹ìáí¨,çÂÉmâYãΩ,0,,,85,1,0,0,2,0,3,1,1,4,4,8,9,9,13,10,1,41,43,20,41,1,0,0,0,0,1,0,0,2,2,5,5,5,7,5,1,20,20,8,44,0,0,0,2,0,2,1,1,2,2,3,4,4,6,5,0,21,23,12
424110040,2,êVè„å‹ìáí¨,ãôê∂âYãΩ,0,,,26,0,0,5,0,0,0,0,0,0,6,3,0,0,1,5,5,9,12,6,14,0,0,4,0,0,0,0,0,0,3,2,0,0,1,2,4,5,5,2,12,0,0,1,0,0,0,0,0,0,3,1,0,0,0,3,1,4,7,4
424110050,2,êVè„å‹ìáí¨,ì˙ìáãΩ,0,,,27,0,0,0,0,0,1,0,0,0,1,2,0,8,6,3,0,12,15,6,17,0,0,0,0,0,1,0,0,0,1,2,0,7,1,2,0,11,6,3,10,0,0,0,0,0,0,0,0,0,0,0,0,1,5,1,0,1,9,3
424110060,2,êVè„å‹ìáí¨,óLïüãΩ,0,,,100,2,2,2,0,0,4,1,2,4,3,7,6,11,9,6,6,38,56,41,57,2,2,2,0,0,4,0,0,2,3,6,5,5,5,4,6,25,26,17,43,0,0,0,0,0,0,1,2,2,0,1,1,6,4,2,0,13,30,24
424110070,3,êVè„å‹ìáí¨,êºê_ÉmâYãΩ,0,,,75,1,1,1,2,0,1,1,3,4,2,3,6,13,6,7,3,35,37,24,39,1,0,0,2,0,1,0,3,1,2,3,4,9,1,4,1,25,13,8,36,0,1,1,0,0,0,1,0,3,0,0,2,4,5,3,2,10,24,16
42411007001,4,êVè„å‹ìáí¨,êºê_ÉmâYãΩ,0,,,46,0,0,0,2,0,1,0,2,3,1,2,5,9,4,5,0,25,21,12,26,0,0,0,2,0,1,0,2,1,1,2,3,7,0,3,0,19,7,4,20,0,0,0,0,0,0,0,0,2,0,0,2,2,4,2,0,6,14,8
42411007002,4,êVè„å‹ìáí¨,êºê_ÉmâYãΩ,0,,,29,1,1,1,0,0,0,1,1,1,1,1,1,4,2,2,3,10,16,12,13,1,0,0,0,0,0,0,1,0,1,1,1,2,1,1,1,6,6,4,16,0,1,1,0,0,0,1,0,1,0,0,0,2,1,1,2,4,10,8
424110080,3,êVè„å‹ìáí¨,çrêÏãΩ,0,,,335,7,6,6,9,6,6,7,20,11,24,16,28,34,39,32,19,161,155,84,168,2,2,3,7,5,2,1,13,8,13,9,16,17,19,14,7,91,70,37,167,5,4,3,2,1,4,6,7,3,11,7,12,17,20,18,12,70,85,47
42411008001,4,êVè„å‹ìáí¨,çrêÏãΩ,0,,,153,3,2,1,2,3,1,5,5,8,11,7,14,13,21,14,6,69,78,43,79,1,0,1,1,2,1,1,4,5,7,4,7,8,11,7,2,40,37,19,74,2,2,0,1,1,0,4,1,3,4,3,7,5,10,7,4,29,41,24
42411008002,4,êVè„å‹ìáí¨,çrêÏãΩ,0,,,94,0,0,2,2,0,1,1,3,2,8,4,9,14,10,12,2,44,48,26,47,0,0,2,2,0,0,0,2,2,4,3,6,4,5,5,2,23,22,12,47,0,0,0,0,0,1,1,1,0,4,1,3,10,5,7,0,21,26,14
42411008003,4,êVè„å‹ìáí¨,çrêÏãΩ,0,,,88,4,4,3,5,3,4,1,12,1,5,5,5,7,8,6,11,48,29,15,42,1,2,0,4,3,1,0,7,1,2,2,3,5,3,2,3,28,11,6,46,3,2,3,1,0,3,1,5,0,3,3,2,2,5,4,8,20,18,9
424110090,3,êVè„å‹ìáí¨,èhÉmâYãΩ,0,,,504,4,13,23,17,10,9,9,15,31,26,31,48,58,73,42,40,254,210,95,263,2,7,12,9,8,8,3,10,17,14,14,24,31,38,24,21,138,104,42,241,2,6,11,8,2,1,6,5,14,12,17,24,27,35,18,19,116,106,53
42411009001,4,êVè„å‹ìáí¨,èhÉmâYãΩ,0,,,131,1,5,9,9,0,2,1,5,9,9,7,24,13,15,8,15,79,37,14,66,1,3,6,4,0,2,1,2,4,5,4,10,7,8,4,10,39,17,5,65,0,2,3,5,0,0,0,3,5,4,3,14,6,7,4,5,40,20,9
42411009002,4,êVè„å‹ìáí¨,èhÉmâYãΩ,0,,,118,1,2,3,1,4,3,3,6,9,4,7,9,13,18,11,6,59,53,24,69,0,1,2,0,4,3,2,4,6,3,2,5,6,10,8,3,35,31,13,49,1,1,1,1,0,0,1,2,3,1,5,4,7,8,3,3,24,22,11
42411009003,4,êVè„å‹ìáí¨,èhÉmâYãΩ,0,,,109,1,3,4,2,2,0,2,4,7,2,7,5,14,20,11,8,45,56,25,55,0,2,1,2,0,0,0,4,3,1,2,4,8,11,6,3,24,28,11,54,1,1,3,0,2,0,2,0,4,1,5,1,6,9,5,5,21,28,14
42411009004,4,êVè„å‹ìáí¨,èhÉmâYãΩ,0,,,65,1,3,4,3,2,2,2,0,3,5,3,5,7,8,5,8,32,25,12,29,1,1,1,1,2,2,0,0,1,3,2,3,3,3,2,3,17,9,4,36,0,2,3,2,0,0,2,0,2,2,1,2,4,5,3,5,15,16,8
42411009005,4,êVè„å‹ìáí¨,èhÉmâYãΩ,0,,,38,0,0,2,2,1,0,0,0,1,4,1,2,6,4,2,2,17,19,13,23,0,0,2,2,1,0,0,0,1,1,1,1,4,2,1,2,11,10,7,15,0,0,0,0,0,0,0,0,0,3,0,1,2,2,1,0,6,9,6
42411009006,4,êVè„å‹ìáí¨,èhÉmâYãΩ,0,,,43,0,0,1,0,1,2,1,0,2,2,6,3,5,8,5,1,22,20,7,21,0,0,0,0,1,1,0,0,2,1,3,1,3,4,3,0,12,9,2,22,0,0,1,0,0,1,1,0,0,1,3,2,2,4,2,1,10,11,5
424110100,3,êVè„å‹ìáí¨,ãÀå√ó¢ãΩ,0,,,243,3,9,20,7,5,5,8,6,14,10,16,16,24,16,19,32,111,100,65,121,3,8,10,5,2,4,3,3,8,6,7,9,13,11,6,21,60,40,23,122,0,1,10,2,3,1,5,3,6,4,9,7,11,5,13,11,51,60,42
42411010001,4,êVè„å‹ìáí¨,ãÀå√ó¢ãΩ,0,,,138,1,7,13,5,3,4,6,4,8,5,8,10,15,9,8,21,68,49,32,63,1,6,8,3,0,3,3,2,4,2,2,4,7,5,2,15,30,18,11,75,0,1,5,2,3,1,3,2,4,3,6,6,8,4,6,6,38,31,21
42411010002,4,êVè„å‹ìáí¨,ãÀå√ó¢ãΩ,0,,,80,2,2,7,2,2,1,1,2,6,5,7,5,8,2,10,11,39,30,18,47,2,2,2,2,2,1,0,1,4,4,4,5,5,2,4,6,28,13,7,33,0,0,5,0,0,0,1,1,2,1,3,0,3,0,6,5,11,17,11
42411010003,4,êVè„å‹ìáí¨,ãÀå√ó¢ãΩ,0,,,25,0,0,0,0,0,0,1,0,0,0,1,1,1,5,1,0,4,21,15,11,0,0,0,0,0,0,0,0,0,0,1,0,1,4,0,0,2,9,5,14,0,0,0,0,0,0,1,0,0,0,0,1,0,1,1,0,2,12,10
42411010004,4,êVè„å‹ìáí¨,ãÀå√ó¢ãΩ,0,,,0,0,0,0,0,0,0,0,0,0,0,0,0,0,0,0,0,0,0,0,0,0,0,0,0,0,0,0,0,0,0,0,0,0,0,0,0,0,0,0,0,0,0,0,0,0,0,0,0,0,0,0,0,0,0,0,0,0,0,0
424110110,3,êVè„å‹ìáí¨,ñ‘è„ãΩ,0,,,345,7,21,19,9,6,8,10,11,22,25,25,28,28,22,26,47,172,126,78,165,4,10,15,5,3,4,4,7,12,14,13,10,17,11,8,29,89,47,28,180,3,11,4,4,3,4,6,4,10,11,12,18,11,11,18,18,83,79,50
42411011000,4,êVè„å‹ìáí¨,ñ‘è„ãΩ,0,,,0,0,0,0,0,0,0,0,0,0,0,0,0,0,0,0,0,0,0,0,0,0,0,0,0,0,0,0,0,0,0,0,0,0,0,0,0,0,0,0,0,0,0,0,0,0,0,0,0,0,0,0,0,0,0,0,0,0,0,0
42411011015,4,êVè„å‹ìáí¨,ñ‘è„ãΩ,0,,,180,5,14,14,6,2,1,4,7,13,14,8,6,11,11,18,33,72,75,46,87,4,8,10,3,1,1,1,5,6,6,3,2,5,6,5,22,33,32,21,93,1,6,4,3,1,0,3,2,7,8,5,4,6,5,13,11,39,43,25
42411011016,4,êVè„å‹ìáí¨,ñ‘è„ãΩ,0,,,165,2,7,5,3,4,7,6,4,9,11,17,22,17,11,8,14,100,51,32,78,0,2,5,2,2,3,3,2,6,8,10,8,12,5,3,7,56,15,7,87,2,5,0,1,2,4,3,2,3,3,7,14,5,6,5,7,44,36,25
424110120,3,êVè„å‹ìáí¨,ìﬁñÄãΩ,0,,,1263,30,46,45,53,13,26,41,54,61,70,101,125,132,133,85,121,676,466,248,571,15,22,23,22,2,14,16,24,31,32,48,61,61,72,41,60,311,200,87,692,15,24,22,31,11,12,25,30,30,38,53,64,71,61,44,61,365,266,161
42411012011,4,êVè„å‹ìáí¨,ìﬁñÄãΩ,0,,,313,8,17,12,21,3,10,12,15,18,23,29,32,22,27,18,37,185,91,46,143,2,9,4,8,0,5,4,7,10,11,15,14,12,18,10,15,86,42,14,170,6,8,8,13,3,5,8,8,8,12,14,18,10,9,8,22,99,49,32
42411012012,4,êVè„å‹ìáí¨,ìﬁñÄãΩ,0,,,405,10,18,20,13,6,5,9,21,23,21,26,26,31,43,34,48,181,176,99,177,6,8,13,6,1,1,6,9,9,9,11,14,13,23,17,27,79,71,31,228,4,10,7,7,5,4,3,12,14,12,15,12,18,20,17,21,102,105,68
42411012013,4,êVè„å‹ìáí¨,ìﬁñÄãΩ,0,,,281,8,4,9,7,2,6,9,5,13,15,20,35,41,33,21,21,153,107,53,135,4,2,5,4,0,4,2,2,8,8,12,17,21,13,10,11,78,46,23,146,4,2,4,3,2,2,7,3,5,7,8,18,20,20,11,10,75,61,30
42411012014,4,êVè„å‹ìáí¨,ìﬁñÄãΩ,0,,,264,4,7,4,12,2,5,11,13,7,11,26,32,38,30,12,15,157,92,50,116,3,3,1,4,1,4,4,6,4,4,10,16,15,18,4,7,68,41,19,148,1,4,3,8,1,1,7,7,3,7,16,16,23,12,8,8,89,51,31
424110130,3,êVè„å‹ìáí¨,ê¬ï˚ãΩ,0,,,2015,89,91,73,65,40,74,89,96,109,147,145,155,164,159,162,253,1084,675,354,936,43,51,35,28,17,36,42,44,51,68,72,78,91,73,76,129,527,279,130,1079,46,40,38,37,23,38,47,52,58,79,73,77,73,86,86,124,557,396,224
42411013001,4,êVè„å‹ìáí¨,ê¬ï˚ãΩ,0,,,385,23,20,16,14,5,3,17,20,28,30,31,28,25,20,39,59,201,125,66,177,11,9,7,6,3,2,10,8,14,14,14,16,18,9,19,27,105,45,17,208,12,11,9,8,2,1,7,12,14,16,17,12,7,11,20,32,96,80,49
42411013002,4,êVè„å‹ìáí¨,ê¬ï˚ãΩ,0,,,129,3,1,0,0,0,4,4,2,1,3,10,11,17,10,14,4,52,73,49,53,2,1,0,0,0,1,1,1,0,2,6,4,7,5,7,3,22,28,16,76,1,0,0,0,0,3,3,1,1,1,4,7,10,5,7,1,30,45,33
42411013003,4,êVè„å‹ìáí¨,ê¬ï˚ãΩ,0,,,228,6,12,6,6,6,7,12,11,11,15,16,17,18,19,20,24,119,82,43,99,4,6,4,1,2,1,6,5,5,8,7,6,8,11,9,14,49,35,15,129,2,6,2,5,4,6,6,6,6,7,9,11,10,8,11,10,70,47,28
42411013004,4,êVè„å‹ìáí¨,ê¬ï˚ãΩ,0,,,227,11,8,7,4,5,11,6,15,7,21,13,11,22,26,20,26,115,86,40,103,8,4,2,1,2,3,3,8,2,8,6,6,10,12,13,14,49,40,15,124,3,4,5,3,3,8,3,7,5,13,7,5,12,14,7,12,66,46,25
42411013005,4,êVè„å‹ìáí¨,ê¬ï˚ãΩ,0,,,270,6,15,17,13,6,9,11,8,21,19,18,31,18,29,14,38,154,78,35,119,3,7,7,8,3,6,3,1,9,7,7,13,11,14,4,17,68,34,16,151,3,8,10,5,3,3,8,7,12,12,11,18,7,15,10,21,86,44,19
42411013006,4,êVè„å‹ìáí¨,ê¬ï˚ãΩ,0,,,321,18,12,8,15,11,16,23,25,21,26,23,24,19,19,23,38,203,80,38,168,6,9,5,8,6,10,11,15,9,12,15,16,13,7,10,20,115,33,16,153,12,3,3,7,5,6,12,10,12,14,8,8,6,12,13,18,88,47,22
42411013007,4,êVè„å‹ìáí¨,ê¬ï˚ãΩ,0,,,274,20,16,10,6,6,20,14,9,17,20,17,21,17,22,20,46,147,81,39,129,9,9,6,1,1,9,7,4,11,12,8,11,8,11,8,24,72,33,14,145,11,7,4,5,5,11,7,5,6,8,9,10,9,11,12,22,75,48,25
42411013008,4,êVè„å‹ìáí¨,ê¬ï˚ãΩ,0,,,181,2,7,9,7,1,4,2,6,3,13,17,12,28,14,12,18,93,70,44,88,0,6,4,3,0,4,1,2,1,5,9,6,16,4,6,10,47,31,21,93,2,1,5,4,1,0,1,4,2,8,8,6,12,10,6,8,46,39,23
424110140,3,êVè„å‹ìáí¨,ëDçËãΩ,0,,,113,0,0,1,1,2,2,2,0,4,7,11,11,17,16,17,1,57,55,22,61,0,0,0,1,1,1,2,0,3,3,5,4,12,10,12,0,32,29,7,52,0,0,1,0,1,1,0,0,1,4,6,7,5,6,5,1,25,26,15
42411014000,4,êVè„å‹ìáí¨,ëDçËãΩ,0,,,0,0,0,0,0,0,0,0,0,0,0,0,0,0,0,0,0,0,0,0,0,0,0,0,0,0,0,0,0,0,0,0,0,0,0,0,0,0,0,0,0,0,0,0,0,0,0,0,0,0,0,0,0,0,0,0,0,0,0,0
42411014010,4,êVè„å‹ìáí¨,ëDçËãΩ,0,,,113,0,0,1,1,2,2,2,0,4,7,11,11,17,16,17,1,57,55,22,61,0,0,0,1,1,1,2,0,3,3,5,4,12,10,12,0,32,29,7,52,0,0,1,0,1,1,0,0,1,4,6,7,5,6,5,1,25,26,15
424110150,2,êVè„å‹ìáí¨,ëäâÕãΩ,0,,,220,6,8,5,6,11,3,4,10,9,11,11,14,18,21,27,19,97,104,56,109,1,5,2,5,11,2,3,4,5,6,7,7,7,13,8,8,57,44,23,111,5,3,3,1,0,1,1,6,4,5,4,7,11,8,19,11,40,60,33
424110160,3,êVè„å‹ìáí¨,éOì˙ÉmâYãΩ,0,,,259,7,4,6,9,6,11,7,6,12,19,24,20,29,26,28,17,143,99,45,124,3,1,3,4,3,4,3,4,6,10,9,12,19,10,12,7,74,43,21,135,4,3,3,5,3,7,4,2,6,9,15,8,10,16,16,10,69,56,24
42411016017,4,êVè„å‹ìáí¨,éOì˙ÉmâYãΩ,0,,,70,2,2,1,1,0,2,2,0,4,3,6,5,6,8,11,5,29,36,17,37,1,0,0,1,0,1,2,0,1,3,3,4,4,4,5,1,19,17,8,33,1,2,1,0,0,1,0,0,3,0,3,1,2,4,6,4,10,19,9
42411016018,4,êVè„å‹ìáí¨,éOì˙ÉmâYãΩ,0,,,181,5,2,5,8,6,9,5,6,8,16,17,14,21,16,16,12,110,59,27,83,2,1,3,3,3,3,1,4,5,7,5,7,14,6,6,6,52,25,13,98,3,1,2,5,3,6,4,2,3,9,12,7,7,10,10,6,58,34,14
42411016019,4,êVè„å‹ìáí¨,éOì˙ÉmâYãΩ,2,16020,,0,0,0,0,0,0,0,0,0,0,0,0,0,0,0,0,0,0,0,0,0,0,0,0,0,0,0,0,0,0,0,0,0,0,0,0,0,0,0,0,0,0,0,0,0,0,0,0,0,0,0,0,0,0,0,0,0,0,0,0
42411016020,4,êVè„å‹ìáí¨,éOì˙ÉmâYãΩ,1,,016019,8,0,0,0,0,0,0,0,0,0,0,1,1,2,2,1,0,4,4,1,4,0,0,0,0,0,0,0,0,0,0,1,1,1,0,1,0,3,1,0,4,0,0,0,0,0,0,0,0,0,0,0,0,1,2,0,0,1,3,1
424110170,3,êVè„å‹ìáí¨,ç°ó¢ãΩ,0,,,453,11,10,13,9,5,15,12,19,16,23,33,34,44,42,36,34,210,209,131,196,5,6,9,6,2,8,4,11,9,11,16,15,18,24,18,20,100,76,34,257,6,4,4,3,3,7,8,8,7,12,17,19,26,18,18,14,110,133,97
42411017021,4,êVè„å‹ìáí¨,ç°ó¢ãΩ,0,,,166,6,6,8,2,1,8,7,8,6,12,9,9,13,17,13,20,75,71,41,78,2,4,7,2,1,4,3,6,4,6,2,5,5,9,7,13,38,27,11,88,4,2,1,0,0,4,4,2,2,6,7,4,8,8,6,7,37,44,30
42411017022,4,êVè„å‹ìáí¨,ç°ó¢ãΩ,0,,,67,1,0,0,3,2,4,0,1,2,4,5,6,9,9,7,1,36,30,14,29,0,0,0,2,0,2,0,1,2,1,3,0,5,5,4,0,16,13,4,38,1,0,0,1,2,2,0,0,0,3,2,6,4,4,3,1,20,17,10
42411017023,4,êVè„å‹ìáí¨,ç°ó¢ãΩ,0,,,220,4,4,5,4,2,3,5,10,8,7,19,19,22,16,16,13,99,108,76,89,3,2,2,2,1,2,1,4,3,4,11,10,8,10,7,7,46,36,19,131,1,2,3,2,1,1,4,6,5,3,8,9,14,6,9,6,53,72,57
424110180,2,êVè„å‹ìáí¨,ìπìyà‰ãΩ,0,,,159,5,1,6,5,3,3,7,8,4,7,14,14,23,19,8,12,88,59,32,72,2,1,3,2,2,1,2,3,3,3,6,6,10,11,5,6,38,28,12,87,3,0,3,3,1,2,5,5,1,4,8,8,13,8,3,6,50,31,20
424110190,3,êVè„å‹ìáí¨,ë±ïlÉmâYãΩ,0,,,170,1,2,6,2,1,1,10,4,5,5,8,13,19,24,18,9,68,93,51,76,1,1,2,1,1,0,4,1,1,2,5,6,9,15,9,4,30,42,18,94,0,1,4,1,0,1,6,3,4,3,3,7,10,9,9,5,38,51,33
42411019000,4,êVè„å‹ìáí¨,ë±ïlÉmâYãΩ,0,,,0,0,0,0,0,0,0,0,0,0,0,0,0,0,0,0,0,0,0,0,0,0,0,0,0,0,0,0,0,0,0,0,0,0,0,0,0,0,0,0,0,0,0,0,0,0,0,0,0,0,0,0,0,0,0,0,0,0,0,0
42411019025,4,êVè„å‹ìáí¨,ë±ïlÉmâYãΩ,0,,,27,0,0,0,0,0,0,1,2,0,1,1,4,5,4,2,0,14,13,7,12,0,0,0,0,0,0,0,1,0,0,1,2,3,2,0,0,7,5,3,15,0,0,0,0,0,0,1,1,0,1,0,2,2,2,2,0,7,8,4
42411019026,4,êVè„å‹ìáí¨,ë±ïlÉmâYãΩ,0,,,41,0,0,3,0,0,0,1,1,2,2,2,3,4,3,5,3,15,23,15,17,0,0,1,0,0,0,0,0,0,0,2,2,1,2,3,1,5,11,6,24,0,0,2,0,0,0,1,1,2,2,0,1,3,1,2,2,10,12,9
42411019027,4,êVè„å‹ìáí¨,ë±ïlÉmâYãΩ,0,,,64,0,0,1,2,0,1,1,1,2,1,5,3,6,9,8,1,22,41,24,27,0,0,0,1,0,0,0,0,1,1,2,1,4,5,4,0,10,17,8,37,0,0,1,1,0,1,1,1,1,0,3,2,2,4,4,1,12,24,16
42411019028,4,êVè„å‹ìáí¨,ë±ïlÉmâYãΩ,0,,,38,1,2,2,0,1,0,7,0,1,1,0,3,4,8,3,5,17,16,5,20,1,1,1,0,1,0,4,0,0,1,0,1,1,6,2,3,8,9,1,18,0,1,1,0,0,0,3,0,1,0,0,2,3,2,1,2,9,7,4
424110200,3,êVè„å‹ìáí¨,î—Émê£åÀãΩ,0,,,72,1,3,2,1,0,1,2,4,1,3,3,5,11,9,4,6,31,35,22,33,0,0,0,1,0,0,2,2,0,1,3,4,7,4,3,0,20,13,6,39,1,3,2,0,0,1,0,2,1,2,0,1,4,5,1,6,11,22,16
42411020000,4,êVè„å‹ìáí¨,î—Émê£åÀãΩ,0,,,0,0,0,0,0,0,0,0,0,0,0,0,0,0,0,0,0,0,0,0,0,0,0,0,0,0,0,0,0,0,0,0,0,0,0,0,0,0,0,0,0,0,0,0,0,0,0,0,0,0,0,0,0,0,0,0,0,0,0,0
42411020029,4,êVè„å‹ìáí¨,î—Émê£åÀãΩ,0,,,39,1,3,2,1,0,0,2,3,0,2,1,2,5,6,1,6,16,17,10,16,0,0,0,1,0,0,2,2,0,0,1,1,4,2,1,0,11,5,2,23,1,3,2,0,0,0,0,1,0,2,0,1,1,4,0,6,5,12,8
42411020030,4,êVè„å‹ìáí¨,î—Émê£åÀãΩ,1,,020031,33,0,0,0,0,0,1,0,1,1,1,2,3,6,3,3,0,15,18,12,17,0,0,0,0,0,0,0,0,0,1,2,3,3,2,2,0,9,8,4,16,0,0,0,0,0,1,0,1,1,0,0,0,3,1,1,0,6,10,8
42411020031,4,êVè„å‹ìáí¨,î—Émê£åÀãΩ,2,20030,,0,0,0,0,0,0,0,0,0,0,0,0,0,0,0,0,0,0,0,0,0,0,0,0,0,0,0,0,0,0,0,0,0,0,0,0,0,0,0,0,0,0,0,0,0,0,0,0,0,0,0,0,0,0,0,0,0,0,0,0
424110210,3,êVè„å‹ìáí¨,í√òaçËãΩ,0,,,157,0,0,1,3,2,2,3,2,3,9,16,11,27,22,15,1,78,78,41,70,0,0,0,1,0,0,2,2,2,6,8,7,15,12,4,0,43,27,11,87,0,0,1,2,2,2,1,0,1,3,8,4,12,10,11,1,35,51,30
42411021001,4,êVè„å‹ìáí¨,í√òaçËãΩ,0,,,12,0,0,0,0,0,0,0,0,0,2,1,1,2,2,1,0,6,6,3,5,0,0,0,0,0,0,0,0,0,2,0,0,1,2,0,0,3,2,0,7,0,0,0,0,0,0,0,0,0,0,1,1,1,0,1,0,3,4,3
42411021002,4,êVè„å‹ìáí¨,í√òaçËãΩ,0,,,44,0,0,0,2,0,2,0,1,0,2,3,4,8,5,4,0,22,22,13,22,0,0,0,1,0,0,0,1,0,1,2,2,5,3,1,0,12,10,6,22,0,0,0,1,0,2,0,0,0,1,1,2,3,2,3,0,10,12,7
42411021003,4,êVè„å‹ìáí¨,í√òaçËãΩ,1,,021004,28,0,0,0,0,0,0,0,0,1,1,3,1,4,2,6,0,10,18,10,12,0,0,0,0,0,0,0,0,1,1,2,1,2,1,2,0,7,5,2,16,0,0,0,0,0,0,0,0,0,0,1,0,2,1,4,0,3,13,8
42411021004,4,êVè„å‹ìáí¨,í√òaçËãΩ,2,21003,,0,0,0,0,0,0,0,0,0,0,0,0,0,0,0,0,0,0,0,0,0,0,0,0,0,0,0,0,0,0,0,0,0,0,0,0,0,0,0,0,0,0,0,0,0,0,0,0,0,0,0,0,0,0,0,0,0,0,0,0
42411021005,4,êVè„å‹ìáí¨,í√òaçËãΩ,0,,,73,0,0,1,1,2,0,3,1,2,4,9,5,13,13,4,1,40,32,15,31,0,0,0,0,0,0,2,1,1,2,4,4,7,6,1,0,21,10,3,42,0,0,1,1,2,0,1,0,1,2,5,1,6,7,3,1,19,22,12
424110220,3,êVè„å‹ìáí¨,óßã¯ãΩ,0,,,247,6,2,2,1,1,2,4,6,4,12,9,20,33,31,38,10,92,145,76,119,5,2,0,1,0,1,3,3,3,5,5,12,16,16,23,7,49,63,24,128,1,0,2,0,1,1,1,3,1,7,4,8,17,15,15,3,43,82,52
42411022006,4,êVè„å‹ìáí¨,óßã¯ãΩ,0,,,9,0,0,0,0,0,0,0,0,1,1,2,1,0,0,0,0,5,4,4,5,0,0,0,0,0,0,0,0,1,1,1,1,0,0,0,0,4,1,1,4,0,0,0,0,0,0,0,0,0,0,1,0,0,0,0,0,1,3,3
42411022008,4,êVè„å‹ìáí¨,óßã¯ãΩ,0,,,38,0,0,0,0,0,0,0,1,0,0,0,4,9,7,6,0,14,24,11,21,0,0,0,0,0,0,0,1,0,0,0,1,6,3,4,0,8,13,6,17,0,0,0,0,0,0,0,0,0,0,0,3,3,4,2,0,6,11,5
42411022009,4,êVè„å‹ìáí¨,óßã¯ãΩ,0,,,9,0,0,0,0,0,0,0,0,0,0,0,1,1,0,1,0,2,7,6,4,0,0,0,0,0,0,0,0,0,0,0,1,1,0,1,0,2,2,1,5,0,0,0,0,0,0,0,0,0,0,0,0,0,0,0,0,0,5,5
42411022010,4,êVè„å‹ìáí¨,óßã¯ãΩ,0,,,19,0,0,0,0,0,1,0,0,0,0,0,2,3,2,4,0,6,13,7,8,0,0,0,0,0,1,0,0,0,0,0,0,2,1,2,0,3,5,2,11,0,0,0,0,0,0,0,0,0,0,0,2,1,1,2,0,3,8,5
42411022012,4,êVè„å‹ìáí¨,óßã¯ãΩ,0,,,19,2,1,0,0,0,0,1,1,0,0,0,2,1,5,2,3,5,11,4,9,1,1,0,0,0,0,1,0,0,0,0,2,0,2,2,2,3,4,0,10,1,0,0,0,0,0,0,1,0,0,0,0,1,3,0,1,2,7,4
42411022013,4,êVè„å‹ìáí¨,óßã¯ãΩ,0,,,12,0,0,0,0,0,0,0,0,0,1,1,2,1,0,4,0,5,7,3,6,0,0,0,0,0,0,0,0,0,0,1,2,0,0,2,0,3,3,1,6,0,0,0,0,0,0,0,0,0,1,0,0,1,0,2,0,2,4,2
42411022014,4,êVè„å‹ìáí¨,óßã¯ãΩ,0,,,13,0,0,1,0,0,0,0,0,1,1,0,1,1,1,1,1,4,8,6,5,0,0,0,0,0,0,0,0,0,0,0,1,0,1,0,0,1,4,3,8,0,0,1,0,0,0,0,0,1,1,0,0,1,0,1,1,3,4,3
42411022015,4,êVè„å‹ìáí¨,óßã¯ãΩ,0,,,12,0,0,0,0,0,0,0,0,0,1,0,0,0,1,2,0,1,11,8,6,0,0,0,0,0,0,0,0,0,0,0,0,0,1,0,0,0,6,5,6,0,0,0,0,0,0,0,0,0,1,0,0,0,0,2,0,1,5,3
42411022016,4,êVè„å‹ìáí¨,óßã¯ãΩ,0,,,17,0,0,0,0,0,0,0,0,1,2,0,0,2,3,4,0,5,12,5,7,0,0,0,0,0,0,0,0,1,1,0,0,1,1,2,0,3,4,1,10,0,0,0,0,0,0,0,0,0,1,0,0,1,2,2,0,2,8,4
42411022017,4,êVè„å‹ìáí¨,óßã¯ãΩ,0,,,44,1,0,0,0,1,0,1,2,1,1,3,2,7,8,7,1,18,25,10,21,1,0,0,0,0,0,1,1,1,0,1,1,3,4,6,1,8,12,2,23,0,0,0,0,1,0,0,1,0,1,2,1,4,4,1,0,10,13,8
42411022018,4,êVè„å‹ìáí¨,óßã¯ãΩ,0,,,55,3,1,1,1,0,1,2,2,0,5,3,5,8,4,7,5,27,23,12,27,3,1,0,1,0,0,1,1,0,3,2,3,3,3,4,4,14,9,2,28,0,0,1,0,0,1,1,1,0,2,1,2,5,1,3,1,13,14,10
424110230,3,êVè„å‹ìáí¨,ë]ç™ãΩ,0,,,431,7,8,13,8,6,11,5,14,29,15,20,47,46,61,52,28,201,202,89,209,3,2,7,4,4,6,4,10,18,10,5,19,24,32,26,12,104,93,35,222,4,6,6,4,2,5,1,4,11,5,15,28,22,29,26,16,97,109,54
42411023007,4,êVè„å‹ìáí¨,ë]ç™ãΩ,0,,,43,0,0,0,0,0,0,0,0,0,0,0,8,6,5,2,0,14,29,22,18,0,0,0,0,0,0,0,0,0,0,0,3,5,3,0,0,8,10,7,25,0,0,0,0,0,0,0,0,0,0,0,5,1,2,2,0,6,19,15
42411023011,4,êVè„å‹ìáí¨,ë]ç™ãΩ,0,,,32,0,0,0,1,0,1,1,0,0,2,2,4,6,7,4,0,17,15,4,17,0,0,0,1,0,0,1,0,0,2,1,2,2,4,3,0,9,8,1,15,0,0,0,0,0,1,0,0,0,0,1,2,4,3,1,0,8,7,3
42411023026,4,êVè„å‹ìáí¨,ë]ç™ãΩ,0,,,66,1,3,2,1,0,2,1,3,5,2,2,6,6,8,9,6,28,32,15,28,0,1,1,1,0,1,1,2,2,1,0,2,3,3,5,2,13,13,5,38,1,2,1,0,0,1,0,1,3,1,2,4,3,5,4,4,15,19,10
42411023027,4,êVè„å‹ìáí¨,ë]ç™ãΩ,0,,,189,2,2,7,5,4,6,2,8,15,8,12,16,19,30,24,11,95,83,29,97,0,1,4,1,3,5,2,5,11,6,4,6,10,17,12,5,53,39,10,92,2,1,3,4,1,1,0,3,4,2,8,10,9,13,12,6,42,44,19
42411023028,4,êVè„å‹ìáí¨,ë]ç™ãΩ,0,,,101,4,3,4,1,2,2,1,3,9,3,4,13,9,11,13,11,47,43,19,49,3,0,2,1,1,0,0,3,5,1,0,6,4,5,6,5,21,23,12,52,1,3,2,0,1,2,1,0,4,2,4,7,5,6,7,6,26,20,7
424110240,3,êVè„å‹ìáí¨,è¨ã¯ãΩ,0,,,351,2,3,9,12,5,4,7,8,9,17,34,20,32,44,43,14,148,189,102,165,1,3,4,5,3,1,3,5,5,8,17,9,18,25,16,8,74,83,42,186,1,0,5,7,2,3,4,3,4,9,17,11,14,19,27,6,74,106,60
42411024019,4,êVè„å‹ìáí¨,è¨ã¯ãΩ,0,,,100,0,0,1,4,2,2,0,1,2,7,6,7,13,13,14,1,44,55,28,45,0,0,1,2,1,0,0,0,1,4,2,2,8,9,3,1,20,24,12,55,0,0,0,2,1,2,0,1,1,3,4,5,5,4,11,0,24,31,16
42411024020,4,êVè„å‹ìáí¨,è¨ã¯ãΩ,0,,,77,0,0,3,3,1,1,2,2,5,4,8,4,7,7,9,3,37,37,21,37,0,0,1,1,1,1,1,1,3,2,5,2,4,4,3,1,21,15,8,40,0,0,2,2,0,0,1,1,2,2,3,2,3,3,6,2,16,22,13
42411024021,4,êVè„å‹ìáí¨,è¨ã¯ãΩ,0,,,22,0,0,0,0,1,1,0,0,0,0,3,1,1,1,3,0,7,15,11,11,0,0,0,0,1,0,0,0,0,0,2,0,1,0,1,0,4,7,6,11,0,0,0,0,0,1,0,0,0,0,1,1,0,1,2,0,3,8,5
42411024022,4,êVè„å‹ìáí¨,è¨ã¯ãΩ,0,,,35,0,0,1,1,1,0,0,0,0,1,7,2,1,5,5,1,13,21,11,18,0,0,0,0,0,0,0,0,0,0,4,1,1,3,4,0,6,12,5,17,0,0,1,1,1,0,0,0,0,1,3,1,0,2,1,1,7,9,6
42411024023,4,êVè„å‹ìáí¨,è¨ã¯ãΩ,0,,,58,0,1,1,1,0,0,1,3,1,2,7,1,6,6,6,2,22,34,22,26,0,1,0,0,0,0,0,2,1,1,3,1,2,1,5,1,10,15,9,32,0,0,1,1,0,0,1,1,0,1,4,0,4,5,1,1,12,19,13
42411024024,4,êVè„å‹ìáí¨,è¨ã¯ãΩ,0,,,47,2,1,1,2,0,0,4,2,0,2,2,4,4,11,5,4,20,23,7,20,1,1,0,1,0,0,2,2,0,0,1,2,2,7,0,2,10,8,1,27,1,0,1,1,0,0,2,0,0,2,1,2,2,4,5,2,10,15,6
42411024025,4,êVè„å‹ìáí¨,è¨ã¯ãΩ,0,,,12,0,1,2,1,0,0,0,0,1,1,1,1,0,1,1,3,5,4,2,8,0,1,2,1,0,0,0,0,0,1,0,1,0,1,0,3,3,2,1,4,0,0,0,0,0,0,0,0,1,0,1,0,0,0,1,0,2,2,1
424110250,3,êVè„å‹ìáí¨,éóéÒãΩ,0,,,188,5,7,4,8,4,0,9,4,6,9,10,11,20,28,23,16,81,91,40,87,2,4,3,3,2,0,6,0,4,4,5,7,9,11,13,9,40,38,14,101,3,3,1,5,2,0,3,4,2,5,5,4,11,17,10,7,41,53,26
42411025029,4,êVè„å‹ìáí¨,éóéÒãΩ,0,,,65,1,3,0,2,0,0,2,2,2,7,3,4,8,9,8,4,30,31,14,33,0,3,0,1,0,0,1,0,2,3,2,2,4,4,5,3,15,15,6,32,1,0,0,1,0,0,1,2,0,4,1,2,4,5,3,1,15,16,8
42411025030,4,êVè„å‹ìáí¨,éóéÒãΩ,0,,,59,2,3,2,2,1,0,2,1,2,1,3,5,5,9,8,7,22,30,13,28,1,1,2,1,0,0,1,0,1,1,1,3,2,3,5,4,10,14,6,31,1,2,0,1,1,0,1,1,1,0,2,2,3,6,3,3,12,16,7
42411025031,4,êVè„å‹ìáí¨,éóéÒãΩ,0,,,64,2,1,2,4,3,0,5,1,2,1,4,2,7,10,7,5,29,30,13,26,1,0,1,1,2,0,4,0,1,0,2,2,3,4,3,2,15,9,2,38,1,1,1,3,1,0,1,1,1,1,2,0,4,6,4,3,14,21,11
424110260,3,êVè„å‹ìáí¨,ä€îˆãΩ,0,,,592,13,26,28,35,5,12,10,38,46,47,36,37,55,60,56,67,321,204,88,278,5,16,20,19,3,6,7,18,21,22,21,17,24,29,24,41,158,79,26,314,8,10,8,16,2,6,3,20,25,25,15,20,31,31,32,26,163,125,62
42411026032,4,êVè„å‹ìáí¨,ä€îˆãΩ,0,,,129,1,3,6,7,1,3,1,5,3,15,9,13,15,13,12,10,72,47,22,58,0,0,6,3,1,2,1,1,1,7,4,9,7,7,4,6,36,16,5,71,1,3,0,4,0,1,0,4,2,8,5,4,8,6,8,4,36,31,17
42411026033,4,êVè„å‹ìáí¨,ä€îˆãΩ,0,,,36,1,0,2,1,0,2,0,0,5,2,1,2,1,2,9,3,14,19,8,15,0,0,2,0,0,1,0,0,2,2,1,1,0,1,2,2,7,6,3,21,1,0,0,1,0,1,0,0,3,0,0,1,1,1,7,1,7,13,5
42411026034,4,êVè„å‹ìáí¨,ä€îˆãΩ,0,,,135,4,9,8,5,2,0,4,9,14,9,6,8,14,7,9,21,71,43,27,60,1,5,7,4,2,0,2,5,6,5,3,3,5,2,4,13,35,12,6,75,3,4,1,1,0,0,2,4,8,4,3,5,9,5,5,8,36,31,21
42411026035,4,êVè„å‹ìáí¨,ä€îˆãΩ,0,,,40,1,2,2,4,1,0,0,2,5,3,2,2,1,4,4,5,20,15,7,21,1,2,1,2,0,0,0,1,2,2,1,1,0,3,2,4,9,8,3,19,0,0,1,2,1,0,0,1,3,1,1,1,1,1,2,1,11,7,4
42411026036,4,êVè„å‹ìáí¨,ä€îˆãΩ,0,,,252,6,12,10,18,1,7,5,22,19,18,18,12,24,34,22,28,144,80,24,124,3,9,4,10,0,3,4,11,10,6,12,3,12,16,12,16,71,37,9,128,3,3,6,8,1,4,1,11,9,12,6,9,12,18,10,12,73,43,15
424110270,3,êVè„å‹ìáí¨,â|í√ãΩ,0,,,324,8,6,20,16,4,6,10,13,21,20,33,24,21,27,40,34,168,122,55,158,3,3,12,8,3,4,6,7,9,8,18,11,13,12,17,18,87,53,24,166,5,3,8,8,1,2,4,6,12,12,15,13,8,15,23,16,81,69,31
42411027037,4,êVè„å‹ìáí¨,â|í√ãΩ,0,,,138,4,0,10,8,2,1,3,4,12,12,16,10,9,12,21,14,77,47,14,67,1,0,7,4,1,0,2,2,4,7,6,5,5,4,11,8,36,23,8,71,3,0,3,4,1,1,1,2,8,5,10,5,4,8,10,6,41,24,6
42411027038,4,êVè„å‹ìáí¨,â|í√ãΩ,0,,,24,2,0,1,1,0,2,1,0,0,0,1,5,2,1,2,3,12,9,6,13,1,0,1,1,0,1,1,0,0,0,0,3,2,1,0,2,8,3,2,11,1,0,0,0,0,1,0,0,0,0,1,2,0,0,2,1,4,6,4
42411027039,4,êVè„å‹ìáí¨,â|í√ãΩ,0,,,38,1,2,2,1,0,1,2,3,1,2,4,0,3,3,5,5,17,16,8,18,0,1,2,1,0,1,0,2,1,0,3,0,1,2,1,3,9,6,3,20,1,1,0,0,0,0,2,1,0,2,1,0,2,1,4,2,8,10,5
42411027040,4,êVè„å‹ìáí¨,â|í√ãΩ,0,,,23,0,2,0,0,2,1,0,3,1,1,2,2,4,2,0,2,16,5,3,13,0,1,0,0,2,1,0,1,0,0,1,2,3,0,0,1,10,2,2,10,0,1,0,0,0,0,0,2,1,1,1,0,1,2,0,1,6,3,1
42411027041,4,êVè„å‹ìáí¨,â|í√ãΩ,0,,,38,1,1,2,2,0,0,2,0,3,1,3,3,3,3,3,4,17,17,11,17,1,0,1,1,0,0,1,0,1,0,2,0,2,2,2,2,7,8,4,21,0,1,1,1,0,0,1,0,2,1,1,3,1,1,1,2,10,9,7
42411027042,4,êVè„å‹ìáí¨,â|í√ãΩ,0,,,63,0,1,5,4,0,1,2,3,4,4,7,4,0,6,9,6,29,28,13,30,0,1,1,1,0,1,2,2,3,1,6,1,0,3,3,2,17,11,5,33,0,0,4,3,0,0,0,1,1,3,1,3,0,3,6,4,12,17,8
424110280,3,êVè„å‹ìáí¨,âYåKãΩ,0,,,905,22,38,40,36,10,31,43,43,51,75,57,50,60,52,67,100,456,349,230,419,16,17,27,20,7,18,20,19,22,37,27,32,34,24,29,60,236,123,70,486,6,21,13,16,3,13,23,24,29,38,30,18,26,28,38,40,220,226,160
42411028043,4,êVè„å‹ìáí¨,âYåKãΩ,0,,,82,2,2,5,1,0,0,2,2,3,2,2,0,4,11,7,9,16,57,39,34,1,2,3,0,0,0,1,0,2,1,0,0,2,6,4,6,6,22,12,48,1,0,2,1,0,0,1,2,1,1,2,0,2,5,3,3,10,35,27
42411028044,4,êVè„å‹ìáí¨,âYåKãΩ,0,,,58,2,5,3,2,0,0,2,5,2,3,8,0,7,6,3,10,29,19,10,28,1,3,3,1,0,0,1,1,1,1,4,0,4,3,2,7,13,8,3,30,1,2,0,1,0,0,1,4,1,2,4,0,3,3,1,3,16,11,7
42411028045,4,êVè„å‹ìáí¨,âYåKãΩ,0,,,173,0,4,2,0,0,0,4,0,2,1,7,8,6,3,13,6,28,139,123,58,0,1,2,0,0,0,2,0,1,0,5,6,5,1,4,3,19,36,31,115,0,3,0,0,0,0,2,0,1,1,2,2,1,2,9,3,9,103,92
42411028046,4,êVè„å‹ìáí¨,âYåKãΩ,1,,028047,592,18,27,30,33,10,31,35,36,44,69,40,42,43,32,44,75,383,134,58,299,14,11,19,19,7,18,16,18,18,35,18,26,23,14,19,44,198,57,24,293,4,16,11,14,3,13,19,18,26,34,22,16,20,18,25,31,185,77,34
42411028047,4,êVè„å‹ìáí¨,âYåKãΩ,2,28046,,0,0,0,0,0,0,0,0,0,0,0,0,0,0,0,0,0,0,0,0,0,0,0,0,0,0,0,0,0,0,0,0,0,0,0,0,0,0,0,0,0,0,0,0,0,0,0,0,0,0,0,0,0,0,0,0,0,0,0,0
424110290,3,êVè„å‹ìáí¨,óLêÏãΩ,0,,,2641,115,106,120,99,43,81,104,146,174,174,155,179,212,253,225,341,1367,933,455,1238,55,54,49,52,28,43,53,67,100,96,76,76,98,141,98,158,689,391,152,1403,60,52,71,47,15,38,51,79,74,78,79,103,114,112,127,183,678,542,303
42411029001,4,êVè„å‹ìáí¨,óLêÏãΩ,0,,,307,10,10,19,6,3,3,8,11,24,16,16,26,31,32,33,39,144,124,59,137,4,5,9,1,2,1,2,5,14,8,9,11,15,23,13,18,68,51,15,170,6,5,10,5,1,2,6,6,10,8,7,15,16,9,20,21,76,73,44
42411029002,4,êVè„å‹ìáí¨,óLêÏãΩ,0,,,231,8,3,13,7,6,11,9,12,10,13,17,15,23,20,20,24,123,84,44,98,5,1,3,5,3,6,6,5,5,5,9,6,9,11,6,9,59,30,13,133,3,2,10,2,3,5,3,7,5,8,8,9,14,9,14,15,64,54,31
42411029003,4,êVè„å‹ìáí¨,óLêÏãΩ,0,,,193,5,5,5,4,2,3,6,9,15,11,17,10,18,22,15,15,95,83,46,95,3,3,2,2,2,2,4,5,11,8,7,5,7,12,7,8,53,34,15,98,2,2,3,2,0,1,2,4,4,3,10,5,11,10,8,7,42,49,31
42411029004,4,êVè„å‹ìáí¨,óLêÏãΩ,0,,,489,18,24,25,23,2,9,17,27,30,32,30,41,41,50,45,67,252,170,75,239,7,15,13,13,2,5,7,12,14,16,15,19,21,28,22,35,124,80,30,250,11,9,12,10,0,4,10,15,16,16,15,22,20,22,23,32,128,90,45
42411029005,4,êVè„å‹ìáí¨,óLêÏãΩ,0,,,350,14,13,12,13,3,6,17,11,22,22,13,20,30,41,43,39,157,154,70,158,7,5,7,4,2,3,7,6,12,11,8,6,15,21,19,19,74,65,25,192,7,8,5,9,1,3,10,5,10,11,5,14,15,20,24,20,83,89,45
42411029006,4,êVè„å‹ìáí¨,óLêÏãΩ,0,,,799,48,41,38,32,18,36,39,58,49,63,41,51,47,61,47,127,434,238,130,375,25,20,13,17,10,17,22,26,30,39,18,21,22,35,20,58,222,95,40,424,23,21,25,15,8,19,17,32,19,24,23,30,25,26,27,69,212,143,90
42411029007,4,êVè„å‹ìáí¨,óLêÏãΩ,0,,,272,12,10,8,14,9,13,8,18,24,17,21,16,22,27,22,30,162,80,31,136,4,5,2,10,7,9,5,8,14,9,10,8,9,11,11,11,89,36,14,136,8,5,6,4,2,4,3,10,10,8,11,8,13,16,11,19,73,44,17
424110300,3,êVè„å‹ìáí¨,éµñ⁄ãΩ,0,,,608,26,20,21,18,12,15,26,31,40,42,39,45,67,55,43,67,335,206,108,282,11,9,14,9,7,9,12,12,18,23,16,24,29,32,21,34,159,89,36,326,15,11,7,9,5,6,14,19,22,19,23,21,38,23,22,33,176,117,72
42411030008,4,êVè„å‹ìáí¨,éµñ⁄ãΩ,0,,,191,11,6,4,5,4,5,6,10,14,15,17,16,23,13,16,21,115,55,26,85,4,2,1,5,2,4,2,4,6,8,6,8,12,6,8,7,57,21,7,106,7,4,3,0,2,1,4,6,8,7,11,8,11,7,8,14,58,34,19
42411030009,4,êVè„å‹ìáí¨,éµñ⁄ãΩ,0,,,417,15,14,17,13,8,10,20,21,26,27,22,29,44,42,27,46,220,151,82,197,7,7,13,4,5,5,10,8,12,15,10,16,17,26,13,27,102,68,29,220,8,7,4,9,3,5,10,13,14,12,12,13,27,16,14,19,118,83,53
424110310,2,êVè„å‹ìáí¨,è¨âÕå¥ãΩ,0,,,163,3,0,3,3,1,3,4,1,4,7,14,17,17,26,29,6,71,86,31,80,2,0,2,2,0,2,3,0,3,2,5,7,9,14,16,4,33,43,13,83,1,0,1,1,1,1,1,1,1,5,9,10,8,12,13,2,38,43,18
424110320,2,êVè„å‹ìáí¨,ê‘îˆãΩ,0,,,104,0,0,3,0,1,2,1,5,0,1,5,5,15,19,9,3,35,66,38,46,0,0,1,0,0,2,1,2,0,1,2,3,7,10,4,1,18,27,13,58,0,0,2,0,1,0,0,3,0,0,3,2,8,9,5,2,17,39,25
424110330,3,êVè„å‹ìáí¨,óFèZãΩ,0,,,99,0,0,1,1,3,0,3,3,1,6,2,11,13,9,14,1,43,55,32,44,0,0,0,1,1,0,2,0,0,2,0,7,7,7,7,0,20,24,10,55,0,0,1,0,2,0,1,3,1,4,2,4,6,2,7,1,23,31,22
42411033012,4,êVè„å‹ìáí¨,óFèZãΩ,0,,,86,0,0,1,1,3,0,3,3,1,6,2,10,10,9,12,1,39,46,25,40,0,0,0,1,1,0,2,0,0,2,0,7,6,7,7,0,19,21,7,46,0,0,1,0,2,0,1,3,1,4,2,3,4,2,5,1,20,25,18
42411033014,4,êVè„å‹ìáí¨,óFèZãΩ,0,,,13,0,0,0,0,0,0,0,0,0,0,0,1,3,0,2,0,4,9,7,4,0,0,0,0,0,0,0,0,0,0,0,0,1,0,0,0,1,3,3,9,0,0,0,0,0,0,0,0,0,0,0,1,2,0,2,0,3,6,4
424110340,2,êVè„å‹ìáí¨,ç]ÉmïlãΩ,0,,,86,2,0,0,2,2,0,2,0,1,3,2,4,4,8,10,2,20,64,46,35,1,0,0,2,1,0,0,0,0,1,2,2,2,4,3,1,10,24,17,51,1,0,0,0,1,0,2,0,1,2,0,2,2,4,7,1,10,40,29
424110350,3,êVè„å‹ìáí¨,ëæìcãΩ,0,,,291,1,1,6,2,3,1,5,4,4,17,18,28,33,20,41,8,115,168,107,133,1,0,0,0,3,0,3,0,2,10,13,15,17,11,16,1,63,69,42,158,0,1,6,2,0,1,2,4,2,7,5,13,16,9,25,7,52,99,65
42411035015,4,êVè„å‹ìáí¨,ëæìcãΩ,0,,,172,0,1,5,2,1,1,2,2,4,13,11,18,14,11,30,6,68,98,57,76,0,0,0,0,1,0,1,0,2,8,8,9,8,6,13,0,37,39,20,96,0,1,5,2,0,1,1,2,2,5,3,9,6,5,17,6,31,59,37
42411035017,4,êVè„å‹ìáí¨,ëæìcãΩ,0,,,119,1,0,1,0,2,0,3,2,0,4,7,10,19,9,11,2,47,70,50,57,1,0,0,0,2,0,2,0,0,2,5,6,9,5,3,1,26,30,22,62,0,0,1,0,0,0,1,2,0,2,2,4,10,4,8,1,21,40,28
424110360,3,êVè„å‹ìáí¨,ë‚ÉmâYà¢ê£í√ãΩ,0,,,878,20,23,47,41,14,18,18,26,41,50,59,73,78,73,49,90,418,370,248,376,8,14,28,14,3,6,9,13,18,24,29,40,36,41,21,50,192,134,72,502,12,9,19,27,11,12,9,13,23,26,30,33,42,32,28,40,226,236,176
42411036018,4,êVè„å‹ìáí¨,ë‚ÉmâYà¢ê£í√ãΩ,0,,,429,7,9,25,24,10,10,9,10,16,27,29,40,37,28,20,41,212,176,128,176,5,5,16,10,3,3,5,5,8,12,15,20,19,16,10,26,100,50,24,253,2,4,9,14,7,7,4,5,8,15,14,20,18,12,10,15,112,126,104
42411036019,4,êVè„å‹ìáí¨,ë‚ÉmâYà¢ê£í√ãΩ,0,,,24,0,0,1,2,0,0,0,0,0,1,3,4,3,2,0,1,13,10,8,9,0,0,0,1,0,0,0,0,0,1,1,2,1,1,0,0,6,3,2,15,0,0,1,1,0,0,0,0,0,0,2,2,2,1,0,1,7,7,6
42411036020,4,êVè„å‹ìáí¨,ë‚ÉmâYà¢ê£í√ãΩ,0,,,193,10,9,12,6,2,7,6,7,13,6,14,16,15,19,11,31,92,70,40,82,2,5,7,2,0,3,3,3,5,3,6,10,6,8,3,14,41,27,16,111,8,4,5,4,2,4,3,4,8,3,8,6,9,11,8,17,51,43,24
42411036021,4,êVè„å‹ìáí¨,ë‚ÉmâYà¢ê£í√ãΩ,0,,,217,3,5,9,9,2,1,2,9,12,15,12,12,21,20,17,17,95,105,68,102,1,4,5,1,0,0,1,5,5,8,7,7,8,14,8,10,42,50,28,115,2,1,4,8,2,1,1,4,7,7,5,5,13,6,9,7,53,55,40
42411036025,4,êVè„å‹ìáí¨,ë‚ÉmâYà¢ê£í√ãΩ,0,,,15,0,0,0,0,0,0,1,0,0,1,1,1,2,4,1,0,6,9,4,7,0,0,0,0,0,0,0,0,0,0,0,1,2,2,0,0,3,4,2,8,0,0,0,0,0,0,1,0,0,1,1,0,0,2,1,0,3,5,2
424110370,3,êVè„å‹ìáí¨,ìåê_ÉmâYãΩ,0,,,167,0,3,3,3,0,2,7,3,10,8,21,14,11,17,16,6,79,82,49,87,0,2,2,0,0,2,3,1,7,7,13,12,6,7,7,4,51,32,18,80,0,1,1,3,0,0,4,2,3,1,8,2,5,10,9,2,28,50,31
42411037022,4,êVè„å‹ìáí¨,ìåê_ÉmâYãΩ,0,,,75,0,0,3,2,0,2,3,2,6,3,7,7,4,5,9,3,36,36,22,40,0,0,2,0,0,2,1,1,3,3,5,6,2,1,4,2,23,15,10,35,0,0,1,2,0,0,2,1,3,0,2,1,2,4,5,1,13,21,12
42411037023,4,êVè„å‹ìáí¨,ìåê_ÉmâYãΩ,0,,,52,0,1,0,0,0,0,1,1,2,4,8,4,5,4,4,1,25,26,18,27,0,1,0,0,0,0,0,0,2,3,4,4,3,3,1,1,16,10,6,25,0,0,0,0,0,0,1,1,0,1,4,0,2,1,3,0,9,16,12
42411037024,4,êVè„å‹ìáí¨,ìåê_ÉmâYãΩ,0,,,40,0,2,0,1,0,0,3,0,2,1,6,3,2,8,3,2,18,20,9,20,0,1,0,0,0,0,2,0,2,1,4,2,1,3,2,1,12,7,2,20,0,1,0,1,0,0,1,0,0,0,2,1,1,5,1,1,6,13,7
424110380,3,êVè„å‹ìáí¨,ä‚ê£âYãΩ,0,,,618,2,11,9,14,3,15,8,8,17,43,55,54,51,66,51,22,268,328,211,307,0,5,6,6,1,7,5,6,7,27,32,29,30,38,23,11,150,146,85,311,2,6,3,8,2,8,3,2,10,16,23,25,21,28,28,11,118,182,126
42411038001,4,êVè„å‹ìáí¨,ä‚ê£âYãΩ,1,,038002,112,1,3,2,4,0,3,1,2,4,11,22,10,5,16,7,6,62,44,21,63,0,2,2,2,0,1,1,0,2,8,12,6,2,12,4,4,34,25,9,49,1,1,0,2,0,2,0,2,2,3,10,4,3,4,3,2,28,19,12
42411038002,4,êVè„å‹ìáí¨,ä‚ê£âYãΩ,2,38001,,0,0,0,0,0,0,0,0,0,0,0,0,0,0,0,0,0,0,0,0,0,0,0,0,0,0,0,0,0,0,0,0,0,0,0,0,0,0,0,0,0,0,0,0,0,0,0,0,0,0,0,0,0,0,0,0,0,0,0,0
42411038003,4,êVè„å‹ìáí¨,ä‚ê£âYãΩ,0,,,138,0,4,0,3,1,2,1,0,3,8,7,11,12,14,9,4,48,86,63,60,0,1,0,1,1,2,0,0,1,6,6,5,8,8,2,1,30,29,19,78,0,3,0,2,0,0,1,0,2,2,1,6,4,6,7,3,18,57,44
42411038004,4,êVè„å‹ìáí¨,ä‚ê£âYãΩ,0,,,187,1,2,2,3,1,6,5,4,6,10,19,26,20,15,10,5,100,82,57,92,0,1,1,0,0,4,3,4,3,5,11,12,13,9,4,2,55,35,22,95,1,1,1,3,1,2,2,0,3,5,8,14,7,6,6,3,45,47,35
42411038005,4,êVè„å‹ìáí¨,ä‚ê£âYãΩ,0,,,77,0,1,4,1,0,3,0,2,1,6,2,1,8,10,8,5,24,48,30,40,0,0,3,1,0,0,0,2,1,3,2,1,3,5,7,3,13,24,12,37,0,1,1,0,0,3,0,0,0,3,0,0,5,5,1,2,11,24,18
42411038006,4,êVè„å‹ìáí¨,ä‚ê£âYãΩ,0,,,104,0,1,1,3,1,1,1,0,3,8,5,6,6,11,17,2,34,68,40,52,0,1,0,2,0,0,1,0,0,5,1,5,4,4,6,1,18,33,23,52,0,0,1,1,1,1,0,0,3,3,4,1,2,7,11,1,16,35,17
424110390,3,êVè„å‹ìáí¨,ìﬁó«îˆãΩ,0,,,1131,20,21,23,22,20,17,12,25,36,49,55,88,111,139,150,64,435,632,343,534,12,10,11,10,18,8,3,14,19,27,30,46,53,80,72,33,228,273,121,597,8,11,12,12,2,9,9,11,17,22,25,42,58,59,78,31,207,359,222
42411039001,4,êVè„å‹ìáí¨,ìﬁó«îˆãΩ,0,,,62,1,0,1,3,3,2,0,0,3,2,4,6,9,6,4,2,32,28,18,30,1,0,0,2,2,1,0,0,1,1,1,4,4,4,2,1,16,13,7,32,0,0,1,1,1,1,0,0,2,1,3,2,5,2,2,1,16,15,11
42411039002,4,êVè„å‹ìáí¨,ìﬁó«îˆãΩ,0,,,449,10,13,12,9,15,7,9,12,16,25,19,24,45,56,60,35,181,233,117,217,8,7,8,4,14,1,3,4,10,15,9,11,23,32,32,23,94,100,36,232,2,6,4,5,1,6,6,8,6,10,10,13,22,24,28,12,87,133,81
42411039003,4,êVè„å‹ìáí¨,ìﬁó«îˆãΩ,0,,,251,6,6,6,3,1,5,1,6,9,13,17,30,19,26,36,18,104,129,67,119,2,3,1,1,1,3,0,4,3,8,9,16,9,15,17,6,54,59,27,132,4,3,5,2,0,2,1,2,6,5,8,14,10,11,19,12,50,70,40
42411039004,4,êVè„å‹ìáí¨,ìﬁó«îˆãΩ,0,,,182,2,1,3,5,0,0,2,6,5,6,6,13,19,27,20,6,62,114,67,83,1,0,2,2,0,0,0,5,3,3,5,8,7,17,6,3,33,47,24,99,1,1,1,3,0,0,2,1,2,3,1,5,12,10,14,3,29,67,43
42411039005,4,êVè„å‹ìáí¨,ìﬁó«îˆãΩ,0,,,123,1,1,1,2,1,3,0,0,3,2,5,9,14,17,18,3,39,81,46,54,0,0,0,1,1,3,0,0,2,0,3,3,8,9,9,0,21,33,15,69,1,1,1,1,0,0,0,0,1,2,2,6,6,8,9,3,18,48,31
42411039006,4,êVè„å‹ìáí¨,ìﬁó«îˆãΩ,0,,,64,0,0,0,0,0,0,0,1,0,1,4,6,5,7,12,0,17,47,28,31,0,0,0,0,0,0,0,1,0,0,3,4,2,3,6,0,10,21,12,33,0,0,0,0,0,0,0,0,0,1,1,2,3,4,6,0,7,26,16
